id,is_certified,user_id,assignment_id
1,False,3,12552
2,True,1,1
3,True,1,2
4,False,1,3
5,True,1,4
6,True,1,5
7,True,1,6
8,False,1,7
9,True,1,8
10,True,1,9
11,False,1,10
12,True,1,11
13,True,2,12
14,True,2,13
15,True,2,14
16,True,2,15
18,True,2,17
19,True,2,18
20,True,2,19
22,True,2,21
23,True,2,22
24,False,2,23
25,True,2,24
26,True,3,25
27,True,3,26
28,True,3,27
29,True,3,28
30,True,3,29
31,False,3,30
32,True,3,31
33,True,3,32
34,True,3,33
35,True,3,34
36,True,4,35
37,True,4,36
38,True,4,37
39,False,4,38
40,True,4,39
41,True,4,40
42,True,4,41
43,False,4,42
44,True,4,43
45,False,4,44
46,True,5,45
47,True,5,46
48,False,5,47
49,False,5,48
50,True,5,49
51,True,5,50
52,True,5,51
53,True,5,52
54,True,5,53
55,True,5,54
56,True,5,55
57,True,5,56
58,True,6,57
59,True,6,58
60,False,6,59
61,False,6,60
62,True,6,61
63,True,6,62
64,False,6,63
65,True,6,64
66,True,6,65
67,True,6,66
68,True,6,67
69,True,6,68
70,True,6,69
71,True,7,70
72,True,7,71
73,False,7,72
74,True,7,73
75,True,7,74
76,True,7,75
77,True,7,76
78,True,7,77
79,False,7,78
80,False,7,79
81,True,7,80
82,True,7,81
83,False,7,82
84,True,8,83
85,True,8,84
86,True,8,85
87,False,8,86
88,False,8,87
89,True,8,88
90,True,8,89
91,True,8,90
92,True,8,91
93,True,8,92
94,True,8,93
95,True,8,94
96,True,9,95
97,False,9,96
98,True,9,97
99,True,9,98
100,True,9,99
101,True,9,100
102,False,9,101
103,False,9,102
104,True,9,103
105,False,9,104
106,False,9,105
107,True,9,106
108,False,9,107
109,True,10,108
110,False,10,109
111,True,10,110
112,False,10,111
113,True,10,112
114,True,10,113
115,True,10,114
116,False,10,115
117,False,10,116
118,True,10,117
119,True,10,118
120,False,10,119
121,True,10,120
122,False,10,121
123,False,11,122
124,True,11,123
125,True,11,124
126,True,11,125
127,False,11,126
128,True,11,127
129,True,11,128
130,True,11,129
131,True,11,130
132,True,11,131
133,True,12,132
134,True,12,133
135,False,12,134
136,False,12,135
137,True,12,136
138,True,12,137
139,True,12,138
140,True,12,139
141,True,12,140
142,False,12,141
143,True,12,142
144,False,12,143
145,True,12,144
146,True,12,145
147,True,12,146
148,True,13,147
149,False,13,148
150,False,13,149
151,True,13,150
152,True,13,151
153,False,13,152
154,True,13,153
155,True,13,154
156,True,13,155
157,False,13,156
158,True,14,157
159,True,14,158
160,True,14,159
161,True,14,160
162,True,14,161
163,True,14,162
164,False,14,163
165,True,14,164
166,False,14,165
167,True,14,166
168,False,14,167
169,False,14,168
170,True,15,169
171,False,15,170
172,True,15,171
173,False,15,172
174,True,15,173
175,True,15,174
176,False,15,175
177,True,15,176
178,True,15,177
179,True,15,178
180,False,15,179
181,True,16,180
182,True,16,181
183,True,16,182
184,True,16,183
185,True,16,184
21,True,2,20
186,False,16,185
187,True,16,186
188,True,16,187
189,True,16,188
190,True,16,189
191,False,16,190
192,False,16,191
193,True,16,192
194,False,16,193
195,True,16,194
196,False,17,195
197,True,17,196
198,False,17,197
199,True,17,198
200,True,17,199
201,False,17,200
202,False,17,201
203,False,17,202
204,True,17,203
205,False,17,204
206,True,17,205
207,False,17,206
208,True,18,207
209,False,18,208
210,False,18,209
211,True,18,210
212,True,18,211
213,True,18,212
214,True,18,213
215,True,18,214
216,True,18,215
217,True,18,216
218,True,18,217
219,False,18,218
220,True,18,219
221,True,18,220
222,False,19,221
223,True,19,222
224,False,19,223
225,True,19,224
226,True,19,225
227,True,19,226
228,True,19,227
229,False,19,228
230,True,19,229
231,True,19,230
232,False,19,231
233,True,19,232
234,False,19,233
235,True,20,234
236,False,20,235
237,True,20,236
238,True,20,237
239,False,20,238
240,True,20,239
241,True,20,240
242,True,20,241
243,False,20,242
244,True,20,243
245,True,20,244
246,True,20,245
247,True,20,246
248,True,20,247
249,False,20,248
250,True,21,249
251,True,21,250
252,True,21,251
253,True,21,252
254,False,21,253
255,True,21,254
256,False,21,255
257,True,21,256
258,True,21,257
259,False,21,258
260,True,21,259
261,True,21,260
262,False,21,261
263,False,21,262
264,True,21,263
265,True,22,264
266,True,22,265
267,True,22,266
268,True,22,267
269,True,22,268
270,True,22,269
271,False,22,270
272,True,22,271
273,True,22,272
274,True,22,273
275,True,22,274
276,True,23,275
277,False,23,276
278,True,23,277
279,True,23,278
280,True,23,279
281,True,23,280
282,True,23,281
283,False,23,282
284,True,23,283
285,False,23,284
286,False,24,285
287,True,24,286
288,True,24,287
289,True,24,288
290,False,24,289
291,True,24,290
292,True,24,291
293,False,24,292
294,True,24,293
295,False,24,294
296,True,24,295
297,True,24,296
298,False,25,297
299,True,25,298
300,True,25,299
301,True,25,300
302,True,25,301
303,True,25,302
304,True,25,303
305,False,25,304
306,True,25,305
307,True,25,306
308,True,25,307
309,True,26,308
310,False,26,309
311,True,26,310
312,True,26,311
313,True,26,312
314,True,26,313
315,True,26,314
316,True,26,315
317,True,26,316
318,True,26,317
319,True,26,318
320,False,26,319
321,True,26,320
322,True,26,321
323,True,26,322
324,True,27,323
325,True,27,324
326,True,27,325
327,False,27,326
328,False,27,327
329,True,27,328
330,True,27,329
331,True,27,330
332,False,27,331
333,False,27,332
334,True,27,333
335,False,28,334
336,False,28,335
337,True,28,336
338,True,28,337
339,False,28,338
340,True,28,339
341,False,28,340
342,True,28,341
343,True,28,342
344,True,28,343
345,False,28,344
346,True,29,345
347,False,29,346
348,False,29,347
349,True,29,348
350,True,29,349
351,True,29,350
352,False,29,351
353,True,29,352
354,True,29,353
355,False,29,354
356,False,30,355
357,False,30,356
358,False,30,357
359,True,30,358
360,False,30,359
361,True,30,360
362,True,30,361
363,True,30,362
364,False,30,363
365,True,30,364
366,True,30,365
367,True,30,366
368,False,31,367
369,True,31,368
370,False,31,369
371,False,31,370
372,False,31,371
373,False,31,372
374,True,31,373
375,False,31,374
376,True,31,375
377,False,31,376
378,True,31,377
379,True,31,378
380,True,31,379
381,True,32,380
382,True,32,381
383,True,32,382
384,True,32,383
385,False,32,384
386,True,32,385
387,True,32,386
388,True,32,387
389,False,32,388
390,False,32,389
391,False,32,390
392,True,32,391
393,True,32,392
394,True,33,393
395,False,33,394
396,True,33,395
397,False,33,396
398,False,33,397
399,False,33,398
400,True,33,399
401,True,33,400
402,True,33,401
403,True,33,402
404,True,33,403
405,False,33,404
406,False,34,405
407,True,34,406
408,True,34,407
409,True,34,408
410,True,34,409
411,True,34,410
412,True,34,411
413,False,34,412
414,True,34,413
415,False,34,414
416,False,35,415
417,True,35,416
418,True,35,417
419,True,35,418
420,True,35,419
421,False,35,420
422,True,35,421
423,True,35,422
424,False,35,423
425,True,35,424
426,True,35,425
427,True,35,426
428,True,35,427
429,False,36,428
430,True,36,429
431,False,36,430
432,True,36,431
433,False,36,432
434,True,36,433
435,False,36,434
436,True,36,435
437,True,36,436
438,True,36,437
439,True,36,438
440,False,36,439
441,True,36,440
442,True,36,441
443,False,36,442
444,True,37,443
445,True,37,444
446,True,37,445
447,True,37,446
448,False,37,447
449,True,37,448
450,False,37,449
451,False,37,450
452,True,37,451
453,True,37,452
454,True,38,453
455,True,38,454
456,False,38,455
457,False,38,456
458,True,38,457
459,False,38,458
460,True,38,459
461,True,38,460
462,True,38,461
463,False,38,462
464,False,38,463
465,False,38,464
466,True,38,465
467,True,39,466
468,True,39,467
469,False,39,468
470,False,39,469
471,True,39,470
472,False,39,471
473,True,39,472
474,True,39,473
475,True,39,474
476,True,39,475
477,True,39,476
478,True,39,477
479,True,39,478
480,True,40,479
481,True,40,480
482,True,40,481
483,False,40,482
484,True,40,483
485,True,40,484
486,True,40,485
487,True,40,486
488,True,40,487
489,True,40,488
490,True,41,489
491,True,41,490
492,True,41,491
493,True,41,492
494,False,41,493
495,False,41,494
496,True,41,495
497,True,41,496
498,True,41,497
499,True,41,498
500,False,41,499
501,True,41,500
502,True,42,501
503,True,42,502
504,True,42,503
505,True,42,504
506,True,42,505
507,True,42,506
508,True,42,507
509,False,42,508
510,True,42,509
511,True,42,510
512,True,42,511
513,True,42,512
514,True,42,513
515,True,42,514
516,True,43,515
517,True,43,516
518,False,43,517
519,True,43,518
520,True,43,519
521,True,43,520
522,False,43,521
523,False,43,522
524,False,43,523
525,True,43,524
526,True,43,525
527,False,43,526
528,True,43,527
529,False,43,528
530,True,43,529
531,True,44,530
532,False,44,531
533,True,44,532
534,True,44,533
535,True,44,534
536,True,44,535
537,True,44,536
538,True,44,537
539,True,44,538
540,True,44,539
541,True,44,540
542,True,44,541
543,True,44,542
544,True,45,543
545,True,45,544
546,True,45,545
547,True,45,546
548,True,45,547
549,True,45,548
550,False,45,549
551,False,45,550
552,False,45,551
553,False,45,552
554,False,45,553
555,True,46,554
556,True,46,555
557,False,46,556
558,False,46,557
559,True,46,558
560,True,46,559
561,True,46,560
562,True,46,561
563,False,46,562
564,True,46,563
565,True,46,564
566,True,46,565
567,False,47,566
568,True,47,567
569,False,47,568
570,True,47,569
571,True,47,570
572,True,47,571
573,True,47,572
574,True,47,573
575,True,47,574
576,True,47,575
577,True,48,576
578,False,48,577
579,False,48,578
580,False,48,579
581,True,48,580
582,False,48,581
583,False,48,582
584,True,48,583
585,True,48,584
586,True,48,585
587,True,48,586
588,True,48,587
589,False,48,588
590,False,48,589
591,True,49,590
592,True,49,591
593,False,49,592
594,True,49,593
595,True,49,594
596,True,49,595
597,True,49,596
598,True,49,597
599,True,49,598
600,False,49,599
601,False,49,600
602,False,49,601
603,True,49,602
604,True,49,603
605,False,50,604
606,True,50,605
607,True,50,606
608,False,50,607
609,True,50,608
610,False,50,609
611,True,50,610
612,False,50,611
613,True,50,612
614,True,50,613
615,False,51,614
616,True,51,615
617,False,51,616
618,True,51,617
619,False,51,618
620,True,51,619
621,True,51,620
622,True,51,621
623,True,51,622
624,True,51,623
625,True,51,624
626,True,52,625
627,False,52,626
628,True,52,627
629,True,52,628
630,True,52,629
631,False,52,630
632,True,52,631
633,False,52,632
634,True,52,633
635,False,52,634
636,False,52,635
637,True,52,636
638,True,52,637
639,True,52,638
640,True,53,639
641,True,53,640
642,True,53,641
643,True,53,642
644,False,53,643
645,True,53,644
646,True,53,645
647,True,53,646
648,True,53,647
649,True,53,648
650,True,53,649
651,False,53,650
652,True,53,651
653,True,54,652
654,True,54,653
655,True,54,654
656,True,54,655
657,True,54,656
658,True,54,657
659,False,54,658
660,False,54,659
661,True,54,660
662,True,54,661
663,True,54,662
664,True,54,663
665,False,54,664
666,True,54,665
667,True,54,666
668,True,55,667
669,True,55,668
670,True,55,669
671,True,55,670
672,True,55,671
673,True,55,672
674,True,55,673
675,True,55,674
676,True,55,675
677,True,55,676
678,True,55,677
679,True,55,678
680,True,55,679
681,True,56,680
682,False,56,681
683,True,56,682
684,False,56,683
685,False,56,684
686,False,56,685
687,True,56,686
688,False,56,687
689,False,56,688
690,True,56,689
691,True,57,690
692,True,57,691
693,True,57,692
694,False,57,693
695,True,57,694
696,True,57,695
697,True,57,696
698,False,57,697
699,True,57,698
700,True,57,699
701,True,57,700
702,False,57,701
703,True,57,702
704,False,57,703
705,True,57,704
706,True,58,705
707,True,58,706
708,True,58,707
709,False,58,708
710,True,58,709
711,True,58,710
712,True,58,711
713,True,58,712
714,False,58,713
715,False,58,714
716,True,58,715
717,True,58,716
718,True,58,717
719,True,58,718
720,False,58,719
721,True,59,720
722,False,59,721
723,True,59,722
724,True,59,723
725,True,59,724
726,True,59,725
727,True,59,726
728,False,59,727
729,True,59,728
730,True,59,729
731,True,59,730
732,False,60,731
733,False,60,732
734,True,60,733
735,True,60,734
736,True,60,735
737,True,60,736
738,True,60,737
739,False,60,738
740,True,60,739
741,False,60,740
742,False,60,741
743,True,60,742
744,False,61,743
745,False,61,744
746,True,61,745
747,False,61,746
748,True,61,747
749,True,61,748
750,False,61,749
751,True,61,750
752,True,61,751
753,True,61,752
754,True,61,753
755,True,61,754
756,False,61,755
757,True,61,756
758,True,61,757
759,True,62,758
760,True,62,759
761,True,62,760
762,True,62,761
763,True,62,762
764,True,62,763
765,True,62,764
766,True,62,765
767,False,62,766
768,True,62,767
769,False,62,768
770,True,62,769
771,True,63,770
772,True,63,771
773,False,63,772
774,True,63,773
775,True,63,774
776,True,63,775
777,False,63,776
778,True,63,777
779,True,63,778
780,True,63,779
781,True,63,780
782,True,63,781
783,True,63,782
784,False,63,783
785,True,64,784
786,True,64,785
787,True,64,786
788,True,64,787
789,True,64,788
790,True,64,789
791,False,64,790
792,True,64,791
793,True,64,792
794,True,64,793
795,True,64,794
796,True,64,795
797,True,65,796
798,True,65,797
799,True,65,798
800,True,65,799
801,False,65,800
802,False,65,801
803,False,65,802
804,False,65,803
805,True,65,804
806,True,65,805
807,False,65,806
808,True,66,807
809,True,66,808
810,False,66,809
811,True,66,810
812,True,66,811
813,True,66,812
814,False,66,813
815,True,66,814
816,True,66,815
817,True,66,816
818,False,67,817
819,True,67,818
820,False,67,819
821,True,67,820
822,True,67,821
823,True,67,822
824,False,67,823
825,True,67,824
826,True,67,825
827,True,67,826
828,False,67,827
829,True,68,828
830,True,68,829
831,True,68,830
832,True,68,831
833,True,68,832
834,True,68,833
835,True,68,834
836,True,68,835
837,False,68,836
838,False,68,837
839,False,69,838
840,True,69,839
841,True,69,840
842,False,69,841
843,True,69,842
844,False,69,843
845,True,69,844
846,True,69,845
847,True,69,846
848,True,69,847
849,True,69,848
850,True,70,849
851,True,70,850
852,False,70,851
853,True,70,852
854,False,70,853
855,True,70,854
856,True,70,855
857,True,70,856
858,False,70,857
859,True,70,858
860,False,70,859
861,True,70,860
862,True,71,861
863,True,71,862
864,False,71,863
865,True,71,864
866,False,71,865
867,True,71,866
868,False,71,867
869,True,71,868
870,True,71,869
871,True,71,870
872,True,71,871
873,True,71,872
874,True,72,873
875,True,72,874
876,False,72,875
877,True,72,876
878,False,72,877
879,True,72,878
880,True,72,879
881,True,72,880
882,True,72,881
883,True,72,882
884,False,73,883
885,True,73,884
886,True,73,885
887,True,73,886
888,True,73,887
889,True,73,888
890,True,73,889
891,True,73,890
892,True,73,891
893,False,73,892
894,True,73,893
895,True,73,894
896,True,73,895
897,True,74,896
898,True,74,897
899,True,74,898
900,True,74,899
901,True,74,900
902,False,74,901
903,True,74,902
904,True,74,903
905,True,74,904
906,True,74,905
907,True,74,906
908,True,74,907
909,True,74,908
910,True,74,909
911,True,74,910
912,True,75,911
913,True,75,912
914,True,75,913
915,True,75,914
916,False,75,915
917,True,75,916
918,True,75,917
919,False,75,918
920,True,75,919
921,False,75,920
922,True,75,921
923,False,75,922
924,True,76,923
925,True,76,924
926,True,76,925
927,False,76,926
928,True,76,927
929,True,76,928
930,True,76,929
931,True,76,930
932,True,76,931
933,True,76,932
934,True,76,933
935,True,77,934
936,True,77,935
937,True,77,936
938,False,77,937
939,False,77,938
940,True,77,939
941,True,77,940
942,True,77,941
943,True,77,942
944,True,77,943
945,True,77,944
946,True,77,945
947,True,77,946
948,False,78,947
949,False,78,948
950,False,78,949
951,True,78,950
952,False,78,951
953,True,78,952
954,True,78,953
955,False,78,954
956,False,78,955
957,True,78,956
958,True,78,957
959,False,78,958
960,True,78,959
961,True,79,960
962,True,79,961
963,False,79,962
964,False,79,963
965,False,79,964
966,True,79,965
967,True,79,966
968,True,79,967
969,True,79,968
970,True,79,969
971,True,79,970
972,False,79,971
973,False,80,972
974,False,80,973
975,True,80,974
976,False,80,975
977,False,80,976
978,True,80,977
979,True,80,978
980,True,80,979
981,False,80,980
982,True,80,981
983,True,80,982
984,True,80,983
985,True,80,984
986,False,80,985
987,True,81,986
988,False,81,987
989,True,81,988
990,True,81,989
991,True,81,990
992,True,81,991
993,True,81,992
994,True,81,993
995,True,81,994
996,True,81,995
997,True,81,996
998,True,81,997
999,True,81,998
1000,True,82,999
1001,True,82,1000
1002,True,82,1001
1003,True,82,1002
1004,False,82,1003
1005,True,82,1004
1006,True,82,1005
1007,False,82,1006
1008,True,82,1007
1009,False,82,1008
1010,True,82,1009
1011,False,82,1010
1012,True,82,1011
1013,True,82,1012
1014,False,83,1013
1015,False,83,1014
1016,False,83,1015
1017,False,83,1016
1018,True,83,1017
1019,True,83,1018
1020,True,83,1019
1021,False,83,1020
1022,True,83,1021
1023,True,83,1022
1024,True,83,1023
1025,False,83,1024
1026,True,83,1025
1027,True,83,1026
1028,False,84,1027
1029,True,84,1028
1030,True,84,1029
1031,True,84,1030
1032,True,84,1031
1033,True,84,1032
1034,False,84,1033
1035,True,84,1034
1036,True,84,1035
1037,False,84,1036
1038,True,85,1037
1039,True,85,1038
1040,False,85,1039
1041,True,85,1040
1042,True,85,1041
1043,True,85,1042
1044,True,85,1043
1045,True,85,1044
1046,False,85,1045
1047,True,85,1046
1048,True,85,1047
1049,False,86,1048
1050,True,86,1049
1051,True,86,1050
1052,True,86,1051
1053,False,86,1052
1054,False,86,1053
1055,False,86,1054
1056,False,86,1055
1057,False,86,1056
1058,True,86,1057
1059,True,86,1058
1060,False,86,1059
1061,True,86,1060
1062,True,86,1061
1063,True,86,1062
1064,True,87,1063
1065,False,87,1064
1066,True,87,1065
1067,True,87,1066
1068,True,87,1067
1069,True,87,1068
1070,True,87,1069
1071,True,87,1070
1072,True,87,1071
1073,True,87,1072
1074,True,87,1073
1075,True,87,1074
1076,True,87,1075
1077,False,88,1076
1078,True,88,1077
1079,False,88,1078
1080,False,88,1079
1081,True,88,1080
1082,True,88,1081
1083,True,88,1082
1084,True,88,1083
1085,True,88,1084
1086,True,88,1085
1087,True,88,1086
1088,False,89,1087
1089,False,89,1088
1090,True,89,1089
1091,False,89,1090
1092,True,89,1091
1093,True,89,1092
1094,False,89,1093
1095,True,89,1094
1096,True,89,1095
1097,False,89,1096
1098,True,89,1097
1099,True,89,1098
1100,True,89,1099
1101,False,90,1100
1102,True,90,1101
1103,True,90,1102
1104,False,90,1103
1105,False,90,1104
1106,True,90,1105
1107,False,90,1106
1108,True,90,1107
1109,True,90,1108
1110,True,90,1109
1111,True,91,1110
1112,True,91,1111
1113,True,91,1112
1114,False,91,1113
1115,True,91,1114
1116,True,91,1115
1117,True,91,1116
1118,True,91,1117
1119,False,91,1118
1120,False,91,1119
1121,True,92,1120
1122,False,92,1121
1123,True,92,1122
1124,False,92,1123
1125,False,92,1124
1126,True,92,1125
1127,True,92,1126
1128,True,92,1127
1129,True,92,1128
1130,False,92,1129
1131,True,92,1130
1132,True,92,1131
1133,True,92,1132
1134,True,93,1133
1135,False,93,1134
1136,True,93,1135
1137,True,93,1136
1138,True,93,1137
1139,True,93,1138
1140,False,93,1139
1141,True,93,1140
1142,True,93,1141
1143,True,93,1142
1144,True,93,1143
1145,True,93,1144
1146,True,93,1145
1147,True,93,1146
1148,True,94,1147
1149,True,94,1148
1150,False,94,1149
1151,True,94,1150
1152,False,94,1151
1153,False,94,1152
1154,True,94,1153
1155,False,94,1154
1156,True,94,1155
1157,True,94,1156
1158,True,94,1157
1159,True,94,1158
1160,False,94,1159
1161,True,95,1160
1162,True,95,1161
1163,True,95,1162
1164,False,95,1163
1165,True,95,1164
1166,False,95,1165
1167,True,95,1166
1168,True,95,1167
1169,True,95,1168
1170,False,95,1169
1171,True,95,1170
1172,True,95,1171
1173,True,95,1172
1174,True,95,1173
1175,True,95,1174
1176,True,96,1175
1177,False,96,1176
1178,True,96,1177
1179,True,96,1178
1180,True,96,1179
1181,False,96,1180
1182,False,96,1181
1183,False,96,1182
1184,False,96,1183
1185,True,96,1184
1186,True,96,1185
1187,False,96,1186
1188,True,97,1187
1189,True,97,1188
1190,False,97,1189
1191,True,97,1190
1192,False,97,1191
1193,True,97,1192
1194,True,97,1193
1195,True,97,1194
1196,False,97,1195
1197,True,97,1196
1198,False,97,1197
1199,False,97,1198
1200,True,98,1199
1201,True,98,1200
1202,True,98,1201
1203,True,98,1202
1204,True,98,1203
1205,False,98,1204
1206,True,98,1205
1207,True,98,1206
1208,True,98,1207
1209,False,98,1208
1210,False,99,1209
1211,True,99,1210
1212,True,99,1211
1213,True,99,1212
1214,True,99,1213
1215,False,99,1214
1216,True,99,1215
1217,True,99,1216
1218,True,99,1217
1219,True,99,1218
1220,False,99,1219
1221,True,99,1220
1222,True,99,1221
1223,True,99,1222
1224,True,99,1223
1225,False,100,1224
1226,False,100,1225
1227,True,100,1226
1228,True,100,1227
1229,True,100,1228
1230,True,100,1229
1231,True,100,1230
1232,True,100,1231
1233,True,100,1232
1234,False,100,1233
1235,False,101,1234
1236,False,101,1235
1237,True,101,1236
1238,True,101,1237
1239,True,101,1238
1240,True,101,1239
1241,True,101,1240
1242,True,101,1241
1243,True,101,1242
1244,True,101,1243
1245,True,102,1244
1246,False,102,1245
1247,True,102,1246
1248,False,102,1247
1249,False,102,1248
1250,True,102,1249
1251,True,102,1250
1252,False,102,1251
1253,True,102,1252
1254,True,102,1253
1255,True,102,1254
1256,False,102,1255
1257,False,103,1256
1258,True,103,1257
1259,False,103,1258
1260,True,103,1259
1261,True,103,1260
1262,False,103,1261
1263,True,103,1262
1264,True,103,1263
1265,False,103,1264
1266,True,103,1265
1267,True,103,1266
1268,True,103,1267
1269,True,103,1268
1270,True,103,1269
1271,False,103,1270
1272,True,104,1271
1273,True,104,1272
1274,True,104,1273
1275,False,104,1274
1276,True,104,1275
1277,False,104,1276
1278,True,104,1277
1279,False,104,1278
1280,True,104,1279
1281,True,104,1280
1282,True,104,1281
1283,False,104,1282
1284,True,105,1283
1285,True,105,1284
1286,False,105,1285
1287,True,105,1286
1288,False,105,1287
1289,True,105,1288
1290,False,105,1289
1291,True,105,1290
1292,True,105,1291
1293,True,105,1292
1294,True,105,1293
1295,True,106,1294
1296,False,106,1295
1297,True,106,1296
1298,True,106,1297
1299,True,106,1298
1300,False,106,1299
1301,True,106,1300
1302,True,106,1301
1303,True,106,1302
1304,True,106,1303
1305,True,106,1304
1306,True,106,1305
1307,True,106,1306
1308,False,106,1307
1309,True,107,1308
1310,True,107,1309
1311,True,107,1310
1312,False,107,1311
1313,False,107,1312
1314,True,107,1313
1315,False,107,1314
1316,True,107,1315
1317,False,107,1316
1318,False,107,1317
1319,False,107,1318
1320,True,107,1319
1321,True,108,1320
1322,True,108,1321
1323,True,108,1322
1324,False,108,1323
1325,True,108,1324
1326,False,108,1325
1327,True,108,1326
1328,True,108,1327
1329,False,108,1328
1330,True,108,1329
1331,True,108,1330
1332,False,108,1331
1333,False,109,1332
1334,True,109,1333
1335,True,109,1334
1336,True,109,1335
1337,False,109,1336
1338,True,109,1337
1339,True,109,1338
1340,False,109,1339
1341,True,109,1340
1342,True,109,1341
1343,True,109,1342
1344,True,110,1343
1345,True,110,1344
1346,True,110,1345
1347,False,110,1346
1348,False,110,1347
1349,True,110,1348
1350,False,110,1349
1351,True,110,1350
1352,True,110,1351
1353,False,110,1352
1354,False,110,1353
1355,True,110,1354
1356,False,110,1355
1357,False,110,1356
1358,True,110,1357
1359,True,111,1358
1360,True,111,1359
1361,True,111,1360
1362,False,111,1361
1363,False,111,1362
1364,True,111,1363
1365,True,111,1364
1366,True,111,1365
1367,True,111,1366
1368,False,111,1367
1369,False,112,1368
1370,False,112,1369
1371,True,112,1370
1372,False,112,1371
1373,True,112,1372
1374,True,112,1373
1375,True,112,1374
1376,True,112,1375
1377,False,112,1376
1378,True,112,1377
1379,False,112,1378
1380,False,112,1379
1381,True,112,1380
1382,True,112,1381
1383,False,113,1382
1384,False,113,1383
1385,False,113,1384
1386,False,113,1385
1387,True,113,1386
1388,True,113,1387
1389,True,113,1388
1390,True,113,1389
1391,True,113,1390
1392,True,113,1391
1393,True,113,1392
1394,True,113,1393
1395,False,113,1394
1396,True,113,1395
1397,False,113,1396
1398,False,114,1397
1399,True,114,1398
1400,True,114,1399
1401,False,114,1400
1402,False,114,1401
1403,False,114,1402
1404,True,114,1403
1405,False,114,1404
1406,False,114,1405
1407,False,114,1406
1408,True,114,1407
1409,True,115,1408
1410,False,115,1409
1411,True,115,1410
1412,False,115,1411
1413,False,115,1412
1414,False,115,1413
1415,True,115,1414
1416,False,115,1415
1417,True,115,1416
1418,False,115,1417
1419,True,115,1418
1420,False,116,1419
1421,True,116,1420
1422,False,116,1421
1423,True,116,1422
1424,False,116,1423
1425,False,116,1424
1426,True,116,1425
1427,False,116,1426
1428,False,116,1427
1429,True,116,1428
1430,True,116,1429
1431,False,116,1430
1432,True,116,1431
1433,True,117,1432
1434,False,117,1433
1435,True,117,1434
1436,True,117,1435
1437,True,117,1436
1438,True,117,1437
1439,False,117,1438
1440,False,117,1439
1441,True,117,1440
1442,False,117,1441
1443,False,117,1442
1444,True,117,1443
1445,True,117,1444
1446,True,118,1445
1447,True,118,1446
1448,False,118,1447
1449,False,118,1448
1450,True,118,1449
1451,True,118,1450
1452,True,118,1451
1453,False,118,1452
1454,False,118,1453
1455,True,118,1454
1456,True,118,1455
1457,True,119,1456
1458,True,119,1457
1459,True,119,1458
1460,True,119,1459
1461,False,119,1460
1462,True,119,1461
1463,False,119,1462
1464,False,119,1463
1465,True,119,1464
1466,False,119,1465
1467,False,119,1466
1468,False,119,1467
1469,True,119,1468
1470,True,119,1469
1471,False,120,1470
1472,False,120,1471
1473,False,120,1472
1474,True,120,1473
1475,True,120,1474
1476,False,120,1475
1477,False,120,1476
1478,False,120,1477
1479,True,120,1478
1480,True,120,1479
1481,True,120,1480
1482,False,120,1481
1483,True,121,1482
1484,True,121,1483
1485,True,121,1484
1486,False,121,1485
1487,False,121,1486
1488,True,121,1487
1489,True,121,1488
1490,True,121,1489
1491,True,121,1490
1492,False,121,1491
1493,True,121,1492
1494,True,122,1493
1495,True,122,1494
1496,True,122,1495
1497,False,122,1496
1498,True,122,1497
1499,True,122,1498
1500,True,122,1499
1501,True,122,1500
1502,False,122,1501
1503,False,122,1502
1504,False,123,1503
1505,True,123,1504
1506,True,123,1505
1507,True,123,1506
1508,False,123,1507
1509,True,123,1508
1510,False,123,1509
1511,True,123,1510
1512,False,123,1511
1513,True,123,1512
1514,True,124,1513
1515,False,124,1514
1516,True,124,1515
1517,True,124,1516
1518,True,124,1517
1519,False,124,1518
1520,False,124,1519
1521,False,124,1520
1522,True,124,1521
1523,False,124,1522
1524,True,124,1523
1525,False,124,1524
1526,True,124,1525
1527,False,124,1526
1528,True,125,1527
1529,True,125,1528
1530,True,125,1529
1531,True,125,1530
1532,False,125,1531
1533,True,125,1532
1534,True,125,1533
1535,False,125,1534
1536,False,125,1535
1537,True,125,1536
1538,True,125,1537
1539,False,125,1538
1540,False,125,1539
1541,True,125,1540
1542,True,126,1541
1543,False,126,1542
1544,True,126,1543
1545,True,126,1544
1546,False,126,1545
1547,True,126,1546
1548,True,126,1547
1549,True,126,1548
1550,True,126,1549
1551,True,126,1550
1552,True,126,1551
1553,True,126,1552
1554,True,126,1553
1555,False,126,1554
1556,False,126,1555
1557,True,127,1556
1558,True,127,1557
1559,False,127,1558
1560,False,127,1559
1561,True,127,1560
1562,True,127,1561
1563,True,127,1562
1564,True,127,1563
1565,True,127,1564
1566,True,127,1565
1567,True,127,1566
1568,True,128,1567
1569,False,128,1568
1570,False,128,1569
1571,True,128,1570
1572,True,128,1571
1573,True,128,1572
1574,True,128,1573
1575,False,128,1574
1576,True,128,1575
1577,True,128,1576
1578,True,128,1577
1579,False,128,1578
1580,False,128,1579
1581,True,128,1580
1582,True,129,1581
1583,True,129,1582
1584,True,129,1583
1585,True,129,1584
1586,False,129,1585
1587,True,129,1586
1588,True,129,1587
1589,True,129,1588
1590,True,129,1589
1591,True,129,1590
1592,True,129,1591
1593,True,129,1592
1594,True,129,1593
1595,True,129,1594
1596,True,129,1595
1597,True,130,1596
1598,False,130,1597
1599,False,130,1598
1600,True,130,1599
1601,True,130,1600
1602,True,130,1601
1603,True,130,1602
1604,True,130,1603
1605,False,130,1604
1606,True,130,1605
1607,True,130,1606
1608,True,130,1607
1609,False,130,1608
1610,True,130,1609
1611,True,130,1610
1612,True,131,1611
1613,True,131,1612
1614,False,131,1613
1615,False,131,1614
1616,True,131,1615
1617,True,131,1616
1618,False,131,1617
1619,True,131,1618
1620,False,131,1619
1621,True,131,1620
1622,True,131,1621
1623,True,131,1622
1624,True,132,1623
1625,True,132,1624
1626,False,132,1625
1627,True,132,1626
1628,False,132,1627
1629,True,132,1628
1630,False,132,1629
1631,True,132,1630
1632,False,132,1631
1633,True,132,1632
1634,True,133,1633
1635,False,133,1634
1636,False,133,1635
1637,False,133,1636
1638,True,133,1637
1639,False,133,1638
1640,True,133,1639
1641,True,133,1640
1642,False,133,1641
1643,True,133,1642
1644,False,133,1643
1645,True,133,1644
1646,True,134,1645
1647,True,134,1646
1648,True,134,1647
1649,True,134,1648
1650,True,134,1649
1651,True,134,1650
1652,True,134,1651
1653,False,134,1652
1654,True,134,1653
1655,True,134,1654
1656,False,134,1655
1657,True,134,1656
1658,False,134,1657
1659,True,134,1658
1660,True,135,1659
1661,True,135,1660
1662,True,135,1661
1663,False,135,1662
1664,True,135,1663
1665,True,135,1664
1666,False,135,1665
1667,True,135,1666
1668,False,135,1667
1669,False,135,1668
1670,False,135,1669
1671,True,135,1670
1672,True,135,1671
1673,True,136,1672
1674,True,136,1673
1675,True,136,1674
1676,True,136,1675
1677,False,136,1676
1678,True,136,1677
1679,False,136,1678
1680,True,136,1679
1681,False,136,1680
1682,True,136,1681
1683,False,136,1682
1684,True,136,1683
1685,True,137,1684
1686,False,137,1685
1687,True,137,1686
1688,False,137,1687
1689,False,137,1688
1690,False,137,1689
1691,True,137,1690
1692,True,137,1691
1693,True,137,1692
1694,True,137,1693
1695,True,137,1694
1696,True,137,1695
1697,True,138,1696
1698,True,138,1697
1699,False,138,1698
1700,False,138,1699
1701,True,138,1700
1702,True,138,1701
1703,True,138,1702
1704,True,138,1703
1705,True,138,1704
1706,False,138,1705
1707,False,138,1706
1708,False,138,1707
1709,True,139,1708
1710,True,139,1709
1711,True,139,1710
1712,True,139,1711
1713,True,139,1712
1714,True,139,1713
1715,False,139,1714
1716,False,139,1715
1717,True,139,1716
1718,True,139,1717
1719,False,139,1718
1720,True,140,1719
1721,False,140,1720
1722,True,140,1721
1723,True,140,1722
1724,True,140,1723
1725,True,140,1724
1726,False,140,1725
1727,False,140,1726
1728,True,140,1727
1729,False,140,1728
1730,True,140,1729
1731,False,140,1730
1732,True,140,1731
1733,True,141,1732
1734,False,141,1733
1735,True,141,1734
1736,True,141,1735
1737,False,141,1736
1738,True,141,1737
1739,True,141,1738
1740,True,141,1739
1741,True,141,1740
1742,False,141,1741
1743,True,141,1742
1744,True,141,1743
1745,True,141,1744
1746,True,142,1745
1747,True,142,1746
1748,True,142,1747
1749,True,142,1748
1750,True,142,1749
1751,False,142,1750
1752,False,142,1751
1753,False,142,1752
1754,True,142,1753
1755,True,142,1754
1756,True,143,1755
1757,False,143,1756
1758,True,143,1757
1759,True,143,1758
1760,True,143,1759
1761,True,143,1760
1762,False,143,1761
1763,False,143,1762
1764,True,143,1763
1765,False,143,1764
1766,False,143,1765
1767,True,143,1766
1768,True,143,1767
1769,False,143,1768
1770,False,143,1769
1771,True,144,1770
1772,True,144,1771
1773,False,144,1772
1774,True,144,1773
1775,True,144,1774
1776,True,144,1775
1777,False,144,1776
1778,True,144,1777
1779,True,144,1778
1780,True,144,1779
1781,True,144,1780
1782,True,145,1781
1783,True,145,1782
1784,False,145,1783
1785,False,145,1784
1786,True,145,1785
1787,True,145,1786
1788,True,145,1787
1789,True,145,1788
1790,True,145,1789
1791,False,145,1790
1792,True,146,1791
1793,False,146,1792
1794,True,146,1793
1795,True,146,1794
1796,True,146,1795
1797,True,146,1796
1798,False,146,1797
1799,False,146,1798
1800,True,146,1799
1801,True,146,1800
1802,False,146,1801
1803,False,146,1802
1804,True,146,1803
1805,True,147,1804
1806,True,147,1805
1807,True,147,1806
1808,True,147,1807
1809,True,147,1808
1810,True,147,1809
1811,False,147,1810
1812,True,147,1811
1813,False,147,1812
1814,True,147,1813
1815,True,148,1814
1816,False,148,1815
1817,True,148,1816
1818,True,148,1817
1819,False,148,1818
1820,True,148,1819
1821,False,148,1820
1822,True,148,1821
1823,False,148,1822
1824,True,148,1823
1825,True,149,1824
1826,True,149,1825
1827,False,149,1826
1828,True,149,1827
1829,False,149,1828
1830,False,149,1829
1831,True,149,1830
1832,True,149,1831
1833,False,149,1832
1834,True,149,1833
1835,True,149,1834
1836,True,149,1835
1837,False,150,1836
1838,False,150,1837
1839,False,150,1838
1840,False,150,1839
1841,False,150,1840
1842,True,150,1841
1843,True,150,1842
1844,False,150,1843
1845,True,150,1844
1846,True,150,1845
1847,True,150,1846
1848,True,150,1847
1849,True,150,1848
1850,False,150,1849
1851,True,150,1850
1852,True,151,1851
1853,False,151,1852
1854,False,151,1853
1855,True,151,1854
1856,True,151,1855
1857,True,151,1856
1858,True,151,1857
1859,True,151,1858
1860,False,151,1859
1861,False,151,1860
1862,False,151,1861
1863,True,151,1862
1864,False,151,1863
1865,False,151,1864
1866,True,151,1865
1867,True,152,1866
1868,False,152,1867
1869,True,152,1868
1870,True,152,1869
1871,False,152,1870
1872,True,152,1871
1873,True,152,1872
1874,True,152,1873
1875,True,152,1874
1876,True,152,1875
1877,True,152,1876
1878,True,152,1877
1879,False,152,1878
1880,True,153,1879
1881,True,153,1880
1882,False,153,1881
1883,False,153,1882
1884,False,153,1883
1885,True,153,1884
1886,True,153,1885
1887,False,153,1886
1888,True,153,1887
1889,False,153,1888
1890,True,153,1889
1891,True,153,1890
1892,True,154,1891
1893,False,154,1892
1894,False,154,1893
1895,True,154,1894
1896,False,154,1895
1897,True,154,1896
1898,True,154,1897
1899,True,154,1898
1900,True,154,1899
1901,False,154,1900
1902,False,155,1901
1903,False,155,1902
1904,False,155,1903
1905,True,155,1904
1906,False,155,1905
1907,False,155,1906
1908,True,155,1907
1909,True,155,1908
1910,False,155,1909
1911,True,155,1910
1912,False,155,1911
1913,True,155,1912
1914,False,155,1913
1915,True,155,1914
1916,True,155,1915
1917,True,156,1916
1918,False,156,1917
1919,True,156,1918
1920,True,156,1919
1921,True,156,1920
1922,False,156,1921
1923,True,156,1922
1924,True,156,1923
1925,True,156,1924
1926,True,156,1925
1927,False,157,1926
1928,False,157,1927
1929,True,157,1928
1930,False,157,1929
1931,False,157,1930
1932,True,157,1931
1933,False,157,1932
1934,False,157,1933
1935,True,157,1934
1936,False,157,1935
1937,True,157,1936
1938,True,157,1937
1939,True,157,1938
1940,True,157,1939
1941,True,158,1940
1942,True,158,1941
1943,True,158,1942
1944,False,158,1943
1945,False,158,1944
1946,True,158,1945
1947,True,158,1946
1948,True,158,1947
1949,True,158,1948
1950,True,158,1949
1951,True,158,1950
1952,False,158,1951
1953,False,158,1952
1954,True,158,1953
1955,True,159,1954
1956,True,159,1955
1957,True,159,1956
1958,True,159,1957
1959,True,159,1958
1960,False,159,1959
1961,True,159,1960
1962,False,159,1961
1963,True,159,1962
1964,True,159,1963
1965,True,159,1964
1966,False,160,1965
1967,False,160,1966
1968,True,160,1967
1969,False,160,1968
1970,True,160,1969
1971,False,160,1970
1972,True,160,1971
1973,True,160,1972
1974,True,160,1973
1975,True,160,1974
1976,False,160,1975
1977,False,161,1976
1978,True,161,1977
1979,True,161,1978
1980,True,161,1979
1981,True,161,1980
1982,True,161,1981
1983,True,161,1982
1984,True,161,1983
1985,False,161,1984
1986,True,161,1985
1987,False,161,1986
1988,True,161,1987
1989,False,162,1988
1990,True,162,1989
1991,True,162,1990
1992,True,162,1991
1993,False,162,1992
1994,False,162,1993
1995,False,162,1994
1996,True,162,1995
1997,True,162,1996
1998,True,162,1997
1999,False,162,1998
2000,True,162,1999
2001,True,162,2000
2002,True,162,2001
2003,False,163,2002
2004,True,163,2003
2005,True,163,2004
2006,True,163,2005
2007,True,163,2006
2008,False,163,2007
2009,True,163,2008
2010,False,163,2009
2011,True,163,2010
2012,True,163,2011
2013,True,163,2012
2014,True,163,2013
2015,False,164,2014
2016,True,164,2015
2017,True,164,2016
2018,False,164,2017
2019,True,164,2018
2020,True,164,2019
2021,True,164,2020
2022,True,164,2021
2023,True,164,2022
2024,True,164,2023
2025,True,164,2024
2026,True,164,2025
2027,False,165,2026
2028,True,165,2027
2029,True,165,2028
2030,True,165,2029
2031,False,165,2030
2032,True,165,2031
2033,True,165,2032
2034,True,165,2033
2035,True,165,2034
2036,True,165,2035
2037,True,165,2036
2038,True,165,2037
2039,True,165,2038
2040,True,166,2039
2041,False,166,2040
2042,True,166,2041
2043,True,166,2042
2044,True,166,2043
2045,True,166,2044
2046,True,166,2045
2047,True,166,2046
2048,True,166,2047
2049,True,166,2048
2050,True,166,2049
2051,True,166,2050
2052,True,166,2051
2053,False,166,2052
2054,True,167,2053
2055,True,167,2054
2056,False,167,2055
2057,True,167,2056
2058,True,167,2057
2059,True,167,2058
2060,True,167,2059
2061,False,167,2060
2062,False,167,2061
2063,False,167,2062
2064,False,167,2063
2065,False,167,2064
2066,True,167,2065
2067,True,167,2066
2068,True,167,2067
2069,True,168,2068
2070,True,168,2069
2071,True,168,2070
2072,False,168,2071
2073,True,168,2072
2074,True,168,2073
2075,True,168,2074
2076,False,168,2075
2077,True,168,2076
2078,False,168,2077
2079,True,168,2078
2080,False,168,2079
2081,True,168,2080
2082,True,168,2081
2083,True,169,2082
2084,True,169,2083
2085,True,169,2084
2086,True,169,2085
2087,True,169,2086
2088,False,169,2087
2089,True,169,2088
2090,True,169,2089
2091,False,169,2090
2092,True,169,2091
2093,True,169,2092
2094,False,169,2093
2095,False,169,2094
2096,False,169,2095
2097,False,169,2096
2098,True,170,2097
2099,True,170,2098
2100,False,170,2099
2101,True,170,2100
2102,True,170,2101
2103,True,170,2102
2104,False,170,2103
2105,True,170,2104
2106,True,170,2105
2107,False,170,2106
2108,True,170,2107
2109,True,170,2108
2110,False,170,2109
2111,True,170,2110
2112,True,170,2111
2113,True,171,2112
2114,True,171,2113
2115,True,171,2114
2116,False,171,2115
2117,True,171,2116
2118,False,171,2117
2119,True,171,2118
2120,False,171,2119
2121,True,171,2120
2122,True,171,2121
2123,False,171,2122
2124,True,171,2123
2125,True,171,2124
2126,True,172,2125
2127,False,172,2126
2128,True,172,2127
2129,True,172,2128
2130,False,172,2129
2131,False,172,2130
2132,True,172,2131
2133,True,172,2132
2134,True,172,2133
2135,False,172,2134
2136,True,172,2135
2137,True,172,2136
2138,True,172,2137
2139,True,173,2138
2140,False,173,2139
2141,True,173,2140
2142,True,173,2141
2143,False,173,2142
2144,False,173,2143
2145,True,173,2144
2146,False,173,2145
2147,True,173,2146
2148,False,173,2147
2149,True,173,2148
2150,False,174,2149
2151,False,174,2150
2152,True,174,2151
2153,True,174,2152
2154,True,174,2153
2155,True,174,2154
2156,False,174,2155
2157,True,174,2156
2158,False,174,2157
2159,True,174,2158
2160,False,174,2159
2161,True,174,2160
2162,True,174,2161
2163,False,175,2162
2164,False,175,2163
2165,True,175,2164
2166,False,175,2165
2167,True,175,2166
2168,True,175,2167
2169,True,175,2168
2170,True,175,2169
2171,True,175,2170
2172,False,175,2171
2173,True,175,2172
2174,True,176,2173
2175,True,176,2174
2176,True,176,2175
2177,True,176,2176
2178,False,176,2177
2179,True,176,2178
2180,False,176,2179
2181,True,176,2180
2182,False,176,2181
2183,False,176,2182
2184,False,176,2183
2185,False,176,2184
2186,False,176,2185
2187,True,176,2186
2188,True,176,2187
2189,False,177,2188
2190,True,177,2189
2191,True,177,2190
2192,True,177,2191
2193,True,177,2192
2194,True,177,2193
2195,True,177,2194
2196,True,177,2195
2197,True,177,2196
2198,True,177,2197
2199,True,177,2198
2200,True,177,2199
2201,True,178,2200
2202,True,178,2201
2203,False,178,2202
2204,True,178,2203
2205,True,178,2204
2206,True,178,2205
2207,True,178,2206
2208,True,178,2207
2209,True,178,2208
2210,False,178,2209
2211,True,178,2210
2212,True,179,2211
2213,True,179,2212
2214,True,179,2213
2215,False,179,2214
2216,True,179,2215
2217,True,179,2216
2218,True,179,2217
2219,True,179,2218
2220,True,179,2219
2221,True,179,2220
2222,True,179,2221
2223,True,179,2222
2224,False,179,2223
2225,True,180,2224
2226,True,180,2225
2227,True,180,2226
2228,False,180,2227
2229,False,180,2228
2230,True,180,2229
2231,True,180,2230
2232,False,180,2231
2233,False,180,2232
2234,True,180,2233
2235,True,181,2234
2236,True,181,2235
2237,False,181,2236
2238,True,181,2237
2239,False,181,2238
2240,True,181,2239
2241,True,181,2240
2242,False,181,2241
2243,True,181,2242
2244,True,181,2243
2245,True,181,2244
2246,False,181,2245
2247,True,181,2246
2248,True,181,2247
2249,True,182,2248
2250,True,182,2249
2251,True,182,2250
2252,True,182,2251
2253,True,182,2252
2254,True,182,2253
2255,True,182,2254
2256,True,182,2255
2257,True,182,2256
2258,False,182,2257
2259,True,182,2258
2260,True,183,2259
2261,True,183,2260
2262,True,183,2261
2263,False,183,2262
2264,False,183,2263
2265,True,183,2264
2266,True,183,2265
2267,False,183,2266
2268,True,183,2267
2269,True,183,2268
2270,True,184,2269
2271,True,184,2270
2272,True,184,2271
2273,False,184,2272
2274,True,184,2273
2275,True,184,2274
2276,True,184,2275
2277,True,184,2276
2278,True,184,2277
2279,True,184,2278
2280,True,184,2279
2281,False,184,2280
2282,True,184,2281
2283,False,185,2282
2284,False,185,2283
2285,False,185,2284
2286,False,185,2285
2287,True,185,2286
2288,False,185,2287
2289,True,185,2288
2290,True,185,2289
2291,True,185,2290
2292,True,185,2291
2293,True,185,2292
2294,True,185,2293
2295,True,186,2294
2296,True,186,2295
2297,True,186,2296
2298,True,186,2297
2299,False,186,2298
2300,True,186,2299
2301,True,186,2300
2302,True,186,2301
2303,True,186,2302
2304,True,186,2303
2305,True,186,2304
2306,False,186,2305
2307,True,186,2306
2308,False,186,2307
2309,True,186,2308
2310,False,187,2309
2311,True,187,2310
2312,False,187,2311
2313,False,187,2312
2314,False,187,2313
2315,True,187,2314
2316,True,187,2315
2317,True,187,2316
2318,True,187,2317
2319,True,187,2318
2320,False,187,2319
2321,True,187,2320
2322,False,187,2321
2323,True,188,2322
2324,True,188,2323
2325,True,188,2324
2326,True,188,2325
2327,True,188,2326
2328,True,188,2327
2329,True,188,2328
2330,False,188,2329
2331,True,188,2330
2332,False,188,2331
2333,True,188,2332
2334,False,188,2333
2335,True,189,2334
2336,False,189,2335
2337,True,189,2336
2338,True,189,2337
2339,False,189,2338
2340,True,189,2339
2341,True,189,2340
2342,False,189,2341
2343,True,189,2342
2344,True,189,2343
2345,False,189,2344
2346,False,189,2345
2347,True,189,2346
2348,True,190,2347
2349,True,190,2348
2350,True,190,2349
2351,True,190,2350
2352,False,190,2351
2353,True,190,2352
2354,True,190,2353
2355,True,190,2354
2356,False,190,2355
2357,True,190,2356
2358,True,190,2357
2359,False,190,2358
2360,True,190,2359
2361,False,190,2360
2362,True,191,2361
2363,True,191,2362
2364,True,191,2363
2365,False,191,2364
2366,True,191,2365
2367,False,191,2366
2368,False,191,2367
2369,True,191,2368
2370,False,191,2369
2371,False,191,2370
2372,True,191,2371
2373,False,191,2372
2374,True,192,2373
2375,True,192,2374
2376,True,192,2375
2377,True,192,2376
2378,True,192,2377
2379,False,192,2378
2380,True,192,2379
2381,True,192,2380
2382,False,192,2381
2383,True,192,2382
2384,True,192,2383
2385,False,192,2384
2386,True,192,2385
2387,False,192,2386
2388,True,192,2387
2389,True,193,2388
2390,True,193,2389
2391,True,193,2390
2392,False,193,2391
2393,False,193,2392
2394,True,193,2393
2395,True,193,2394
2396,True,193,2395
2397,True,193,2396
2398,False,193,2397
2399,False,193,2398
2400,True,193,2399
2401,False,193,2400
2402,True,193,2401
2403,True,193,2402
2404,False,194,2403
2405,True,194,2404
2406,False,194,2405
2407,True,194,2406
2408,False,194,2407
2409,True,194,2408
2410,True,194,2409
2411,False,194,2410
2412,False,194,2411
2413,False,194,2412
2414,True,194,2413
2415,False,194,2414
2416,False,194,2415
2417,True,194,2416
2418,True,195,2417
2419,True,195,2418
2420,True,195,2419
2421,True,195,2420
2422,True,195,2421
2423,True,195,2422
2424,True,195,2423
2425,False,195,2424
2426,True,195,2425
2427,False,195,2426
2428,True,195,2427
2429,True,195,2428
2430,True,195,2429
2431,False,195,2430
2432,False,195,2431
2433,True,196,2432
2434,False,196,2433
2435,False,196,2434
2436,True,196,2435
2437,True,196,2436
2438,True,196,2437
2439,True,196,2438
2440,True,196,2439
2441,True,196,2440
2442,True,196,2441
2443,True,196,2442
2444,False,196,2443
2445,True,197,2444
2446,False,197,2445
2447,True,197,2446
2448,False,197,2447
2449,False,197,2448
2450,True,197,2449
2451,False,197,2450
2452,True,197,2451
2453,True,197,2452
2454,True,197,2453
2455,True,197,2454
2456,True,197,2455
2457,True,198,2456
2458,True,198,2457
2459,True,198,2458
2460,False,198,2459
2461,True,198,2460
2462,True,198,2461
2463,True,198,2462
2464,True,198,2463
2465,False,198,2464
2466,False,198,2465
2467,True,198,2466
2468,False,199,2467
2469,True,199,2468
2470,False,199,2469
2471,False,199,2470
2472,True,199,2471
2473,False,199,2472
2474,True,199,2473
2475,False,199,2474
2476,True,199,2475
2477,False,199,2476
2478,True,199,2477
2479,True,199,2478
2480,True,199,2479
2481,True,199,2480
2482,False,200,2481
2483,True,200,2482
2484,False,200,2483
2485,False,200,2484
2486,True,200,2485
2487,False,200,2486
2488,True,200,2487
2489,True,200,2488
2490,False,200,2489
2491,False,200,2490
2492,True,200,2491
2493,True,200,2492
2494,True,201,2493
2495,True,201,2494
2496,True,201,2495
2497,True,201,2496
2498,True,201,2497
2499,False,201,2498
2500,True,201,2499
2501,True,201,2500
2502,True,201,2501
2503,True,201,2502
2504,True,202,2503
2505,True,202,2504
2506,True,202,2505
2507,True,202,2506
2508,False,202,2507
2509,True,202,2508
2510,False,202,2509
2511,True,202,2510
2512,True,202,2511
2513,True,202,2512
2514,False,202,2513
2515,True,202,2514
2516,True,203,2515
2517,True,203,2516
2518,True,203,2517
2519,False,203,2518
2520,True,203,2519
2521,False,203,2520
2522,True,203,2521
2523,False,203,2522
2524,True,203,2523
2525,False,203,2524
2526,True,203,2525
2527,False,203,2526
2528,True,203,2527
2529,False,203,2528
2530,True,204,2529
2531,True,204,2530
2532,True,204,2531
2533,True,204,2532
2534,False,204,2533
2535,True,204,2534
2536,True,204,2535
2537,True,204,2536
2538,True,204,2537
2539,True,204,2538
2540,True,205,2539
2541,False,205,2540
2542,True,205,2541
2543,False,205,2542
2544,True,205,2543
2545,True,205,2544
2546,True,205,2545
2547,False,205,2546
2548,True,205,2547
2549,False,205,2548
2550,True,206,2549
2551,True,206,2550
2552,True,206,2551
2553,True,206,2552
2554,True,206,2553
2555,True,206,2554
2556,True,206,2555
2557,True,206,2556
2558,False,206,2557
2559,False,206,2558
2560,True,206,2559
2561,True,206,2560
2562,True,206,2561
2563,True,206,2562
2564,True,206,2563
2565,False,207,2564
2566,False,207,2565
2567,True,207,2566
2568,True,207,2567
2569,True,207,2568
2570,True,207,2569
2571,False,207,2570
2572,True,207,2571
2573,True,207,2572
2574,True,207,2573
2575,False,207,2574
2576,True,207,2575
2577,True,208,2576
2578,True,208,2577
2579,False,208,2578
2580,False,208,2579
2581,True,208,2580
2582,True,208,2581
2583,True,208,2582
2584,True,208,2583
2585,True,208,2584
2586,True,208,2585
2587,False,209,2586
2588,True,209,2587
2589,False,209,2588
2590,True,209,2589
2591,True,209,2590
2592,False,209,2591
2593,True,209,2592
2594,False,209,2593
2595,True,209,2594
2596,True,209,2595
2597,True,209,2596
2598,True,209,2597
2599,False,210,2598
2600,True,210,2599
2601,True,210,2600
2602,True,210,2601
2603,False,210,2602
2604,True,210,2603
2605,True,210,2604
2606,True,210,2605
2607,True,210,2606
2608,True,210,2607
2609,True,210,2608
2610,True,211,2609
2611,True,211,2610
2612,False,211,2611
2613,False,211,2612
2614,True,211,2613
2615,True,211,2614
2616,True,211,2615
2617,True,211,2616
2618,True,211,2617
2619,True,211,2618
2620,False,211,2619
2621,True,211,2620
2622,True,211,2621
2623,True,211,2622
2624,True,212,2623
2625,False,212,2624
2626,False,212,2625
2627,True,212,2626
2628,True,212,2627
2629,False,212,2628
2630,True,212,2629
2631,False,212,2630
2632,True,212,2631
2633,True,212,2632
2634,True,212,2633
2635,False,212,2634
2636,False,212,2635
2637,True,213,2636
2638,True,213,2637
2639,False,213,2638
2640,True,213,2639
2641,True,213,2640
2642,True,213,2641
2643,False,213,2642
2644,True,213,2643
2645,True,213,2644
2646,True,213,2645
2647,False,213,2646
2648,False,213,2647
2649,False,213,2648
2650,True,214,2649
2651,True,214,2650
2652,True,214,2651
2653,True,214,2652
2654,False,214,2653
2655,True,214,2654
2656,True,214,2655
2657,True,214,2656
2658,False,214,2657
2659,True,214,2658
2660,False,214,2659
2661,True,215,2660
2662,True,215,2661
2663,True,215,2662
2664,True,215,2663
2665,True,215,2664
2666,False,215,2665
2667,True,215,2666
2668,True,215,2667
2669,False,215,2668
2670,False,215,2669
2671,True,215,2670
2672,True,215,2671
2673,True,215,2672
2674,False,216,2673
2675,False,216,2674
2676,False,216,2675
2677,True,216,2676
2678,False,216,2677
2679,False,216,2678
2680,True,216,2679
2681,True,216,2680
2682,True,216,2681
2683,False,216,2682
2684,True,216,2683
2685,True,216,2684
2686,False,216,2685
2687,False,216,2686
2688,True,216,2687
2689,True,217,2688
2690,True,217,2689
2691,True,217,2690
2692,True,217,2691
2693,False,217,2692
2694,True,217,2693
2695,False,217,2694
2696,False,217,2695
2697,False,217,2696
2698,True,217,2697
2699,True,217,2698
2700,True,217,2699
2701,False,217,2700
2702,True,217,2701
2703,True,218,2702
2704,True,218,2703
2705,True,218,2704
2706,False,218,2705
2707,False,218,2706
2708,True,218,2707
2709,False,218,2708
2710,True,218,2709
2711,True,218,2710
2712,False,218,2711
2713,False,219,2712
2714,False,219,2713
2715,True,219,2714
2716,False,219,2715
2717,True,219,2716
2718,True,219,2717
2719,True,219,2718
2720,False,219,2719
2721,True,219,2720
2722,False,219,2721
2723,True,220,2722
2724,False,220,2723
2725,True,220,2724
2726,True,220,2725
2727,False,220,2726
2728,True,220,2727
2729,True,220,2728
2730,True,220,2729
2731,True,220,2730
2732,True,220,2731
2733,True,220,2732
2734,True,220,2733
2735,False,220,2734
2736,True,220,2735
2737,False,220,2736
2738,True,221,2737
2739,True,221,2738
2740,True,221,2739
2741,True,221,2740
2742,True,221,2741
2743,True,221,2742
2744,False,221,2743
2745,True,221,2744
2746,True,221,2745
2747,False,221,2746
2748,False,222,2747
2749,True,222,2748
2750,True,222,2749
2751,False,222,2750
2752,True,222,2751
2753,True,222,2752
2754,True,222,2753
2755,False,222,2754
2756,True,222,2755
2757,True,222,2756
2758,True,222,2757
2759,True,222,2758
2760,True,222,2759
2761,False,222,2760
2762,False,222,2761
2763,True,223,2762
2764,False,223,2763
2765,True,223,2764
2766,True,223,2765
2767,True,223,2766
2768,True,223,2767
2769,True,223,2768
2770,True,223,2769
2771,True,223,2770
2772,True,223,2771
2773,False,223,2772
2774,False,223,2773
2775,True,223,2774
2776,True,224,2775
2777,True,224,2776
2778,False,224,2777
2779,True,224,2778
2780,False,224,2779
2781,True,224,2780
2782,True,224,2781
2783,True,224,2782
2784,True,224,2783
2785,True,224,2784
2786,False,224,2785
2787,True,224,2786
2788,True,225,2787
2789,False,225,2788
2790,True,225,2789
2791,False,225,2790
2792,False,225,2791
2793,True,225,2792
2794,True,225,2793
2795,True,225,2794
2796,True,225,2795
2797,True,225,2796
2798,False,226,2797
2799,True,226,2798
2800,True,226,2799
2801,True,226,2800
2802,True,226,2801
2803,True,226,2802
2804,True,226,2803
2805,True,226,2804
2806,False,226,2805
2807,True,226,2806
2808,False,226,2807
2809,True,227,2808
2810,True,227,2809
2811,True,227,2810
2812,True,227,2811
2813,True,227,2812
2814,True,227,2813
2815,False,227,2814
2816,True,227,2815
2817,True,227,2816
2818,True,227,2817
2819,True,227,2818
2820,True,227,2819
2821,True,227,2820
2822,False,227,2821
2823,True,227,2822
2824,True,228,2823
2825,True,228,2824
2826,True,228,2825
2827,True,228,2826
2828,True,228,2827
2829,True,228,2828
2830,True,228,2829
2831,False,228,2830
2832,True,228,2831
2833,True,228,2832
2834,False,228,2833
2835,True,228,2834
2836,True,229,2835
2837,False,229,2836
2838,False,229,2837
2839,True,229,2838
2840,False,229,2839
2841,True,229,2840
2842,True,229,2841
2843,True,229,2842
2844,True,229,2843
2845,True,229,2844
2846,False,229,2845
2847,True,229,2846
2848,False,229,2847
2849,False,229,2848
2850,True,229,2849
2851,True,230,2850
2852,False,230,2851
2853,False,230,2852
2854,True,230,2853
2855,True,230,2854
2856,True,230,2855
2857,True,230,2856
2858,False,230,2857
2859,True,230,2858
2860,True,230,2859
2861,True,230,2860
2862,True,230,2861
2863,True,230,2862
2864,True,230,2863
2865,False,231,2864
2866,True,231,2865
2867,True,231,2866
2868,False,231,2867
2869,True,231,2868
2870,True,231,2869
2871,True,231,2870
2872,False,231,2871
2873,False,231,2872
2874,True,231,2873
2875,True,231,2874
2876,False,231,2875
2877,True,231,2876
2878,True,231,2877
2879,False,232,2878
2880,True,232,2879
2881,False,232,2880
2882,True,232,2881
2883,True,232,2882
2884,True,232,2883
2885,True,232,2884
2886,False,232,2885
2887,False,232,2886
2888,True,232,2887
2889,True,232,2888
2890,True,232,2889
2891,True,232,2890
2892,True,233,2891
2893,False,233,2892
2894,True,233,2893
2895,True,233,2894
2896,False,233,2895
2897,True,233,2896
2898,True,233,2897
2899,True,233,2898
2900,True,233,2899
2901,True,233,2900
2902,False,233,2901
2903,True,233,2902
2904,True,233,2903
2905,True,233,2904
2906,True,234,2905
2907,False,234,2906
2908,True,234,2907
2909,True,234,2908
2910,False,234,2909
2911,True,234,2910
2912,True,234,2911
2913,True,234,2912
2914,True,234,2913
2915,True,234,2914
2916,True,234,2915
2917,True,234,2916
2918,True,234,2917
2919,True,235,2918
2920,True,235,2919
2921,True,235,2920
2922,True,235,2921
2923,True,235,2922
2924,True,235,2923
2925,True,235,2924
2926,True,235,2925
2927,True,235,2926
2928,True,235,2927
2929,True,235,2928
2930,True,235,2929
2931,False,235,2930
2932,True,235,2931
2933,True,236,2932
2934,True,236,2933
2935,True,236,2934
2936,True,236,2935
2937,True,236,2936
2938,True,236,2937
2939,False,236,2938
2940,True,236,2939
2941,False,236,2940
2942,False,236,2941
2943,True,236,2942
2944,True,236,2943
2945,True,236,2944
2946,False,236,2945
2947,True,236,2946
2948,False,237,2947
2949,True,237,2948
2950,True,237,2949
2951,False,237,2950
2952,True,237,2951
2953,True,237,2952
2954,True,237,2953
2955,True,237,2954
2956,True,237,2955
2957,True,237,2956
2958,True,237,2957
2959,True,237,2958
2960,True,237,2959
2961,True,237,2960
2962,True,238,2961
2963,True,238,2962
2964,True,238,2963
2965,True,238,2964
2966,True,238,2965
2967,False,238,2966
2968,True,238,2967
2969,True,238,2968
2970,True,238,2969
2971,True,238,2970
2972,True,238,2971
2973,True,238,2972
2974,True,238,2973
2975,True,238,2974
2976,False,239,2975
2977,True,239,2976
2978,False,239,2977
2979,True,239,2978
2980,True,239,2979
2981,False,239,2980
2982,True,239,2981
2983,True,239,2982
2984,True,239,2983
2985,True,239,2984
2986,False,239,2985
2987,True,239,2986
2988,False,240,2987
2989,True,240,2988
2990,False,240,2989
2991,True,240,2990
2992,False,240,2991
2993,False,240,2992
2994,True,240,2993
2995,False,240,2994
2996,True,240,2995
2997,True,240,2996
2998,True,240,2997
2999,True,240,2998
3000,False,241,2999
3001,True,241,3000
3002,True,241,3001
3003,True,241,3002
3004,True,241,3003
3005,True,241,3004
3006,True,241,3005
3007,False,241,3006
3008,False,241,3007
3009,True,241,3008
3010,True,241,3009
3011,False,242,3010
3012,True,242,3011
3013,False,242,3012
3014,True,242,3013
3015,True,242,3014
3016,True,242,3015
3017,False,242,3016
3018,True,242,3017
3019,False,242,3018
3020,True,242,3019
3021,True,243,3020
3022,True,243,3021
3023,False,243,3022
3024,False,243,3023
3025,True,243,3024
3026,True,243,3025
3027,True,243,3026
3028,True,243,3027
3029,True,243,3028
3030,False,243,3029
3031,False,243,3030
3032,True,243,3031
3033,False,243,3032
3034,True,243,3033
3035,True,243,3034
3036,True,244,3035
3037,True,244,3036
3038,True,244,3037
3039,True,244,3038
3040,False,244,3039
3041,True,244,3040
3042,False,244,3041
3043,True,244,3042
3044,True,244,3043
3045,True,244,3044
3046,True,244,3045
3047,True,244,3046
3048,True,244,3047
3049,False,245,3048
3050,False,245,3049
3051,True,245,3050
3052,True,245,3051
3053,True,245,3052
3054,False,245,3053
3055,True,245,3054
3056,True,245,3055
3057,True,245,3056
3058,True,245,3057
3059,False,245,3058
3060,True,245,3059
3061,False,245,3060
3062,False,245,3061
3063,False,246,3062
3064,True,246,3063
3065,True,246,3064
3066,False,246,3065
3067,True,246,3066
3068,True,246,3067
3069,True,246,3068
3070,True,246,3069
3071,True,246,3070
3072,False,246,3071
3073,True,247,3072
3074,True,247,3073
3075,True,247,3074
3076,True,247,3075
3077,False,247,3076
3078,True,247,3077
3079,True,247,3078
3080,True,247,3079
3081,True,247,3080
3082,True,247,3081
3083,True,247,3082
3084,False,247,3083
3085,True,247,3084
3086,True,247,3085
3087,True,247,3086
3088,True,248,3087
3089,False,248,3088
3090,False,248,3089
3091,True,248,3090
3092,True,248,3091
3093,True,248,3092
3094,True,248,3093
3095,True,248,3094
3096,True,248,3095
3097,True,248,3096
3098,False,248,3097
3099,True,248,3098
3100,True,248,3099
3101,False,248,3100
3102,True,248,3101
3103,False,249,3102
3104,False,249,3103
3105,True,249,3104
3106,True,249,3105
3107,False,249,3106
3108,True,249,3107
3109,True,249,3108
3110,True,249,3109
3111,False,249,3110
3112,False,249,3111
3113,True,249,3112
3114,True,250,3113
3115,True,250,3114
3116,True,250,3115
3117,True,250,3116
3118,True,250,3117
3119,False,250,3118
3120,True,250,3119
3121,True,250,3120
3122,False,250,3121
3123,True,250,3122
3124,False,250,3123
3125,True,250,3124
3126,False,250,3125
3127,True,250,3126
3128,False,251,3127
3129,True,251,3128
3130,True,251,3129
3131,True,251,3130
3132,True,251,3131
3133,True,251,3132
3134,False,251,3133
3135,True,251,3134
3136,True,251,3135
3137,True,251,3136
3138,True,251,3137
3139,True,252,3138
3140,True,252,3139
3141,True,252,3140
3142,True,252,3141
3143,True,252,3142
3144,False,252,3143
3145,True,252,3144
3146,True,252,3145
3147,True,252,3146
3148,True,252,3147
3149,True,253,3148
3150,False,253,3149
3151,True,253,3150
3152,True,253,3151
3153,False,253,3152
3154,True,253,3153
3155,False,253,3154
3156,True,253,3155
3157,True,253,3156
3158,True,253,3157
3159,True,253,3158
3160,False,253,3159
3161,True,253,3160
3162,True,253,3161
3163,True,254,3162
3164,True,254,3163
3165,True,254,3164
3166,False,254,3165
3167,True,254,3166
3168,False,254,3167
3169,True,254,3168
3170,True,254,3169
3171,True,254,3170
3172,True,254,3171
3173,True,254,3172
3174,True,255,3173
3175,False,255,3174
3176,True,255,3175
3177,True,255,3176
3178,True,255,3177
3179,False,255,3178
3180,True,255,3179
3181,True,255,3180
3182,False,255,3181
3183,True,255,3182
3184,True,255,3183
3185,True,255,3184
3186,True,255,3185
3187,True,256,3186
3188,True,256,3187
3189,True,256,3188
3190,True,256,3189
3191,False,256,3190
3192,True,256,3191
3193,True,256,3192
3194,True,256,3193
3195,True,256,3194
3196,False,256,3195
3197,True,256,3196
3198,True,256,3197
3199,False,256,3198
3200,True,256,3199
3201,True,257,3200
3202,True,257,3201
3203,False,257,3202
3204,True,257,3203
3205,True,257,3204
3206,True,257,3205
3207,True,257,3206
3208,True,257,3207
3209,True,257,3208
3210,True,257,3209
3211,False,257,3210
3212,True,257,3211
3213,True,258,3212
3214,True,258,3213
3215,True,258,3214
3216,True,258,3215
3217,True,258,3216
3218,True,258,3217
3219,False,258,3218
3220,False,258,3219
3221,True,258,3220
3222,False,258,3221
3223,True,258,3222
3224,False,258,3223
3225,True,259,3224
3226,True,259,3225
3227,True,259,3226
3228,True,259,3227
3229,True,259,3228
3230,True,259,3229
3231,True,259,3230
3232,True,259,3231
3233,True,259,3232
3234,True,259,3233
3235,False,259,3234
3236,True,259,3235
3237,True,259,3236
3238,True,259,3237
3239,True,259,3238
3240,False,260,3239
3241,True,260,3240
3242,True,260,3241
3243,False,260,3242
3244,False,260,3243
3245,True,260,3244
3246,True,260,3245
3247,False,260,3246
3248,True,260,3247
3249,False,260,3248
3250,True,260,3249
3251,False,260,3250
3252,False,260,3251
3253,True,260,3252
3254,False,260,3253
3255,True,261,3254
3256,False,261,3255
3257,True,261,3256
3258,False,261,3257
3259,True,261,3258
3260,True,261,3259
3261,False,261,3260
3262,True,261,3261
3263,True,261,3262
3264,True,261,3263
3265,True,261,3264
3266,False,261,3265
3267,False,261,3266
3268,True,261,3267
3269,True,261,3268
3270,False,262,3269
3271,True,262,3270
3272,False,262,3271
3273,True,262,3272
3274,False,262,3273
3275,True,262,3274
3276,True,262,3275
3277,False,262,3276
3278,True,262,3277
3279,False,262,3278
3280,False,262,3279
3281,True,262,3280
3282,True,262,3281
3283,False,262,3282
3284,False,263,3283
3285,False,263,3284
3286,True,263,3285
3287,True,263,3286
3288,False,263,3287
3289,True,263,3288
3290,False,263,3289
3291,True,263,3290
3292,True,263,3291
3293,True,263,3292
3294,False,264,3293
3295,False,264,3294
3296,False,264,3295
3297,True,264,3296
3298,True,264,3297
3299,True,264,3298
3300,False,264,3299
3301,True,264,3300
3302,True,264,3301
3303,True,264,3302
3304,False,264,3303
3305,False,264,3304
3306,False,264,3305
3307,True,264,3306
3308,True,265,3307
3309,True,265,3308
3310,True,265,3309
3311,True,265,3310
3312,False,265,3311
3313,True,265,3312
3314,True,265,3313
3315,True,265,3314
3316,True,265,3315
3317,True,265,3316
3318,False,265,3317
3319,False,265,3318
3320,True,266,3319
3321,True,266,3320
3322,True,266,3321
3323,False,266,3322
3324,True,266,3323
3325,True,266,3324
3326,True,266,3325
3327,False,266,3326
3328,True,266,3327
3329,True,266,3328
3330,True,266,3329
3331,False,266,3330
3332,True,266,3331
3333,False,266,3332
3334,True,266,3333
3335,True,267,3334
3336,True,267,3335
3337,False,267,3336
3338,False,267,3337
3339,True,267,3338
3340,True,267,3339
3341,True,267,3340
3342,False,267,3341
3343,False,267,3342
3344,True,267,3343
3345,True,267,3344
3346,True,267,3345
3347,True,267,3346
3348,True,267,3347
3349,True,267,3348
3350,True,268,3349
3351,True,268,3350
3352,True,268,3351
3353,True,268,3352
3354,True,268,3353
3355,True,268,3354
3356,True,268,3355
3357,False,268,3356
3358,True,268,3357
3359,True,268,3358
3360,False,268,3359
3361,True,268,3360
3362,True,268,3361
3363,False,269,3362
3364,True,269,3363
3365,True,269,3364
3366,True,269,3365
3367,False,269,3366
3368,True,269,3367
3369,False,269,3368
3370,True,269,3369
3371,False,269,3370
3372,True,269,3371
3373,True,270,3372
3374,True,270,3373
3375,True,270,3374
3376,True,270,3375
3377,True,270,3376
3378,True,270,3377
3379,True,270,3378
3380,False,270,3379
3381,True,270,3380
3382,True,270,3381
3383,False,270,3382
3384,False,270,3383
3385,True,270,3384
3386,False,270,3385
3387,False,270,3386
3388,True,271,3387
3389,True,271,3388
3390,True,271,3389
3391,True,271,3390
3392,True,271,3391
3393,True,271,3392
3394,True,271,3393
3395,True,271,3394
3396,True,271,3395
3397,True,271,3396
3398,False,272,3397
3399,True,272,3398
3400,False,272,3399
3401,True,272,3400
3402,True,272,3401
3403,True,272,3402
3404,True,272,3403
3405,True,272,3404
3406,True,272,3405
3407,True,272,3406
3408,True,272,3407
3409,True,272,3408
3410,False,273,3409
3411,False,273,3410
3412,False,273,3411
3413,True,273,3412
3414,True,273,3413
3415,False,273,3414
3416,True,273,3415
3417,False,273,3416
3418,True,273,3417
3419,True,273,3418
3420,True,273,3419
3421,True,273,3420
3422,False,273,3421
3423,True,274,3422
3424,True,274,3423
3425,False,274,3424
3426,True,274,3425
3427,True,274,3426
3428,True,274,3427
3429,True,274,3428
3430,True,274,3429
3431,True,274,3430
3432,True,274,3431
3433,True,274,3432
3434,False,274,3433
3435,True,274,3434
3436,True,275,3435
3437,True,275,3436
3438,False,275,3437
3439,True,275,3438
3440,True,275,3439
3441,False,275,3440
3442,True,275,3441
3443,False,275,3442
3444,False,275,3443
3445,True,275,3444
3446,True,275,3445
3447,False,275,3446
3448,True,276,3447
3449,True,276,3448
3450,True,276,3449
3451,True,276,3450
3452,False,276,3451
3453,False,276,3452
3454,True,276,3453
3455,True,276,3454
3456,False,276,3455
3457,True,276,3456
3458,False,276,3457
3459,True,276,3458
3460,True,276,3459
3461,True,277,3460
3462,True,277,3461
3463,True,277,3462
3464,True,277,3463
3465,False,277,3464
3466,True,277,3465
3467,True,277,3466
3468,True,277,3467
3469,True,277,3468
3470,False,277,3469
3471,True,277,3470
3472,True,277,3471
3473,True,277,3472
3474,True,277,3473
3475,True,277,3474
3476,True,278,3475
3477,True,278,3476
3478,True,278,3477
3479,True,278,3478
3480,True,278,3479
3481,True,278,3480
3482,True,278,3481
3483,True,278,3482
3484,True,278,3483
3485,True,278,3484
3486,True,278,3485
3487,False,278,3486
3488,True,278,3487
3489,True,279,3488
3490,True,279,3489
3491,True,279,3490
3492,True,279,3491
3493,True,279,3492
3494,False,279,3493
3495,True,279,3494
3496,True,279,3495
3497,True,279,3496
3498,True,279,3497
3499,True,280,3498
3500,True,280,3499
3501,True,280,3500
3502,True,280,3501
3503,True,280,3502
3504,False,280,3503
3505,True,280,3504
3506,True,280,3505
3507,False,280,3506
3508,True,280,3507
3509,False,280,3508
3510,True,280,3509
3511,True,280,3510
3512,False,280,3511
3513,True,280,3512
3514,False,281,3513
3515,False,281,3514
3516,False,281,3515
3517,True,281,3516
3518,False,281,3517
3519,True,281,3518
3520,True,281,3519
3521,False,281,3520
3522,True,281,3521
3523,True,281,3522
3524,False,281,3523
3525,True,282,3524
3526,True,282,3525
3527,True,282,3526
3528,True,282,3527
3529,True,282,3528
3530,False,282,3529
3531,False,282,3530
3532,True,282,3531
3533,True,282,3532
3534,True,282,3533
3535,True,282,3534
3536,True,282,3535
3537,True,283,3536
3538,False,283,3537
3539,True,283,3538
3540,True,283,3539
3541,True,283,3540
3542,False,283,3541
3543,True,283,3542
3544,True,283,3543
3545,False,283,3544
3546,True,283,3545
3547,True,283,3546
3548,True,283,3547
3549,True,283,3548
3550,True,284,3549
3551,True,284,3550
3552,True,284,3551
3553,True,284,3552
3554,False,284,3553
3555,True,284,3554
3556,True,284,3555
3557,True,284,3556
3558,False,284,3557
3559,True,284,3558
3560,True,284,3559
3561,True,284,3560
3562,False,285,3561
3563,True,285,3562
3564,True,285,3563
3565,False,285,3564
3566,True,285,3565
3567,True,285,3566
3568,True,285,3567
3569,False,285,3568
3570,True,285,3569
3571,False,285,3570
3572,True,285,3571
3573,True,285,3572
3574,True,285,3573
3575,True,285,3574
3576,False,285,3575
3577,True,286,3576
3578,True,286,3577
3579,False,286,3578
3580,False,286,3579
3581,True,286,3580
3582,True,286,3581
3583,True,286,3582
3584,True,286,3583
3585,False,286,3584
3586,False,286,3585
3587,True,287,3586
3588,True,287,3587
3589,True,287,3588
3590,False,287,3589
3591,True,287,3590
3592,True,287,3591
3593,True,287,3592
3594,True,287,3593
3595,False,287,3594
3596,False,287,3595
3597,True,287,3596
3598,True,287,3597
3599,True,287,3598
3600,False,288,3599
3601,False,288,3600
3602,True,288,3601
3603,True,288,3602
3604,False,288,3603
3605,False,288,3604
3606,True,288,3605
3607,True,288,3606
3608,True,288,3607
3609,True,288,3608
3610,True,288,3609
3611,True,288,3610
3612,False,288,3611
3613,True,289,3612
3614,True,289,3613
3615,True,289,3614
3616,False,289,3615
3617,True,289,3616
3618,False,289,3617
3619,True,289,3618
3620,True,289,3619
3621,False,289,3620
3622,True,289,3621
3623,True,289,3622
3624,False,289,3623
3625,True,289,3624
3626,True,290,3625
3627,True,290,3626
3628,True,290,3627
3629,True,290,3628
3630,True,290,3629
3631,True,290,3630
3632,False,290,3631
3633,True,290,3632
3634,True,290,3633
3635,True,290,3634
3636,False,290,3635
3637,False,290,3636
3638,False,291,3637
3639,True,291,3638
3640,False,291,3639
3641,True,291,3640
3642,True,291,3641
3643,False,291,3642
3644,False,291,3643
3645,True,291,3644
3646,False,291,3645
3647,False,291,3646
3648,True,291,3647
3649,True,291,3648
3650,True,292,3649
3651,True,292,3650
3652,True,292,3651
3653,True,292,3652
3654,False,292,3653
3655,True,292,3654
3656,True,292,3655
3657,False,292,3656
3658,True,292,3657
3659,False,292,3658
3660,False,292,3659
3661,True,293,3660
3662,False,293,3661
3663,True,293,3662
3664,False,293,3663
3665,True,293,3664
3666,True,293,3665
3667,True,293,3666
3668,False,293,3667
3669,True,293,3668
3670,False,293,3669
3671,False,293,3670
3672,True,293,3671
3673,True,293,3672
3674,True,293,3673
3675,True,293,3674
3676,True,294,3675
3677,True,294,3676
3678,False,294,3677
3679,True,294,3678
3680,True,294,3679
3681,True,294,3680
3682,False,294,3681
3683,False,294,3682
3684,True,294,3683
3685,True,294,3684
3686,True,294,3685
3687,True,294,3686
3688,False,295,3687
3689,True,295,3688
3690,True,295,3689
3691,False,295,3690
3692,True,295,3691
3693,True,295,3692
3694,True,295,3693
3695,True,295,3694
3696,False,295,3695
3697,True,295,3696
3698,True,295,3697
3699,True,295,3698
3700,True,295,3699
3701,False,295,3700
3702,True,295,3701
3703,True,296,3702
3704,True,296,3703
3705,False,296,3704
3706,True,296,3705
3707,True,296,3706
3708,False,296,3707
3709,False,296,3708
3710,True,296,3709
3711,True,296,3710
3712,True,296,3711
3713,True,296,3712
3714,True,297,3713
3715,True,297,3714
3716,True,297,3715
3717,True,297,3716
3718,True,297,3717
3719,True,297,3718
3720,True,297,3719
3721,True,297,3720
3722,True,297,3721
3723,True,297,3722
3724,True,297,3723
3725,True,297,3724
3726,True,297,3725
3727,True,297,3726
3728,True,298,3727
3729,True,298,3728
3730,True,298,3729
3731,False,298,3730
3732,True,298,3731
3733,True,298,3732
3734,True,298,3733
3735,True,298,3734
3736,False,298,3735
3737,True,298,3736
3738,False,298,3737
3739,True,298,3738
3740,True,298,3739
3741,True,298,3740
3742,True,298,3741
3743,True,299,3742
3744,False,299,3743
3745,True,299,3744
3746,True,299,3745
3747,True,299,3746
3748,True,299,3747
3749,True,299,3748
3750,False,299,3749
3751,False,299,3750
3752,True,299,3751
3753,False,299,3752
3754,False,300,3753
3755,True,300,3754
3756,True,300,3755
3757,True,300,3756
3758,False,300,3757
3759,True,300,3758
3760,True,300,3759
3761,True,300,3760
3762,True,300,3761
3763,False,300,3762
3764,True,300,3763
3765,False,300,3764
3766,True,300,3765
3767,True,301,3766
3768,True,301,3767
3769,True,301,3768
3770,True,301,3769
3771,True,301,3770
3772,True,301,3771
3773,True,301,3772
3774,False,301,3773
3775,True,301,3774
3776,True,301,3775
3777,True,301,3776
3778,True,302,3777
3779,True,302,3778
3780,False,302,3779
3781,True,302,3780
3782,True,302,3781
3783,False,302,3782
3784,True,302,3783
3785,True,302,3784
3786,False,302,3785
3787,True,302,3786
3788,True,302,3787
3789,True,302,3788
3790,False,302,3789
3791,True,302,3790
3792,True,302,3791
3793,True,303,3792
3794,False,303,3793
3795,True,303,3794
3796,False,303,3795
3797,False,303,3796
3798,False,303,3797
3799,True,303,3798
3800,True,303,3799
3801,True,303,3800
3802,True,303,3801
3803,False,303,3802
3804,True,303,3803
3805,True,303,3804
3806,True,304,3805
3807,False,304,3806
3808,True,304,3807
3809,True,304,3808
3810,False,304,3809
3811,False,304,3810
3812,False,304,3811
3813,True,304,3812
3814,True,304,3813
3815,False,304,3814
3816,False,304,3815
3817,True,305,3816
3818,True,305,3817
3819,False,305,3818
3820,True,305,3819
3821,False,305,3820
3822,True,305,3821
3823,True,305,3822
3824,True,305,3823
3825,True,305,3824
3826,True,305,3825
3827,True,305,3826
3828,False,305,3827
3829,False,305,3828
3830,True,306,3829
3831,True,306,3830
3832,True,306,3831
3833,False,306,3832
3834,True,306,3833
3835,True,306,3834
3836,False,306,3835
3837,False,306,3836
3838,True,306,3837
3839,True,306,3838
3840,True,307,3839
3841,True,307,3840
3842,True,307,3841
3843,False,307,3842
3844,True,307,3843
3845,False,307,3844
3846,False,307,3845
3847,False,307,3846
3848,False,307,3847
3849,False,307,3848
3850,False,307,3849
3851,False,307,3850
3852,False,307,3851
3853,True,307,3852
3854,False,308,3853
3855,True,308,3854
3856,False,308,3855
3857,True,308,3856
3858,False,308,3857
3859,False,308,3858
3860,False,308,3859
3861,True,308,3860
3862,False,308,3861
3863,True,308,3862
3864,True,308,3863
3865,True,308,3864
3866,False,308,3865
3867,True,309,3866
3868,True,309,3867
3869,True,309,3868
3870,False,309,3869
3871,True,309,3870
3872,False,309,3871
3873,True,309,3872
3874,False,309,3873
3875,True,309,3874
3876,True,309,3875
3877,True,309,3876
3878,True,309,3877
3879,True,310,3878
3880,True,310,3879
3881,True,310,3880
3882,True,310,3881
3883,True,310,3882
3884,False,310,3883
3885,True,310,3884
3886,True,310,3885
3887,True,310,3886
3888,False,310,3887
3889,True,310,3888
3890,True,310,3889
3891,True,310,3890
3892,True,310,3891
3893,False,311,3892
3894,True,311,3893
3895,False,311,3894
3896,True,311,3895
3897,True,311,3896
3898,True,311,3897
3899,False,311,3898
3900,True,311,3899
3901,True,311,3900
3902,True,311,3901
3903,True,312,3902
3904,True,312,3903
3905,True,312,3904
3906,True,312,3905
3907,True,312,3906
3908,True,312,3907
3909,True,312,3908
3910,True,312,3909
3911,False,312,3910
3912,True,312,3911
3913,False,312,3912
3914,False,313,3913
3915,True,313,3914
3916,True,313,3915
3917,False,313,3916
3918,True,313,3917
3919,True,313,3918
3920,True,313,3919
3921,True,313,3920
3922,True,313,3921
3923,False,313,3922
3924,False,313,3923
3925,True,313,3924
3926,True,313,3925
3927,False,313,3926
3928,True,313,3927
3929,True,314,3928
3930,True,314,3929
3931,True,314,3930
3932,True,314,3931
3933,True,314,3932
3934,False,314,3933
3935,True,314,3934
3936,True,314,3935
3937,False,314,3936
3938,True,314,3937
3939,False,314,3938
3940,False,314,3939
3941,True,315,3940
3942,True,315,3941
3943,True,315,3942
3944,True,315,3943
3945,True,315,3944
3946,True,315,3945
3947,True,315,3946
3948,True,315,3947
3949,True,315,3948
3950,True,315,3949
3951,False,315,3950
3952,True,316,3951
3953,True,316,3952
3954,True,316,3953
3955,True,316,3954
3956,False,316,3955
3957,False,316,3956
3958,True,316,3957
3959,True,316,3958
3960,True,316,3959
3961,True,316,3960
3962,False,316,3961
3963,False,316,3962
3964,True,316,3963
3965,True,316,3964
3966,True,316,3965
3967,True,317,3966
3968,True,317,3967
3969,True,317,3968
3970,True,317,3969
3971,True,317,3970
3972,True,317,3971
3973,True,317,3972
3974,False,317,3973
3975,True,317,3974
3976,True,317,3975
3977,True,317,3976
3978,False,317,3977
3979,True,317,3978
3980,False,318,3979
3981,True,318,3980
3982,False,318,3981
3983,True,318,3982
3984,True,318,3983
3985,False,318,3984
3986,True,318,3985
3987,True,318,3986
3988,True,318,3987
3989,True,318,3988
3990,True,319,3989
3991,False,319,3990
3992,True,319,3991
3993,True,319,3992
3994,False,319,3993
3995,True,319,3994
3996,False,319,3995
3997,True,319,3996
3998,True,319,3997
3999,False,319,3998
4000,True,319,3999
4001,False,319,4000
4002,False,319,4001
4003,True,319,4002
4004,False,319,4003
4005,True,320,4004
4006,True,320,4005
4007,False,320,4006
4008,True,320,4007
4009,True,320,4008
4010,True,320,4009
4011,True,320,4010
4012,True,320,4011
4013,True,320,4012
4014,True,320,4013
4015,True,320,4014
4016,False,321,4015
4017,True,321,4016
4018,True,321,4017
4019,True,321,4018
4020,True,321,4019
4021,True,321,4020
4022,True,321,4021
4023,True,321,4022
4024,True,321,4023
4025,True,321,4024
4026,False,322,4025
4027,True,322,4026
4028,True,322,4027
4029,False,322,4028
4030,True,322,4029
4031,True,322,4030
4032,True,322,4031
4033,True,322,4032
4034,True,322,4033
4035,True,322,4034
4036,True,322,4035
4037,True,322,4036
4038,True,322,4037
4039,True,322,4038
4040,False,323,4039
4041,False,323,4040
4042,True,323,4041
4043,True,323,4042
4044,False,323,4043
4045,False,323,4044
4046,True,323,4045
4047,False,323,4046
4048,True,323,4047
4049,False,323,4048
4050,False,323,4049
4051,False,323,4050
4052,True,324,4051
4053,True,324,4052
4054,True,324,4053
4055,True,324,4054
4056,False,324,4055
4057,True,324,4056
4058,False,324,4057
4059,True,324,4058
4060,False,324,4059
4061,True,324,4060
4062,True,324,4061
4063,True,324,4062
4064,True,324,4063
4065,True,324,4064
4066,True,324,4065
4067,True,325,4066
4068,False,325,4067
4069,True,325,4068
4070,False,325,4069
4071,True,325,4070
4072,True,325,4071
4073,False,325,4072
4074,True,325,4073
4075,True,325,4074
4076,True,325,4075
4077,False,325,4076
4078,False,325,4077
4079,True,325,4078
4080,True,325,4079
4081,False,325,4080
4082,True,326,4081
4083,True,326,4082
4084,True,326,4083
4085,True,326,4084
4086,False,326,4085
4087,True,326,4086
4088,True,326,4087
4089,False,326,4088
4090,True,326,4089
4091,True,326,4090
4092,True,326,4091
4093,True,327,4092
4094,True,327,4093
4095,True,327,4094
4096,True,327,4095
4097,False,327,4096
4098,True,327,4097
4099,True,327,4098
4100,True,327,4099
4101,False,327,4100
4102,True,327,4101
4103,False,327,4102
4104,True,327,4103
4105,False,327,4104
4106,False,328,4105
4107,True,328,4106
4108,True,328,4107
4109,False,328,4108
4110,False,328,4109
4111,True,328,4110
4112,True,328,4111
4113,False,328,4112
4114,True,328,4113
4115,False,328,4114
4116,False,328,4115
4117,False,329,4116
4118,True,329,4117
4119,True,329,4118
4120,True,329,4119
4121,False,329,4120
4122,True,329,4121
4123,True,329,4122
4124,True,329,4123
4125,True,329,4124
4126,True,329,4125
4127,True,329,4126
4128,True,329,4127
4129,True,330,4128
4130,True,330,4129
4131,True,330,4130
4132,False,330,4131
4133,False,330,4132
4134,True,330,4133
4135,True,330,4134
4136,True,330,4135
4137,False,330,4136
4138,False,330,4137
4139,True,331,4138
4140,True,331,4139
4141,True,331,4140
4142,False,331,4141
4143,True,331,4142
4144,True,331,4143
4145,True,331,4144
4146,True,331,4145
4147,False,331,4146
4148,True,331,4147
4149,True,331,4148
4150,True,332,4149
4151,True,332,4150
4152,True,332,4151
4153,True,332,4152
4154,True,332,4153
4155,False,332,4154
4156,True,332,4155
4157,True,332,4156
4158,True,332,4157
4159,True,332,4158
4160,True,333,4159
4161,True,333,4160
4162,True,333,4161
4163,False,333,4162
4164,True,333,4163
4165,True,333,4164
4166,True,333,4165
4167,True,333,4166
4168,True,333,4167
4169,True,333,4168
4170,True,333,4169
4171,True,333,4170
4172,False,334,4171
4173,True,334,4172
4174,False,334,4173
4175,False,334,4174
4176,True,334,4175
4177,True,334,4176
4178,True,334,4177
4179,True,334,4178
4180,True,334,4179
4181,True,334,4180
4182,True,335,4181
4183,True,335,4182
4184,True,335,4183
4185,True,335,4184
4186,True,335,4185
4187,False,335,4186
4188,True,335,4187
4189,False,335,4188
4190,False,335,4189
4191,True,335,4190
4192,True,336,4191
4193,False,336,4192
4194,True,336,4193
4195,True,336,4194
4196,True,336,4195
4197,False,336,4196
4198,True,336,4197
4199,True,336,4198
4200,False,336,4199
4201,True,336,4200
4202,True,336,4201
4203,True,336,4202
4204,False,336,4203
4205,True,337,4204
4206,True,337,4205
4207,True,337,4206
4208,True,337,4207
4209,False,337,4208
4210,False,337,4209
4211,False,337,4210
4212,True,337,4211
4213,True,337,4212
4214,True,337,4213
4215,True,337,4214
4216,True,338,4215
4217,False,338,4216
4218,True,338,4217
4219,True,338,4218
4220,True,338,4219
4221,True,338,4220
4222,False,338,4221
4223,False,338,4222
4224,True,338,4223
4225,True,338,4224
4226,False,339,4225
4227,True,339,4226
4228,False,339,4227
4229,False,339,4228
4230,True,339,4229
4231,False,339,4230
4232,True,339,4231
4233,False,339,4232
4234,False,339,4233
4235,False,339,4234
4236,True,339,4235
4237,False,340,4236
4238,False,340,4237
4239,True,340,4238
4240,True,340,4239
4241,False,340,4240
4242,False,340,4241
4243,True,340,4242
4244,False,340,4243
4245,True,340,4244
4246,True,340,4245
4247,True,340,4246
4248,False,341,4247
4249,True,341,4248
4250,True,341,4249
4251,False,341,4250
4252,True,341,4251
4253,False,341,4252
4254,True,341,4253
4255,True,341,4254
4256,True,341,4255
4257,True,341,4256
4258,True,341,4257
4259,True,341,4258
4260,True,341,4259
4261,False,341,4260
4262,False,341,4261
4263,False,342,4262
4264,False,342,4263
4265,False,342,4264
4266,True,342,4265
4267,True,342,4266
4268,False,342,4267
4269,True,342,4268
4270,True,342,4269
4271,False,342,4270
4272,True,342,4271
4273,False,342,4272
4274,True,342,4273
4275,True,343,4274
4276,False,343,4275
4277,True,343,4276
4278,True,343,4277
4279,True,343,4278
4280,True,343,4279
4281,True,343,4280
4282,True,343,4281
4283,True,343,4282
4284,False,343,4283
4285,True,343,4284
4286,True,343,4285
4287,False,343,4286
4288,True,343,4287
4289,True,343,4288
4290,False,344,4289
4291,False,344,4290
4292,True,344,4291
4293,False,344,4292
4294,True,344,4293
4295,False,344,4294
4296,False,344,4295
4297,False,344,4296
4298,False,344,4297
4299,False,344,4298
4300,True,344,4299
4301,False,344,4300
4302,True,344,4301
4303,True,345,4302
4304,True,345,4303
4305,True,345,4304
4306,True,345,4305
4307,True,345,4306
4308,True,345,4307
4309,True,345,4308
4310,True,345,4309
4311,True,345,4310
4312,True,345,4311
4313,True,345,4312
4314,True,345,4313
4315,True,345,4314
4316,False,345,4315
4317,True,345,4316
4318,False,346,4317
4319,True,346,4318
4320,True,346,4319
4321,False,346,4320
4322,True,346,4321
4323,True,346,4322
4324,True,346,4323
4325,False,346,4324
4326,False,346,4325
4327,True,346,4326
4328,True,346,4327
4329,True,346,4328
4330,True,347,4329
4331,True,347,4330
4332,True,347,4331
4333,True,347,4332
4334,True,347,4333
4335,True,347,4334
4336,True,347,4335
4337,False,347,4336
4338,False,347,4337
4339,True,347,4338
4340,True,348,4339
4341,True,348,4340
4342,False,348,4341
4343,False,348,4342
4344,True,348,4343
4345,False,348,4344
4346,True,348,4345
4347,False,348,4346
4348,True,348,4347
4349,False,348,4348
4350,True,349,4349
4351,False,349,4350
4352,False,349,4351
4353,True,349,4352
4354,True,349,4353
4355,True,349,4354
4356,True,349,4355
4357,True,349,4356
4358,True,349,4357
4359,True,349,4358
4360,False,349,4359
4361,True,349,4360
4362,True,349,4361
4363,True,349,4362
4364,True,350,4363
4365,True,350,4364
4366,False,350,4365
4367,True,350,4366
4368,False,350,4367
4369,True,350,4368
4370,True,350,4369
4371,True,350,4370
4372,True,350,4371
4373,True,350,4372
4374,True,351,4373
4375,False,351,4374
4376,False,351,4375
4377,True,351,4376
4378,True,351,4377
4379,False,351,4378
4380,True,351,4379
4381,False,351,4380
4382,True,351,4381
4383,True,351,4382
4384,True,351,4383
4385,True,352,4384
4386,False,352,4385
4387,True,352,4386
4388,False,352,4387
4389,True,352,4388
4390,False,352,4389
4391,True,352,4390
4392,True,352,4391
4393,False,352,4392
4394,False,352,4393
4395,False,352,4394
4396,True,352,4395
4397,False,353,4396
4398,False,353,4397
4399,False,353,4398
4400,False,353,4399
4401,True,353,4400
4402,True,353,4401
4403,False,353,4402
4404,True,353,4403
4405,False,353,4404
4406,True,353,4405
4407,True,353,4406
4408,False,353,4407
4409,True,353,4408
4410,True,353,4409
4411,True,353,4410
4412,True,354,4411
4413,False,354,4412
4414,True,354,4413
4415,False,354,4414
4416,True,354,4415
4417,False,354,4416
4418,True,354,4417
4419,True,354,4418
4420,False,354,4419
4421,False,354,4420
4422,True,354,4421
4423,True,354,4422
4424,False,355,4423
4425,True,355,4424
4426,False,355,4425
4427,True,355,4426
4428,True,355,4427
4429,True,355,4428
4430,True,355,4429
4431,True,355,4430
4432,True,355,4431
4433,True,355,4432
4434,True,355,4433
4435,True,355,4434
4436,True,355,4435
4437,True,355,4436
4438,False,356,4437
4439,True,356,4438
4440,True,356,4439
4441,False,356,4440
4442,True,356,4441
4443,True,356,4442
4444,False,356,4443
4445,True,356,4444
4446,True,356,4445
4447,True,356,4446
4448,True,356,4447
4449,True,356,4448
4450,False,357,4449
4451,True,357,4450
4452,True,357,4451
4453,True,357,4452
4454,True,357,4453
4455,True,357,4454
4456,False,357,4455
4457,True,357,4456
4458,True,357,4457
4459,False,357,4458
4460,True,357,4459
4461,False,357,4460
4462,False,357,4461
4463,True,357,4462
4464,True,357,4463
4465,True,358,4464
4466,True,358,4465
4467,False,358,4466
4468,True,358,4467
4469,False,358,4468
4470,True,358,4469
4471,False,358,4470
4472,True,358,4471
4473,True,358,4472
4474,True,358,4473
4475,True,358,4474
4476,True,359,4475
4477,False,359,4476
4478,True,359,4477
4479,True,359,4478
4480,True,359,4479
4481,True,359,4480
4482,True,359,4481
4483,True,359,4482
4484,True,359,4483
4485,True,359,4484
4486,True,359,4485
4487,False,360,4486
4488,False,360,4487
4489,True,360,4488
4490,True,360,4489
4491,True,360,4490
4492,False,360,4491
4493,True,360,4492
4494,False,360,4493
4495,False,360,4494
4496,False,360,4495
4497,False,360,4496
4498,False,360,4497
4499,False,360,4498
4500,True,360,4499
4501,True,360,4500
4502,True,361,4501
4503,True,361,4502
4504,True,361,4503
4505,True,361,4504
4506,False,361,4505
4507,False,361,4506
4508,True,361,4507
4509,True,361,4508
4510,False,361,4509
4511,False,361,4510
4512,False,362,4511
4513,True,362,4512
4514,True,362,4513
4515,True,362,4514
4516,True,362,4515
4517,False,362,4516
4518,True,362,4517
4519,True,362,4518
4520,False,362,4519
4521,False,362,4520
4522,True,362,4521
4523,True,362,4522
4524,True,363,4523
4525,True,363,4524
4526,True,363,4525
4527,True,363,4526
4528,True,363,4527
4529,True,363,4528
4530,False,363,4529
4531,True,363,4530
4532,False,363,4531
4533,True,363,4532
4534,True,363,4533
4535,False,363,4534
4536,True,363,4535
4537,True,363,4536
4538,True,364,4537
4539,True,364,4538
4540,True,364,4539
4541,True,364,4540
4542,False,364,4541
4543,True,364,4542
4544,True,364,4543
4545,True,364,4544
4546,False,364,4545
4547,True,364,4546
4548,False,364,4547
4549,False,364,4548
4550,True,364,4549
4551,False,364,4550
4552,True,365,4551
4553,True,365,4552
4554,True,365,4553
4555,False,365,4554
4556,True,365,4555
4557,False,365,4556
4558,False,365,4557
4559,True,365,4558
4560,False,365,4559
4561,True,365,4560
4562,False,365,4561
4563,False,366,4562
4564,True,366,4563
4565,True,366,4564
4566,True,366,4565
4567,False,366,4566
4568,True,366,4567
4569,False,366,4568
4570,True,366,4569
4571,False,366,4570
4572,True,366,4571
4573,False,366,4572
4574,False,366,4573
4575,False,367,4574
4576,True,367,4575
4577,True,367,4576
4578,True,367,4577
4579,True,367,4578
4580,True,367,4579
4581,True,367,4580
4582,True,367,4581
4583,True,367,4582
4584,False,367,4583
4585,True,367,4584
4586,True,367,4585
4587,False,367,4586
4588,False,367,4587
4589,True,368,4588
4590,True,368,4589
4591,False,368,4590
4592,True,368,4591
4593,False,368,4592
4594,True,368,4593
4595,True,368,4594
4596,True,368,4595
4597,True,368,4596
4598,False,368,4597
4599,True,368,4598
4600,True,368,4599
4601,False,369,4600
4602,False,369,4601
4603,True,369,4602
4604,True,369,4603
4605,False,369,4604
4606,True,369,4605
4607,False,369,4606
4608,True,369,4607
4609,True,369,4608
4610,False,369,4609
4611,False,369,4610
4612,True,370,4611
4613,False,370,4612
4614,True,370,4613
4615,False,370,4614
4616,True,370,4615
4617,False,370,4616
4618,False,370,4617
4619,True,370,4618
4620,True,370,4619
4621,True,370,4620
4622,False,370,4621
4623,True,371,4622
4624,False,371,4623
4625,True,371,4624
4626,True,371,4625
4627,True,371,4626
4628,True,371,4627
4629,True,371,4628
4630,False,371,4629
4631,True,371,4630
4632,True,371,4631
4633,True,372,4632
4634,True,372,4633
4635,False,372,4634
4636,False,372,4635
4637,True,372,4636
4638,True,372,4637
4639,True,372,4638
4640,True,372,4639
4641,True,372,4640
4642,True,372,4641
4643,True,372,4642
4644,True,372,4643
4645,True,373,4644
4646,False,373,4645
4647,True,373,4646
4648,True,373,4647
4649,True,373,4648
4650,True,373,4649
4651,True,373,4650
4652,False,373,4651
4653,True,373,4652
4654,False,373,4653
4655,True,373,4654
4656,False,373,4655
4657,True,373,4656
4658,False,373,4657
4659,False,374,4658
4660,True,374,4659
4661,False,374,4660
4662,False,374,4661
4663,True,374,4662
4664,True,374,4663
4665,True,374,4664
4666,True,374,4665
4667,True,374,4666
4668,False,374,4667
4669,True,374,4668
4670,False,374,4669
4671,True,375,4670
4672,True,375,4671
4673,False,375,4672
4674,True,375,4673
4675,True,375,4674
4676,True,375,4675
4677,False,375,4676
4678,False,375,4677
4679,False,375,4678
4680,True,375,4679
4681,False,375,4680
4682,True,376,4681
4683,True,376,4682
4684,True,376,4683
4685,True,376,4684
4686,False,376,4685
4687,True,376,4686
4688,True,376,4687
4689,False,376,4688
4690,False,376,4689
4691,False,376,4690
4692,False,376,4691
4693,True,376,4692
4694,False,376,4693
4695,False,376,4694
4696,True,377,4695
4697,False,377,4696
4698,True,377,4697
4699,True,377,4698
4700,False,377,4699
4701,True,377,4700
4702,True,377,4701
4703,True,377,4702
4704,True,377,4703
4705,True,377,4704
4706,True,377,4705
4707,True,377,4706
4708,True,377,4707
4709,True,377,4708
4710,True,377,4709
4711,True,378,4710
4712,True,378,4711
4713,True,378,4712
4714,True,378,4713
4715,False,378,4714
4716,True,378,4715
4717,False,378,4716
4718,True,378,4717
4719,False,378,4718
4720,True,378,4719
4721,True,378,4720
4722,True,378,4721
4723,False,378,4722
4724,True,378,4723
4725,True,378,4724
4726,False,379,4725
4727,False,379,4726
4728,True,379,4727
4729,True,379,4728
4730,False,379,4729
4731,True,379,4730
4732,True,379,4731
4733,True,379,4732
4734,False,379,4733
4735,True,379,4734
4736,False,380,4735
4737,True,380,4736
4738,False,380,4737
4739,False,380,4738
4740,False,380,4739
4741,True,380,4740
4742,True,380,4741
4743,True,380,4742
4744,True,380,4743
4745,False,380,4744
4746,True,380,4745
4747,True,380,4746
4748,False,381,4747
4749,True,381,4748
4750,False,381,4749
4751,False,381,4750
4752,True,381,4751
4753,True,381,4752
4754,True,381,4753
4755,True,381,4754
4756,True,381,4755
4757,False,381,4756
4758,False,382,4757
4759,True,382,4758
4760,True,382,4759
4761,True,382,4760
4762,False,382,4761
4763,True,382,4762
4764,False,382,4763
4765,True,382,4764
4766,False,382,4765
4767,True,382,4766
4768,True,382,4767
4769,True,383,4768
4770,False,383,4769
4771,True,383,4770
4772,True,383,4771
4773,True,383,4772
4774,False,383,4773
4775,True,383,4774
4776,True,383,4775
4777,True,383,4776
4778,True,383,4777
4779,False,383,4778
4780,True,383,4779
4781,True,383,4780
4782,False,383,4781
4783,False,384,4782
4784,True,384,4783
4785,False,384,4784
4786,False,384,4785
4787,True,384,4786
4788,True,384,4787
4789,False,384,4788
4790,False,384,4789
4791,False,384,4790
4792,True,384,4791
4793,True,384,4792
4794,False,385,4793
4795,False,385,4794
4796,True,385,4795
4797,True,385,4796
4798,False,385,4797
4799,False,385,4798
4800,False,385,4799
4801,True,385,4800
4802,True,385,4801
4803,True,385,4802
4804,True,385,4803
4805,True,385,4804
4806,False,386,4805
4807,True,386,4806
4808,True,386,4807
4809,True,386,4808
4810,True,386,4809
4811,True,386,4810
4812,False,386,4811
4813,True,386,4812
4814,True,386,4813
4815,True,386,4814
4816,False,386,4815
4817,True,386,4816
4818,True,386,4817
4819,True,386,4818
4820,True,386,4819
4821,False,387,4820
4822,True,387,4821
4823,True,387,4822
4824,True,387,4823
4825,False,387,4824
4826,True,387,4825
4827,True,387,4826
4828,True,387,4827
4829,False,387,4828
4830,False,387,4829
4831,True,387,4830
4832,True,387,4831
4833,True,387,4832
4834,True,387,4833
4835,False,388,4834
4836,True,388,4835
4837,True,388,4836
4838,False,388,4837
4839,False,388,4838
4840,False,388,4839
4841,True,388,4840
4842,True,388,4841
4843,True,388,4842
4844,False,388,4843
4845,True,388,4844
4846,True,388,4845
4847,True,388,4846
4848,False,388,4847
4849,False,388,4848
4850,False,389,4849
4851,True,389,4850
4852,False,389,4851
4853,False,389,4852
4854,False,389,4853
4855,True,389,4854
4856,True,389,4855
4857,True,389,4856
4858,False,389,4857
4859,True,389,4858
4860,True,389,4859
4861,True,389,4860
4862,False,389,4861
4863,True,390,4862
4864,False,390,4863
4865,True,390,4864
4866,True,390,4865
4867,False,390,4866
4868,False,390,4867
4869,True,390,4868
4870,True,390,4869
4871,True,390,4870
4872,True,390,4871
4873,True,390,4872
4874,True,390,4873
4875,True,390,4874
4876,True,390,4875
4877,False,390,4876
4878,True,391,4877
4879,True,391,4878
4880,True,391,4879
4881,True,391,4880
4882,True,391,4881
4883,True,391,4882
4884,True,391,4883
4885,True,391,4884
4886,False,391,4885
4887,True,391,4886
4888,True,391,4887
4889,True,391,4888
4890,True,391,4889
4891,True,391,4890
4892,False,392,4891
4893,True,392,4892
4894,False,392,4893
4895,True,392,4894
4896,True,392,4895
4897,False,392,4896
4898,False,392,4897
4899,True,392,4898
4900,False,392,4899
4901,True,392,4900
4902,True,392,4901
4903,False,392,4902
4904,True,392,4903
4905,False,392,4904
4906,False,392,4905
4907,True,393,4906
4908,True,393,4907
4909,True,393,4908
4910,False,393,4909
4911,False,393,4910
4912,True,393,4911
4913,True,393,4912
4914,False,393,4913
4915,True,393,4914
4916,True,393,4915
4917,True,393,4916
4918,False,393,4917
4919,False,393,4918
4920,True,393,4919
4921,True,394,4920
4922,True,394,4921
4923,True,394,4922
4924,True,394,4923
4925,True,394,4924
4926,True,394,4925
4927,False,394,4926
4928,True,394,4927
4929,True,394,4928
4930,True,394,4929
4931,False,394,4930
4932,True,394,4931
4933,True,394,4932
4934,True,394,4933
4935,False,395,4934
4936,True,395,4935
4937,True,395,4936
4938,True,395,4937
4939,True,395,4938
4940,True,395,4939
4941,False,395,4940
4942,True,395,4941
4943,False,395,4942
4944,True,395,4943
4945,True,395,4944
4946,True,395,4945
4947,False,395,4946
4948,True,395,4947
4949,True,395,4948
4950,True,396,4949
4951,True,396,4950
4952,False,396,4951
4953,True,396,4952
4954,True,396,4953
4955,False,396,4954
4956,True,396,4955
4957,True,396,4956
4958,True,396,4957
4959,False,396,4958
4960,False,397,4959
4961,True,397,4960
4962,False,397,4961
4963,True,397,4962
4964,True,397,4963
4965,True,397,4964
4966,True,397,4965
4967,True,397,4966
4968,False,397,4967
4969,True,397,4968
4970,True,398,4969
4971,True,398,4970
4972,False,398,4971
4973,True,398,4972
4974,False,398,4973
4975,True,398,4974
4976,True,398,4975
4977,False,398,4976
4978,False,398,4977
4979,True,398,4978
4980,False,398,4979
4981,True,398,4980
4982,True,398,4981
4983,True,398,4982
4984,False,399,4983
4985,True,399,4984
4986,True,399,4985
4987,True,399,4986
4988,False,399,4987
4989,False,399,4988
4990,True,399,4989
4991,False,399,4990
4992,True,399,4991
4993,True,399,4992
4994,True,399,4993
4995,True,400,4994
4996,True,400,4995
4997,False,400,4996
4998,True,400,4997
4999,True,400,4998
5000,True,400,4999
5001,False,400,5000
5002,True,400,5001
5003,False,400,5002
5004,True,400,5003
5005,True,401,5004
5006,True,401,5005
5007,True,401,5006
5008,True,401,5007
5009,True,401,5008
5010,True,401,5009
5011,False,401,5010
5012,True,401,5011
5013,True,401,5012
5014,True,401,5013
5015,True,401,5014
5016,True,401,5015
5017,False,402,5016
5018,True,402,5017
5019,False,402,5018
5020,False,402,5019
5021,True,402,5020
5022,True,402,5021
5023,False,402,5022
5024,True,402,5023
5025,False,402,5024
5026,True,402,5025
5027,True,403,5026
5028,True,403,5027
5029,True,403,5028
5030,True,403,5029
5031,True,403,5030
5032,False,403,5031
5033,True,403,5032
5034,True,403,5033
5035,False,403,5034
5036,False,403,5035
5037,True,403,5036
5038,True,404,5037
5039,False,404,5038
5040,True,404,5039
5041,False,404,5040
5042,False,404,5041
5043,False,404,5042
5044,True,404,5043
5045,True,404,5044
5046,True,404,5045
5047,False,404,5046
5048,True,405,5047
5049,True,405,5048
5050,False,405,5049
5051,True,405,5050
5052,True,405,5051
5053,False,405,5052
5054,True,405,5053
5055,True,405,5054
5056,False,405,5055
5057,True,405,5056
5058,True,405,5057
5059,True,405,5058
5060,True,405,5059
5061,False,405,5060
5062,True,405,5061
5063,False,406,5062
5064,True,406,5063
5065,True,406,5064
5066,True,406,5065
5067,False,406,5066
5068,True,406,5067
5069,True,406,5068
5070,True,406,5069
5071,False,406,5070
5072,True,406,5071
5073,True,406,5072
5074,True,406,5073
5075,True,406,5074
5076,True,407,5075
5077,False,407,5076
5078,True,407,5077
5079,True,407,5078
5080,True,407,5079
5081,True,407,5080
5082,False,407,5081
5083,True,407,5082
5084,False,407,5083
5085,False,407,5084
5086,True,407,5085
5087,True,407,5086
5088,False,408,5087
5089,True,408,5088
5090,True,408,5089
5091,True,408,5090
5092,True,408,5091
5093,True,408,5092
5094,True,408,5093
5095,True,408,5094
5096,False,408,5095
5097,True,408,5096
5098,True,408,5097
5099,True,408,5098
5100,False,408,5099
5101,False,409,5100
5102,True,409,5101
5103,True,409,5102
5104,True,409,5103
5105,True,409,5104
5106,True,409,5105
5107,True,409,5106
5108,True,409,5107
5109,True,409,5108
5110,True,409,5109
5111,True,409,5110
5112,False,410,5111
5113,False,410,5112
5114,False,410,5113
5115,True,410,5114
5116,True,410,5115
5117,False,410,5116
5118,True,410,5117
5119,True,410,5118
5120,True,410,5119
5121,True,410,5120
5122,True,411,5121
5123,True,411,5122
5124,True,411,5123
5125,True,411,5124
5126,False,411,5125
5127,True,411,5126
5128,False,411,5127
5129,True,411,5128
5130,False,411,5129
5131,False,411,5130
5132,True,411,5131
5133,False,412,5132
5134,False,412,5133
5135,True,412,5134
5136,False,412,5135
5137,True,412,5136
5138,True,412,5137
5139,True,412,5138
5140,False,412,5139
5141,True,412,5140
5142,True,412,5141
5143,True,412,5142
5144,True,412,5143
5145,True,413,5144
5146,True,413,5145
5147,True,413,5146
5148,True,413,5147
5149,False,413,5148
5150,True,413,5149
5151,True,413,5150
5152,True,413,5151
5153,False,413,5152
5154,True,413,5153
5155,True,413,5154
5156,True,413,5155
5157,True,413,5156
5158,True,413,5157
5159,True,414,5158
5160,True,414,5159
5161,False,414,5160
5162,True,414,5161
5163,True,414,5162
5164,True,414,5163
5165,True,414,5164
5166,True,414,5165
5167,True,414,5166
5168,True,414,5167
5169,True,414,5168
5170,True,414,5169
5171,False,415,5170
5172,False,415,5171
5173,True,415,5172
5174,False,415,5173
5175,True,415,5174
5176,False,415,5175
5177,True,415,5176
5178,True,415,5177
5179,False,415,5178
5180,True,415,5179
5181,True,415,5180
5182,True,415,5181
5183,False,415,5182
5184,True,415,5183
5185,True,416,5184
5186,True,416,5185
5187,False,416,5186
5188,True,416,5187
5189,True,416,5188
5190,True,416,5189
5191,True,416,5190
5192,True,416,5191
5193,True,416,5192
5194,False,416,5193
5195,False,416,5194
5196,True,416,5195
5197,False,416,5196
5198,True,416,5197
5199,True,417,5198
5200,True,417,5199
5201,True,417,5200
5202,True,417,5201
5203,True,417,5202
5204,False,417,5203
5205,True,417,5204
5206,False,417,5205
5207,False,417,5206
5208,True,417,5207
5209,True,417,5208
5210,True,417,5209
5211,True,417,5210
5212,True,417,5211
5213,True,417,5212
5214,False,418,5213
5215,False,418,5214
5216,False,418,5215
5217,True,418,5216
5218,True,418,5217
5219,True,418,5218
5220,True,418,5219
5221,True,418,5220
5222,False,418,5221
5223,True,418,5222
5224,False,418,5223
5225,False,418,5224
5226,True,419,5225
5227,True,419,5226
5228,True,419,5227
5229,True,419,5228
5230,False,419,5229
5231,True,419,5230
5232,True,419,5231
5233,True,419,5232
5234,True,419,5233
5235,True,419,5234
5236,True,420,5235
5237,True,420,5236
5238,False,420,5237
5239,True,420,5238
5240,True,420,5239
5241,False,420,5240
5242,False,420,5241
5243,True,420,5242
5244,True,420,5243
5245,True,420,5244
5246,False,420,5245
5247,True,420,5246
5248,False,421,5247
5249,False,421,5248
5250,True,421,5249
5251,True,421,5250
5252,True,421,5251
5253,True,421,5252
5254,False,421,5253
5255,True,421,5254
5256,False,421,5255
5257,True,421,5256
5258,True,421,5257
5259,True,422,5258
5260,False,422,5259
5261,True,422,5260
5262,False,422,5261
5263,True,422,5262
5264,False,422,5263
5265,False,422,5264
5266,False,422,5265
5267,True,422,5266
5268,True,422,5267
5269,False,422,5268
5270,True,422,5269
5271,True,422,5270
5272,False,422,5271
5273,True,422,5272
5274,True,423,5273
5275,False,423,5274
5276,False,423,5275
5277,True,423,5276
5278,True,423,5277
5279,True,423,5278
5280,True,423,5279
5281,True,423,5280
5282,True,423,5281
5283,True,423,5282
5284,True,423,5283
5285,False,423,5284
5286,True,423,5285
5287,False,423,5286
5288,False,424,5287
5289,False,424,5288
5290,True,424,5289
5291,True,424,5290
5292,False,424,5291
5293,True,424,5292
5294,True,424,5293
5295,False,424,5294
5296,False,424,5295
5297,True,424,5296
5298,True,424,5297
5299,False,424,5298
5300,False,425,5299
5301,True,425,5300
5302,True,425,5301
5303,True,425,5302
5304,True,425,5303
5305,True,425,5304
5306,True,425,5305
5307,True,425,5306
5308,True,425,5307
5309,False,425,5308
5310,False,426,5309
5311,True,426,5310
5312,False,426,5311
5313,True,426,5312
5314,False,426,5313
5315,True,426,5314
5316,True,426,5315
5317,False,426,5316
5318,True,426,5317
5319,False,426,5318
5320,False,426,5319
5321,True,426,5320
5322,True,426,5321
5323,True,426,5322
5324,True,427,5323
5325,False,427,5324
5326,True,427,5325
5327,False,427,5326
5328,True,427,5327
5329,True,427,5328
5330,True,427,5329
5331,True,427,5330
5332,True,427,5331
5333,True,427,5332
5334,True,427,5333
5335,False,427,5334
5336,False,427,5335
5337,True,427,5336
5338,True,427,5337
5339,False,428,5338
5340,True,428,5339
5341,True,428,5340
5342,False,428,5341
5343,True,428,5342
5344,False,428,5343
5345,False,428,5344
5346,True,428,5345
5347,False,428,5346
5348,True,428,5347
5349,True,428,5348
5350,True,428,5349
5351,True,428,5350
5352,False,428,5351
5353,True,429,5352
5354,True,429,5353
5355,False,429,5354
5356,False,429,5355
5357,False,429,5356
5358,False,429,5357
5359,False,429,5358
5360,True,429,5359
5361,True,429,5360
5362,True,429,5361
5363,True,429,5362
5364,True,429,5363
5365,False,429,5364
5366,True,430,5365
5367,True,430,5366
5368,False,430,5367
5369,False,430,5368
5370,True,430,5369
5371,False,430,5370
5372,True,430,5371
5373,True,430,5372
5374,False,430,5373
5375,True,430,5374
5376,False,430,5375
5377,False,430,5376
5378,True,430,5377
5379,True,430,5378
5380,True,430,5379
5381,True,431,5380
5382,True,431,5381
5383,False,431,5382
5384,True,431,5383
5385,False,431,5384
5386,True,431,5385
5387,True,431,5386
5388,True,431,5387
5389,False,431,5388
5390,True,431,5389
5391,True,431,5390
5392,False,431,5391
5393,True,431,5392
5394,True,431,5393
5395,True,431,5394
5396,True,432,5395
5397,False,432,5396
5398,True,432,5397
5399,True,432,5398
5400,True,432,5399
5401,True,432,5400
5402,True,432,5401
5403,False,432,5402
5404,True,432,5403
5405,False,432,5404
5406,True,432,5405
5407,True,432,5406
5408,True,432,5407
5409,False,432,5408
5410,False,432,5409
5411,False,433,5410
5412,True,433,5411
5413,True,433,5412
5414,True,433,5413
5415,True,433,5414
5416,False,433,5415
5417,True,433,5416
5418,False,433,5417
5419,True,433,5418
5420,True,433,5419
5421,True,433,5420
5422,True,433,5421
5423,True,433,5422
5424,False,433,5423
5425,True,434,5424
5426,True,434,5425
5427,False,434,5426
5428,True,434,5427
5429,True,434,5428
5430,True,434,5429
5431,True,434,5430
5432,True,434,5431
5433,False,434,5432
5434,False,434,5433
5435,True,434,5434
5436,False,434,5435
5437,True,434,5436
5438,True,434,5437
5439,False,434,5438
5440,True,435,5439
5441,True,435,5440
5442,True,435,5441
5443,False,435,5442
5444,True,435,5443
5445,True,435,5444
5446,False,435,5445
5447,True,435,5446
5448,True,435,5447
5449,True,435,5448
5450,True,436,5449
5451,False,436,5450
5452,True,436,5451
5453,False,436,5452
5454,False,436,5453
5455,True,436,5454
5456,True,436,5455
5457,True,436,5456
5458,True,436,5457
5459,True,436,5458
5460,True,437,5459
5461,False,437,5460
5462,True,437,5461
5463,True,437,5462
5464,True,437,5463
5465,True,437,5464
5466,True,437,5465
5467,True,437,5466
5468,True,437,5467
5469,False,437,5468
5470,True,437,5469
5471,True,437,5470
5472,True,437,5471
5473,True,437,5472
5474,False,438,5473
5475,False,438,5474
5476,True,438,5475
5477,False,438,5476
5478,False,438,5477
5479,True,438,5478
5480,True,438,5479
5481,True,438,5480
5482,True,438,5481
5483,False,438,5482
5484,True,439,5483
5485,True,439,5484
5486,True,439,5485
5487,True,439,5486
5488,True,439,5487
5489,True,439,5488
5490,False,439,5489
5491,True,439,5490
5492,False,439,5491
5493,True,439,5492
5494,False,439,5493
5495,False,439,5494
5496,False,440,5495
5497,True,440,5496
5498,False,440,5497
5499,True,440,5498
5500,True,440,5499
5501,False,440,5500
5502,True,440,5501
5503,False,440,5502
5504,False,440,5503
5505,True,440,5504
5506,False,441,5505
5507,False,441,5506
5508,True,441,5507
5509,True,441,5508
5510,True,441,5509
5511,True,441,5510
5512,True,441,5511
5513,True,441,5512
5514,True,441,5513
5515,True,441,5514
5516,False,442,5515
5517,True,442,5516
5518,True,442,5517
5519,False,442,5518
5520,True,442,5519
5521,True,442,5520
5522,False,442,5521
5523,True,442,5522
5524,False,442,5523
5525,True,442,5524
5526,True,442,5525
5527,True,442,5526
5528,True,442,5527
5529,True,442,5528
5530,True,443,5529
5531,True,443,5530
5532,True,443,5531
5533,True,443,5532
5534,True,443,5533
5535,True,443,5534
5536,True,443,5535
5537,False,443,5536
5538,True,443,5537
5539,False,443,5538
5540,True,444,5539
5541,False,444,5540
5542,True,444,5541
5543,False,444,5542
5544,False,444,5543
5545,True,444,5544
5546,True,444,5545
5547,True,444,5546
5548,False,444,5547
5549,True,444,5548
5550,True,445,5549
5551,False,445,5550
5552,True,445,5551
5553,False,445,5552
5554,False,445,5553
5555,False,445,5554
5556,True,445,5555
5557,False,445,5556
5558,False,445,5557
5559,False,445,5558
5560,False,445,5559
5561,False,445,5560
5562,True,445,5561
5563,True,445,5562
5564,False,446,5563
5565,False,446,5564
5566,True,446,5565
5567,True,446,5566
5568,False,446,5567
5569,True,446,5568
5570,False,446,5569
5571,True,446,5570
5572,True,446,5571
5573,True,446,5572
5574,True,447,5573
5575,True,447,5574
5576,False,447,5575
5577,True,447,5576
5578,True,447,5577
5579,False,447,5578
5580,True,447,5579
5581,False,447,5580
5582,False,447,5581
5583,True,447,5582
5584,True,447,5583
5585,True,447,5584
5586,True,447,5585
5587,True,447,5586
5588,True,448,5587
5589,False,448,5588
5590,True,448,5589
5591,True,448,5590
5592,True,448,5591
5593,True,448,5592
5594,True,448,5593
5595,True,448,5594
5596,True,448,5595
5597,True,448,5596
5598,True,448,5597
5599,False,449,5598
5600,False,449,5599
5601,False,449,5600
5602,False,449,5601
5603,False,449,5602
5604,True,449,5603
5605,True,449,5604
5606,False,449,5605
5607,True,449,5606
5608,True,449,5607
5609,False,449,5608
5610,True,449,5609
5611,False,449,5610
5612,False,450,5611
5613,True,450,5612
5614,True,450,5613
5615,True,450,5614
5616,False,450,5615
5617,True,450,5616
5618,True,450,5617
5619,False,450,5618
5620,True,450,5619
5621,False,450,5620
5622,False,451,5621
5623,True,451,5622
5624,True,451,5623
5625,True,451,5624
5626,True,451,5625
5627,False,451,5626
5628,True,451,5627
5629,True,451,5628
5630,False,451,5629
5631,True,451,5630
5632,False,451,5631
5633,True,451,5632
5634,True,451,5633
5635,False,452,5634
5636,True,452,5635
5637,True,452,5636
5638,True,452,5637
5639,True,452,5638
5640,True,452,5639
5641,True,452,5640
5642,True,452,5641
5643,True,452,5642
5644,True,452,5643
5645,True,452,5644
5646,True,452,5645
5647,True,453,5646
5648,True,453,5647
5649,True,453,5648
5650,True,453,5649
5651,False,453,5650
5652,True,453,5651
5653,True,453,5652
5654,True,453,5653
5655,True,453,5654
5656,False,453,5655
5657,True,453,5656
5658,True,453,5657
5659,False,453,5658
5660,True,454,5659
5661,True,454,5660
5662,False,454,5661
5663,True,454,5662
5664,True,454,5663
5665,True,454,5664
5666,True,454,5665
5667,False,454,5666
5668,True,454,5667
5669,True,454,5668
5670,True,454,5669
5671,True,454,5670
5672,True,454,5671
5673,True,454,5672
5674,True,455,5673
5675,False,455,5674
5676,True,455,5675
5677,True,455,5676
5678,False,455,5677
5679,True,455,5678
5680,True,455,5679
5681,False,455,5680
5682,False,455,5681
5683,True,455,5682
5684,True,455,5683
5685,True,455,5684
5686,True,455,5685
5687,True,456,5686
5688,False,456,5687
5689,True,456,5688
5690,True,456,5689
5691,True,456,5690
5692,True,456,5691
5693,True,456,5692
5694,False,456,5693
5695,False,456,5694
5696,False,456,5695
5697,True,456,5696
5698,True,457,5697
5699,True,457,5698
5700,False,457,5699
5701,False,457,5700
5702,True,457,5701
5703,True,457,5702
5704,False,457,5703
5705,True,457,5704
5706,True,457,5705
5707,False,457,5706
5708,True,457,5707
5709,True,457,5708
5710,True,457,5709
5711,True,457,5710
5712,False,457,5711
5713,True,458,5712
5714,True,458,5713
5715,True,458,5714
5716,True,458,5715
5717,True,458,5716
5718,True,458,5717
5719,True,458,5718
5720,True,458,5719
5721,True,458,5720
5722,True,458,5721
5723,True,458,5722
5724,True,458,5723
5725,True,458,5724
5726,True,458,5725
5727,True,459,5726
5728,True,459,5727
5729,False,459,5728
5730,True,459,5729
5731,True,459,5730
5732,True,459,5731
5733,False,459,5732
5734,True,459,5733
5735,True,459,5734
5736,True,459,5735
5737,False,460,5736
5738,False,460,5737
5739,False,460,5738
5740,True,460,5739
5741,True,460,5740
5742,True,460,5741
5743,False,460,5742
5744,True,460,5743
5745,True,460,5744
5746,True,460,5745
5747,True,460,5746
5748,True,460,5747
5749,True,460,5748
5750,False,460,5749
5751,True,460,5750
5752,True,461,5751
5753,True,461,5752
5754,True,461,5753
5755,True,461,5754
5756,True,461,5755
5757,True,461,5756
5758,False,461,5757
5759,False,461,5758
5760,True,461,5759
5761,True,461,5760
5762,True,461,5761
5763,False,461,5762
5764,False,461,5763
5765,True,461,5764
5766,True,462,5765
5767,True,462,5766
5768,True,462,5767
5769,True,462,5768
5770,False,462,5769
5771,True,462,5770
5772,False,462,5771
5773,True,462,5772
5774,False,462,5773
5775,False,462,5774
5776,True,463,5775
5777,True,463,5776
5778,True,463,5777
5779,True,463,5778
5780,True,463,5779
5781,False,463,5780
5782,True,463,5781
5783,True,463,5782
5784,True,463,5783
5785,True,463,5784
5786,True,463,5785
5787,True,463,5786
5788,True,464,5787
5789,True,464,5788
5790,True,464,5789
5791,True,464,5790
5792,True,464,5791
5793,True,464,5792
5794,True,464,5793
5795,True,464,5794
5796,True,464,5795
5797,True,464,5796
5798,True,464,5797
5799,True,464,5798
5800,True,464,5799
5801,True,464,5800
5802,False,464,5801
5803,True,465,5802
5804,True,465,5803
5805,False,465,5804
5806,True,465,5805
5807,True,465,5806
5808,False,465,5807
5809,False,465,5808
5810,True,465,5809
5811,True,465,5810
5812,True,465,5811
5813,True,465,5812
5814,False,465,5813
5815,False,465,5814
5816,False,466,5815
5817,True,466,5816
5818,True,466,5817
5819,False,466,5818
5820,False,466,5819
5821,True,466,5820
5822,False,466,5821
5823,False,466,5822
5824,True,466,5823
5825,False,466,5824
5826,True,466,5825
5827,True,466,5826
5828,False,467,5827
5829,True,467,5828
5830,True,467,5829
5831,True,467,5830
5832,True,467,5831
5833,True,467,5832
5834,True,467,5833
5835,False,467,5834
5836,True,467,5835
5837,False,467,5836
5838,False,467,5837
5839,False,467,5838
5840,False,467,5839
5841,False,467,5840
5842,False,468,5841
5843,True,468,5842
5844,True,468,5843
5845,True,468,5844
5846,True,468,5845
5847,False,468,5846
5848,True,468,5847
5849,False,468,5848
5850,False,468,5849
5851,True,468,5850
5852,True,468,5851
5853,True,469,5852
5854,True,469,5853
5855,True,469,5854
5856,True,469,5855
5857,False,469,5856
5858,True,469,5857
5859,True,469,5858
5860,True,469,5859
5861,True,469,5860
5862,True,469,5861
5863,False,469,5862
5864,False,469,5863
5865,True,469,5864
5866,True,469,5865
5867,True,470,5866
5868,True,470,5867
5869,True,470,5868
5870,False,470,5869
5871,True,470,5870
5872,True,470,5871
5873,True,470,5872
5874,False,470,5873
5875,True,470,5874
5876,True,470,5875
5877,False,471,5876
5878,True,471,5877
5879,False,471,5878
5880,True,471,5879
5881,False,471,5880
5882,True,471,5881
5883,True,471,5882
5884,True,471,5883
5885,True,471,5884
5886,True,471,5885
5887,True,471,5886
5888,True,471,5887
5889,False,471,5888
5890,False,472,5889
5891,True,472,5890
5892,False,472,5891
5893,True,472,5892
5894,True,472,5893
5895,True,472,5894
5896,True,472,5895
5897,True,472,5896
5898,True,472,5897
5899,False,472,5898
5900,True,472,5899
5901,False,472,5900
5902,False,472,5901
5903,True,472,5902
5904,False,473,5903
5905,False,473,5904
5906,True,473,5905
5907,True,473,5906
5908,True,473,5907
5909,True,473,5908
5910,True,473,5909
5911,True,473,5910
5912,True,473,5911
5913,False,473,5912
5914,False,473,5913
5915,True,473,5914
5916,False,473,5915
5917,False,473,5916
5918,True,473,5917
5919,True,474,5918
5920,False,474,5919
5921,True,474,5920
5922,True,474,5921
5923,True,474,5922
5924,False,474,5923
5925,False,474,5924
5926,False,474,5925
5927,True,474,5926
5928,True,474,5927
5929,True,474,5928
5930,True,474,5929
5931,True,475,5930
5932,True,475,5931
5933,True,475,5932
5934,True,475,5933
5935,False,475,5934
5936,True,475,5935
5937,True,475,5936
5938,True,475,5937
5939,True,475,5938
5940,True,475,5939
5941,True,475,5940
5942,True,475,5941
5943,False,475,5942
5944,True,475,5943
5945,False,476,5944
5946,True,476,5945
5947,True,476,5946
5948,False,476,5947
5949,False,476,5948
5950,True,476,5949
5951,True,476,5950
5952,True,476,5951
5953,True,476,5952
5954,True,476,5953
5955,True,477,5954
5956,True,477,5955
5957,False,477,5956
5958,True,477,5957
5959,True,477,5958
5960,True,477,5959
5961,True,477,5960
5962,True,477,5961
5963,True,477,5962
5964,False,477,5963
5965,True,477,5964
5966,True,478,5965
5967,True,478,5966
5968,False,478,5967
5969,True,478,5968
5970,True,478,5969
5971,False,478,5970
5972,True,478,5971
5973,True,478,5972
5974,False,478,5973
5975,True,478,5974
5976,True,478,5975
5977,True,478,5976
5978,True,478,5977
5979,True,479,5978
5980,True,479,5979
5981,True,479,5980
5982,False,479,5981
5983,True,479,5982
5984,False,479,5983
5985,True,479,5984
5986,False,479,5985
5987,True,479,5986
5988,True,479,5987
5989,True,479,5988
5990,False,479,5989
5991,False,479,5990
5992,False,480,5991
5993,True,480,5992
5994,False,480,5993
5995,False,480,5994
5996,False,480,5995
5997,True,480,5996
5998,True,480,5997
5999,True,480,5998
6000,True,480,5999
6001,False,480,6000
6002,True,480,6001
6003,True,480,6002
6004,False,480,6003
6005,True,481,6004
6006,True,481,6005
6007,False,481,6006
6008,True,481,6007
6009,True,481,6008
6010,True,481,6009
6011,True,481,6010
6012,False,481,6011
6013,True,481,6012
6014,True,481,6013
6015,False,481,6014
6016,True,481,6015
6017,True,481,6016
6018,False,481,6017
6019,True,481,6018
6020,False,482,6019
6021,True,482,6020
6022,False,482,6021
6023,False,482,6022
6024,False,482,6023
6025,False,482,6024
6026,True,482,6025
6027,False,482,6026
6028,True,482,6027
6029,False,482,6028
6030,True,482,6029
6031,True,483,6030
6032,True,483,6031
6033,True,483,6032
6034,True,483,6033
6035,True,483,6034
6036,True,483,6035
6037,True,483,6036
6038,True,483,6037
6039,False,483,6038
6040,False,483,6039
6041,True,483,6040
6042,True,483,6041
6043,True,483,6042
6044,True,484,6043
6045,True,484,6044
6046,False,484,6045
6047,True,484,6046
6048,False,484,6047
6049,True,484,6048
6050,False,484,6049
6051,False,484,6050
6052,True,484,6051
6053,True,484,6052
6054,True,484,6053
6055,False,484,6054
6056,False,484,6055
6057,True,484,6056
6058,True,484,6057
6059,True,485,6058
6060,True,485,6059
6061,True,485,6060
6062,False,485,6061
6063,True,485,6062
6064,True,485,6063
6065,False,485,6064
6066,True,485,6065
6067,False,485,6066
6068,True,485,6067
6069,False,485,6068
6070,True,485,6069
6071,True,485,6070
6072,True,486,6071
6073,True,486,6072
6074,True,486,6073
6075,True,486,6074
6076,True,486,6075
6077,True,486,6076
6078,True,486,6077
6079,False,486,6078
6080,True,486,6079
6081,True,486,6080
6082,True,486,6081
6083,True,486,6082
6084,False,486,6083
6085,True,487,6084
6086,True,487,6085
6087,True,487,6086
6088,False,487,6087
6089,True,487,6088
6090,False,487,6089
6091,True,487,6090
6092,True,487,6091
6093,True,487,6092
6094,False,487,6093
6095,True,488,6094
6096,True,488,6095
6097,True,488,6096
6098,False,488,6097
6099,True,488,6098
6100,False,488,6099
6101,True,488,6100
6102,False,488,6101
6103,False,488,6102
6104,True,488,6103
6105,True,488,6104
6106,True,489,6105
6107,True,489,6106
6108,True,489,6107
6109,False,489,6108
6110,True,489,6109
6111,True,489,6110
6112,False,489,6111
6113,False,489,6112
6114,True,489,6113
6115,True,489,6114
6116,False,489,6115
6117,True,489,6116
6118,True,489,6117
6119,True,489,6118
6120,True,490,6119
6121,True,490,6120
6122,True,490,6121
6123,True,490,6122
6124,True,490,6123
6125,True,490,6124
6126,True,490,6125
6127,True,490,6126
6128,False,490,6127
6129,True,490,6128
6130,True,490,6129
6131,True,490,6130
6132,True,490,6131
6133,True,490,6132
6134,True,490,6133
6135,True,491,6134
6136,False,491,6135
6137,True,491,6136
6138,True,491,6137
6139,True,491,6138
6140,False,491,6139
6141,True,491,6140
6142,True,491,6141
6143,False,491,6142
6144,True,491,6143
6145,True,491,6144
6146,True,491,6145
6147,False,491,6146
6148,False,492,6147
6149,True,492,6148
6150,True,492,6149
6151,True,492,6150
6152,True,492,6151
6153,False,492,6152
6154,False,492,6153
6155,False,492,6154
6156,True,492,6155
6157,False,492,6156
6158,True,492,6157
6159,False,492,6158
6160,False,492,6159
6161,True,493,6160
6162,True,493,6161
6163,True,493,6162
6164,True,493,6163
6165,True,493,6164
6166,False,493,6165
6167,True,493,6166
6168,True,493,6167
6169,True,493,6168
6170,False,493,6169
6171,False,494,6170
6172,True,494,6171
6173,False,494,6172
6174,True,494,6173
6175,True,494,6174
6176,True,494,6175
6177,True,494,6176
6178,False,494,6177
6179,True,494,6178
6180,True,494,6179
6181,False,494,6180
6182,False,494,6181
6183,True,494,6182
6184,True,495,6183
6185,False,495,6184
6186,True,495,6185
6187,True,495,6186
6188,True,495,6187
6189,True,495,6188
6190,True,495,6189
6191,True,495,6190
6192,True,495,6191
6193,True,495,6192
6194,True,495,6193
6195,True,495,6194
6196,True,496,6195
6197,True,496,6196
6198,True,496,6197
6199,True,496,6198
6200,True,496,6199
6201,True,496,6200
6202,True,496,6201
6203,False,496,6202
6204,True,496,6203
6205,False,496,6204
6206,True,496,6205
6207,False,497,6206
6208,True,497,6207
6209,True,497,6208
6210,True,497,6209
6211,True,497,6210
6212,False,497,6211
6213,True,497,6212
6214,True,497,6213
6215,True,497,6214
6216,False,497,6215
6217,True,497,6216
6218,False,497,6217
6219,True,498,6218
6220,True,498,6219
6221,True,498,6220
6222,True,498,6221
6223,True,498,6222
6224,True,498,6223
6225,True,498,6224
6226,True,498,6225
6227,False,498,6226
6228,True,498,6227
6229,True,498,6228
6230,True,498,6229
6231,True,498,6230
6232,True,498,6231
6233,False,499,6232
6234,False,499,6233
6235,False,499,6234
6236,True,499,6235
6237,True,499,6236
6238,True,499,6237
6239,True,499,6238
6240,True,499,6239
6241,False,499,6240
6242,True,499,6241
6243,True,499,6242
6244,True,499,6243
6245,True,499,6244
6246,True,499,6245
6247,True,499,6246
6248,True,500,6247
6249,True,500,6248
6250,True,500,6249
6251,True,500,6250
6252,False,500,6251
6253,True,500,6252
6254,True,500,6253
6255,True,500,6254
6256,True,500,6255
6257,False,500,6256
6258,False,500,6257
6259,False,500,6258
6260,True,500,6259
6261,False,501,6260
6262,True,501,6261
6263,True,501,6262
6264,True,501,6263
6265,False,501,6264
6266,True,501,6265
6267,False,501,6266
6268,True,501,6267
6269,True,501,6268
6270,True,501,6269
6271,True,501,6270
6272,True,502,6271
6273,True,502,6272
6274,True,502,6273
6275,True,502,6274
6276,True,502,6275
6277,True,502,6276
6278,True,502,6277
6279,True,502,6278
6280,False,502,6279
6281,True,502,6280
6282,True,502,6281
6283,False,502,6282
6284,True,503,6283
6285,True,503,6284
6286,False,503,6285
6287,False,503,6286
6288,True,503,6287
6289,True,503,6288
6290,True,503,6289
6291,True,503,6290
6292,True,503,6291
6293,True,503,6292
6294,True,504,6293
6295,True,504,6294
6296,False,504,6295
6297,False,504,6296
6298,False,504,6297
6299,True,504,6298
6300,True,504,6299
6301,False,504,6300
6302,False,504,6301
6303,True,504,6302
6304,True,504,6303
6305,True,504,6304
6306,True,504,6305
6307,True,504,6306
6308,True,504,6307
6309,True,505,6308
6310,True,505,6309
6311,True,505,6310
6312,False,505,6311
6313,True,505,6312
6314,False,505,6313
6315,True,505,6314
6316,True,505,6315
6317,False,505,6316
6318,False,505,6317
6319,True,505,6318
6320,True,506,6319
6321,True,506,6320
6322,True,506,6321
6323,True,506,6322
6324,True,506,6323
6325,False,506,6324
6326,True,506,6325
6327,True,506,6326
6328,True,506,6327
6329,True,506,6328
6330,False,507,6329
6331,True,507,6330
6332,False,507,6331
6333,True,507,6332
6334,True,507,6333
6335,False,507,6334
6336,True,507,6335
6337,True,507,6336
6338,True,507,6337
6339,True,507,6338
6340,True,507,6339
6341,False,507,6340
6342,True,507,6341
6343,True,507,6342
6344,True,508,6343
6345,True,508,6344
6346,True,508,6345
6347,False,508,6346
6348,True,508,6347
6349,False,508,6348
6350,True,508,6349
6351,True,508,6350
6352,True,508,6351
6353,True,508,6352
6354,True,508,6353
6355,True,508,6354
6356,True,508,6355
6357,True,509,6356
6358,True,509,6357
6359,True,509,6358
6360,True,509,6359
6361,True,509,6360
6362,True,509,6361
6363,True,509,6362
6364,False,509,6363
6365,True,509,6364
6366,True,509,6365
6367,False,509,6366
6368,True,509,6367
6369,True,509,6368
6370,True,509,6369
6371,True,509,6370
6372,True,510,6371
6373,False,510,6372
6374,False,510,6373
6375,True,510,6374
6376,True,510,6375
6377,True,510,6376
6378,True,510,6377
6379,True,510,6378
6380,False,510,6379
6381,True,510,6380
6382,False,510,6381
6383,False,511,6382
6384,False,511,6383
6385,True,511,6384
6386,True,511,6385
6387,True,511,6386
6388,True,511,6387
6389,True,511,6388
6390,True,511,6389
6391,True,511,6390
6392,False,511,6391
6393,True,511,6392
6394,True,511,6393
6395,True,512,6394
6396,False,512,6395
6397,False,512,6396
6398,True,512,6397
6399,False,512,6398
6400,True,512,6399
6401,True,512,6400
6402,False,512,6401
6403,True,512,6402
6404,False,512,6403
6405,False,512,6404
6406,False,512,6405
6407,True,512,6406
6408,True,512,6407
6409,True,513,6408
6410,False,513,6409
6411,False,513,6410
6412,True,513,6411
6413,True,513,6412
6414,True,513,6413
6415,True,513,6414
6416,True,513,6415
6417,False,513,6416
6418,True,513,6417
6419,True,513,6418
6420,False,513,6419
6421,True,513,6420
6422,True,513,6421
6423,True,514,6422
6424,False,514,6423
6425,True,514,6424
6426,True,514,6425
6427,True,514,6426
6428,True,514,6427
6429,True,514,6428
6430,False,514,6429
6431,True,514,6430
6432,False,514,6431
6433,True,514,6432
6434,True,514,6433
6435,False,515,6434
6436,True,515,6435
6437,False,515,6436
6438,True,515,6437
6439,True,515,6438
6440,True,515,6439
6441,False,515,6440
6442,True,515,6441
6443,True,515,6442
6444,True,515,6443
6445,True,516,6444
6446,True,516,6445
6447,True,516,6446
6448,False,516,6447
6449,False,516,6448
6450,False,516,6449
6451,False,516,6450
6452,True,516,6451
6453,True,516,6452
6454,True,516,6453
6455,True,516,6454
6456,False,516,6455
6457,False,516,6456
6458,True,516,6457
6459,False,517,6458
6460,True,517,6459
6461,True,517,6460
6462,True,517,6461
6463,True,517,6462
6464,True,517,6463
6465,True,517,6464
6466,True,517,6465
6467,True,517,6466
6468,True,517,6467
6469,False,518,6468
6470,True,518,6469
6471,True,518,6470
6472,True,518,6471
6473,True,518,6472
6474,True,518,6473
6475,False,518,6474
6476,False,518,6475
6477,True,518,6476
6478,True,518,6477
6479,True,518,6478
6480,True,519,6479
6481,True,519,6480
6482,True,519,6481
6483,True,519,6482
6484,False,519,6483
6485,True,519,6484
6486,True,519,6485
6487,True,519,6486
6488,True,519,6487
6489,True,519,6488
6490,False,519,6489
6491,False,519,6490
6492,True,520,6491
6493,True,520,6492
6494,True,520,6493
6495,True,520,6494
6496,True,520,6495
6497,False,520,6496
6498,True,520,6497
6499,True,520,6498
6500,True,520,6499
6501,True,520,6500
6502,True,520,6501
6503,False,520,6502
6504,False,520,6503
6505,False,520,6504
6506,True,521,6505
6507,False,521,6506
6508,True,521,6507
6509,True,521,6508
6510,True,521,6509
6511,True,521,6510
6512,False,521,6511
6513,True,521,6512
6514,True,521,6513
6515,True,521,6514
6516,False,521,6515
6517,False,521,6516
6518,True,522,6517
6519,False,522,6518
6520,True,522,6519
6521,True,522,6520
6522,True,522,6521
6523,False,522,6522
6524,True,522,6523
6525,False,522,6524
6526,False,522,6525
6527,False,522,6526
6528,True,522,6527
6529,True,522,6528
6530,True,522,6529
6531,False,523,6530
6532,True,523,6531
6533,True,523,6532
6534,True,523,6533
6535,True,523,6534
6536,True,523,6535
6537,True,523,6536
6538,True,523,6537
6539,True,523,6538
6540,True,523,6539
6541,True,523,6540
6542,True,523,6541
6543,True,523,6542
6544,True,523,6543
6545,False,524,6544
6546,False,524,6545
6547,False,524,6546
6548,True,524,6547
6549,True,524,6548
6550,True,524,6549
6551,True,524,6550
6552,True,524,6551
6553,True,524,6552
6554,True,524,6553
6555,True,524,6554
6556,False,524,6555
6557,True,524,6556
6558,False,524,6557
6559,True,524,6558
6560,False,525,6559
6561,True,525,6560
6562,True,525,6561
6563,True,525,6562
6564,True,525,6563
6565,False,525,6564
6566,True,525,6565
6567,True,525,6566
6568,True,525,6567
6569,True,525,6568
6570,True,525,6569
6571,False,525,6570
6572,True,525,6571
6573,True,525,6572
6574,False,526,6573
6575,False,526,6574
6576,True,526,6575
6577,False,526,6576
6578,True,526,6577
6579,True,526,6578
6580,True,526,6579
6581,False,526,6580
6582,False,526,6581
6583,True,526,6582
6584,False,526,6583
6585,True,526,6584
6586,False,526,6585
6587,True,527,6586
6588,False,527,6587
6589,True,527,6588
6590,True,527,6589
6591,True,527,6590
6592,True,527,6591
6593,True,527,6592
6594,False,527,6593
6595,True,527,6594
6596,True,527,6595
6597,False,527,6596
6598,True,527,6597
6599,False,527,6598
6600,True,528,6599
6601,True,528,6600
6602,True,528,6601
6603,False,528,6602
6604,True,528,6603
6605,True,528,6604
6606,True,528,6605
6607,False,528,6606
6608,False,528,6607
6609,True,528,6608
6610,False,528,6609
6611,False,528,6610
6612,True,528,6611
6613,True,528,6612
6614,True,529,6613
6615,False,529,6614
6616,True,529,6615
6617,False,529,6616
6618,True,529,6617
6619,True,529,6618
6620,True,529,6619
6621,True,529,6620
6622,False,529,6621
6623,True,529,6622
6624,False,529,6623
6625,True,529,6624
6626,True,529,6625
6627,True,529,6626
6628,True,529,6627
6629,True,530,6628
6630,True,530,6629
6631,True,530,6630
6632,False,530,6631
6633,True,530,6632
6634,True,530,6633
6635,True,530,6634
6636,True,530,6635
6637,True,530,6636
6638,False,530,6637
6639,True,530,6638
6640,False,531,6639
6641,False,531,6640
6642,True,531,6641
6643,True,531,6642
6644,True,531,6643
6645,True,531,6644
6646,True,531,6645
6647,True,531,6646
6648,True,531,6647
6649,False,531,6648
6650,True,531,6649
6651,True,531,6650
6652,False,531,6651
6653,False,531,6652
6654,True,531,6653
6655,False,532,6654
6656,True,532,6655
6657,True,532,6656
6658,True,532,6657
6659,True,532,6658
6660,False,532,6659
6661,False,532,6660
6662,True,532,6661
6663,False,532,6662
6664,True,532,6663
6665,True,532,6664
6666,False,532,6665
6667,True,533,6666
6668,False,533,6667
6669,True,533,6668
6670,True,533,6669
6671,True,533,6670
6672,True,533,6671
6673,True,533,6672
6674,True,533,6673
6675,False,533,6674
6676,False,533,6675
6677,False,534,6676
6678,True,534,6677
6679,False,534,6678
6680,True,534,6679
6681,True,534,6680
6682,False,534,6681
6683,True,534,6682
6684,True,534,6683
6685,True,534,6684
6686,True,534,6685
6687,True,534,6686
6688,False,534,6687
6689,True,534,6688
6690,True,535,6689
6691,False,535,6690
6692,True,535,6691
6693,True,535,6692
6694,False,535,6693
6695,True,535,6694
6696,True,535,6695
6697,True,535,6696
6698,True,535,6697
6699,False,535,6698
6700,True,535,6699
6701,False,535,6700
6702,True,535,6701
6703,False,536,6702
6704,False,536,6703
6705,False,536,6704
6706,False,536,6705
6707,True,536,6706
6708,True,536,6707
6709,True,536,6708
6710,True,536,6709
6711,True,536,6710
6712,True,536,6711
6713,True,536,6712
6714,False,536,6713
6715,True,537,6714
6716,False,537,6715
6717,True,537,6716
6718,True,537,6717
6719,True,537,6718
6720,True,537,6719
6721,True,537,6720
6722,True,537,6721
6723,True,537,6722
6724,False,537,6723
6725,True,537,6724
6726,True,537,6725
6727,False,538,6726
6728,False,538,6727
6729,False,538,6728
6730,False,538,6729
6731,False,538,6730
6732,True,538,6731
6733,True,538,6732
6734,True,538,6733
6735,False,538,6734
6736,True,538,6735
6737,True,538,6736
6738,True,538,6737
6739,True,538,6738
6740,True,539,6739
6741,True,539,6740
6742,False,539,6741
6743,True,539,6742
6744,True,539,6743
6745,False,539,6744
6746,True,539,6745
6747,True,539,6746
6748,True,539,6747
6749,False,539,6748
6750,False,540,6749
6751,True,540,6750
6752,False,540,6751
6753,True,540,6752
6754,False,540,6753
6755,False,540,6754
6756,True,540,6755
6757,True,540,6756
6758,False,540,6757
6759,True,540,6758
6760,False,540,6759
6761,True,540,6760
6762,True,540,6761
6763,False,540,6762
6764,False,540,6763
6765,False,541,6764
6766,False,541,6765
6767,True,541,6766
6768,True,541,6767
6769,True,541,6768
6770,False,541,6769
6771,True,541,6770
6772,True,541,6771
6773,False,541,6772
6774,True,541,6773
6775,True,541,6774
6776,True,541,6775
6777,True,541,6776
6778,True,541,6777
6779,True,541,6778
6780,True,542,6779
6781,True,542,6780
6782,True,542,6781
6783,True,542,6782
6784,False,542,6783
6785,False,542,6784
6786,True,542,6785
6787,True,542,6786
6788,False,542,6787
6789,False,542,6788
6790,True,542,6789
6791,False,542,6790
6792,False,542,6791
6793,True,542,6792
6794,True,543,6793
6795,False,543,6794
6796,False,543,6795
6797,True,543,6796
6798,True,543,6797
6799,True,543,6798
6800,False,543,6799
6801,True,543,6800
6802,True,543,6801
6803,True,543,6802
6804,True,543,6803
6805,False,544,6804
6806,False,544,6805
6807,False,544,6806
6808,True,544,6807
6809,False,544,6808
6810,False,544,6809
6811,True,544,6810
6812,True,544,6811
6813,False,544,6812
6814,False,544,6813
6815,False,544,6814
6816,True,544,6815
6817,True,544,6816
6818,True,545,6817
6819,False,545,6818
6820,True,545,6819
6821,True,545,6820
6822,True,545,6821
6823,True,545,6822
6824,True,545,6823
6825,True,545,6824
6826,True,545,6825
6827,True,545,6826
6828,True,545,6827
6829,False,545,6828
6830,True,545,6829
6831,True,545,6830
6832,True,546,6831
6833,True,546,6832
6834,True,546,6833
6835,False,546,6834
6836,True,546,6835
6837,False,546,6836
6838,False,546,6837
6839,False,546,6838
6840,False,546,6839
6841,False,546,6840
6842,True,547,6841
6843,True,547,6842
6844,True,547,6843
6845,False,547,6844
6846,True,547,6845
6847,False,547,6846
6848,True,547,6847
6849,False,547,6848
6850,False,547,6849
6851,True,547,6850
6852,True,547,6851
6853,True,547,6852
6854,True,547,6853
6855,True,547,6854
6856,False,548,6855
6857,False,548,6856
6858,True,548,6857
6859,False,548,6858
6860,False,548,6859
6861,True,548,6860
6862,True,548,6861
6863,True,548,6862
6864,False,548,6863
6865,False,548,6864
6866,False,548,6865
6867,True,548,6866
6868,True,548,6867
6869,True,549,6868
6870,True,549,6869
6871,True,549,6870
6872,False,549,6871
6873,True,549,6872
6874,False,549,6873
6875,True,549,6874
6876,True,549,6875
6877,False,549,6876
6878,True,549,6877
6879,True,550,6878
6880,True,550,6879
6881,False,550,6880
6882,False,550,6881
6883,True,550,6882
6884,True,550,6883
6885,True,550,6884
6886,True,550,6885
6887,False,550,6886
6888,True,550,6887
6889,True,550,6888
6890,False,550,6889
6891,True,550,6890
6892,True,551,6891
6893,True,551,6892
6894,True,551,6893
6895,True,551,6894
6896,False,551,6895
6897,True,551,6896
6898,True,551,6897
6899,False,551,6898
6900,True,551,6899
6901,True,551,6900
6902,True,552,6901
6903,True,552,6902
6904,False,552,6903
6905,True,552,6904
6906,True,552,6905
6907,False,552,6906
6908,False,552,6907
6909,True,552,6908
6910,True,552,6909
6911,True,552,6910
6912,False,552,6911
6913,False,552,6912
6914,True,552,6913
6915,True,552,6914
6916,True,552,6915
6917,True,553,6916
6918,False,553,6917
6919,False,553,6918
6920,True,553,6919
6921,False,553,6920
6922,True,553,6921
6923,True,553,6922
6924,True,553,6923
6925,True,553,6924
6926,False,553,6925
6927,False,554,6926
6928,True,554,6927
6929,True,554,6928
6930,False,554,6929
6931,True,554,6930
6932,True,554,6931
6933,True,554,6932
6934,False,554,6933
6935,True,554,6934
6936,True,554,6935
6937,False,554,6936
6938,True,554,6937
6939,True,554,6938
6940,True,555,6939
6941,False,555,6940
6942,False,555,6941
6943,True,555,6942
6944,True,555,6943
6945,True,555,6944
6946,True,555,6945
6947,False,555,6946
6948,False,555,6947
6949,False,555,6948
6950,True,555,6949
6951,False,555,6950
6952,True,555,6951
6953,True,556,6952
6954,False,556,6953
6955,True,556,6954
6956,False,556,6955
6957,True,556,6956
6958,True,556,6957
6959,False,556,6958
6960,False,556,6959
6961,False,556,6960
6962,False,556,6961
6963,True,556,6962
6964,True,556,6963
6965,True,556,6964
6966,True,557,6965
6967,True,557,6966
6968,False,557,6967
6969,False,557,6968
6970,True,557,6969
6971,False,557,6970
6972,True,557,6971
6973,True,557,6972
6974,False,557,6973
6975,True,557,6974
6976,True,557,6975
6977,True,558,6976
6978,True,558,6977
6979,False,558,6978
6980,False,558,6979
6981,False,558,6980
6982,False,558,6981
6983,True,558,6982
6984,False,558,6983
6985,False,558,6984
6986,False,558,6985
6987,False,558,6986
6988,True,559,6987
6989,True,559,6988
6990,True,559,6989
6991,True,559,6990
6992,True,559,6991
6993,False,559,6992
6994,True,559,6993
6995,True,559,6994
6996,True,559,6995
6997,True,559,6996
6998,True,560,6997
6999,False,560,6998
7000,False,560,6999
7001,True,560,7000
7002,True,560,7001
7003,True,560,7002
7004,False,560,7003
7005,True,560,7004
7006,True,560,7005
7007,True,560,7006
7008,True,561,7007
7009,True,561,7008
7010,True,561,7009
7011,True,561,7010
7012,True,561,7011
7013,True,561,7012
7014,False,561,7013
7015,False,561,7014
7016,True,561,7015
7017,True,561,7016
7018,True,562,7017
7019,True,562,7018
7020,True,562,7019
7021,True,562,7020
7022,True,562,7021
7023,True,562,7022
7024,True,562,7023
7025,False,562,7024
7026,True,562,7025
7027,True,562,7026
7028,True,562,7027
7029,True,563,7028
7030,True,563,7029
7031,True,563,7030
7032,True,563,7031
7033,True,563,7032
7034,True,563,7033
7035,True,563,7034
7036,False,563,7035
7037,False,563,7036
7038,True,563,7037
7039,True,563,7038
7040,True,563,7039
7041,True,563,7040
7042,True,563,7041
7043,False,563,7042
7044,False,564,7043
7045,False,564,7044
7046,True,564,7045
7047,True,564,7046
7048,True,564,7047
7049,True,564,7048
7050,False,564,7049
7051,True,564,7050
7052,True,564,7051
7053,False,564,7052
7054,True,565,7053
7055,True,565,7054
7056,True,565,7055
7057,False,565,7056
7058,True,565,7057
7059,True,565,7058
7060,True,565,7059
7061,True,565,7060
7062,False,565,7061
7063,True,565,7062
7064,True,565,7063
7065,True,565,7064
7066,False,565,7065
7067,True,565,7066
7068,False,565,7067
7069,False,566,7068
7070,True,566,7069
7071,True,566,7070
7072,True,566,7071
7073,True,566,7072
7074,True,566,7073
7075,True,566,7074
7076,False,566,7075
7077,False,566,7076
7078,False,566,7077
7079,True,566,7078
7080,True,566,7079
7081,True,566,7080
7082,True,567,7081
7083,True,567,7082
7084,False,567,7083
7085,True,567,7084
7086,True,567,7085
7087,True,567,7086
7088,True,567,7087
7089,False,567,7088
7090,True,567,7089
7091,False,567,7090
7092,True,567,7091
7093,True,568,7092
7094,True,568,7093
7095,False,568,7094
7096,True,568,7095
7097,True,568,7096
7098,False,568,7097
7099,True,568,7098
7100,False,568,7099
7101,True,568,7100
7102,False,568,7101
7103,True,568,7102
7104,True,568,7103
7105,False,568,7104
7106,True,568,7105
7107,True,568,7106
7108,True,569,7107
7109,True,569,7108
7110,True,569,7109
7111,False,569,7110
7112,True,569,7111
7113,False,569,7112
7114,True,569,7113
7115,True,569,7114
7116,False,569,7115
7117,True,569,7116
7118,False,569,7117
7119,False,569,7118
7120,True,569,7119
7121,True,569,7120
7122,False,569,7121
7123,True,570,7122
7124,True,570,7123
7125,True,570,7124
7126,True,570,7125
7127,True,570,7126
7128,False,570,7127
7129,True,570,7128
7130,True,570,7129
7131,False,570,7130
7132,True,570,7131
7133,True,570,7132
7134,True,570,7133
7135,True,570,7134
7136,True,570,7135
7137,True,570,7136
7138,True,571,7137
7139,True,571,7138
7140,True,571,7139
7141,False,571,7140
7142,False,571,7141
7143,False,571,7142
7144,True,571,7143
7145,True,571,7144
7146,True,571,7145
7147,True,571,7146
7148,True,571,7147
7149,True,571,7148
7150,True,571,7149
7151,True,571,7150
7152,False,572,7151
7153,True,572,7152
7154,True,572,7153
7155,True,572,7154
7156,True,572,7155
7157,False,572,7156
7158,False,572,7157
7159,True,572,7158
7160,True,572,7159
7161,True,572,7160
7162,True,572,7161
7163,True,572,7162
7164,True,572,7163
7165,True,572,7164
7166,False,572,7165
7167,True,573,7166
7168,False,573,7167
7169,True,573,7168
7170,True,573,7169
7171,False,573,7170
7172,False,573,7171
7173,True,573,7172
7174,True,573,7173
7175,False,573,7174
7176,True,573,7175
7177,True,573,7176
7178,True,574,7177
7179,True,574,7178
7180,True,574,7179
7181,True,574,7180
7182,True,574,7181
7183,True,574,7182
7184,True,574,7183
7185,False,574,7184
7186,False,574,7185
7187,False,574,7186
7188,True,574,7187
7189,True,574,7188
7190,True,574,7189
7191,True,575,7190
7192,True,575,7191
7193,True,575,7192
7194,True,575,7193
7195,True,575,7194
7196,False,575,7195
7197,True,575,7196
7198,False,575,7197
7199,True,575,7198
7200,True,575,7199
7201,False,575,7200
7202,True,575,7201
7203,True,575,7202
7204,True,576,7203
7205,True,576,7204
7206,True,576,7205
7207,True,576,7206
7208,False,576,7207
7209,True,576,7208
7210,False,576,7209
7211,True,576,7210
7212,True,576,7211
7213,False,576,7212
7214,True,576,7213
7215,True,576,7214
7216,True,577,7215
7217,True,577,7216
7218,True,577,7217
7219,True,577,7218
7220,True,577,7219
7221,True,577,7220
7222,True,577,7221
7223,True,577,7222
7224,False,577,7223
7225,True,577,7224
7226,True,578,7225
7227,True,578,7226
7228,True,578,7227
7229,False,578,7228
7230,True,578,7229
7231,False,578,7230
7232,False,578,7231
7233,False,578,7232
7234,True,578,7233
7235,False,578,7234
7236,False,578,7235
7237,False,578,7236
7238,True,578,7237
7239,False,578,7238
7240,True,578,7239
7241,False,579,7240
7242,False,579,7241
7243,True,579,7242
7244,False,579,7243
7245,False,579,7244
7246,True,579,7245
7247,False,579,7246
7248,True,579,7247
7249,True,579,7248
7250,True,579,7249
7251,True,579,7250
7252,True,579,7251
7253,True,579,7252
7254,True,580,7253
7255,True,580,7254
7256,True,580,7255
7257,False,580,7256
7258,True,580,7257
7259,True,580,7258
7260,True,580,7259
7261,True,580,7260
7262,True,580,7261
7263,True,580,7262
7264,True,580,7263
7265,True,580,7264
7266,True,580,7265
7267,True,580,7266
7268,True,581,7267
7269,True,581,7268
7270,True,581,7269
7271,True,581,7270
7272,True,581,7271
7273,True,581,7272
7274,False,581,7273
7275,True,581,7274
7276,True,581,7275
7277,True,581,7276
7278,True,582,7277
7279,True,582,7278
7280,True,582,7279
7281,True,582,7280
7282,True,582,7281
7283,False,582,7282
7284,True,582,7283
7285,True,582,7284
7286,True,582,7285
7287,True,582,7286
7288,True,582,7287
7289,True,582,7288
7290,True,582,7289
7291,True,583,7290
7292,True,583,7291
7293,True,583,7292
7294,False,583,7293
7295,True,583,7294
7296,True,583,7295
7297,False,583,7296
7298,False,583,7297
7299,False,583,7298
7300,True,583,7299
7301,True,583,7300
7302,True,584,7301
7303,True,584,7302
7304,False,584,7303
7305,True,584,7304
7306,False,584,7305
7307,True,584,7306
7308,True,584,7307
7309,True,584,7308
7310,False,584,7309
7311,True,584,7310
7312,True,585,7311
7313,False,585,7312
7314,False,585,7313
7315,True,585,7314
7316,False,585,7315
7317,False,585,7316
7318,False,585,7317
7319,True,585,7318
7320,True,585,7319
7321,True,585,7320
7322,False,585,7321
7323,True,585,7322
7324,False,586,7323
7325,True,586,7324
7326,True,586,7325
7327,True,586,7326
7328,True,586,7327
7329,False,586,7328
7330,False,586,7329
7331,True,586,7330
7332,False,586,7331
7333,False,586,7332
7334,True,586,7333
7335,True,586,7334
7336,False,586,7335
7337,False,586,7336
7338,False,586,7337
7339,True,587,7338
7340,True,587,7339
7341,True,587,7340
7342,False,587,7341
7343,True,587,7342
7344,True,587,7343
7345,False,587,7344
7346,True,587,7345
7347,True,587,7346
7348,False,587,7347
7349,True,587,7348
7350,False,587,7349
7351,True,587,7350
7352,False,588,7351
7353,True,588,7352
7354,True,588,7353
7355,True,588,7354
7356,True,588,7355
7357,False,588,7356
7358,True,588,7357
7359,True,588,7358
7360,True,588,7359
7361,True,588,7360
7362,True,588,7361
7363,True,588,7362
7364,True,588,7363
7365,False,588,7364
7366,True,588,7365
7367,True,589,7366
7368,True,589,7367
7369,True,589,7368
7370,False,589,7369
7371,False,589,7370
7372,True,589,7371
7373,True,589,7372
7374,True,589,7373
7375,True,589,7374
7376,True,589,7375
7377,True,589,7376
7378,True,589,7377
7379,True,590,7378
7380,True,590,7379
7381,False,590,7380
7382,True,590,7381
7383,True,590,7382
7384,False,590,7383
7385,True,590,7384
7386,True,590,7385
7387,True,590,7386
7388,False,590,7387
7389,True,590,7388
7390,True,590,7389
7391,True,591,7390
7392,False,591,7391
7393,True,591,7392
7394,True,591,7393
7395,True,591,7394
7396,True,591,7395
7397,True,591,7396
7398,True,591,7397
7399,True,591,7398
7400,False,591,7399
7401,True,591,7400
7402,False,592,7401
7403,True,592,7402
7404,False,592,7403
7405,False,592,7404
7406,True,592,7405
7407,True,592,7406
7408,False,592,7407
7409,True,592,7408
7410,False,592,7409
7411,False,592,7410
7412,True,592,7411
7413,False,593,7412
7414,True,593,7413
7415,True,593,7414
7416,True,593,7415
7417,True,593,7416
7418,True,593,7417
7419,True,593,7418
7420,True,593,7419
7421,False,593,7420
7422,False,593,7421
7423,True,594,7422
7424,True,594,7423
7425,False,594,7424
7426,False,594,7425
7427,True,594,7426
7428,True,594,7427
7429,True,594,7428
7430,True,594,7429
7431,True,594,7430
7432,True,594,7431
7433,False,594,7432
7434,True,594,7433
7435,False,594,7434
7436,False,594,7435
7437,True,595,7436
7438,True,595,7437
7439,False,595,7438
7440,True,595,7439
7441,False,595,7440
7442,False,595,7441
7443,False,595,7442
7444,True,595,7443
7445,False,595,7444
7446,True,595,7445
7447,True,595,7446
7448,True,595,7447
7449,False,595,7448
7450,True,596,7449
7451,False,596,7450
7452,True,596,7451
7453,False,596,7452
7454,True,596,7453
7455,True,596,7454
7456,False,596,7455
7457,True,596,7456
7458,True,596,7457
7459,True,596,7458
7460,False,596,7459
7461,True,596,7460
7462,True,596,7461
7463,True,597,7462
7464,False,597,7463
7465,True,597,7464
7466,True,597,7465
7467,False,597,7466
7468,False,597,7467
7469,True,597,7468
7470,True,597,7469
7471,True,597,7470
7472,True,597,7471
7473,True,598,7472
7474,False,598,7473
7475,False,598,7474
7476,True,598,7475
7477,True,598,7476
7478,False,598,7477
7479,True,598,7478
7480,False,598,7479
7481,True,598,7480
7482,False,598,7481
7483,False,599,7482
7484,True,599,7483
7485,True,599,7484
7486,False,599,7485
7487,False,599,7486
7488,False,599,7487
7489,False,599,7488
7490,True,599,7489
7491,False,599,7490
7492,True,599,7491
7493,False,599,7492
7494,True,600,7493
7495,True,600,7494
7496,True,600,7495
7497,False,600,7496
7498,True,600,7497
7499,False,600,7498
7500,True,600,7499
7501,False,600,7500
7502,False,600,7501
7503,False,600,7502
7504,True,600,7503
7505,False,600,7504
7506,True,600,7505
7507,True,601,7506
7508,False,601,7507
7509,False,601,7508
7510,True,601,7509
7511,True,601,7510
7512,True,601,7511
7513,False,601,7512
7514,True,601,7513
7515,True,601,7514
7516,False,601,7515
7517,True,601,7516
7518,False,601,7517
7519,True,601,7518
7520,False,601,7519
7521,True,601,7520
7522,False,602,7521
7523,False,602,7522
7524,False,602,7523
7525,True,602,7524
7526,True,602,7525
7527,False,602,7526
7528,True,602,7527
7529,False,602,7528
7530,True,602,7529
7531,True,602,7530
7532,False,602,7531
7533,False,603,7532
7534,False,603,7533
7535,False,603,7534
7536,False,603,7535
7537,True,603,7536
7538,True,603,7537
7539,False,603,7538
7540,True,603,7539
7541,False,603,7540
7542,True,603,7541
7543,True,603,7542
7544,True,603,7543
7545,True,603,7544
7546,True,603,7545
7547,True,604,7546
7548,True,604,7547
7549,True,604,7548
7550,True,604,7549
7551,True,604,7550
7552,False,604,7551
7553,True,604,7552
7554,False,604,7553
7555,True,604,7554
7556,True,604,7555
7557,True,604,7556
7558,True,604,7557
7559,True,604,7558
7560,True,605,7559
7561,True,605,7560
7562,True,605,7561
7563,True,605,7562
7564,False,605,7563
7565,True,605,7564
7566,False,605,7565
7567,False,605,7566
7568,False,605,7567
7569,False,605,7568
7570,True,606,7569
7571,True,606,7570
7572,False,606,7571
7573,True,606,7572
7574,False,606,7573
7575,True,606,7574
7576,True,606,7575
7577,True,606,7576
7578,False,606,7577
7579,False,606,7578
7580,False,606,7579
7581,True,607,7580
7582,True,607,7581
7583,True,607,7582
7584,True,607,7583
7585,False,607,7584
7586,True,607,7585
7587,True,607,7586
7588,False,607,7587
7589,False,607,7588
7590,True,607,7589
7591,False,607,7590
7592,True,607,7591
7593,True,607,7592
7594,False,607,7593
7595,False,608,7594
7596,True,608,7595
7597,True,608,7596
7598,True,608,7597
7599,True,608,7598
7600,True,608,7599
7601,False,608,7600
7602,False,608,7601
7603,True,608,7602
7604,True,608,7603
7605,True,608,7604
7606,True,609,7605
7607,True,609,7606
7608,True,609,7607
7609,True,609,7608
7610,True,609,7609
7611,True,609,7610
7612,True,609,7611
7613,True,609,7612
7614,False,609,7613
7615,False,609,7614
7616,False,609,7615
7617,True,609,7616
7618,True,609,7617
7619,False,610,7618
7620,True,610,7619
7621,False,610,7620
7622,True,610,7621
7623,True,610,7622
7624,False,610,7623
7625,True,610,7624
7626,False,610,7625
7627,False,610,7626
7628,False,610,7627
7629,True,610,7628
7630,True,610,7629
7631,False,611,7630
7632,True,611,7631
7633,True,611,7632
7634,False,611,7633
7635,True,611,7634
7636,True,611,7635
7637,True,611,7636
7638,True,611,7637
7639,False,611,7638
7640,True,611,7639
7641,True,611,7640
7642,True,611,7641
7643,False,611,7642
7644,True,612,7643
7645,True,612,7644
7646,False,612,7645
7647,False,612,7646
7648,False,612,7647
7649,True,612,7648
7650,True,612,7649
7651,False,612,7650
7652,False,612,7651
7653,True,612,7652
7654,True,612,7653
7655,True,612,7654
7656,True,612,7655
7657,True,612,7656
7658,True,612,7657
7659,True,613,7658
7660,True,613,7659
7661,True,613,7660
7662,True,613,7661
7663,True,613,7662
7664,True,613,7663
7665,True,613,7664
7666,True,613,7665
7667,True,613,7666
7668,True,613,7667
7669,True,613,7668
7670,False,613,7669
7671,False,613,7670
7672,True,614,7671
7673,True,614,7672
7674,True,614,7673
7675,True,614,7674
7676,False,614,7675
7677,False,614,7676
7678,False,614,7677
7679,False,614,7678
7680,False,614,7679
7681,True,614,7680
7682,True,614,7681
7683,False,614,7682
7684,True,614,7683
7685,True,614,7684
7686,True,614,7685
7687,True,615,7686
7688,False,615,7687
7689,True,615,7688
7690,False,615,7689
7691,True,615,7690
7692,True,615,7691
7693,True,615,7692
7694,True,615,7693
7695,True,615,7694
7696,True,615,7695
7697,True,615,7696
7698,False,615,7697
7699,True,615,7698
7700,False,615,7699
7701,True,615,7700
7702,True,616,7701
7703,False,616,7702
7704,False,616,7703
7705,False,616,7704
7706,False,616,7705
7707,True,616,7706
7708,True,616,7707
7709,False,616,7708
7710,False,616,7709
7711,True,616,7710
7712,True,616,7711
7713,True,616,7712
7714,True,616,7713
7715,True,616,7714
7716,True,617,7715
7717,True,617,7716
7718,True,617,7717
7719,False,617,7718
7720,True,617,7719
7721,True,617,7720
7722,True,617,7721
7723,True,617,7722
7724,True,617,7723
7725,True,617,7724
7726,True,617,7725
7727,True,617,7726
7728,False,617,7727
7729,True,617,7728
7730,False,618,7729
7731,True,618,7730
7732,False,618,7731
7733,False,618,7732
7734,False,618,7733
7735,True,618,7734
7736,False,618,7735
7737,False,618,7736
7738,False,618,7737
7739,False,618,7738
7740,True,619,7739
7741,True,619,7740
7742,True,619,7741
7743,False,619,7742
7744,True,619,7743
7745,True,619,7744
7746,True,619,7745
7747,True,619,7746
7748,False,619,7747
7749,False,619,7748
7750,True,619,7749
7751,True,619,7750
7752,True,619,7751
7753,True,619,7752
7754,True,619,7753
7755,True,620,7754
7756,False,620,7755
7757,False,620,7756
7758,False,620,7757
7759,True,620,7758
7760,True,620,7759
7761,False,620,7760
7762,False,620,7761
7763,True,620,7762
7764,True,620,7763
7765,True,620,7764
7766,False,620,7765
7767,True,621,7766
7768,True,621,7767
7769,False,621,7768
7770,False,621,7769
7771,True,621,7770
7772,False,621,7771
7773,True,621,7772
7774,False,621,7773
7775,True,621,7774
7776,False,621,7775
7777,True,621,7776
7778,True,621,7777
7779,True,621,7778
7780,True,621,7779
7781,True,621,7780
7782,True,622,7781
7783,True,622,7782
7784,True,622,7783
7785,False,622,7784
7786,True,622,7785
7787,True,622,7786
7788,True,622,7787
7789,True,622,7788
7790,False,622,7789
7791,True,622,7790
7792,True,622,7791
7793,False,622,7792
7794,False,622,7793
7795,True,622,7794
7796,True,622,7795
7797,True,623,7796
7798,True,623,7797
7799,True,623,7798
7800,False,623,7799
7801,True,623,7800
7802,True,623,7801
7803,False,623,7802
7804,True,623,7803
7805,True,623,7804
7806,False,623,7805
7807,False,623,7806
7808,False,623,7807
7809,True,623,7808
7810,True,624,7809
7811,True,624,7810
7812,True,624,7811
7813,True,624,7812
7814,True,624,7813
7815,True,624,7814
7816,False,624,7815
7817,False,624,7816
7818,True,624,7817
7819,False,624,7818
7820,False,624,7819
7821,True,624,7820
7822,True,624,7821
7823,False,624,7822
7824,True,625,7823
7825,False,625,7824
7826,False,625,7825
7827,True,625,7826
7828,True,625,7827
7829,True,625,7828
7830,True,625,7829
7831,False,625,7830
7832,True,625,7831
7833,True,625,7832
7834,True,626,7833
7835,True,626,7834
7836,True,626,7835
7837,False,626,7836
7838,False,626,7837
7839,False,626,7838
7840,False,626,7839
7841,True,626,7840
7842,True,626,7841
7843,True,626,7842
7844,True,626,7843
7845,True,626,7844
7846,True,626,7845
7847,True,627,7846
7848,True,627,7847
7849,False,627,7848
7850,True,627,7849
7851,False,627,7850
7852,True,627,7851
7853,False,627,7852
7854,True,627,7853
7855,True,627,7854
7856,False,627,7855
7857,True,627,7856
7858,True,627,7857
7859,True,628,7858
7860,False,628,7859
7861,True,628,7860
7862,False,628,7861
7863,True,628,7862
7864,False,628,7863
7865,True,628,7864
7866,True,628,7865
7867,True,628,7866
7868,True,628,7867
7869,True,628,7868
7870,True,628,7869
7871,True,628,7870
7872,True,628,7871
7873,True,628,7872
7874,True,629,7873
7875,True,629,7874
7876,True,629,7875
7877,True,629,7876
7878,False,629,7877
7879,False,629,7878
7880,True,629,7879
7881,False,629,7880
7882,True,629,7881
7883,False,629,7882
7884,True,629,7883
7885,True,630,7884
7886,True,630,7885
7887,True,630,7886
7888,True,630,7887
7889,True,630,7888
7890,False,630,7889
7891,False,630,7890
7892,True,630,7891
7893,False,630,7892
7894,False,630,7893
7895,False,630,7894
7896,True,630,7895
7897,True,630,7896
7898,True,631,7897
7899,False,631,7898
7900,True,631,7899
7901,True,631,7900
7902,False,631,7901
7903,True,631,7902
7904,False,631,7903
7905,True,631,7904
7906,True,631,7905
7907,False,631,7906
7908,True,631,7907
7909,True,631,7908
7910,False,631,7909
7911,False,632,7910
7912,True,632,7911
7913,False,632,7912
7914,True,632,7913
7915,False,632,7914
7916,True,632,7915
7917,True,632,7916
7918,False,632,7917
7919,True,632,7918
7920,True,632,7919
7921,True,633,7920
7922,True,633,7921
7923,False,633,7922
7924,False,633,7923
7925,True,633,7924
7926,True,633,7925
7927,False,633,7926
7928,True,633,7927
7929,True,633,7928
7930,True,633,7929
7931,False,634,7930
7932,False,634,7931
7933,True,634,7932
7934,True,634,7933
7935,False,634,7934
7936,True,634,7935
7937,True,634,7936
7938,True,634,7937
7939,False,634,7938
7940,True,634,7939
7941,True,634,7940
7942,True,634,7941
7943,True,634,7942
7944,True,634,7943
7945,True,635,7944
7946,True,635,7945
7947,True,635,7946
7948,True,635,7947
7949,True,635,7948
7950,False,635,7949
7951,True,635,7950
7952,True,635,7951
7953,True,635,7952
7954,False,635,7953
7955,True,636,7954
7956,True,636,7955
7957,True,636,7956
7958,True,636,7957
7959,True,636,7958
7960,True,636,7959
7961,False,636,7960
7962,True,636,7961
7963,True,636,7962
7964,True,636,7963
7965,True,637,7964
7966,False,637,7965
7967,True,637,7966
7968,False,637,7967
7969,True,637,7968
7970,True,637,7969
7971,True,637,7970
7972,True,637,7971
7973,True,637,7972
7974,False,637,7973
7975,True,637,7974
7976,False,637,7975
7977,True,638,7976
7978,True,638,7977
7979,False,638,7978
7980,True,638,7979
7981,True,638,7980
7982,True,638,7981
7983,False,638,7982
7984,True,638,7983
7985,False,638,7984
7986,True,638,7985
7987,False,638,7986
7988,True,638,7987
7989,True,638,7988
7990,True,639,7989
7991,True,639,7990
7992,True,639,7991
7993,True,639,7992
7994,True,639,7993
7995,True,639,7994
7996,False,639,7995
7997,True,639,7996
7998,True,639,7997
7999,True,639,7998
8000,False,639,7999
8001,True,639,8000
8002,True,639,8001
8003,False,639,8002
8004,True,640,8003
8005,True,640,8004
8006,True,640,8005
8007,True,640,8006
8008,True,640,8007
8009,True,640,8008
8010,True,640,8009
8011,False,640,8010
8012,False,640,8011
8013,True,640,8012
8014,True,640,8013
8015,False,640,8014
8016,True,641,8015
8017,True,641,8016
8018,True,641,8017
8019,False,641,8018
8020,True,641,8019
8021,False,641,8020
8022,False,641,8021
8023,True,641,8022
8024,True,641,8023
8025,True,641,8024
8026,True,641,8025
8027,True,641,8026
8028,False,641,8027
8029,False,642,8028
8030,True,642,8029
8031,True,642,8030
8032,True,642,8031
8033,True,642,8032
8034,True,642,8033
8035,False,642,8034
8036,False,642,8035
8037,True,642,8036
8038,True,642,8037
8039,True,642,8038
8040,True,643,8039
8041,True,643,8040
8042,True,643,8041
8043,False,643,8042
8044,True,643,8043
8045,False,643,8044
8046,True,643,8045
8047,True,643,8046
8048,True,643,8047
8049,True,643,8048
8050,True,643,8049
8051,True,643,8050
8052,False,643,8051
8053,False,643,8052
8054,True,643,8053
8055,True,644,8054
8056,True,644,8055
8057,False,644,8056
8058,True,644,8057
8059,False,644,8058
8060,True,644,8059
8061,False,644,8060
8062,True,644,8061
8063,True,644,8062
8064,False,644,8063
8065,True,644,8064
8066,True,644,8065
8067,True,645,8066
8068,True,645,8067
8069,False,645,8068
8070,False,645,8069
8071,True,645,8070
8072,True,645,8071
8073,True,645,8072
8074,False,645,8073
8075,True,645,8074
8076,True,645,8075
8077,True,645,8076
8078,True,645,8077
8079,True,645,8078
8080,False,645,8079
8081,False,645,8080
8082,True,646,8081
8083,True,646,8082
8084,False,646,8083
8085,True,646,8084
8086,True,646,8085
8087,True,646,8086
8088,True,646,8087
8089,True,646,8088
8090,True,646,8089
8091,True,646,8090
8092,True,646,8091
8093,True,646,8092
8094,True,646,8093
8095,True,646,8094
8096,False,647,8095
8097,True,647,8096
8098,True,647,8097
8099,False,647,8098
8100,False,647,8099
8101,False,647,8100
8102,True,647,8101
8103,True,647,8102
8104,False,647,8103
8105,False,647,8104
8106,True,647,8105
8107,True,648,8106
8108,True,648,8107
8109,False,648,8108
8110,True,648,8109
8111,True,648,8110
8112,False,648,8111
8113,False,648,8112
8114,False,648,8113
8115,True,648,8114
8116,False,648,8115
8117,False,648,8116
8118,True,649,8117
8119,True,649,8118
8120,False,649,8119
8121,True,649,8120
8122,True,649,8121
8123,False,649,8122
8124,True,649,8123
8125,True,649,8124
8126,True,649,8125
8127,True,649,8126
8128,False,649,8127
8129,False,649,8128
8130,True,650,8129
8131,True,650,8130
8132,True,650,8131
8133,True,650,8132
8134,True,650,8133
8135,False,650,8134
8136,True,650,8135
8137,True,650,8136
8138,True,650,8137
8139,True,650,8138
8140,True,650,8139
8141,True,650,8140
8142,True,651,8141
8143,True,651,8142
8144,True,651,8143
8145,False,651,8144
8146,True,651,8145
8147,True,651,8146
8148,True,651,8147
8149,True,651,8148
8150,True,651,8149
8151,False,651,8150
8152,False,652,8151
8153,True,652,8152
8154,True,652,8153
8155,True,652,8154
8156,True,652,8155
8157,True,652,8156
8158,True,652,8157
8159,False,652,8158
8160,False,652,8159
8161,True,652,8160
8162,True,652,8161
8163,False,652,8162
8164,True,653,8163
8165,True,653,8164
8166,True,653,8165
8167,True,653,8166
8168,True,653,8167
8169,False,653,8168
8170,True,653,8169
8171,False,653,8170
8172,False,653,8171
8173,True,653,8172
8174,True,653,8173
8175,True,653,8174
8176,False,654,8175
8177,False,654,8176
8178,True,654,8177
8179,True,654,8178
8180,False,654,8179
8181,False,654,8180
8182,True,654,8181
8183,True,654,8182
8184,True,654,8183
8185,True,654,8184
8186,True,654,8185
8187,True,654,8186
8188,True,655,8187
8189,True,655,8188
8190,True,655,8189
8191,True,655,8190
8192,True,655,8191
8193,True,655,8192
8194,True,655,8193
8195,True,655,8194
8196,False,655,8195
8197,False,655,8196
8198,True,655,8197
8199,False,655,8198
8200,True,655,8199
8201,True,656,8200
8202,False,656,8201
8203,True,656,8202
8204,False,656,8203
8205,True,656,8204
8206,False,656,8205
8207,True,656,8206
8208,False,656,8207
8209,True,656,8208
8210,True,656,8209
8211,True,656,8210
8212,True,657,8211
8213,False,657,8212
8214,True,657,8213
8215,True,657,8214
8216,False,657,8215
8217,True,657,8216
8218,True,657,8217
8219,True,657,8218
8220,True,657,8219
8221,False,657,8220
8222,False,657,8221
8223,True,657,8222
8224,True,657,8223
8225,True,657,8224
8226,False,658,8225
8227,True,658,8226
8228,False,658,8227
8229,False,658,8228
8230,False,658,8229
8231,True,658,8230
8232,True,658,8231
8233,True,658,8232
8234,True,658,8233
8235,False,658,8234
8236,False,658,8235
8237,False,658,8236
8238,True,659,8237
8239,False,659,8238
8240,False,659,8239
8241,True,659,8240
8242,True,659,8241
8243,True,659,8242
8244,True,659,8243
8245,True,659,8244
8246,False,659,8245
8247,True,659,8246
8248,False,659,8247
8249,True,659,8248
8250,True,659,8249
8251,True,659,8250
8252,True,660,8251
8253,True,660,8252
8254,True,660,8253
8255,True,660,8254
8256,True,660,8255
8257,False,660,8256
8258,False,660,8257
8259,False,660,8258
8260,False,660,8259
8261,False,660,8260
8262,False,660,8261
8263,False,660,8262
8264,True,660,8263
8265,False,661,8264
8266,False,661,8265
8267,True,661,8266
8268,True,661,8267
8269,True,661,8268
8270,True,661,8269
8271,True,661,8270
8272,True,661,8271
8273,True,661,8272
8274,True,661,8273
8275,True,661,8274
8276,True,661,8275
8277,True,662,8276
8278,True,662,8277
8279,True,662,8278
8280,False,662,8279
8281,True,662,8280
8282,True,662,8281
8283,True,662,8282
8284,True,662,8283
8285,True,662,8284
8286,False,662,8285
8287,True,662,8286
8288,True,662,8287
8289,True,663,8288
8290,False,663,8289
8291,True,663,8290
8292,True,663,8291
8293,False,663,8292
8294,True,663,8293
8295,True,663,8294
8296,False,663,8295
8297,True,663,8296
8298,True,663,8297
8299,True,664,8298
8300,True,664,8299
8301,False,664,8300
8302,False,664,8301
8303,True,664,8302
8304,False,664,8303
8305,True,664,8304
8306,True,664,8305
8307,False,664,8306
8308,True,664,8307
8309,True,664,8308
8310,True,664,8309
8311,True,665,8310
8312,True,665,8311
8313,True,665,8312
8314,False,665,8313
8315,False,665,8314
8316,False,665,8315
8317,True,665,8316
8318,True,665,8317
8319,True,665,8318
8320,True,665,8319
8321,False,665,8320
8322,True,665,8321
8323,True,665,8322
8324,True,666,8323
8325,True,666,8324
8326,False,666,8325
8327,True,666,8326
8328,True,666,8327
8329,True,666,8328
8330,False,666,8329
8331,False,666,8330
8332,True,666,8331
8333,True,666,8332
8334,True,666,8333
8335,False,667,8334
8336,False,667,8335
8337,False,667,8336
8338,False,667,8337
8339,True,667,8338
8340,False,667,8339
8341,False,667,8340
8342,True,667,8341
8343,True,667,8342
8344,False,667,8343
8345,True,667,8344
8346,False,667,8345
8347,True,667,8346
8348,True,667,8347
8349,True,668,8348
8350,True,668,8349
8351,False,668,8350
8352,True,668,8351
8353,True,668,8352
8354,True,668,8353
8355,True,668,8354
8356,True,668,8355
8357,True,668,8356
8358,True,668,8357
8359,True,669,8358
8360,True,669,8359
8361,False,669,8360
8362,False,669,8361
8363,True,669,8362
8364,False,669,8363
8365,True,669,8364
8366,True,669,8365
8367,True,669,8366
8368,True,669,8367
8369,True,670,8368
8370,False,670,8369
8371,False,670,8370
8372,True,670,8371
8373,False,670,8372
8374,True,670,8373
8375,True,670,8374
8376,False,670,8375
8377,True,670,8376
8378,False,670,8377
8379,True,671,8378
8380,True,671,8379
8381,False,671,8380
8382,True,671,8381
8383,True,671,8382
8384,True,671,8383
8385,False,671,8384
8386,True,671,8385
8387,True,671,8386
8388,False,671,8387
8389,False,671,8388
8390,True,672,8389
8391,True,672,8390
8392,False,672,8391
8393,True,672,8392
8394,True,672,8393
8395,True,672,8394
8396,False,672,8395
8397,True,672,8396
8398,True,672,8397
8399,False,672,8398
8400,True,672,8399
8401,False,672,8400
8402,True,673,8401
8403,True,673,8402
8404,True,673,8403
8405,False,673,8404
8406,True,673,8405
8407,False,673,8406
8408,True,673,8407
8409,False,673,8408
8410,False,673,8409
8411,True,673,8410
8412,True,673,8411
8413,False,673,8412
8414,True,673,8413
8415,True,674,8414
8416,True,674,8415
8417,True,674,8416
8418,True,674,8417
8419,False,674,8418
8420,True,674,8419
8421,True,674,8420
8422,False,674,8421
8423,True,674,8422
8424,True,674,8423
8425,True,674,8424
8426,True,674,8425
8427,True,674,8426
8428,True,674,8427
8429,False,674,8428
8430,True,675,8429
8431,True,675,8430
8432,True,675,8431
8433,True,675,8432
8434,True,675,8433
8435,False,675,8434
8436,True,675,8435
8437,True,675,8436
8438,False,675,8437
8439,True,675,8438
8440,False,675,8439
8441,True,676,8440
8442,True,676,8441
8443,True,676,8442
8444,True,676,8443
8445,True,676,8444
8446,True,676,8445
8447,True,676,8446
8448,True,676,8447
8449,False,676,8448
8450,False,676,8449
8451,False,676,8450
8452,True,676,8451
8453,True,676,8452
8454,False,676,8453
8455,True,676,8454
8456,True,677,8455
8457,False,677,8456
8458,True,677,8457
8459,True,677,8458
8460,True,677,8459
8461,True,677,8460
8462,False,677,8461
8463,True,677,8462
8464,False,677,8463
8465,True,677,8464
8466,True,677,8465
8467,True,678,8466
8468,False,678,8467
8469,True,678,8468
8470,False,678,8469
8471,True,678,8470
8472,False,678,8471
8473,True,678,8472
8474,True,678,8473
8475,True,678,8474
8476,True,678,8475
8477,True,678,8476
8478,True,678,8477
8479,True,679,8478
8480,True,679,8479
8481,True,679,8480
8482,True,679,8481
8483,True,679,8482
8484,False,679,8483
8485,True,679,8484
8486,False,679,8485
8487,True,679,8486
8488,True,679,8487
8489,False,679,8488
8490,False,679,8489
8491,True,679,8490
8492,False,679,8491
8493,True,679,8492
8494,True,680,8493
8495,True,680,8494
8496,False,680,8495
8497,True,680,8496
8498,True,680,8497
8499,False,680,8498
8500,True,680,8499
8501,True,680,8500
8502,True,680,8501
8503,True,680,8502
8504,True,680,8503
8505,True,680,8504
8506,True,680,8505
8507,True,681,8506
8508,True,681,8507
8509,False,681,8508
8510,False,681,8509
8511,True,681,8510
8512,False,681,8511
8513,False,681,8512
8514,False,681,8513
8515,True,681,8514
8516,False,681,8515
8517,True,681,8516
8518,True,681,8517
8519,False,682,8518
8520,False,682,8519
8521,False,682,8520
8522,False,682,8521
8523,True,682,8522
8524,True,682,8523
8525,True,682,8524
8526,True,682,8525
8527,True,682,8526
8528,True,682,8527
8529,True,682,8528
8530,True,682,8529
8531,True,682,8530
8532,False,682,8531
8533,True,682,8532
8534,True,683,8533
8535,True,683,8534
8536,True,683,8535
8537,True,683,8536
8538,True,683,8537
8539,False,683,8538
8540,False,683,8539
8541,False,683,8540
8542,True,683,8541
8543,False,683,8542
8544,True,683,8543
8545,True,683,8544
8546,True,683,8545
8547,False,683,8546
8548,False,683,8547
8549,True,684,8548
8550,True,684,8549
8551,False,684,8550
8552,True,684,8551
8553,True,684,8552
8554,True,684,8553
8555,True,684,8554
8556,True,684,8555
8557,True,684,8556
8558,True,684,8557
8559,True,684,8558
8560,True,684,8559
8561,True,685,8560
8562,False,685,8561
8563,False,685,8562
8564,True,685,8563
8565,True,685,8564
8566,True,685,8565
8567,False,685,8566
8568,True,685,8567
8569,True,685,8568
8570,False,685,8569
8571,True,685,8570
8572,False,686,8571
8573,True,686,8572
8574,False,686,8573
8575,True,686,8574
8576,False,686,8575
8577,True,686,8576
8578,True,686,8577
8579,True,686,8578
8580,True,686,8579
8581,False,686,8580
8582,False,686,8581
8583,True,686,8582
8584,True,686,8583
8585,True,687,8584
8586,True,687,8585
8587,True,687,8586
8588,False,687,8587
8589,True,687,8588
8590,False,687,8589
8591,True,687,8590
8592,False,687,8591
8593,False,687,8592
8594,False,687,8593
8595,True,688,8594
8596,False,688,8595
8597,True,688,8596
8598,False,688,8597
8599,True,688,8598
8600,True,688,8599
8601,True,688,8600
8602,True,688,8601
8603,True,688,8602
8604,True,688,8603
8605,True,688,8604
8606,True,688,8605
8607,False,689,8606
8608,True,689,8607
8609,False,689,8608
8610,True,689,8609
8611,True,689,8610
8612,False,689,8611
8613,False,689,8612
8614,True,689,8613
8615,False,689,8614
8616,True,689,8615
8617,False,689,8616
8618,True,690,8617
8619,False,690,8618
8620,False,690,8619
8621,False,690,8620
8622,False,690,8621
8623,True,690,8622
8624,True,690,8623
8625,True,690,8624
8626,True,690,8625
8627,False,690,8626
8628,True,690,8627
8629,True,690,8628
8630,False,690,8629
8631,False,690,8630
8632,False,690,8631
8633,True,691,8632
8634,False,691,8633
8635,True,691,8634
8636,False,691,8635
8637,True,691,8636
8638,False,691,8637
8639,True,691,8638
8640,True,691,8639
8641,True,691,8640
8642,True,691,8641
8643,True,691,8642
8644,True,691,8643
8645,True,691,8644
8646,False,692,8645
8647,False,692,8646
8648,True,692,8647
8649,False,692,8648
8650,True,692,8649
8651,True,692,8650
8652,False,692,8651
8653,True,692,8652
8654,True,692,8653
8655,True,692,8654
8656,False,692,8655
8657,True,692,8656
8658,True,692,8657
8659,True,693,8658
8660,True,693,8659
8661,True,693,8660
8662,True,693,8661
8663,False,693,8662
8664,True,693,8663
8665,True,693,8664
8666,False,693,8665
8667,True,693,8666
8668,True,693,8667
8669,False,693,8668
8670,True,693,8669
8671,True,693,8670
8672,True,693,8671
8673,False,694,8672
8674,True,694,8673
8675,True,694,8674
8676,True,694,8675
8677,True,694,8676
8678,True,694,8677
8679,False,694,8678
8680,True,694,8679
8681,False,694,8680
8682,False,694,8681
8683,True,694,8682
8684,True,694,8683
8685,True,694,8684
8686,True,694,8685
8687,True,695,8686
8688,True,695,8687
8689,False,695,8688
8690,True,695,8689
8691,False,695,8690
8692,False,695,8691
8693,False,695,8692
8694,False,695,8693
8695,True,695,8694
8696,True,695,8695
8697,True,695,8696
8698,False,695,8697
8699,True,695,8698
8700,True,695,8699
8701,True,695,8700
8702,True,696,8701
8703,True,696,8702
8704,False,696,8703
8705,True,696,8704
8706,False,696,8705
8707,True,696,8706
8708,True,696,8707
8709,True,696,8708
8710,True,696,8709
8711,True,696,8710
8712,False,696,8711
8713,True,696,8712
8714,True,696,8713
8715,True,696,8714
8716,True,697,8715
8717,True,697,8716
8718,False,697,8717
8719,True,697,8718
8720,True,697,8719
8721,True,697,8720
8722,True,697,8721
8723,True,697,8722
8724,False,697,8723
8725,False,697,8724
8726,True,697,8725
8727,True,698,8726
8728,True,698,8727
8729,True,698,8728
8730,True,698,8729
8731,True,698,8730
8732,True,698,8731
8733,True,698,8732
8734,True,698,8733
8735,False,698,8734
8736,True,698,8735
8737,False,698,8736
8738,True,698,8737
8739,True,699,8738
8740,False,699,8739
8741,False,699,8740
8742,True,699,8741
8743,False,699,8742
8744,True,699,8743
8745,True,699,8744
8746,True,699,8745
8747,True,699,8746
8748,True,699,8747
8749,False,699,8748
8750,False,699,8749
8751,True,700,8750
8752,True,700,8751
8753,False,700,8752
8754,True,700,8753
8755,True,700,8754
8756,True,700,8755
8757,False,700,8756
8758,False,700,8757
8759,True,700,8758
8760,True,700,8759
8761,False,701,8760
8762,False,701,8761
8763,False,701,8762
8764,True,701,8763
8765,True,701,8764
8766,True,701,8765
8767,True,701,8766
8768,False,701,8767
8769,False,701,8768
8770,False,701,8769
8771,False,701,8770
8772,False,701,8771
8773,True,701,8772
8774,True,701,8773
8775,True,701,8774
8776,True,702,8775
8777,False,702,8776
8778,False,702,8777
8779,False,702,8778
8780,True,702,8779
8781,False,702,8780
8782,True,702,8781
8783,False,702,8782
8784,True,702,8783
8785,True,702,8784
8786,True,702,8785
8787,True,702,8786
8788,True,702,8787
8789,True,702,8788
8790,True,702,8789
8791,True,703,8790
8792,True,703,8791
8793,True,703,8792
8794,False,703,8793
8795,False,703,8794
8796,True,703,8795
8797,True,703,8796
8798,True,703,8797
8799,True,703,8798
8800,True,703,8799
8801,False,703,8800
8802,False,703,8801
8803,False,704,8802
8804,True,704,8803
8805,True,704,8804
8806,True,704,8805
8807,True,704,8806
8808,False,704,8807
8809,True,704,8808
8810,True,704,8809
8811,False,704,8810
8812,True,704,8811
8813,True,705,8812
8814,True,705,8813
8815,True,705,8814
8816,False,705,8815
8817,True,705,8816
8818,True,705,8817
8819,False,705,8818
8820,True,705,8819
8821,True,705,8820
8822,False,705,8821
8823,True,705,8822
8824,True,705,8823
8825,False,705,8824
8826,True,706,8825
8827,True,706,8826
8828,False,706,8827
8829,True,706,8828
8830,True,706,8829
8831,True,706,8830
8832,False,706,8831
8833,True,706,8832
8834,True,706,8833
8835,True,706,8834
8836,False,706,8835
8837,True,706,8836
8838,True,706,8837
8839,True,706,8838
8840,True,707,8839
8841,True,707,8840
8842,True,707,8841
8843,True,707,8842
8844,True,707,8843
8845,True,707,8844
8846,True,707,8845
8847,False,707,8846
8848,False,707,8847
8849,True,707,8848
8850,True,707,8849
8851,True,707,8850
8852,True,707,8851
8853,True,707,8852
8854,True,707,8853
8855,True,708,8854
8856,True,708,8855
8857,False,708,8856
8858,False,708,8857
8859,True,708,8858
8860,False,708,8859
8861,False,708,8860
8862,True,708,8861
8863,True,708,8862
8864,True,708,8863
8865,True,708,8864
8866,True,709,8865
8867,False,709,8866
8868,False,709,8867
8869,False,709,8868
8870,False,709,8869
8871,True,709,8870
8872,True,709,8871
8873,True,709,8872
8874,True,709,8873
8875,False,709,8874
8876,False,709,8875
8877,False,709,8876
8878,True,709,8877
8879,True,709,8878
8880,False,709,8879
8881,True,710,8880
8882,True,710,8881
8883,True,710,8882
8884,False,710,8883
8885,False,710,8884
8886,True,710,8885
8887,True,710,8886
8888,False,710,8887
8889,True,710,8888
8890,True,710,8889
8891,True,710,8890
8892,False,710,8891
8893,False,710,8892
8894,False,710,8893
8895,True,710,8894
8896,False,711,8895
8897,True,711,8896
8898,False,711,8897
8899,True,711,8898
8900,False,711,8899
8901,True,711,8900
8902,True,711,8901
8903,False,711,8902
8904,True,711,8903
8905,False,711,8904
8906,False,711,8905
8907,False,711,8906
8908,False,711,8907
8909,True,711,8908
8910,False,712,8909
8911,True,712,8910
8912,True,712,8911
8913,False,712,8912
8914,False,712,8913
8915,True,712,8914
8916,True,712,8915
8917,True,712,8916
8918,True,712,8917
8919,True,712,8918
8920,True,712,8919
8921,True,712,8920
8922,True,712,8921
8923,False,713,8922
8924,True,713,8923
8925,False,713,8924
8926,False,713,8925
8927,False,713,8926
8928,True,713,8927
8929,False,713,8928
8930,True,713,8929
8931,True,713,8930
8932,True,713,8931
8933,True,714,8932
8934,False,714,8933
8935,True,714,8934
8936,True,714,8935
8937,False,714,8936
8938,True,714,8937
8939,False,714,8938
8940,True,714,8939
8941,True,714,8940
8942,True,714,8941
8943,True,714,8942
8944,False,714,8943
8945,False,714,8944
8946,True,714,8945
8947,True,715,8946
8948,True,715,8947
8949,False,715,8948
8950,True,715,8949
8951,True,715,8950
8952,True,715,8951
8953,True,715,8952
8954,True,715,8953
8955,False,715,8954
8956,True,715,8955
8957,True,715,8956
8958,True,715,8957
8959,True,715,8958
8960,False,716,8959
8961,True,716,8960
8962,False,716,8961
8963,True,716,8962
8964,True,716,8963
8965,True,716,8964
8966,True,716,8965
8967,True,716,8966
8968,True,716,8967
8969,True,716,8968
8970,True,716,8969
8971,False,716,8970
8972,True,716,8971
8973,False,716,8972
8974,False,716,8973
8975,False,717,8974
8976,False,717,8975
8977,False,717,8976
8978,True,717,8977
8979,True,717,8978
8980,True,717,8979
8981,False,717,8980
8982,True,717,8981
8983,False,717,8982
8984,False,717,8983
8985,True,717,8984
8986,True,717,8985
8987,True,717,8986
8988,False,717,8987
8989,True,717,8988
8990,True,718,8989
8991,True,718,8990
8992,False,718,8991
8993,True,718,8992
8994,True,718,8993
8995,True,718,8994
8996,True,718,8995
8997,True,718,8996
8998,False,718,8997
8999,False,718,8998
9000,True,718,8999
9001,True,718,9000
9002,False,718,9001
9003,True,719,9002
9004,True,719,9003
9005,False,719,9004
9006,True,719,9005
9007,False,719,9006
9008,True,719,9007
9009,True,719,9008
9010,False,719,9009
9011,True,719,9010
9012,True,719,9011
9013,True,719,9012
9014,True,719,9013
9015,True,719,9014
9016,True,720,9015
9017,True,720,9016
9018,False,720,9017
9019,True,720,9018
9020,True,720,9019
9021,True,720,9020
9022,True,720,9021
9023,True,720,9022
9024,True,720,9023
9025,True,720,9024
9026,True,720,9025
9027,False,721,9026
9028,True,721,9027
9029,False,721,9028
9030,True,721,9029
9031,True,721,9030
9032,True,721,9031
9033,True,721,9032
9034,True,721,9033
9035,True,721,9034
9036,True,721,9035
9037,True,721,9036
9038,False,721,9037
9039,False,721,9038
9040,False,722,9039
9041,True,722,9040
9042,True,722,9041
9043,True,722,9042
9044,False,722,9043
9045,True,722,9044
9046,False,722,9045
9047,False,722,9046
9048,True,722,9047
9049,True,722,9048
9050,False,722,9049
9051,True,722,9050
9052,True,722,9051
9053,True,723,9052
9054,True,723,9053
9055,True,723,9054
9056,True,723,9055
9057,True,723,9056
9058,True,723,9057
9059,True,723,9058
9060,True,723,9059
9061,True,723,9060
9062,True,723,9061
9063,False,723,9062
9064,True,723,9063
9065,False,724,9064
9066,True,724,9065
9067,True,724,9066
9068,False,724,9067
9069,True,724,9068
9070,True,724,9069
9071,True,724,9070
9072,False,724,9071
9073,False,724,9072
9074,True,724,9073
9075,False,725,9074
9076,False,725,9075
9077,True,725,9076
9078,False,725,9077
9079,True,725,9078
9080,True,725,9079
9081,True,725,9080
9082,False,725,9081
9083,True,725,9082
9084,False,725,9083
9085,True,725,9084
9086,False,725,9085
9087,False,725,9086
9088,True,726,9087
9089,False,726,9088
9090,True,726,9089
9091,True,726,9090
9092,False,726,9091
9093,True,726,9092
9094,True,726,9093
9095,True,726,9094
9096,True,726,9095
9097,True,726,9096
9098,True,726,9097
9099,True,726,9098
9100,True,726,9099
9101,False,727,9100
9102,True,727,9101
9103,True,727,9102
9104,False,727,9103
9105,True,727,9104
9106,True,727,9105
9107,True,727,9106
9108,True,727,9107
9109,True,727,9108
9110,True,727,9109
9111,True,727,9110
9112,True,727,9111
9113,True,727,9112
9114,True,727,9113
9115,False,727,9114
9116,True,728,9115
9117,False,728,9116
9118,False,728,9117
9119,True,728,9118
9120,True,728,9119
9121,True,728,9120
9122,True,728,9121
9123,True,728,9122
9124,True,728,9123
9125,True,728,9124
9126,True,728,9125
9127,True,728,9126
9128,True,728,9127
9129,False,729,9128
9130,True,729,9129
9131,True,729,9130
9132,True,729,9131
9133,True,729,9132
9134,False,729,9133
9135,False,729,9134
9136,True,729,9135
9137,True,729,9136
9138,True,729,9137
9139,True,729,9138
9140,False,729,9139
9141,True,729,9140
9142,True,729,9141
9143,False,730,9142
9144,False,730,9143
9145,False,730,9144
9146,True,730,9145
9147,False,730,9146
9148,True,730,9147
9149,True,730,9148
9150,True,730,9149
9151,True,730,9150
9152,True,730,9151
9153,True,730,9152
9154,True,730,9153
9155,True,730,9154
9156,True,730,9155
9157,False,731,9156
9158,False,731,9157
9159,False,731,9158
9160,True,731,9159
9161,True,731,9160
9162,False,731,9161
9163,False,731,9162
9164,False,731,9163
9165,True,731,9164
9166,True,731,9165
9167,False,731,9166
9168,False,731,9167
9169,True,731,9168
9170,True,732,9169
9171,True,732,9170
9172,True,732,9171
9173,True,732,9172
9174,False,732,9173
9175,True,732,9174
9176,False,732,9175
9177,True,732,9176
9178,True,732,9177
9179,False,732,9178
9180,True,733,9179
9181,True,733,9180
9182,True,733,9181
9183,True,733,9182
9184,True,733,9183
9185,False,733,9184
9186,True,733,9185
9187,False,733,9186
9188,True,733,9187
9189,False,733,9188
9190,False,733,9189
9191,True,734,9190
9192,True,734,9191
9193,False,734,9192
9194,True,734,9193
9195,True,734,9194
9196,True,734,9195
9197,True,734,9196
9198,False,734,9197
9199,True,734,9198
9200,True,734,9199
9201,True,734,9200
9202,False,734,9201
9203,True,735,9202
9204,True,735,9203
9205,False,735,9204
9206,True,735,9205
9207,True,735,9206
9208,True,735,9207
9209,False,735,9208
9210,True,735,9209
9211,True,735,9210
9212,True,735,9211
9213,True,735,9212
9214,False,736,9213
9215,True,736,9214
9216,False,736,9215
9217,True,736,9216
9218,False,736,9217
9219,True,736,9218
9220,True,736,9219
9221,False,736,9220
9222,False,736,9221
9223,False,736,9222
9224,False,737,9223
9225,False,737,9224
9226,True,737,9225
9227,True,737,9226
9228,False,737,9227
9229,True,737,9228
9230,True,737,9229
9231,True,737,9230
9232,True,737,9231
9233,True,737,9232
9234,True,737,9233
9235,False,738,9234
9236,True,738,9235
9237,True,738,9236
9238,True,738,9237
9239,True,738,9238
9240,True,738,9239
9241,True,738,9240
9242,False,738,9241
9243,True,738,9242
9244,True,738,9243
9245,True,739,9244
9246,True,739,9245
9247,False,739,9246
9248,True,739,9247
9249,True,739,9248
9250,True,739,9249
9251,True,739,9250
9252,False,739,9251
9253,True,739,9252
9254,True,739,9253
9255,True,739,9254
9256,True,739,9255
9257,False,739,9256
9258,False,739,9257
9259,False,740,9258
9260,True,740,9259
9261,True,740,9260
9262,True,740,9261
9263,True,740,9262
9264,False,740,9263
9265,True,740,9264
9266,True,740,9265
9267,True,740,9266
9268,False,740,9267
9269,False,740,9268
9270,False,741,9269
9271,False,741,9270
9272,False,741,9271
9273,True,741,9272
9274,True,741,9273
9275,True,741,9274
9276,False,741,9275
9277,True,741,9276
9278,True,741,9277
9279,False,741,9278
9280,True,741,9279
9281,True,741,9280
9282,True,741,9281
9283,True,742,9282
9284,True,742,9283
9285,True,742,9284
9286,True,742,9285
9287,False,742,9286
9288,True,742,9287
9289,True,742,9288
9290,True,742,9289
9291,True,742,9290
9292,False,742,9291
9293,True,742,9292
9294,False,742,9293
9295,True,742,9294
9296,True,742,9295
9297,True,743,9296
9298,False,743,9297
9299,True,743,9298
9300,True,743,9299
9301,True,743,9300
9302,False,743,9301
9303,False,743,9302
9304,True,743,9303
9305,False,743,9304
9306,True,743,9305
9307,False,743,9306
9308,False,744,9307
9309,True,744,9308
9310,True,744,9309
9311,True,744,9310
9312,True,744,9311
9313,True,744,9312
9314,True,744,9313
9315,True,744,9314
9316,True,744,9315
9317,True,744,9316
9318,False,744,9317
9319,True,745,9318
9320,False,745,9319
9321,True,745,9320
9322,True,745,9321
9323,True,745,9322
9324,True,745,9323
9325,True,745,9324
9326,False,745,9325
9327,True,745,9326
9328,True,745,9327
9329,True,745,9328
9330,False,745,9329
9331,True,746,9330
9332,False,746,9331
9333,True,746,9332
9334,False,746,9333
9335,True,746,9334
9336,False,746,9335
9337,True,746,9336
9338,False,746,9337
9339,True,746,9338
9340,False,746,9339
9341,True,746,9340
9342,True,746,9341
9343,False,746,9342
9344,False,746,9343
9345,True,746,9344
9346,True,747,9345
9347,True,747,9346
9348,True,747,9347
9349,False,747,9348
9350,False,747,9349
9351,False,747,9350
9352,True,747,9351
9353,False,747,9352
9354,True,747,9353
9355,True,747,9354
9356,True,748,9355
9357,True,748,9356
9358,True,748,9357
9359,True,748,9358
9360,True,748,9359
9361,True,748,9360
9362,True,748,9361
9363,True,748,9362
9364,True,748,9363
9365,False,748,9364
9366,True,748,9365
9367,True,749,9366
9368,False,749,9367
9369,True,749,9368
9370,True,749,9369
9371,False,749,9370
9372,True,749,9371
9373,True,749,9372
9374,True,749,9373
9375,True,749,9374
9376,False,749,9375
9377,True,749,9376
9378,True,749,9377
9379,True,749,9378
9380,False,750,9379
9381,True,750,9380
9382,True,750,9381
9383,True,750,9382
9384,True,750,9383
9385,False,750,9384
9386,True,750,9385
9387,True,750,9386
9388,True,750,9387
9389,True,750,9388
9390,False,750,9389
9391,False,750,9390
9392,True,750,9391
9393,True,750,9392
9394,True,750,9393
9395,True,751,9394
9396,True,751,9395
9397,True,751,9396
9398,True,751,9397
9399,False,751,9398
9400,True,751,9399
9401,True,751,9400
9402,False,751,9401
9403,True,751,9402
9404,True,751,9403
9405,True,751,9404
9406,True,751,9405
9407,True,751,9406
9408,True,751,9407
9409,True,752,9408
9410,True,752,9409
9411,True,752,9410
9412,True,752,9411
9413,True,752,9412
9414,True,752,9413
9415,False,752,9414
9416,True,752,9415
9417,True,752,9416
9418,True,752,9417
9419,False,752,9418
9420,True,752,9419
9421,False,753,9420
9422,True,753,9421
9423,True,753,9422
9424,False,753,9423
9425,True,753,9424
9426,True,753,9425
9427,True,753,9426
9428,True,753,9427
9429,False,753,9428
9430,False,753,9429
9431,True,753,9430
9432,False,753,9431
9433,True,753,9432
9434,True,754,9433
9435,True,754,9434
9436,True,754,9435
9437,False,754,9436
9438,True,754,9437
9439,False,754,9438
9440,False,754,9439
9441,False,754,9440
9442,True,754,9441
9443,True,754,9442
9444,True,754,9443
9445,True,754,9444
9446,True,755,9445
9447,True,755,9446
9448,True,755,9447
9449,True,755,9448
9450,True,755,9449
9451,True,755,9450
9452,True,755,9451
9453,False,755,9452
9454,True,755,9453
9455,False,755,9454
9456,True,755,9455
9457,True,756,9456
9458,True,756,9457
9459,True,756,9458
9460,True,756,9459
9461,False,756,9460
9462,False,756,9461
9463,True,756,9462
9464,False,756,9463
9465,True,756,9464
9466,True,756,9465
9467,False,756,9466
9468,True,756,9467
9469,True,757,9468
9470,True,757,9469
9471,True,757,9470
9472,True,757,9471
9473,True,757,9472
9474,True,757,9473
9475,True,757,9474
9476,True,757,9475
9477,True,757,9476
9478,True,757,9477
9479,False,757,9478
9480,True,758,9479
9481,True,758,9480
9482,False,758,9481
9483,False,758,9482
9484,True,758,9483
9485,True,758,9484
9486,True,758,9485
9487,True,758,9486
9488,True,758,9487
9489,False,758,9488
9490,True,758,9489
9491,False,758,9490
9492,False,758,9491
9493,True,758,9492
9494,True,758,9493
9495,False,759,9494
9496,True,759,9495
9497,True,759,9496
9498,True,759,9497
9499,True,759,9498
9500,True,759,9499
9501,True,759,9500
9502,True,759,9501
9503,True,759,9502
9504,True,759,9503
9505,True,759,9504
9506,True,759,9505
9507,False,759,9506
9508,False,759,9507
9509,False,760,9508
9510,True,760,9509
9511,True,760,9510
9512,True,760,9511
9513,True,760,9512
9514,True,760,9513
9515,True,760,9514
9516,True,760,9515
9517,False,760,9516
9518,False,760,9517
9519,True,760,9518
9520,True,760,9519
9521,True,760,9520
9522,False,761,9521
9523,False,761,9522
9524,True,761,9523
9525,True,761,9524
9526,False,761,9525
9527,False,761,9526
9528,False,761,9527
9529,True,761,9528
9530,True,761,9529
9531,True,761,9530
9532,False,762,9531
9533,True,762,9532
9534,True,762,9533
9535,True,762,9534
9536,False,762,9535
9537,False,762,9536
9538,True,762,9537
9539,True,762,9538
9540,True,762,9539
9541,True,762,9540
9542,True,762,9541
9543,False,762,9542
9544,True,763,9543
9545,False,763,9544
9546,True,763,9545
9547,True,763,9546
9548,False,763,9547
9549,True,763,9548
9550,True,763,9549
9551,True,763,9550
9552,False,763,9551
9553,False,763,9552
9554,True,764,9553
9555,False,764,9554
9556,False,764,9555
9557,False,764,9556
9558,True,764,9557
9559,True,764,9558
9560,False,764,9559
9561,True,764,9560
9562,True,764,9561
9563,True,764,9562
9564,True,765,9563
9565,False,765,9564
9566,True,765,9565
9567,False,765,9566
9568,True,765,9567
9569,False,765,9568
9570,False,765,9569
9571,False,765,9570
9572,True,765,9571
9573,True,765,9572
9574,False,765,9573
9575,True,765,9574
9576,True,766,9575
9577,True,766,9576
9578,True,766,9577
9579,False,766,9578
9580,True,766,9579
9581,True,766,9580
9582,True,766,9581
9583,True,766,9582
9584,False,766,9583
9585,True,766,9584
9586,True,766,9585
9587,True,766,9586
9588,False,766,9587
9589,False,766,9588
9590,True,767,9589
9591,True,767,9590
9592,True,767,9591
9593,True,767,9592
9594,False,767,9593
9595,False,767,9594
9596,True,767,9595
9597,False,767,9596
9598,True,767,9597
9599,False,767,9598
9600,True,767,9599
9601,True,768,9600
9602,True,768,9601
9603,True,768,9602
9604,True,768,9603
9605,True,768,9604
9606,True,768,9605
9607,False,768,9606
9608,False,768,9607
9609,False,768,9608
9610,False,768,9609
9611,True,768,9610
9612,False,768,9611
9613,True,768,9612
9614,False,768,9613
9615,True,769,9614
9616,True,769,9615
9617,False,769,9616
9618,True,769,9617
9619,False,769,9618
9620,True,769,9619
9621,False,769,9620
9622,True,769,9621
9623,True,769,9622
9624,True,769,9623
9625,True,769,9624
9626,True,770,9625
9627,False,770,9626
9628,False,770,9627
9629,False,770,9628
9630,True,770,9629
9631,True,770,9630
9632,False,770,9631
9633,True,770,9632
9634,False,770,9633
9635,True,770,9634
9636,False,771,9635
9637,True,771,9636
9638,True,771,9637
9639,True,771,9638
9640,True,771,9639
9641,False,771,9640
9642,False,771,9641
9643,False,771,9642
9644,True,771,9643
9645,True,771,9644
9646,False,771,9645
9647,False,771,9646
9648,False,771,9647
9649,True,771,9648
9650,True,771,9649
9651,False,772,9650
9652,False,772,9651
9653,True,772,9652
9654,True,772,9653
9655,False,772,9654
9656,True,772,9655
9657,True,772,9656
9658,False,772,9657
9659,True,772,9658
9660,True,772,9659
9661,True,773,9660
9662,True,773,9661
9663,False,773,9662
9664,False,773,9663
9665,False,773,9664
9666,True,773,9665
9667,True,773,9666
9668,True,773,9667
9669,True,773,9668
9670,False,773,9669
9671,True,773,9670
9672,True,773,9671
9673,True,773,9672
9674,True,774,9673
9675,True,774,9674
9676,True,774,9675
9677,False,774,9676
9678,False,774,9677
9679,False,774,9678
9680,True,774,9679
9681,False,774,9680
9682,False,774,9681
9683,True,774,9682
9684,True,774,9683
9685,True,774,9684
9686,True,774,9685
9687,True,774,9686
9688,True,775,9687
9689,True,775,9688
9690,False,775,9689
9691,False,775,9690
9692,True,775,9691
9693,True,775,9692
9694,True,775,9693
9695,False,775,9694
9696,True,775,9695
9697,True,775,9696
9698,False,775,9697
9699,True,775,9698
9700,True,776,9699
9701,False,776,9700
9702,True,776,9701
9703,False,776,9702
9704,False,776,9703
9705,True,776,9704
9706,True,776,9705
9707,True,776,9706
9708,True,776,9707
9709,True,776,9708
9710,True,776,9709
9711,True,777,9710
9712,True,777,9711
9713,True,777,9712
9714,True,777,9713
9715,True,777,9714
9716,False,777,9715
9717,True,777,9716
9718,True,777,9717
9719,False,777,9718
9720,False,777,9719
9721,False,777,9720
9722,True,777,9721
9723,True,777,9722
9724,True,777,9723
9725,True,778,9724
9726,True,778,9725
9727,False,778,9726
9728,True,778,9727
9729,True,778,9728
9730,False,778,9729
9731,True,778,9730
9732,True,778,9731
9733,True,778,9732
9734,True,778,9733
9735,False,778,9734
9736,True,778,9735
9737,False,778,9736
9738,True,778,9737
9739,False,779,9738
9740,True,779,9739
9741,True,779,9740
9742,True,779,9741
9743,True,779,9742
9744,True,779,9743
9745,False,779,9744
9746,False,779,9745
9747,True,779,9746
9748,False,779,9747
9749,False,779,9748
9750,False,779,9749
9751,False,780,9750
9752,False,780,9751
9753,True,780,9752
9754,False,780,9753
9755,False,780,9754
9756,False,780,9755
9757,False,780,9756
9758,True,780,9757
9759,True,780,9758
9760,True,780,9759
9761,True,780,9760
9762,False,780,9761
9763,False,780,9762
9764,True,780,9763
9765,True,780,9764
9766,True,781,9765
9767,True,781,9766
9768,False,781,9767
9769,True,781,9768
9770,False,781,9769
9771,True,781,9770
9772,False,781,9771
9773,False,781,9772
9774,False,781,9773
9775,True,781,9774
9776,True,781,9775
9777,False,782,9776
9778,True,782,9777
9779,True,782,9778
9780,False,782,9779
9781,True,782,9780
9782,True,782,9781
9783,True,782,9782
9784,False,782,9783
9785,True,782,9784
9786,True,782,9785
9787,True,782,9786
9788,True,782,9787
9789,True,782,9788
9790,False,782,9789
9791,False,783,9790
9792,True,783,9791
9793,True,783,9792
9794,True,783,9793
9795,True,783,9794
9796,True,783,9795
9797,False,783,9796
9798,True,783,9797
9799,False,783,9798
9800,True,783,9799
9801,True,783,9800
9802,True,783,9801
9803,True,783,9802
9804,False,783,9803
9805,False,784,9804
9806,False,784,9805
9807,True,784,9806
9808,True,784,9807
9809,True,784,9808
9810,True,784,9809
9811,True,784,9810
9812,False,784,9811
9813,False,784,9812
9814,False,784,9813
9815,True,785,9814
9816,True,785,9815
9817,False,785,9816
9818,True,785,9817
9819,True,785,9818
9820,True,785,9819
9821,True,785,9820
9822,False,785,9821
9823,True,785,9822
9824,False,785,9823
9825,True,785,9824
9826,False,785,9825
9827,False,786,9826
9828,False,786,9827
9829,False,786,9828
9830,True,786,9829
9831,False,786,9830
9832,False,786,9831
9833,False,786,9832
9834,True,786,9833
9835,True,786,9834
9836,True,786,9835
9837,True,786,9836
9838,True,786,9837
9839,True,786,9838
9840,True,786,9839
9841,False,786,9840
9842,True,787,9841
9843,True,787,9842
9844,True,787,9843
9845,True,787,9844
9846,True,787,9845
9847,True,787,9846
9848,False,787,9847
9849,True,787,9848
9850,True,787,9849
9851,False,787,9850
9852,False,787,9851
9853,True,788,9852
9854,True,788,9853
9855,True,788,9854
9856,False,788,9855
9857,True,788,9856
9858,True,788,9857
9859,False,788,9858
9860,True,788,9859
9861,True,788,9860
9862,True,788,9861
9863,True,788,9862
9864,True,788,9863
9865,False,788,9864
9866,False,788,9865
9867,True,789,9866
9868,True,789,9867
9869,True,789,9868
9870,True,789,9869
9871,True,789,9870
9872,True,789,9871
9873,False,789,9872
9874,True,789,9873
9875,True,789,9874
9876,True,789,9875
9877,True,789,9876
9878,True,789,9877
9879,True,789,9878
9880,True,789,9879
9881,True,789,9880
9882,True,790,9881
9883,True,790,9882
9884,False,790,9883
9885,True,790,9884
9886,False,790,9885
9887,True,790,9886
9888,True,790,9887
9889,True,790,9888
9890,True,790,9889
9891,True,790,9890
9892,True,790,9891
9893,True,790,9892
9894,False,790,9893
9895,True,790,9894
9896,True,791,9895
9897,False,791,9896
9898,False,791,9897
9899,False,791,9898
9900,True,791,9899
9901,True,791,9900
9902,False,791,9901
9903,True,791,9902
9904,False,791,9903
9905,True,791,9904
9906,True,792,9905
9907,True,792,9906
9908,True,792,9907
9909,False,792,9908
9910,True,792,9909
9911,True,792,9910
9912,True,792,9911
9913,False,792,9912
9914,False,792,9913
9915,True,792,9914
9916,False,792,9915
9917,True,792,9916
9918,False,792,9917
9919,True,792,9918
9920,True,793,9919
9921,True,793,9920
9922,False,793,9921
9923,True,793,9922
9924,True,793,9923
9925,True,793,9924
9926,True,793,9925
9927,True,793,9926
9928,True,793,9927
9929,False,793,9928
9930,True,793,9929
9931,False,793,9930
9932,True,793,9931
9933,False,794,9932
9934,False,794,9933
9935,False,794,9934
9936,True,794,9935
9937,True,794,9936
9938,False,794,9937
9939,False,794,9938
9940,True,794,9939
9941,True,794,9940
9942,True,794,9941
9943,True,794,9942
9944,True,794,9943
9945,False,794,9944
9946,False,795,9945
9947,True,795,9946
9948,False,795,9947
9949,False,795,9948
9950,True,795,9949
9951,False,795,9950
9952,False,795,9951
9953,False,795,9952
9954,True,795,9953
9955,False,795,9954
9956,True,796,9955
9957,True,796,9956
9958,True,796,9957
9959,True,796,9958
9960,False,796,9959
9961,False,796,9960
9962,True,796,9961
9963,True,796,9962
9964,False,796,9963
9965,True,796,9964
9966,True,796,9965
9967,True,796,9966
9968,False,796,9967
9969,True,796,9968
9970,True,796,9969
9971,False,797,9970
9972,True,797,9971
9973,False,797,9972
9974,False,797,9973
9975,False,797,9974
9976,False,797,9975
9977,False,797,9976
9978,False,797,9977
9979,True,797,9978
9980,False,797,9979
9981,True,798,9980
9982,False,798,9981
9983,True,798,9982
9984,True,798,9983
9985,True,798,9984
9986,True,798,9985
9987,True,798,9986
9988,True,798,9987
9989,True,798,9988
9990,True,798,9989
9991,True,798,9990
9992,False,798,9991
9993,True,799,9992
9994,True,799,9993
9995,True,799,9994
9996,True,799,9995
9997,True,799,9996
9998,True,799,9997
9999,True,799,9998
10000,True,799,9999
10001,True,799,10000
10002,False,799,10001
10003,False,799,10002
10004,False,799,10003
10005,True,800,10004
10006,False,800,10005
10007,True,800,10006
10008,False,800,10007
10009,True,800,10008
10010,False,800,10009
10011,True,800,10010
10012,True,800,10011
10013,False,800,10012
10014,False,800,10013
10015,False,800,10014
10016,True,800,10015
10017,True,800,10016
10018,True,800,10017
10019,True,800,10018
10020,True,801,10019
10021,True,801,10020
10022,True,801,10021
10023,True,801,10022
10024,True,801,10023
10025,True,801,10024
10026,True,801,10025
10027,True,801,10026
10028,True,801,10027
10029,True,801,10028
10030,True,801,10029
10031,False,801,10030
10032,True,801,10031
10033,True,801,10032
10034,False,801,10033
10035,True,802,10034
10036,True,802,10035
10037,True,802,10036
10038,True,802,10037
10039,False,802,10038
10040,True,802,10039
10041,True,802,10040
10042,False,802,10041
10043,False,802,10042
10044,True,802,10043
10045,False,802,10044
10046,True,802,10045
10047,True,802,10046
10048,False,802,10047
10049,True,803,10048
10050,True,803,10049
10051,False,803,10050
10052,False,803,10051
10053,True,803,10052
10054,True,803,10053
10055,False,803,10054
10056,True,803,10055
10057,True,803,10056
10058,True,803,10057
10059,False,803,10058
10060,True,804,10059
10061,True,804,10060
10062,True,804,10061
10063,False,804,10062
10064,True,804,10063
10065,True,804,10064
10066,True,804,10065
10067,False,804,10066
10068,True,804,10067
10069,False,804,10068
10070,True,804,10069
10071,True,805,10070
10072,False,805,10071
10073,False,805,10072
10074,True,805,10073
10075,True,805,10074
10076,True,805,10075
10077,True,805,10076
10078,False,805,10077
10079,False,805,10078
10080,False,805,10079
10081,True,805,10080
10082,True,805,10081
10083,False,805,10082
10084,False,805,10083
10085,False,806,10084
10086,False,806,10085
10087,False,806,10086
10088,True,806,10087
10089,True,806,10088
10090,False,806,10089
10091,False,806,10090
10092,True,806,10091
10093,True,806,10092
10094,True,806,10093
10095,True,806,10094
10096,True,806,10095
10097,True,807,10096
10098,True,807,10097
10099,True,807,10098
10100,True,807,10099
10101,False,807,10100
10102,False,807,10101
10103,True,807,10102
10104,True,807,10103
10105,True,807,10104
10106,False,807,10105
10107,True,807,10106
10108,False,808,10107
10109,True,808,10108
10110,True,808,10109
10111,True,808,10110
10112,True,808,10111
10113,False,808,10112
10114,True,808,10113
10115,True,808,10114
10116,False,808,10115
10117,True,808,10116
10118,False,808,10117
10119,True,809,10118
10120,True,809,10119
10121,False,809,10120
10122,False,809,10121
10123,True,809,10122
10124,True,809,10123
10125,True,809,10124
10126,False,809,10125
10127,False,809,10126
10128,False,809,10127
10129,False,809,10128
10130,True,809,10129
10131,False,810,10130
10132,True,810,10131
10133,True,810,10132
10134,True,810,10133
10135,False,810,10134
10136,True,810,10135
10137,True,810,10136
10138,True,810,10137
10139,True,810,10138
10140,True,810,10139
10141,False,810,10140
10142,True,810,10141
10143,False,810,10142
10144,True,810,10143
10145,True,811,10144
10146,True,811,10145
10147,True,811,10146
10148,True,811,10147
10149,False,811,10148
10150,True,811,10149
10151,True,811,10150
10152,False,811,10151
10153,True,811,10152
10154,True,811,10153
10155,True,811,10154
10156,True,811,10155
10157,False,811,10156
10158,True,811,10157
10159,True,812,10158
10160,True,812,10159
10161,True,812,10160
10162,True,812,10161
10163,True,812,10162
10164,False,812,10163
10165,True,812,10164
10166,True,812,10165
10167,False,812,10166
10168,True,812,10167
10169,True,813,10168
10170,True,813,10169
10171,True,813,10170
10172,True,813,10171
10173,True,813,10172
10174,False,813,10173
10175,True,813,10174
10176,False,813,10175
10177,True,813,10176
10178,False,813,10177
10179,False,813,10178
10180,True,813,10179
10181,False,814,10180
10182,False,814,10181
10183,True,814,10182
10184,True,814,10183
10185,True,814,10184
10186,True,814,10185
10187,True,814,10186
10188,True,814,10187
10189,False,814,10188
10190,False,814,10189
10191,False,814,10190
10192,True,815,10191
10193,False,815,10192
10194,True,815,10193
10195,True,815,10194
10196,True,815,10195
10197,False,815,10196
10198,True,815,10197
10199,True,815,10198
10200,False,815,10199
10201,False,815,10200
10202,True,815,10201
10203,True,816,10202
10204,True,816,10203
10205,False,816,10204
10206,True,816,10205
10207,True,816,10206
10208,False,816,10207
10209,True,816,10208
10210,False,816,10209
10211,True,816,10210
10212,False,816,10211
10213,True,816,10212
10214,True,816,10213
10215,False,816,10214
10216,True,816,10215
10217,False,816,10216
10218,True,817,10217
10219,True,817,10218
10220,True,817,10219
10221,True,817,10220
10222,False,817,10221
10223,False,817,10222
10224,True,817,10223
10225,True,817,10224
10226,True,817,10225
10227,True,817,10226
10228,False,817,10227
10229,False,817,10228
10230,True,817,10229
10231,True,817,10230
10232,False,817,10231
10233,True,818,10232
10234,True,818,10233
10235,False,818,10234
10236,True,818,10235
10237,True,818,10236
10238,True,818,10237
10239,False,818,10238
10240,False,818,10239
10241,False,818,10240
10242,False,818,10241
10243,False,818,10242
10244,True,818,10243
10245,False,818,10244
10246,True,818,10245
10247,True,819,10246
10248,True,819,10247
10249,True,819,10248
10250,False,819,10249
10251,True,819,10250
10252,True,819,10251
10253,True,819,10252
10254,True,819,10253
10255,False,819,10254
10256,True,819,10255
10257,True,819,10256
10258,True,819,10257
10259,True,819,10258
10260,False,819,10259
10261,False,820,10260
10262,True,820,10261
10263,True,820,10262
10264,False,820,10263
10265,True,820,10264
10266,True,820,10265
10267,True,820,10266
10268,True,820,10267
10269,False,820,10268
10270,True,820,10269
10271,True,820,10270
10272,False,820,10271
10273,False,820,10272
10274,False,821,10273
10275,True,821,10274
10276,True,821,10275
10277,True,821,10276
10278,True,821,10277
10279,True,821,10278
10280,True,821,10279
10281,False,821,10280
10282,True,821,10281
10283,False,821,10282
10284,True,821,10283
10285,False,821,10284
10286,False,821,10285
10287,True,821,10286
10288,True,822,10287
10289,True,822,10288
10290,False,822,10289
10291,True,822,10290
10292,True,822,10291
10293,True,822,10292
10294,False,822,10293
10295,True,822,10294
10296,True,822,10295
10297,True,822,10296
10298,True,822,10297
10299,True,822,10298
10300,True,823,10299
10301,False,823,10300
10302,True,823,10301
10303,False,823,10302
10304,True,823,10303
10305,False,823,10304
10306,False,823,10305
10307,True,823,10306
10308,False,823,10307
10309,True,823,10308
10310,True,823,10309
10311,False,823,10310
10312,False,823,10311
10313,True,823,10312
10314,True,824,10313
10315,True,824,10314
10316,False,824,10315
10317,False,824,10316
10318,True,824,10317
10319,True,824,10318
10320,True,824,10319
10321,True,824,10320
10322,True,824,10321
10323,False,824,10322
10324,True,824,10323
10325,True,825,10324
10326,False,825,10325
10327,True,825,10326
10328,True,825,10327
10329,True,825,10328
10330,False,825,10329
10331,False,825,10330
10332,False,825,10331
10333,False,825,10332
10334,True,825,10333
10335,False,825,10334
10336,True,825,10335
10337,True,825,10336
10338,False,825,10337
10339,True,826,10338
10340,True,826,10339
10341,True,826,10340
10342,False,826,10341
10343,False,826,10342
10344,False,826,10343
10345,True,826,10344
10346,True,826,10345
10347,True,826,10346
10348,False,826,10347
10349,False,827,10348
10350,True,827,10349
10351,False,827,10350
10352,False,827,10351
10353,True,827,10352
10354,True,827,10353
10355,True,827,10354
10356,True,827,10355
10357,True,827,10356
10358,False,827,10357
10359,False,827,10358
10360,False,828,10359
10361,False,828,10360
10362,False,828,10361
10363,True,828,10362
10364,False,828,10363
10365,True,828,10364
10366,True,828,10365
10367,False,828,10366
10368,False,828,10367
10369,False,828,10368
10370,True,828,10369
10371,False,828,10370
10372,True,828,10371
10373,True,828,10372
10374,False,829,10373
10375,True,829,10374
10376,True,829,10375
10377,True,829,10376
10378,False,829,10377
10379,False,829,10378
10380,False,829,10379
10381,True,829,10380
10382,True,829,10381
10383,False,829,10382
10384,True,829,10383
10385,True,829,10384
10386,True,830,10385
10387,True,830,10386
10388,False,830,10387
10389,True,830,10388
10390,True,830,10389
10391,True,830,10390
10392,True,830,10391
10393,False,830,10392
10394,False,830,10393
10395,False,830,10394
10396,False,830,10395
10397,True,830,10396
10398,False,831,10397
10399,False,831,10398
10400,True,831,10399
10401,True,831,10400
10402,True,831,10401
10403,False,831,10402
10404,True,831,10403
10405,True,831,10404
10406,False,831,10405
10407,False,831,10406
10408,True,831,10407
10409,True,831,10408
10410,False,831,10409
10411,True,831,10410
10412,True,831,10411
10413,True,832,10412
10414,True,832,10413
10415,True,832,10414
10416,True,832,10415
10417,False,832,10416
10418,False,832,10417
10419,True,832,10418
10420,False,832,10419
10421,True,832,10420
10422,True,832,10421
10423,True,832,10422
10424,False,833,10423
10425,False,833,10424
10426,True,833,10425
10427,True,833,10426
10428,True,833,10427
10429,False,833,10428
10430,False,833,10429
10431,False,833,10430
10432,True,833,10431
10433,True,833,10432
10434,True,833,10433
10435,True,834,10434
10436,True,834,10435
10437,True,834,10436
10438,True,834,10437
10439,True,834,10438
10440,True,834,10439
10441,False,834,10440
10442,True,834,10441
10443,True,834,10442
10444,True,834,10443
10445,False,835,10444
10446,True,835,10445
10447,False,835,10446
10448,True,835,10447
10449,True,835,10448
10450,True,835,10449
10451,False,835,10450
10452,False,835,10451
10453,False,835,10452
10454,True,835,10453
10455,True,835,10454
10456,True,835,10455
10457,True,835,10456
10458,False,835,10457
10459,False,835,10458
10460,True,836,10459
10461,True,836,10460
10462,True,836,10461
10463,True,836,10462
10464,True,836,10463
10465,True,836,10464
10466,True,836,10465
10467,True,836,10466
10468,False,836,10467
10469,True,836,10468
10470,False,836,10469
10471,True,836,10470
10472,True,836,10471
10473,False,836,10472
10474,True,836,10473
10475,False,837,10474
10476,True,837,10475
10477,False,837,10476
10478,True,837,10477
10479,False,837,10478
10480,True,837,10479
10481,True,837,10480
10482,False,837,10481
10483,False,837,10482
10484,False,837,10483
10485,False,837,10484
10486,True,837,10485
10487,True,837,10486
10488,False,837,10487
10489,False,837,10488
10490,True,838,10489
10491,True,838,10490
10492,False,838,10491
10493,True,838,10492
10494,False,838,10493
10495,True,838,10494
10496,True,838,10495
10497,True,838,10496
10498,False,838,10497
10499,True,838,10498
10500,True,839,10499
10501,True,839,10500
10502,False,839,10501
10503,False,839,10502
10504,True,839,10503
10505,True,839,10504
10506,True,839,10505
10507,True,839,10506
10508,True,839,10507
10509,True,839,10508
10510,True,839,10509
10511,False,839,10510
10512,True,839,10511
10513,True,839,10512
10514,True,840,10513
10515,True,840,10514
10516,True,840,10515
10517,True,840,10516
10518,True,840,10517
10519,False,840,10518
10520,True,840,10519
10521,True,840,10520
10522,True,840,10521
10523,False,840,10522
10524,False,840,10523
10525,True,840,10524
10526,True,840,10525
10527,True,840,10526
10528,False,841,10527
10529,True,841,10528
10530,True,841,10529
10531,True,841,10530
10532,True,841,10531
10533,True,841,10532
10534,True,841,10533
10535,True,841,10534
10536,False,841,10535
10537,False,841,10536
10538,False,842,10537
10539,True,842,10538
10540,False,842,10539
10541,False,842,10540
10542,False,842,10541
10543,True,842,10542
10544,True,842,10543
10545,False,842,10544
10546,True,842,10545
10547,True,842,10546
10548,False,842,10547
10549,True,842,10548
10550,False,842,10549
10551,True,842,10550
10552,False,842,10551
10553,True,843,10552
10554,True,843,10553
10555,True,843,10554
10556,True,843,10555
10557,True,843,10556
10558,False,843,10557
10559,True,843,10558
10560,True,843,10559
10561,True,843,10560
10562,False,843,10561
10563,True,843,10562
10564,True,843,10563
10565,False,844,10564
10566,True,844,10565
10567,True,844,10566
10568,True,844,10567
10569,True,844,10568
10570,True,844,10569
10571,True,844,10570
10572,True,844,10571
10573,False,844,10572
10574,True,844,10573
10575,False,844,10574
10576,True,844,10575
10577,False,844,10576
10578,True,844,10577
10579,True,845,10578
10580,True,845,10579
10581,True,845,10580
10582,True,845,10581
10583,True,845,10582
10584,True,845,10583
10585,True,845,10584
10586,False,845,10585
10587,True,845,10586
10588,True,845,10587
10589,False,845,10588
10590,False,846,10589
10591,True,846,10590
10592,True,846,10591
10593,True,846,10592
10594,False,846,10593
10595,True,846,10594
10596,True,846,10595
10597,True,846,10596
10598,False,846,10597
10599,True,846,10598
10600,False,846,10599
10601,True,846,10600
10602,True,847,10601
10603,True,847,10602
10604,True,847,10603
10605,True,847,10604
10606,True,847,10605
10607,True,847,10606
10608,False,847,10607
10609,True,847,10608
10610,True,847,10609
10611,False,847,10610
10612,False,848,10611
10613,True,848,10612
10614,True,848,10613
10615,True,848,10614
10616,True,848,10615
10617,False,848,10616
10618,True,848,10617
10619,True,848,10618
10620,False,848,10619
10621,True,848,10620
10622,True,848,10621
10623,True,848,10622
10624,False,848,10623
10625,False,848,10624
10626,True,849,10625
10627,False,849,10626
10628,True,849,10627
10629,True,849,10628
10630,False,849,10629
10631,False,849,10630
10632,True,849,10631
10633,True,849,10632
10634,True,849,10633
10635,False,849,10634
10636,True,849,10635
10637,True,849,10636
10638,False,849,10637
10639,True,849,10638
10640,False,850,10639
10641,True,850,10640
10642,False,850,10641
10643,False,850,10642
10644,True,850,10643
10645,True,850,10644
10646,True,850,10645
10647,False,850,10646
10648,True,850,10647
10649,True,850,10648
10650,False,850,10649
10651,True,850,10650
10652,False,851,10651
10653,True,851,10652
10654,True,851,10653
10655,True,851,10654
10656,True,851,10655
10657,False,851,10656
10658,False,851,10657
10659,True,851,10658
10660,True,851,10659
10661,True,851,10660
10662,True,851,10661
10663,True,851,10662
10664,True,851,10663
10665,True,851,10664
10666,True,851,10665
10667,True,852,10666
10668,True,852,10667
10669,True,852,10668
10670,True,852,10669
10671,False,852,10670
10672,False,852,10671
10673,True,852,10672
10674,True,852,10673
10675,False,852,10674
10676,False,852,10675
10677,True,852,10676
10678,False,852,10677
10679,True,852,10678
10680,True,852,10679
10681,True,852,10680
10682,True,853,10681
10683,True,853,10682
10684,True,853,10683
10685,False,853,10684
10686,False,853,10685
10687,True,853,10686
10688,True,853,10687
10689,True,853,10688
10690,False,853,10689
10691,False,853,10690
10692,False,853,10691
10693,True,853,10692
10694,True,853,10693
10695,True,854,10694
10696,True,854,10695
10697,True,854,10696
10698,True,854,10697
10699,True,854,10698
10700,True,854,10699
10701,False,854,10700
10702,False,854,10701
10703,True,854,10702
10704,True,854,10703
10705,False,854,10704
10706,True,854,10705
10707,False,854,10706
10708,False,855,10707
10709,True,855,10708
10710,True,855,10709
10711,True,855,10710
10712,True,855,10711
10713,True,855,10712
10714,True,855,10713
10715,False,855,10714
10716,True,855,10715
10717,True,855,10716
10718,True,855,10717
10719,True,855,10718
10720,False,855,10719
10721,True,855,10720
10722,True,855,10721
10723,True,856,10722
10724,True,856,10723
10725,True,856,10724
10726,True,856,10725
10727,True,856,10726
10728,False,856,10727
10729,False,856,10728
10730,False,856,10729
10731,True,856,10730
10732,True,856,10731
10733,True,857,10732
10734,False,857,10733
10735,True,857,10734
10736,True,857,10735
10737,True,857,10736
10738,True,857,10737
10739,True,857,10738
10740,False,857,10739
10741,True,857,10740
10742,True,857,10741
10743,False,857,10742
10744,True,857,10743
10745,False,857,10744
10746,True,858,10745
10747,True,858,10746
10748,True,858,10747
10749,True,858,10748
10750,True,858,10749
10751,True,858,10750
10752,True,858,10751
10753,False,858,10752
10754,True,858,10753
10755,True,858,10754
10756,False,858,10755
10757,True,858,10756
10758,True,858,10757
10759,True,859,10758
10760,False,859,10759
10761,False,859,10760
10762,False,859,10761
10763,True,859,10762
10764,False,859,10763
10765,True,859,10764
10766,True,859,10765
10767,False,859,10766
10768,False,859,10767
10769,True,859,10768
10770,True,859,10769
10771,True,859,10770
10772,False,859,10771
10773,True,859,10772
10774,True,860,10773
10775,True,860,10774
10776,True,860,10775
10777,True,860,10776
10778,True,860,10777
10779,True,860,10778
10780,True,860,10779
10781,True,860,10780
10782,False,860,10781
10783,True,860,10782
10784,True,860,10783
10785,True,861,10784
10786,True,861,10785
10787,True,861,10786
10788,True,861,10787
10789,True,861,10788
10790,True,861,10789
10791,True,861,10790
10792,True,861,10791
10793,True,861,10792
10794,False,861,10793
10795,False,861,10794
10796,False,861,10795
10797,True,862,10796
10798,True,862,10797
10799,False,862,10798
10800,True,862,10799
10801,True,862,10800
10802,True,862,10801
10803,True,862,10802
10804,False,862,10803
10805,False,862,10804
10806,True,862,10805
10807,False,862,10806
10808,False,862,10807
10809,True,862,10808
10810,False,863,10809
10811,True,863,10810
10812,True,863,10811
10813,True,863,10812
10814,True,863,10813
10815,True,863,10814
10816,False,863,10815
10817,True,863,10816
10818,True,863,10817
10819,True,863,10818
10820,False,863,10819
10821,True,863,10820
10822,False,863,10821
10823,True,863,10822
10824,False,864,10823
10825,True,864,10824
10826,True,864,10825
10827,True,864,10826
10828,True,864,10827
10829,False,864,10828
10830,True,864,10829
10831,True,864,10830
10832,True,864,10831
10833,False,864,10832
10834,False,864,10833
10835,True,864,10834
10836,False,864,10835
10837,True,864,10836
10838,True,865,10837
10839,True,865,10838
10840,True,865,10839
10841,True,865,10840
10842,True,865,10841
10843,True,865,10842
10844,True,865,10843
10845,True,865,10844
10846,True,865,10845
10847,True,865,10846
10848,True,865,10847
10849,False,865,10848
10850,True,866,10849
10851,True,866,10850
10852,False,866,10851
10853,True,866,10852
10854,True,866,10853
10855,True,866,10854
10856,True,866,10855
10857,False,866,10856
10858,False,866,10857
10859,False,866,10858
10860,True,866,10859
10861,False,866,10860
10862,False,867,10861
10863,False,867,10862
10864,False,867,10863
10865,True,867,10864
10866,True,867,10865
10867,False,867,10866
10868,True,867,10867
10869,True,867,10868
10870,True,867,10869
10871,True,867,10870
10872,True,867,10871
10873,True,867,10872
10874,True,867,10873
10875,True,867,10874
10876,True,867,10875
10877,True,868,10876
10878,True,868,10877
10879,False,868,10878
10880,False,868,10879
10881,True,868,10880
10882,True,868,10881
10883,False,868,10882
10884,True,868,10883
10885,True,868,10884
10886,True,868,10885
10887,True,868,10886
10888,True,868,10887
10889,True,868,10888
10890,True,868,10889
10891,True,869,10890
10892,True,869,10891
10893,True,869,10892
10894,True,869,10893
10895,False,869,10894
10896,False,869,10895
10897,False,869,10896
10898,True,869,10897
10899,True,869,10898
10900,True,869,10899
10901,False,870,10900
10902,True,870,10901
10903,False,870,10902
10904,False,870,10903
10905,False,870,10904
10906,True,870,10905
10907,True,870,10906
10908,True,870,10907
10909,True,870,10908
10910,False,870,10909
10911,True,870,10910
10912,True,871,10911
10913,True,871,10912
10914,True,871,10913
10915,False,871,10914
10916,True,871,10915
10917,True,871,10916
10918,True,871,10917
10919,True,871,10918
10920,True,871,10919
10921,False,871,10920
10922,True,872,10921
10923,True,872,10922
10924,False,872,10923
10925,False,872,10924
10926,False,872,10925
10927,True,872,10926
10928,True,872,10927
10929,True,872,10928
10930,False,872,10929
10931,False,872,10930
10932,True,872,10931
10933,False,872,10932
10934,False,873,10933
10935,False,873,10934
10936,False,873,10935
10937,True,873,10936
10938,True,873,10937
10939,False,873,10938
10940,False,873,10939
10941,False,873,10940
10942,True,873,10941
10943,True,873,10942
10944,False,873,10943
10945,False,874,10944
10946,True,874,10945
10947,True,874,10946
10948,False,874,10947
10949,True,874,10948
10950,True,874,10949
10951,False,874,10950
10952,True,874,10951
10953,True,874,10952
10954,True,874,10953
10955,False,874,10954
10956,True,874,10955
10957,False,874,10956
10958,True,875,10957
10959,False,875,10958
10960,True,875,10959
10961,True,875,10960
10962,True,875,10961
10963,True,875,10962
10964,True,875,10963
10965,True,875,10964
10966,False,875,10965
10967,True,875,10966
10968,True,875,10967
10969,True,875,10968
10970,True,876,10969
10971,False,876,10970
10972,False,876,10971
10973,True,876,10972
10974,True,876,10973
10975,True,876,10974
10976,False,876,10975
10977,True,876,10976
10978,True,876,10977
10979,True,876,10978
10980,False,876,10979
10981,True,876,10980
10982,True,877,10981
10983,True,877,10982
10984,True,877,10983
10985,True,877,10984
10986,True,877,10985
10987,True,877,10986
10988,False,877,10987
10989,True,877,10988
10990,True,877,10989
10991,True,877,10990
10992,True,877,10991
10993,True,877,10992
10994,True,878,10993
10995,True,878,10994
10996,True,878,10995
10997,True,878,10996
10998,True,878,10997
10999,True,878,10998
11000,False,878,10999
11001,False,878,11000
11002,True,878,11001
11003,True,878,11002
11004,True,878,11003
11005,True,878,11004
11006,True,878,11005
11007,True,878,11006
11008,False,878,11007
11009,False,879,11008
11010,True,879,11009
11011,False,879,11010
11012,True,879,11011
11013,False,879,11012
11014,True,879,11013
11015,True,879,11014
11016,False,879,11015
11017,False,879,11016
11018,True,879,11017
11019,True,879,11018
11020,True,879,11019
11021,True,879,11020
11022,True,880,11021
11023,False,880,11022
11024,False,880,11023
11025,True,880,11024
11026,True,880,11025
11027,True,880,11026
11028,True,880,11027
11029,True,880,11028
11030,True,880,11029
11031,True,880,11030
11032,False,880,11031
11033,False,880,11032
11034,False,880,11033
11035,True,880,11034
11036,True,881,11035
11037,False,881,11036
11038,False,881,11037
11039,True,881,11038
11040,False,881,11039
11041,True,881,11040
11042,True,881,11041
11043,False,881,11042
11044,True,881,11043
11045,True,881,11044
11046,False,881,11045
11047,True,881,11046
11048,False,882,11047
11049,True,882,11048
11050,False,882,11049
11051,True,882,11050
11052,True,882,11051
11053,True,882,11052
11054,False,882,11053
11055,True,882,11054
11056,True,882,11055
11057,True,882,11056
11058,True,883,11057
11059,False,883,11058
11060,True,883,11059
11061,False,883,11060
11062,True,883,11061
11063,False,883,11062
11064,False,883,11063
11065,True,883,11064
11066,False,883,11065
11067,True,883,11066
11068,False,883,11067
11069,True,883,11068
11070,True,883,11069
11071,True,884,11070
11072,True,884,11071
11073,True,884,11072
11074,False,884,11073
11075,True,884,11074
11076,False,884,11075
11077,True,884,11076
11078,True,884,11077
11079,True,884,11078
11080,True,884,11079
11081,False,885,11080
11082,True,885,11081
11083,True,885,11082
11084,True,885,11083
11085,True,885,11084
11086,False,885,11085
11087,True,885,11086
11088,True,885,11087
11089,True,885,11088
11090,True,885,11089
11091,True,885,11090
11092,False,885,11091
11093,True,885,11092
11094,True,885,11093
11095,True,885,11094
11096,True,886,11095
11097,True,886,11096
11098,True,886,11097
11099,False,886,11098
11100,True,886,11099
11101,True,886,11100
11102,True,886,11101
11103,True,886,11102
11104,True,886,11103
11105,False,886,11104
11106,True,886,11105
11107,True,886,11106
11108,False,886,11107
11109,False,886,11108
11110,False,886,11109
11111,False,887,11110
11112,False,887,11111
11113,False,887,11112
11114,True,887,11113
11115,True,887,11114
11116,True,887,11115
11117,True,887,11116
11118,False,887,11117
11119,False,887,11118
11120,False,887,11119
11121,True,887,11120
11122,True,887,11121
11123,False,888,11122
11124,True,888,11123
11125,False,888,11124
11126,True,888,11125
11127,False,888,11126
11128,False,888,11127
11129,False,888,11128
11130,False,888,11129
11131,True,888,11130
11132,False,888,11131
11133,True,888,11132
11134,False,888,11133
11135,True,888,11134
11136,False,889,11135
11137,True,889,11136
11138,True,889,11137
11139,False,889,11138
11140,False,889,11139
11141,True,889,11140
11142,True,889,11141
11143,True,889,11142
11144,True,889,11143
11145,True,889,11144
11146,True,889,11145
11147,True,889,11146
11148,True,889,11147
11149,True,890,11148
11150,False,890,11149
11151,True,890,11150
11152,False,890,11151
11153,True,890,11152
11154,False,890,11153
11155,False,890,11154
11156,True,890,11155
11157,False,890,11156
11158,False,890,11157
11159,False,890,11158
11160,False,890,11159
11161,True,890,11160
11162,False,890,11161
11163,True,891,11162
11164,True,891,11163
11165,True,891,11164
11166,True,891,11165
11167,False,891,11166
11168,False,891,11167
11169,False,891,11168
11170,True,891,11169
11171,False,891,11170
11172,True,891,11171
11173,False,891,11172
11174,True,891,11173
11175,False,891,11174
11176,True,891,11175
11177,True,891,11176
11178,True,892,11177
11179,False,892,11178
11180,False,892,11179
11181,True,892,11180
11182,True,892,11181
11183,True,892,11182
11184,False,892,11183
11185,True,892,11184
11186,True,892,11185
11187,True,892,11186
11188,True,893,11187
11189,False,893,11188
11190,True,893,11189
11191,True,893,11190
11192,False,893,11191
11193,True,893,11192
11194,True,893,11193
11195,True,893,11194
11196,False,893,11195
11197,True,893,11196
11198,False,893,11197
11199,True,893,11198
11200,True,893,11199
11201,True,894,11200
11202,True,894,11201
11203,True,894,11202
11204,True,894,11203
11205,False,894,11204
11206,True,894,11205
11207,True,894,11206
11208,False,894,11207
11209,True,894,11208
11210,True,894,11209
11211,False,895,11210
11212,False,895,11211
11213,False,895,11212
11214,True,895,11213
11215,True,895,11214
11216,True,895,11215
11217,False,895,11216
11218,True,895,11217
11219,False,895,11218
11220,True,895,11219
11221,True,895,11220
11222,True,895,11221
11223,True,895,11222
11224,True,895,11223
11225,True,896,11224
11226,True,896,11225
11227,True,896,11226
11228,True,896,11227
11229,True,896,11228
11230,True,896,11229
11231,False,896,11230
11232,True,896,11231
11233,True,896,11232
11234,True,896,11233
11235,True,897,11234
11236,True,897,11235
11237,True,897,11236
11238,True,897,11237
11239,True,897,11238
11240,False,897,11239
11241,False,897,11240
11242,True,897,11241
11243,False,897,11242
11244,False,897,11243
11245,True,897,11244
11246,True,897,11245
11247,True,897,11246
11248,False,897,11247
11249,False,898,11248
11250,True,898,11249
11251,True,898,11250
11252,False,898,11251
11253,True,898,11252
11254,True,898,11253
11255,True,898,11254
11256,True,898,11255
11257,False,898,11256
11258,True,898,11257
11259,False,898,11258
11260,True,899,11259
11261,False,899,11260
11262,True,899,11261
11263,True,899,11262
11264,True,899,11263
11265,False,899,11264
11266,True,899,11265
11267,False,899,11266
11268,False,899,11267
11269,True,899,11268
11270,True,899,11269
11271,True,899,11270
11272,True,899,11271
11273,True,900,11272
11274,True,900,11273
11275,False,900,11274
11276,True,900,11275
11277,True,900,11276
11278,True,900,11277
11279,True,900,11278
11280,True,900,11279
11281,True,900,11280
11282,True,900,11281
11283,True,901,11282
11284,True,901,11283
11285,False,901,11284
11286,True,901,11285
11287,False,901,11286
11288,True,901,11287
11289,False,901,11288
11290,True,901,11289
11291,False,901,11290
11292,True,901,11291
11293,False,901,11292
11294,False,901,11293
11295,True,902,11294
11296,True,902,11295
11297,True,902,11296
11298,False,902,11297
11299,True,902,11298
11300,False,902,11299
11301,True,902,11300
11302,False,902,11301
11303,False,902,11302
11304,True,902,11303
11305,True,902,11304
11306,True,902,11305
11307,True,902,11306
11308,False,902,11307
11309,False,903,11308
11310,True,903,11309
11311,True,903,11310
11312,True,903,11311
11313,True,903,11312
11314,False,903,11313
11315,True,903,11314
11316,False,903,11315
11317,True,903,11316
11318,True,903,11317
11319,True,903,11318
11320,True,904,11319
11321,True,904,11320
11322,True,904,11321
11323,False,904,11322
11324,True,904,11323
11325,True,904,11324
11326,False,904,11325
11327,True,904,11326
11328,False,904,11327
11329,False,904,11328
11330,True,904,11329
11331,True,904,11330
11332,True,904,11331
11333,False,904,11332
11334,True,905,11333
11335,False,905,11334
11336,True,905,11335
11337,True,905,11336
11338,True,905,11337
11339,False,905,11338
11340,False,905,11339
11341,True,905,11340
11342,False,905,11341
11343,True,905,11342
11344,True,905,11343
11345,True,905,11344
11346,True,906,11345
11347,False,906,11346
11348,False,906,11347
11349,True,906,11348
11350,True,906,11349
11351,True,906,11350
11352,False,906,11351
11353,True,906,11352
11354,True,906,11353
11355,False,906,11354
11356,True,906,11355
11357,True,906,11356
11358,True,906,11357
11359,True,906,11358
11360,True,907,11359
11361,True,907,11360
11362,False,907,11361
11363,True,907,11362
11364,True,907,11363
11365,False,907,11364
11366,True,907,11365
11367,True,907,11366
11368,True,907,11367
11369,False,907,11368
11370,False,907,11369
11371,True,907,11370
11372,True,908,11371
11373,True,908,11372
11374,True,908,11373
11375,True,908,11374
11376,True,908,11375
11377,False,908,11376
11378,True,908,11377
11379,True,908,11378
11380,False,908,11379
11381,True,908,11380
11382,True,909,11381
11383,False,909,11382
11384,True,909,11383
11385,True,909,11384
11386,True,909,11385
11387,True,909,11386
11388,True,909,11387
11389,True,909,11388
11390,False,909,11389
11391,False,909,11390
11392,True,910,11391
11393,True,910,11392
11394,True,910,11393
11395,False,910,11394
11396,False,910,11395
11397,False,910,11396
11398,False,910,11397
11399,True,910,11398
11400,False,910,11399
11401,True,910,11400
11402,True,910,11401
11403,True,911,11402
11404,False,911,11403
11405,True,911,11404
11406,True,911,11405
11407,True,911,11406
11408,True,911,11407
11409,True,911,11408
11410,True,911,11409
11411,True,911,11410
11412,True,911,11411
11413,False,911,11412
11414,True,911,11413
11415,True,911,11414
11416,True,911,11415
11417,True,912,11416
11418,True,912,11417
11419,True,912,11418
11420,True,912,11419
11421,True,912,11420
11422,True,912,11421
11423,False,912,11422
11424,False,912,11423
11425,False,912,11424
11426,False,912,11425
11427,True,912,11426
11428,True,912,11427
11429,True,912,11428
11430,True,912,11429
11431,False,912,11430
11432,False,913,11431
11433,True,913,11432
11434,False,913,11433
11435,False,913,11434
11436,True,913,11435
11437,True,913,11436
11438,True,913,11437
11439,False,913,11438
11440,True,913,11439
11441,False,913,11440
11442,True,913,11441
11443,True,914,11442
11444,True,914,11443
11445,True,914,11444
11446,False,914,11445
11447,False,914,11446
11448,True,914,11447
11449,True,914,11448
11450,True,914,11449
11451,True,914,11450
11452,False,914,11451
11453,True,914,11452
11454,True,914,11453
11455,True,914,11454
11456,False,914,11455
11457,True,914,11456
11458,False,915,11457
11459,True,915,11458
11460,True,915,11459
11461,False,915,11460
11462,False,915,11461
11463,True,915,11462
11464,False,915,11463
11465,True,915,11464
11466,False,915,11465
11467,True,915,11466
11468,True,915,11467
11469,True,915,11468
11470,True,916,11469
11471,False,916,11470
11472,True,916,11471
11473,False,916,11472
11474,True,916,11473
11475,True,916,11474
11476,True,916,11475
11477,False,916,11476
11478,True,916,11477
11479,True,916,11478
11480,True,916,11479
11481,True,916,11480
11482,False,917,11481
11483,True,917,11482
11484,True,917,11483
11485,True,917,11484
11486,True,917,11485
11487,False,917,11486
11488,False,917,11487
11489,True,917,11488
11490,False,917,11489
11491,True,917,11490
11492,False,918,11491
11493,True,918,11492
11494,True,918,11493
11495,True,918,11494
11496,True,918,11495
11497,False,918,11496
11498,True,918,11497
11499,True,918,11498
11500,True,918,11499
11501,True,918,11500
11502,True,918,11501
11503,False,918,11502
11504,True,918,11503
11505,True,918,11504
11506,False,919,11505
11507,True,919,11506
11508,True,919,11507
11509,True,919,11508
11510,True,919,11509
11511,True,919,11510
11512,True,919,11511
11513,False,919,11512
11514,True,919,11513
11515,True,919,11514
11516,False,919,11515
11517,True,919,11516
11518,True,919,11517
11519,True,920,11518
11520,True,920,11519
11521,True,920,11520
11522,True,920,11521
11523,True,920,11522
11524,True,920,11523
11525,False,920,11524
11526,True,920,11525
11527,False,920,11526
11528,True,920,11527
11529,True,920,11528
11530,True,920,11529
11531,False,920,11530
11532,False,920,11531
11533,False,921,11532
11534,True,921,11533
11535,True,921,11534
11536,False,921,11535
11537,False,921,11536
11538,True,921,11537
11539,True,921,11538
11540,True,921,11539
11541,True,921,11540
11542,True,921,11541
11543,True,921,11542
11544,True,922,11543
11545,True,922,11544
11546,True,922,11545
11547,False,922,11546
11548,False,922,11547
11549,False,922,11548
11550,True,922,11549
11551,False,922,11550
11552,True,922,11551
11553,False,922,11552
11554,True,922,11553
11555,False,922,11554
11556,False,923,11555
11557,True,923,11556
11558,True,923,11557
11559,True,923,11558
11560,False,923,11559
11561,True,923,11560
11562,True,923,11561
11563,True,923,11562
11564,True,923,11563
11565,True,923,11564
11566,True,923,11565
11567,True,923,11566
11568,False,924,11567
11569,False,924,11568
11570,True,924,11569
11571,False,924,11570
11572,True,924,11571
11573,True,924,11572
11574,False,924,11573
11575,True,924,11574
11576,False,924,11575
11577,True,924,11576
11578,True,924,11577
11579,True,925,11578
11580,False,925,11579
11581,True,925,11580
11582,True,925,11581
11583,True,925,11582
11584,True,925,11583
11585,True,925,11584
11586,True,925,11585
11587,False,925,11586
11588,True,925,11587
11589,True,926,11588
11590,True,926,11589
11591,False,926,11590
11592,True,926,11591
11593,True,926,11592
11594,True,926,11593
11595,True,926,11594
11596,True,926,11595
11597,False,926,11596
11598,True,926,11597
11599,False,926,11598
11600,True,926,11599
11601,False,927,11600
11602,True,927,11601
11603,True,927,11602
11604,True,927,11603
11605,False,927,11604
11606,False,927,11605
11607,True,927,11606
11608,False,927,11607
11609,False,927,11608
11610,True,927,11609
11611,True,927,11610
11612,True,927,11611
11613,True,928,11612
11614,True,928,11613
11615,True,928,11614
11616,True,928,11615
11617,True,928,11616
11618,False,928,11617
11619,True,928,11618
11620,False,928,11619
11621,False,928,11620
11622,True,928,11621
11623,True,928,11622
11624,True,928,11623
11625,False,928,11624
11626,True,929,11625
11627,True,929,11626
11628,False,929,11627
11629,True,929,11628
11630,False,929,11629
11631,True,929,11630
11632,False,929,11631
11633,True,929,11632
11634,True,929,11633
11635,True,929,11634
11636,True,929,11635
11637,True,929,11636
11638,True,929,11637
11639,False,930,11638
11640,True,930,11639
11641,True,930,11640
11642,True,930,11641
11643,True,930,11642
11644,False,930,11643
11645,False,930,11644
11646,True,930,11645
11647,False,930,11646
11648,True,930,11647
11649,True,930,11648
11650,False,930,11649
11651,True,930,11650
11652,False,930,11651
11653,True,930,11652
11654,False,931,11653
11655,True,931,11654
11656,True,931,11655
11657,True,931,11656
11658,True,931,11657
11659,True,931,11658
11660,True,931,11659
11661,False,931,11660
11662,True,931,11661
11663,False,931,11662
11664,True,931,11663
11665,True,931,11664
11666,False,932,11665
11667,True,932,11666
11668,True,932,11667
11669,True,932,11668
11670,False,932,11669
11671,True,932,11670
11672,False,932,11671
11673,False,932,11672
11674,True,932,11673
11675,False,932,11674
11676,False,933,11675
11677,False,933,11676
11678,True,933,11677
11679,True,933,11678
11680,True,933,11679
11681,False,933,11680
11682,False,933,11681
11683,True,933,11682
11684,True,933,11683
11685,False,933,11684
11686,False,933,11685
11687,True,933,11686
11688,True,933,11687
11689,False,933,11688
11690,True,933,11689
11691,True,934,11690
11692,False,934,11691
11693,True,934,11692
11694,True,934,11693
11695,False,934,11694
11696,False,934,11695
11697,True,934,11696
11698,False,934,11697
11699,True,934,11698
11700,True,934,11699
11701,False,934,11700
11702,True,934,11701
11703,True,935,11702
11704,True,935,11703
11705,True,935,11704
11706,True,935,11705
11707,True,935,11706
11708,True,935,11707
11709,True,935,11708
11710,True,935,11709
11711,False,935,11710
11712,False,935,11711
11713,False,935,11712
11714,False,935,11713
11715,False,935,11714
11716,True,935,11715
11717,True,935,11716
11718,True,936,11717
11719,True,936,11718
11720,False,936,11719
11721,True,936,11720
11722,True,936,11721
11723,True,936,11722
11724,False,936,11723
11725,True,936,11724
11726,True,936,11725
11727,True,936,11726
11728,True,936,11727
11729,True,937,11728
11730,True,937,11729
11731,True,937,11730
11732,True,937,11731
11733,True,937,11732
11734,True,937,11733
11735,True,937,11734
11736,True,937,11735
11737,False,937,11736
11738,True,937,11737
11739,True,937,11738
11740,True,938,11739
11741,False,938,11740
11742,True,938,11741
11743,False,938,11742
11744,True,938,11743
11745,False,938,11744
11746,False,938,11745
11747,False,938,11746
11748,True,938,11747
11749,False,938,11748
11750,True,938,11749
11751,False,938,11750
11752,True,938,11751
11753,False,939,11752
11754,True,939,11753
11755,False,939,11754
11756,False,939,11755
11757,False,939,11756
11758,False,939,11757
11759,True,939,11758
11760,False,939,11759
11761,True,939,11760
11762,True,939,11761
11763,True,939,11762
11764,False,939,11763
11765,True,939,11764
11766,False,939,11765
11767,True,940,11766
11768,True,940,11767
11769,False,940,11768
11770,True,940,11769
11771,True,940,11770
11772,True,940,11771
11773,True,940,11772
11774,True,940,11773
11775,True,940,11774
11776,True,940,11775
11777,True,940,11776
11778,True,940,11777
11779,False,941,11778
11780,True,941,11779
11781,True,941,11780
11782,False,941,11781
11783,True,941,11782
11784,True,941,11783
11785,False,941,11784
11786,False,941,11785
11787,True,941,11786
11788,True,941,11787
11789,True,941,11788
11790,True,941,11789
11791,True,941,11790
11792,True,941,11791
11793,True,942,11792
11794,False,942,11793
11795,True,942,11794
11796,True,942,11795
11797,True,942,11796
11798,False,942,11797
11799,True,942,11798
11800,True,942,11799
11801,False,942,11800
11802,True,942,11801
11803,True,942,11802
11804,True,943,11803
11805,True,943,11804
11806,False,943,11805
11807,False,943,11806
11808,False,943,11807
11809,True,943,11808
11810,True,943,11809
11811,False,943,11810
11812,True,943,11811
11813,True,943,11812
11814,True,943,11813
11815,True,943,11814
11816,False,943,11815
11817,True,943,11816
11818,True,944,11817
11819,False,944,11818
11820,True,944,11819
11821,True,944,11820
11822,True,944,11821
11823,True,944,11822
11824,False,944,11823
11825,False,944,11824
11826,False,944,11825
11827,False,944,11826
11828,True,945,11827
11829,False,945,11828
11830,True,945,11829
11831,True,945,11830
11832,True,945,11831
11833,True,945,11832
11834,False,945,11833
11835,True,945,11834
11836,True,945,11835
11837,True,945,11836
11838,True,945,11837
11839,True,945,11838
11840,False,945,11839
11841,True,945,11840
11842,True,945,11841
11843,True,946,11842
11844,True,946,11843
11845,True,946,11844
11846,False,946,11845
11847,True,946,11846
11848,False,946,11847
11849,True,946,11848
11850,True,946,11849
11851,False,946,11850
11852,True,946,11851
11853,True,946,11852
11854,True,946,11853
11855,True,946,11854
11856,True,946,11855
11857,True,946,11856
11858,True,947,11857
11859,False,947,11858
11860,True,947,11859
11861,True,947,11860
11862,True,947,11861
11863,False,947,11862
11864,False,947,11863
11865,True,947,11864
11866,False,947,11865
11867,True,947,11866
11868,True,947,11867
11869,False,947,11868
11870,False,947,11869
11871,True,947,11870
11872,False,948,11871
11873,True,948,11872
11874,True,948,11873
11875,False,948,11874
11876,True,948,11875
11877,True,948,11876
11878,False,948,11877
11879,True,948,11878
11880,False,948,11879
11881,False,948,11880
11882,True,948,11881
11883,True,948,11882
11884,True,948,11883
11885,True,949,11884
11886,False,949,11885
11887,True,949,11886
11888,False,949,11887
11889,True,949,11888
11890,False,949,11889
11891,True,949,11890
11892,True,949,11891
11893,False,949,11892
11894,True,949,11893
11895,True,949,11894
11896,True,949,11895
11897,True,949,11896
11898,False,950,11897
11899,True,950,11898
11900,True,950,11899
11901,True,950,11900
11902,True,950,11901
11903,True,950,11902
11904,True,950,11903
11905,False,950,11904
11906,True,950,11905
11907,True,950,11906
11908,True,950,11907
11909,False,950,11908
11910,False,950,11909
11911,False,950,11910
11912,True,950,11911
11913,True,951,11912
11914,True,951,11913
11915,False,951,11914
11916,False,951,11915
11917,True,951,11916
11918,True,951,11917
11919,True,951,11918
11920,False,951,11919
11921,True,951,11920
11922,True,951,11921
11923,True,951,11922
11924,True,951,11923
11925,True,951,11924
11926,True,951,11925
11927,False,951,11926
11928,True,952,11927
11929,True,952,11928
11930,True,952,11929
11931,True,952,11930
11932,True,952,11931
11933,True,952,11932
11934,True,952,11933
11935,True,952,11934
11936,True,952,11935
11937,False,952,11936
11938,True,952,11937
11939,True,953,11938
11940,True,953,11939
11941,False,953,11940
11942,True,953,11941
11943,True,953,11942
11944,True,953,11943
11945,False,953,11944
11946,True,953,11945
11947,True,953,11946
11948,False,953,11947
11949,True,953,11948
11950,True,953,11949
11951,True,954,11950
11952,True,954,11951
11953,False,954,11952
11954,False,954,11953
11955,True,954,11954
11956,True,954,11955
11957,True,954,11956
11958,True,954,11957
11959,True,954,11958
11960,False,954,11959
11961,False,954,11960
11962,True,954,11961
11963,False,954,11962
11964,True,954,11963
11965,True,954,11964
11966,True,955,11965
11967,True,955,11966
11968,True,955,11967
11969,True,955,11968
11970,False,955,11969
11971,True,955,11970
11972,False,955,11971
11973,True,955,11972
11974,False,955,11973
11975,True,955,11974
11976,False,955,11975
11977,True,955,11976
11978,True,955,11977
11979,False,956,11978
11980,True,956,11979
11981,True,956,11980
11982,True,956,11981
11983,True,956,11982
11984,True,956,11983
11985,False,956,11984
11986,True,956,11985
11987,False,956,11986
11988,True,956,11987
11989,True,956,11988
11990,True,956,11989
11991,True,956,11990
11992,True,957,11991
11993,True,957,11992
11994,True,957,11993
11995,False,957,11994
11996,True,957,11995
11997,True,957,11996
11998,True,957,11997
11999,True,957,11998
12000,True,957,11999
12001,False,957,12000
12002,False,957,12001
12003,True,957,12002
12004,True,957,12003
12005,True,958,12004
12006,True,958,12005
12007,True,958,12006
12008,True,958,12007
12009,True,958,12008
12010,True,958,12009
12011,True,958,12010
12012,True,958,12011
12013,True,958,12012
12014,False,958,12013
12015,False,958,12014
12016,True,958,12015
12017,False,959,12016
12018,True,959,12017
12019,False,959,12018
12020,False,959,12019
12021,False,959,12020
12022,True,959,12021
12023,False,959,12022
12024,True,959,12023
12025,True,959,12024
12026,False,959,12025
12027,False,959,12026
12028,False,959,12027
12029,True,959,12028
12030,False,959,12029
12031,True,960,12030
12032,True,960,12031
12033,True,960,12032
12034,False,960,12033
12035,True,960,12034
12036,True,960,12035
12037,True,960,12036
12038,True,960,12037
12039,True,960,12038
12040,True,960,12039
12041,True,960,12040
12042,True,960,12041
12043,True,960,12042
12044,True,961,12043
12045,True,961,12044
12046,True,961,12045
12047,True,961,12046
12048,True,961,12047
12049,True,961,12048
12050,True,961,12049
12051,False,961,12050
12052,True,961,12051
12053,False,961,12052
12054,True,961,12053
12055,True,961,12054
12056,True,962,12055
12057,True,962,12056
12058,True,962,12057
12059,True,962,12058
12060,True,962,12059
12061,True,962,12060
12062,True,962,12061
12063,False,962,12062
12064,False,962,12063
12065,True,962,12064
12066,False,963,12065
12067,True,963,12066
12068,True,963,12067
12069,True,963,12068
12070,True,963,12069
12071,False,963,12070
12072,True,963,12071
12073,False,963,12072
12074,True,963,12073
12075,False,963,12074
12076,False,963,12075
12077,True,964,12076
12078,True,964,12077
12079,False,964,12078
12080,True,964,12079
12081,True,964,12080
12082,True,964,12081
12083,True,964,12082
12084,True,964,12083
12085,True,964,12084
12086,False,964,12085
12087,True,964,12086
12088,True,964,12087
12089,False,964,12088
12090,True,965,12089
12091,True,965,12090
12092,False,965,12091
12093,True,965,12092
12094,False,965,12093
12095,True,965,12094
12096,False,965,12095
12097,False,965,12096
12098,False,965,12097
12099,True,965,12098
12100,False,965,12099
12101,False,966,12100
12102,True,966,12101
12103,False,966,12102
12104,False,966,12103
12105,True,966,12104
12106,True,966,12105
12107,True,966,12106
12108,True,966,12107
12109,True,966,12108
12110,True,966,12109
12111,False,967,12110
12112,True,967,12111
12113,True,967,12112
12114,True,967,12113
12115,False,967,12114
12116,False,967,12115
12117,False,967,12116
12118,False,967,12117
12119,True,967,12118
12120,True,967,12119
12121,True,968,12120
12122,True,968,12121
12123,False,968,12122
12124,True,968,12123
12125,True,968,12124
12126,True,968,12125
12127,True,968,12126
12128,True,968,12127
12129,True,968,12128
12130,True,968,12129
12131,True,968,12130
12132,True,968,12131
12133,False,968,12132
12134,True,968,12133
12135,True,968,12134
12136,False,969,12135
12137,False,969,12136
12138,False,969,12137
12139,False,969,12138
12140,True,969,12139
12141,False,969,12140
12142,True,969,12141
12143,True,969,12142
12144,True,969,12143
12145,True,969,12144
12146,True,969,12145
12147,False,969,12146
12148,False,970,12147
12149,True,970,12148
12150,True,970,12149
12151,True,970,12150
12152,False,970,12151
12153,False,970,12152
12154,True,970,12153
12155,True,970,12154
12156,False,970,12155
12157,True,970,12156
12158,True,970,12157
12159,False,971,12158
12160,True,971,12159
12161,True,971,12160
12162,True,971,12161
12163,True,971,12162
12164,True,971,12163
12165,False,971,12164
12166,True,971,12165
12167,False,971,12166
12168,True,971,12167
12169,True,971,12168
12170,True,971,12169
12171,True,971,12170
12172,False,972,12171
12173,True,972,12172
12174,False,972,12173
12175,False,972,12174
12176,True,972,12175
12177,True,972,12176
12178,False,972,12177
12179,True,972,12178
12180,True,972,12179
12181,True,972,12180
12182,True,972,12181
12183,False,972,12182
12184,True,972,12183
12185,True,973,12184
12186,False,973,12185
12187,True,973,12186
12188,True,973,12187
12189,True,973,12188
12190,True,973,12189
12191,False,973,12190
12192,True,973,12191
12193,True,973,12192
12194,True,973,12193
12195,True,973,12194
12196,False,973,12195
12197,True,973,12196
12198,False,974,12197
12199,False,974,12198
12200,True,974,12199
12201,True,974,12200
12202,False,974,12201
12203,True,974,12202
12204,False,974,12203
12205,True,974,12204
12206,True,974,12205
12207,False,974,12206
12208,True,974,12207
12209,True,974,12208
12210,True,974,12209
12211,True,974,12210
12212,True,975,12211
12213,True,975,12212
12214,True,975,12213
12215,True,975,12214
12216,False,975,12215
12217,True,975,12216
12218,True,975,12217
12219,True,975,12218
12220,True,975,12219
12221,True,975,12220
12222,True,975,12221
12223,False,975,12222
12224,True,975,12223
12225,True,975,12224
12226,False,976,12225
12227,True,976,12226
12228,True,976,12227
12229,False,976,12228
12230,False,976,12229
12231,True,976,12230
12232,True,976,12231
12233,True,976,12232
12234,False,976,12233
12235,True,976,12234
12236,False,976,12235
12237,True,976,12236
12238,True,976,12237
12239,True,976,12238
12240,True,976,12239
12241,True,977,12240
12242,True,977,12241
12243,True,977,12242
12244,True,977,12243
12245,True,977,12244
12246,False,977,12245
12247,True,977,12246
12248,False,977,12247
12249,True,977,12248
12250,True,977,12249
12251,True,977,12250
12252,True,978,12251
12253,True,978,12252
12254,True,978,12253
12255,False,978,12254
12256,False,978,12255
12257,False,978,12256
12258,True,978,12257
12259,False,978,12258
12260,True,978,12259
12261,True,978,12260
12262,True,978,12261
12263,False,978,12262
12264,False,978,12263
12265,True,978,12264
12266,True,979,12265
12267,True,979,12266
12268,True,979,12267
12269,True,979,12268
12270,True,979,12269
12271,True,979,12270
12272,True,979,12271
12273,True,979,12272
12274,True,979,12273
12275,False,979,12274
12276,True,979,12275
12277,False,980,12276
12278,True,980,12277
12279,False,980,12278
12280,False,980,12279
12281,False,980,12280
12282,True,980,12281
12283,False,980,12282
12284,True,980,12283
12285,True,980,12284
12286,True,980,12285
12287,True,980,12286
12288,False,980,12287
12289,True,981,12288
12290,False,981,12289
12291,False,981,12290
12292,True,981,12291
12293,True,981,12292
12294,True,981,12293
12295,True,981,12294
12296,False,981,12295
12297,False,981,12296
12298,True,981,12297
12299,True,981,12298
12300,True,981,12299
12301,True,981,12300
12302,False,981,12301
12303,True,982,12302
12304,False,982,12303
12305,False,982,12304
12306,False,982,12305
12307,True,982,12306
12308,True,982,12307
12309,True,982,12308
12310,True,982,12309
12311,False,982,12310
12312,True,982,12311
12313,True,982,12312
12314,True,982,12313
12315,True,983,12314
12316,True,983,12315
12317,False,983,12316
12318,True,983,12317
12319,True,983,12318
12320,True,983,12319
12321,True,983,12320
12322,True,983,12321
12323,False,983,12322
12324,True,983,12323
12325,True,983,12324
12326,True,984,12325
12327,True,984,12326
12328,False,984,12327
12329,True,984,12328
12330,True,984,12329
12331,True,984,12330
12332,True,984,12331
12333,True,984,12332
12334,False,984,12333
12335,True,984,12334
12336,False,984,12335
12337,False,984,12336
12338,True,984,12337
12339,True,984,12338
12340,True,985,12339
12341,False,985,12340
12342,True,985,12341
12343,False,985,12342
12344,True,985,12343
12345,True,985,12344
12346,True,985,12345
12347,False,985,12346
12348,True,985,12347
12349,True,985,12348
12350,False,985,12349
12351,False,985,12350
12352,True,985,12351
12353,False,985,12352
12354,True,986,12353
12355,False,986,12354
12356,False,986,12355
12357,True,986,12356
12358,True,986,12357
12359,True,986,12358
12360,True,986,12359
12361,True,986,12360
12362,True,986,12361
12363,True,986,12362
12364,False,986,12363
12365,True,986,12364
12366,True,986,12365
12367,True,987,12366
12368,False,987,12367
12369,False,987,12368
12370,False,987,12369
12371,True,987,12370
12372,True,987,12371
12373,True,987,12372
12374,False,987,12373
12375,True,987,12374
12376,True,987,12375
12377,True,987,12376
12378,True,987,12377
12379,True,988,12378
12380,True,988,12379
12381,True,988,12380
12382,True,988,12381
12383,True,988,12382
12384,True,988,12383
12385,False,988,12384
12386,True,988,12385
12387,True,988,12386
12388,True,988,12387
12389,False,988,12388
12390,True,988,12389
12391,False,988,12390
12392,False,988,12391
12393,True,988,12392
12394,True,989,12393
12395,True,989,12394
12396,True,989,12395
12397,True,989,12396
12398,True,989,12397
12399,False,989,12398
12400,False,989,12399
12401,True,989,12400
12402,True,989,12401
12403,True,989,12402
12404,True,989,12403
12405,False,989,12404
12406,False,989,12405
12407,True,989,12406
12408,False,990,12407
12409,True,990,12408
12410,True,990,12409
12411,True,990,12410
12412,True,990,12411
12413,False,990,12412
12414,True,990,12413
12415,True,990,12414
12416,True,990,12415
12417,True,990,12416
12418,True,991,12417
12419,True,991,12418
12420,False,991,12419
12421,True,991,12420
12422,True,991,12421
12423,True,991,12422
12424,True,991,12423
12425,False,991,12424
12426,False,991,12425
12427,False,991,12426
12428,False,991,12427
12429,False,992,12428
12430,False,992,12429
12431,True,992,12430
12432,True,992,12431
12433,True,992,12432
12434,False,992,12433
12435,True,992,12434
12436,True,992,12435
12437,True,992,12436
12438,True,992,12437
12439,False,992,12438
12440,True,992,12439
12441,True,993,12440
12442,True,993,12441
12443,True,993,12442
12444,False,993,12443
12445,True,993,12444
12446,False,993,12445
12447,True,993,12446
12448,True,993,12447
12449,True,993,12448
12450,False,993,12449
12451,True,993,12450
12452,True,993,12451
12453,True,993,12452
12454,True,993,12453
12455,True,994,12454
12456,True,994,12455
12457,True,994,12456
12458,False,994,12457
12459,True,994,12458
12460,False,994,12459
12461,True,994,12460
12462,True,994,12461
12463,False,994,12462
12464,False,994,12463
12465,True,994,12464
12466,False,994,12465
12467,True,994,12466
12468,False,995,12467
12469,False,995,12468
12470,True,995,12469
12471,True,995,12470
12472,True,995,12471
12473,True,995,12472
12474,False,995,12473
12475,True,995,12474
12476,True,995,12475
12477,True,995,12476
12478,True,995,12477
12479,True,995,12478
12480,True,995,12479
12481,False,995,12480
12482,True,995,12481
12483,False,996,12482
12484,True,996,12483
12485,True,996,12484
12486,True,996,12485
12487,False,996,12486
12488,True,996,12487
12489,True,996,12488
12490,False,996,12489
12491,False,996,12490
12492,True,996,12491
12493,True,996,12492
12494,True,996,12493
12495,False,996,12494
12496,False,996,12495
12497,True,996,12496
12498,True,997,12497
12499,True,997,12498
12500,True,997,12499
12501,True,997,12500
12502,True,997,12501
12503,True,997,12502
12504,True,997,12503
12505,True,997,12504
12506,False,997,12505
12507,False,997,12506
12508,True,997,12507
12509,True,997,12508
12510,True,997,12509
12511,True,998,12510
12512,False,998,12511
12513,True,998,12512
12514,False,998,12513
12515,True,998,12514
12516,False,998,12515
12517,True,998,12516
12518,True,998,12517
12519,True,998,12518
12520,True,998,12519
12521,True,998,12520
12522,True,998,12521
12523,True,999,12522
12524,True,999,12523
12525,True,999,12524
12526,False,999,12525
12527,True,999,12526
12528,True,999,12527
12529,True,999,12528
12530,False,999,12529
12531,False,999,12530
12532,True,999,12531
12533,False,999,12532
12534,True,999,12533
12535,False,999,12534
12536,False,999,12535
12537,False,999,12536
12538,True,1000,12537
12539,True,1000,12538
12540,True,1000,12539
12541,True,1000,12540
12542,True,1000,12541
12543,False,1000,12542
12544,False,1000,12543
12545,True,1000,12544
12546,True,1000,12545
12547,True,1000,12546
12548,True,1000,12547
12549,True,1000,12548
12550,True,1000,12549
12551,True,1000,12550
12552,False,1000,12551
12553,False,2,12553
17,True,2,16
12554,False,2,12554
