id,user_id,average_rating,learning_path_id
1,1,83.5,2
2,1,77.0,17
3,1,89.0,11
4,1,77.0,18
5,1,78.0,3
6,1,75.0,14
7,1,88.0,12
8,2,83.6,2
9,2,72.0,17
10,2,76.0,15
11,2,81.0,4
12,2,77.0,19
13,2,87.0,9
14,2,85.0,7
15,2,75.0,16
16,2,76.0,13
17,3,90.0,2
18,3,81.0,17
19,3,92.5,3
20,3,70.0,14
21,3,88.0,8
22,3,84.0,4
23,3,92.0,13
24,4,78.0,17
25,4,80.0,2
26,4,83.0,12
27,4,81.0,19
28,4,88.0,16
29,4,94.0,1
30,4,73.0,13
31,5,79.17,2
32,5,75.0,17
33,5,87.0,3
34,5,81.0,16
35,5,78.0,11
36,5,85.0,14
37,6,78.33,2
38,6,82.5,17
39,6,87.0,4
40,6,89.0,13
41,6,76.0,7
42,6,88.5,1
43,6,90.0,8
44,6,83.0,6
45,6,78.0,12
46,7,80.0,2
47,7,80.5,17
48,7,77.0,3
49,7,79.0,18
50,7,80.0,11
51,7,79.0,7
52,7,77.5,12
53,8,76.5,2
54,8,79.0,17
55,8,91.0,8
56,8,86.0,10
57,8,79.0,20
58,8,84.0,11
59,8,86.0,18
60,8,79.0,5
61,8,83.0,1
62,9,85.5,17
63,9,84.5,2
64,9,73.0,18
65,9,71.0,9
66,9,85.0,16
67,9,66.0,19
68,9,71.0,13
69,9,93.0,1
70,10,80.5,2
71,10,73.0,17
72,10,80.33,9
73,10,77.0,4
74,10,77.0,13
75,10,74.0,3
76,10,89.0,15
77,10,72.0,8
78,10,69.0,18
79,11,77.0,2
80,11,85.0,17
81,11,83.0,11
82,11,81.0,1
83,11,79.0,4
84,12,83.5,2
85,12,69.0,17
86,12,90.0,1
87,12,82.0,6
88,12,84.0,11
89,12,79.0,8
90,12,69.0,20
91,12,86.0,9
92,12,67.0,19
93,12,91.0,4
94,12,80.0,16
95,12,88.0,18
96,13,86.0,17
97,13,79.5,2
98,13,77.0,8
99,13,82.0,3
100,13,79.0,6
101,14,80.5,2
102,14,87.0,17
103,14,80.0,14
104,14,74.0,4
105,14,72.67,1
106,14,85.0,16
107,14,66.0,12
108,15,95.0,17
109,15,77.0,2
110,15,84.0,5
111,15,76.5,16
112,15,87.0,13
113,15,74.0,10
114,16,82.5,2
115,16,83.5,17
116,16,67.0,9
117,16,84.0,10
118,16,83.0,20
119,16,86.0,18
120,16,74.0,19
121,16,76.0,14
122,16,80.0,7
123,16,72.0,12
124,16,81.0,8
125,17,86.75,2
126,17,75.0,17
127,17,71.0,10
128,17,72.0,18
129,17,76.0,5
130,17,94.0,12
131,17,74.0,1
132,17,81.0,20
133,17,69.0,19
134,18,84.0,17
135,18,77.75,2
136,18,82.5,10
137,18,89.0,9
138,18,78.0,19
139,18,81.0,20
140,18,67.0,5
141,18,83.0,1
142,18,81.0,4
143,19,74.75,2
144,19,87.0,17
145,19,84.5,4
146,19,74.0,11
147,19,86.0,20
148,19,96.0,9
149,19,75.0,16
150,19,79.0,18
151,19,66.0,15
152,20,81.4,2
153,20,72.0,17
154,20,87.0,13
155,20,77.33,18
156,20,86.0,12
157,20,82.0,3
158,20,93.0,14
159,20,81.0,7
160,20,73.0,10
161,21,83.0,17
162,21,79.25,2
163,21,79.0,16
164,21,73.0,7
165,21,78.0,15
166,21,73.5,5
167,21,83.0,1
168,21,80.0,20
169,21,77.5,12
170,21,66.0,10
171,22,87.25,2
172,22,89.0,17
173,22,89.5,15
174,22,75.0,10
175,22,79.0,13
176,22,84.0,9
177,22,79.0,18
178,23,82.5,2
179,23,80.0,17
180,23,81.0,7
181,23,82.0,6
182,23,71.0,9
183,23,89.0,12
184,23,74.0,16
185,24,81.25,2
186,24,80.0,17
187,24,92.0,10
188,24,76.67,7
189,24,88.0,8
190,24,85.0,13
191,25,84.25,2
192,25,82.0,17
193,25,89.0,13
194,25,98.0,15
195,25,73.0,12
196,25,93.0,18
197,25,85.0,3
198,25,87.0,4
199,26,80.5,2
200,26,90.0,17
201,26,81.0,11
202,26,86.0,10
203,26,78.0,6
204,26,80.0,14
205,26,93.0,19
206,26,68.0,13
207,26,79.0,3
208,26,86.0,1
209,26,77.0,15
210,27,83.25,2
211,27,71.0,17
212,27,78.0,19
213,27,79.0,18
214,27,78.0,1
215,27,75.0,4
216,27,72.0,8
217,27,87.0,14
218,28,72.25,2
219,28,81.0,17
220,28,92.0,19
221,28,71.0,13
222,28,81.0,12
223,28,89.0,14
224,28,80.0,20
225,28,64.0,3
226,29,82.5,2
227,29,71.0,17
228,29,82.0,12
229,29,68.0,11
230,29,78.0,13
231,29,95.0,14
232,30,76.25,2
233,30,73.0,17
234,30,78.0,5
235,30,80.5,16
236,30,68.0,13
237,30,85.0,1
238,30,86.0,11
239,30,78.0,10
240,31,77.4,2
241,31,75.0,17
242,31,74.0,11
243,31,80.0,6
244,31,77.0,16
245,31,88.0,14
246,31,80.0,8
247,32,80.5,2
248,32,73.0,17
249,32,91.67,14
250,32,64.0,20
251,32,77.0,7
252,32,87.0,16
253,32,88.0,15
254,33,81.75,2
255,33,80.0,17
256,33,74.0,12
257,33,91.0,8
258,33,87.0,9
259,33,85.0,1
260,33,82.0,4
261,33,75.0,5
262,34,80.5,2
263,34,80.0,17
264,34,80.0,12
265,34,79.0,9
266,34,76.0,11
267,34,77.0,5
268,34,69.0,16
269,35,82.0,2
270,35,87.0,17
271,35,67.0,12
272,35,79.0,14
273,35,79.5,18
274,35,65.0,4
275,35,91.0,9
276,35,90.0,1
277,35,89.0,3
278,36,71.0,2
279,36,84.0,17
280,36,83.0,10
281,36,72.0,4
282,36,79.0,6
283,36,82.0,11
284,36,92.0,13
285,36,86.0,9
286,36,64.0,7
287,36,78.0,20
288,36,93.0,1
289,37,85.75,2
290,37,87.0,17
291,37,81.5,6
292,37,68.0,8
293,37,70.0,20
294,37,79.0,7
295,38,81.0,2
296,38,78.5,17
297,38,68.0,15
298,38,78.0,12
299,38,79.0,14
300,38,68.0,11
301,38,74.0,18
302,38,81.0,19
303,39,77.5,2
304,39,82.0,17
305,39,94.0,7
306,39,73.0,13
307,39,87.0,5
308,39,89.0,8
309,39,85.0,14
310,40,82.75,2
311,40,84.0,17
312,40,81.0,16
313,40,90.0,11
314,40,83.0,9
315,40,85.0,7
316,41,81.0,2
317,41,84.0,17
318,41,75.0,3
319,41,89.0,15
320,41,73.0,14
321,41,85.5,18
322,41,80.0,20
323,42,83.4,2
324,42,80.0,17
325,42,80.0,20
326,42,75.0,14
327,42,83.5,15
328,42,89.0,5
329,42,84.5,12
330,42,81.0,18
331,43,76.5,17
332,43,82.5,2
333,43,81.0,20
334,43,69.0,3
335,43,73.0,4
336,43,84.0,10
337,43,98.0,5
338,43,72.5,18
339,43,79.0,13
340,44,79.0,2
341,44,81.0,17
342,44,81.0,8
343,44,80.0,6
344,44,89.0,1
345,44,79.0,5
346,44,79.5,12
347,44,76.0,13
348,45,83.0,2
349,45,81.33,17
350,45,74.0,15
351,45,65.0,19
352,45,71.0,9
353,46,78.2,2
354,46,79.0,17
355,46,84.0,6
356,46,87.0,14
357,46,75.0,11
358,46,86.0,12
359,46,85.0,13
360,47,79.25,2
361,47,85.0,17
362,47,90.0,7
363,47,86.0,18
364,47,94.0,11
365,47,78.0,9
366,48,75.75,2
367,48,67.0,17
368,48,72.0,10
369,48,74.0,12
370,48,88.0,11
371,48,80.0,19
372,48,74.5,13
373,48,82.0,15
374,48,75.0,3
375,49,83.25,2
376,49,80.0,17
377,49,81.0,16
378,49,83.0,18
379,49,79.0,14
380,49,77.0,9
381,49,70.0,13
382,49,67.0,19
383,49,87.0,15
384,49,78.0,4
385,50,75.5,2
386,50,84.0,17
387,50,74.0,11
388,50,82.0,3
389,50,77.0,8
390,50,77.0,19
391,51,77.75,2
392,51,95.0,17
393,51,79.0,12
394,51,91.0,7
395,51,87.0,1
396,51,92.0,5
397,51,81.0,3
398,51,90.0,6
399,52,94.0,17
400,52,81.75,2
401,52,74.0,14
402,52,77.0,1
403,52,75.0,4
404,52,82.33,11
405,52,75.0,7
406,52,88.5,20
407,53,86.25,2
408,53,70.0,17
409,53,86.5,19
410,53,84.5,1
411,53,77.0,7
412,53,85.5,18
413,54,81.5,2
414,54,87.0,17
415,54,89.0,1
416,54,72.0,11
417,54,76.0,19
418,54,88.0,15
419,54,71.0,3
420,54,86.0,8
421,54,75.0,4
422,55,84.2,2
423,55,82.33,17
424,55,86.0,12
425,55,97.0,19
426,55,79.0,14
427,55,83.0,18
428,56,77.0,2
429,56,68.0,17
430,56,70.0,3
431,56,86.0,9
432,56,64.0,16
433,56,76.0,15
434,56,97.0,10
435,57,80.25,2
436,57,77.0,17
437,57,75.0,9
438,57,76.5,19
439,57,82.0,5
440,57,82.0,7
441,57,85.0,6
442,57,69.0,18
443,57,84.0,12
444,58,87.5,2
445,58,75.0,17
446,58,79.0,14
447,58,92.0,5
448,58,81.0,19
449,58,76.0,13
450,58,70.0,7
451,58,80.0,11
452,58,85.0,4
453,59,79.5,2
454,59,80.0,17
455,59,81.0,3
456,59,78.0,8
457,59,74.0,11
458,59,79.0,20
459,59,89.0,6
460,59,97.0,14
461,60,76.75,2
462,60,93.0,17
463,60,84.0,15
464,60,86.0,6
465,60,75.0,18
466,60,88.0,11
467,60,76.0,7
468,60,75.0,16
469,60,82.0,19
470,61,78.5,2
471,61,79.67,17
472,61,87.0,3
473,61,69.0,19
474,61,89.0,11
475,61,80.0,1
476,61,70.0,15
477,61,83.0,4
478,61,81.0,9
479,62,80.5,2
480,62,90.0,17
481,62,79.0,6
482,62,77.0,9
483,62,88.0,1
484,62,78.0,3
485,62,74.0,4
486,63,80.0,2
487,63,76.0,17
488,63,80.0,10
489,63,72.0,8
490,63,82.5,11
491,63,77.0,14
492,63,81.0,19
493,63,79.0,7
494,63,79.0,13
495,64,83.0,2
496,64,91.0,17
497,64,78.5,20
498,64,82.0,6
499,64,87.0,15
500,64,77.0,19
501,64,81.0,4
502,65,81.0,17
503,65,81.75,2
504,65,72.0,6
505,65,72.0,9
506,65,70.0,4
507,65,76.0,3
508,65,79.0,14
509,66,91.0,17
510,66,78.0,2
511,66,81.0,3
512,66,77.0,7
513,66,85.0,8
514,66,87.0,4
515,67,82.5,2
516,67,74.0,17
517,67,95.0,5
518,67,80.0,16
519,67,87.0,1
520,67,79.0,3
521,67,75.0,18
522,68,89.0,17
523,68,79.0,2
524,68,76.0,1
525,68,79.0,8
526,68,90.0,7
527,68,75.0,10
528,69,75.0,17
529,69,79.75,2
530,69,80.5,19
531,69,77.0,1
532,69,84.0,18
533,69,83.0,12
534,70,84.0,2
535,70,72.0,17
536,70,86.0,8
537,70,79.0,19
538,70,88.5,16
539,70,68.0,9
540,70,96.0,4
541,70,72.0,6
542,71,83.75,2
543,71,76.0,17
544,71,96.0,12
545,71,71.0,3
546,71,81.33,1
547,71,79.0,19
548,71,81.0,8
549,72,81.25,2
550,72,87.0,17
551,72,84.0,7
552,72,91.0,18
553,72,95.0,9
554,72,90.0,20
555,72,86.0,15
556,73,70.0,17
557,73,82.75,2
558,73,79.0,12
559,73,83.0,15
560,73,83.0,9
561,73,78.0,10
562,73,78.0,8
563,73,89.0,3
564,73,78.0,14
565,74,84.75,2
566,74,82.5,17
567,74,76.0,14
568,74,85.0,5
569,74,84.0,8
570,74,82.0,3
571,74,78.0,1
572,74,84.0,10
573,74,85.0,9
574,74,83.0,7
575,75,79.75,2
576,75,83.0,17
577,75,75.5,19
578,75,82.0,4
579,75,79.0,7
580,75,74.0,16
581,75,83.0,12
582,75,75.0,5
583,76,84.75,2
584,76,76.0,17
585,76,85.0,7
586,76,94.0,19
587,76,82.0,8
588,76,79.0,5
589,76,78.0,3
590,77,78.0,2
591,77,80.5,17
592,77,83.0,19
593,77,92.0,13
594,77,78.0,8
595,77,81.0,7
596,77,90.0,5
597,77,83.0,1
598,78,76.25,2
599,78,72.0,17
600,78,78.0,1
601,78,92.0,9
602,78,74.0,4
603,78,73.0,12
604,78,83.0,18
605,78,80.0,20
606,78,72.0,16
607,78,87.0,10
608,79,76.25,2
609,79,71.0,17
610,79,76.0,13
611,79,80.0,16
612,79,82.0,18
613,79,88.0,15
614,79,86.0,9
615,79,65.0,3
616,80,74.5,2
617,80,75.0,17
618,80,80.0,5
619,80,83.0,9
620,80,82.0,10
621,80,73.5,6
622,81,86.0,17
623,81,81.0,2
624,81,85.0,19
625,81,85.0,1
626,81,85.0,3
627,81,95.0,9
628,81,84.0,15
629,81,81.0,16
630,81,86.0,13
631,82,88.0,17
632,82,83.4,2
633,82,72.0,7
634,82,83.5,19
635,82,74.0,9
636,82,82.0,1
637,82,68.0,20
638,82,84.0,10
639,83,66.0,17
640,83,73.0,2
641,83,78.0,3
642,83,78.0,18
643,83,77.0,8
644,83,92.0,9
645,83,76.0,13
646,83,77.0,15
647,83,71.0,20
648,83,78.0,16
649,84,82.25,2
650,84,80.0,17
651,84,83.0,6
652,84,73.0,3
653,84,86.0,13
654,84,72.5,10
655,85,80.33,2
656,85,79.5,17
657,85,78.0,20
658,85,79.0,18
659,85,84.0,14
660,85,65.0,13
661,85,86.0,5
662,85,89.0,9
663,86,78.8,2
664,86,76.0,17
665,86,73.0,1
666,86,74.67,12
667,86,74.0,15
668,86,73.0,3
669,86,83.0,8
670,87,77.67,2
671,87,97.0,17
672,87,81.5,10
673,87,79.0,12
674,87,89.0,8
675,87,80.0,7
676,87,85.0,16
677,87,84.0,15
678,88,79.0,2
679,88,83.5,17
680,88,81.0,18
681,88,83.0,3
682,88,87.0,11
683,88,77.0,8
684,88,84.0,4
685,88,80.0,16
686,89,75.0,2
687,89,83.0,17
688,89,83.0,11
689,89,74.0,6
690,89,85.0,4
691,89,73.5,5
692,89,85.0,8
693,89,86.0,7
694,89,81.0,12
695,90,76.0,2
696,90,83.5,17
697,90,98.0,18
698,90,70.0,9
699,90,78.0,6
700,90,84.0,11
701,91,78.0,17
702,91,82.5,2
703,91,78.0,11
704,91,76.0,6
705,91,79.0,3
706,91,73.0,7
707,91,76.0,13
708,92,75.25,2
709,92,79.0,17
710,92,83.0,8
711,92,79.5,16
712,92,78.0,11
713,92,95.0,10
714,92,72.0,18
715,92,86.0,12
716,93,84.8,2
717,93,81.0,17
718,93,88.0,8
719,93,73.0,11
720,93,82.0,7
721,93,87.0,15
722,93,87.0,1
723,93,78.0,5
724,93,79.0,4
725,93,75.0,18
726,94,80.6,2
727,94,70.5,17
728,94,75.0,20
729,94,85.0,14
730,94,72.0,19
731,94,83.0,12
732,94,84.0,13
733,94,78.0,7
734,95,78.75,2
735,95,85.0,17
736,95,79.0,3
737,95,78.0,8
738,95,82.0,14
739,95,82.0,11
740,95,65.0,18
741,95,79.0,19
742,95,87.0,7
743,95,79.0,15
744,96,80.5,2
745,96,81.0,17
746,96,72.0,1
747,96,74.0,10
748,96,75.0,7
749,96,62.0,6
750,96,82.0,14
751,96,85.0,4
752,96,72.0,5
753,97,81.0,17
754,97,76.6,2
755,97,82.0,18
756,97,81.0,7
757,97,73.0,1
758,98,88.0,17
759,98,82.5,2
760,98,70.0,11
761,98,79.0,7
762,98,81.0,12
763,98,84.0,10
764,98,69.0,13
765,99,79.8,2
766,99,77.0,17
767,99,77.0,15
768,99,82.0,4
769,99,84.0,3
770,99,78.0,16
771,99,78.5,1
772,99,84.0,20
773,99,77.0,5
774,100,75.0,2
775,100,78.5,17
776,100,86.0,20
777,100,78.0,7
778,100,85.0,1
779,101,81.0,17
780,101,84.0,2
781,101,78.0,8
782,101,77.0,3
783,101,89.0,11
784,101,84.0,10
785,102,76.0,2
786,102,74.0,17
787,102,92.0,6
788,102,92.0,5
789,102,72.5,14
790,102,77.0,8
791,102,89.0,3
792,102,70.0,1
793,103,81.0,2
794,103,85.0,17
795,103,77.0,11
796,103,88.0,14
797,103,65.0,4
798,103,79.0,8
799,103,81.0,5
800,103,88.33,7
801,103,70.0,18
802,104,82.75,2
803,104,79.0,17
804,104,69.0,5
805,104,72.0,11
806,104,74.0,10
807,104,88.0,19
808,104,83.0,18
809,104,90.0,6
810,105,78.5,2
811,105,69.0,17
812,105,79.0,12
813,105,71.0,16
814,105,81.0,10
815,105,78.0,8
816,106,83.5,2
817,106,79.0,17
818,106,80.0,7
819,106,87.0,19
820,106,78.0,14
821,106,86.0,6
822,106,81.0,12
823,107,76.75,2
824,107,86.0,17
825,107,94.0,4
826,107,74.0,16
827,107,85.0,19
828,107,74.0,9
829,107,73.0,6
830,107,77.0,20
831,107,97.0,14
832,108,79.25,2
833,108,89.0,17
834,108,70.0,20
835,108,85.0,15
836,108,89.0,3
837,108,72.0,13
838,108,79.0,7
839,108,72.0,16
840,109,74.75,2
841,109,88.0,17
842,109,78.0,7
843,109,83.0,20
844,109,77.0,4
845,109,81.0,15
846,109,87.0,10
847,109,89.0,18
848,110,75.75,2
849,110,83.0,17
850,110,83.0,14
851,110,76.0,1
852,110,81.0,5
853,110,83.0,11
854,110,73.0,9
855,110,77.5,4
856,110,83.0,15
857,111,86.0,17
858,111,79.25,2
859,111,89.0,12
860,111,81.0,6
861,111,91.0,14
862,111,76.0,5
863,112,80.25,2
864,112,74.0,17
865,112,85.0,10
866,112,81.0,3
867,112,87.0,11
868,112,87.0,20
869,112,68.0,1
870,112,75.0,12
871,112,88.0,4
872,113,73.25,2
873,113,91.0,17
874,113,79.0,14
875,113,93.0,19
876,113,83.0,5
877,113,84.0,12
878,113,75.0,18
879,113,77.5,7
880,113,77.0,11
881,113,80.0,8
882,114,73.0,2
883,114,72.0,17
884,114,77.0,6
885,114,82.0,19
886,114,75.0,13
887,114,75.0,15
888,114,76.0,4
889,114,79.0,14
890,115,83.0,17
891,115,73.0,2
892,115,71.0,20
893,115,87.0,9
894,115,70.0,1
895,115,88.0,11
896,115,76.0,19
897,115,82.0,10
898,116,75.0,2
899,116,74.5,17
900,116,76.0,9
901,116,76.0,3
902,116,76.0,5
903,116,83.0,19
904,116,90.0,16
905,116,70.0,13
906,116,80.0,15
907,117,77.0,17
908,117,81.75,2
909,117,85.0,3
910,117,70.0,4
911,117,76.0,1
912,117,79.0,16
913,117,71.0,20
914,117,74.0,12
915,117,78.0,8
916,117,85.0,7
917,118,77.0,2
918,118,70.0,17
919,118,79.0,11
920,118,89.0,8
921,118,89.0,5
922,118,74.0,19
923,118,73.0,16
924,118,82.0,15
925,118,80.0,18
926,119,79.75,2
927,119,82.0,17
928,119,88.0,6
929,119,75.0,3
930,119,77.0,18
931,119,71.0,15
932,119,74.0,11
933,119,67.0,9
934,119,79.0,4
935,119,76.0,8
936,120,75.0,2
937,120,67.0,17
938,120,71.0,14
939,120,76.5,7
940,120,68.0,11
941,120,82.0,3
942,120,88.0,6
943,120,72.0,9
944,121,77.75,2
945,121,80.0,17
946,121,91.0,11
947,121,82.0,19
948,121,77.0,18
949,121,65.0,12
950,121,90.0,20
951,122,81.6,2
952,122,72.0,17
953,122,77.5,9
954,122,82.0,3
955,122,75.0,13
956,123,81.5,2
957,123,83.0,17
958,123,79.5,19
959,123,70.0,15
960,123,71.0,9
961,123,81.0,13
962,124,81.0,2
963,124,76.0,17
964,124,68.0,9
965,124,76.0,13
966,124,76.0,7
967,124,84.5,4
968,124,70.0,6
969,124,71.0,5
970,124,96.0,15
971,124,73.0,18
972,125,87.75,2
973,125,79.0,17
974,125,84.5,4
975,125,77.0,1
976,125,68.0,8
977,125,80.0,15
978,125,69.0,14
979,125,72.0,19
980,125,89.0,18
981,126,83.5,2
982,126,72.0,17
983,126,80.5,8
984,126,88.0,11
985,126,85.5,15
986,126,80.0,16
987,126,77.0,9
988,126,83.0,6
989,126,76.0,3
990,126,75.0,18
991,127,79.2,2
992,127,93.0,17
993,127,83.0,13
994,127,84.0,16
995,127,85.0,8
996,127,79.0,14
997,127,84.0,7
998,128,75.25,2
999,128,79.0,17
1000,128,87.0,13
1001,128,81.0,18
1002,128,72.0,14
1003,128,78.0,4
1004,128,79.5,6
1005,128,66.0,16
1006,128,78.0,20
1007,129,85.25,2
1008,129,80.67,17
1009,129,86.0,16
1010,129,76.0,10
1011,129,80.0,4
1012,129,94.0,12
1013,129,89.0,20
1014,129,81.0,3
1015,129,83.5,11
1016,130,78.25,2
1017,130,86.0,17
1018,130,86.0,8
1019,130,91.0,3
1020,130,78.0,1
1021,130,73.0,18
1022,130,90.0,14
1023,130,81.0,5
1024,130,79.0,19
1025,130,84.0,13
1026,131,77.6,2
1027,131,78.0,17
1028,131,80.5,12
1029,131,72.0,20
1030,131,88.0,15
1031,131,91.0,18
1032,131,80.0,14
1033,132,84.0,17
1034,132,76.5,2
1035,132,84.0,3
1036,132,63.0,20
1037,132,84.0,19
1038,132,76.0,15
1039,132,80.0,18
1040,133,89.5,17
1041,133,76.17,2
1042,133,86.0,19
1043,133,81.5,11
1044,133,68.0,9
1045,134,79.75,2
1046,134,77.0,17
1047,134,80.0,1
1048,134,67.0,11
1049,134,88.0,8
1050,134,85.0,10
1051,134,69.0,15
1052,134,75.0,3
1053,134,82.0,6
1054,135,82.0,17
1055,135,76.75,2
1056,135,91.0,8
1057,135,76.0,10
1058,135,99.0,14
1059,135,74.0,1
1060,135,80.0,12
1061,135,63.0,19
1062,135,82.0,7
1063,136,77.75,2
1064,136,83.0,17
1065,136,81.0,10
1066,136,71.0,4
1067,136,86.0,8
1068,136,77.0,1
1069,136,70.0,20
1070,136,83.0,3
1071,137,78.33,2
1072,137,75.0,17
1073,137,74.0,1
1074,137,67.0,20
1075,137,80.0,16
1076,137,82.0,10
1077,137,80.0,15
1078,137,79.0,6
1079,137,85.0,8
1080,137,82.0,3
1081,138,80.0,2
1082,138,78.0,17
1083,138,79.5,12
1084,138,82.0,11
1085,138,65.0,5
1086,138,77.0,18
1087,139,83.0,17
1088,139,84.0,2
1089,139,87.0,12
1090,139,78.5,16
1091,139,75.0,15
1092,139,74.0,4
1093,139,80.0,8
1094,139,79.0,7
1095,140,81.25,2
1096,140,71.5,17
1097,140,80.0,1
1098,140,64.0,20
1099,140,79.0,12
1100,140,75.0,6
1101,140,83.0,7
1102,140,74.0,16
1103,140,79.0,18
1104,141,84.6,2
1105,141,76.5,17
1106,141,80.0,15
1107,141,80.0,7
1108,141,69.0,14
1109,141,77.0,10
1110,141,86.0,8
1111,141,87.0,6
1112,142,91.0,17
1113,142,79.2,2
1114,142,68.0,9
1115,142,66.0,6
1116,142,76.0,3
1117,142,95.0,13
1118,143,84.0,17
1119,143,78.6,2
1120,143,84.0,10
1121,143,68.0,5
1122,143,73.5,14
1123,143,78.0,12
1124,143,73.0,4
1125,143,89.0,16
1126,144,86.0,17
1127,144,77.5,2
1128,144,78.0,18
1129,144,71.0,3
1130,144,78.0,1
1131,144,90.0,20
1132,144,84.0,8
1133,144,85.0,5
1134,145,80.0,17
1135,145,78.75,2
1136,145,92.0,19
1137,145,84.0,1
1138,145,82.0,5
1139,145,83.0,10
1140,145,76.0,18
1141,146,81.0,17
1142,146,81.67,2
1143,146,91.0,13
1144,146,81.0,6
1145,146,75.0,1
1146,146,74.0,9
1147,146,84.0,11
1148,146,82.0,14
1149,146,76.0,4
1150,146,79.0,5
1151,147,85.75,2
1152,147,87.0,17
1153,147,78.0,12
1154,147,71.0,8
1155,147,82.0,11
1156,147,71.0,18
1157,147,83.0,7
1158,148,76.25,2
1159,148,75.0,17
1160,148,84.0,13
1161,148,71.0,1
1162,148,89.0,5
1163,148,78.0,20
1164,149,80.5,2
1165,149,86.0,17
1166,149,76.0,9
1167,149,82.0,12
1168,149,86.0,7
1169,149,73.0,11
1170,149,79.0,3
1171,149,79.0,18
1172,149,82.0,8
1173,150,79.33,17
1174,150,78.0,2
1175,150,86.0,8
1176,150,70.0,6
1177,150,75.0,16
1178,150,88.0,5
1179,150,81.0,12
1180,150,80.0,7
1181,151,79.0,2
1182,151,76.5,17
1183,151,79.0,12
1184,151,89.0,18
1185,151,77.0,15
1186,151,80.5,20
1187,151,70.5,3
1188,151,77.0,5
1189,152,78.75,2
1190,152,80.5,17
1191,152,83.0,20
1192,152,77.0,12
1193,152,86.0,8
1194,152,84.0,5
1195,152,93.0,10
1196,152,73.0,14
1197,153,77.25,2
1198,153,78.5,17
1199,153,87.0,16
1200,153,86.0,12
1201,153,70.0,6
1202,153,89.0,20
1203,153,77.0,18
1204,153,80.0,19
1205,154,86.0,17
1206,154,70.75,2
1207,154,90.0,10
1208,154,90.0,14
1209,154,83.0,4
1210,154,79.0,12
1211,154,71.0,7
1212,155,74.0,2
1213,155,72.0,7
1214,155,72.0,11
1215,155,79.0,5
1216,155,89.0,16
1217,155,72.0,15
1218,155,94.0,1
1219,155,77.0,18
1220,155,83.33,14
1221,156,87.0,2
1222,156,72.0,17
1223,156,76.0,9
1224,156,84.0,11
1225,156,83.0,10
1226,156,87.0,1
1227,156,94.0,3
1228,157,71.75,2
1229,157,88.0,17
1230,157,87.0,5
1231,157,75.0,10
1232,157,75.0,9
1233,157,70.0,14
1234,157,86.0,19
1235,157,83.0,13
1236,157,83.0,15
1237,158,80.25,2
1238,158,72.0,17
1239,158,83.5,13
1240,158,81.0,12
1241,158,88.0,1
1242,158,92.0,5
1243,158,96.0,19
1244,158,82.0,3
1245,158,73.0,9
1246,159,84.6,2
1247,159,84.0,17
1248,159,70.0,13
1249,159,83.0,18
1250,159,65.0,20
1251,159,82.0,8
1252,159,95.0,1
1253,160,82.0,2
1254,160,66.0,17
1255,160,69.0,12
1256,160,77.0,16
1257,160,89.0,14
1258,160,83.0,6
1259,161,70.0,17
1260,161,85.33,2
1261,161,82.0,7
1262,161,90.0,5
1263,161,86.0,15
1264,161,86.0,8
1265,161,75.0,19
1266,161,95.0,4
1267,161,77.0,3
1268,161,83.0,20
1269,162,81.8,2
1270,162,88.5,17
1271,162,71.0,12
1272,162,71.0,9
1273,162,85.5,7
1274,162,77.0,16
1275,162,80.0,14
1276,162,87.0,3
1277,163,81.0,2
1278,163,79.5,17
1279,163,70.0,4
1280,163,68.0,9
1281,163,85.0,12
1282,163,83.0,16
1283,163,85.0,18
1284,164,69.0,17
1285,164,75.5,2
1286,164,76.0,13
1287,164,78.0,6
1288,164,93.0,18
1289,164,84.0,16
1290,164,82.5,1
1291,164,86.0,15
1292,165,75.0,17
1293,165,81.67,2
1294,165,75.0,20
1295,165,88.0,3
1296,165,80.75,5
1297,165,83.0,7
1298,165,86.0,1
1299,166,83.75,2
1300,166,84.33,17
1301,166,79.0,5
1302,166,76.5,13
1303,166,77.0,14
1304,166,78.0,11
1305,166,84.0,8
1306,166,82.0,15
1307,167,84.0,2
1308,167,72.0,17
1309,167,84.0,5
1310,167,76.0,18
1311,167,76.0,3
1312,167,70.0,11
1313,167,73.5,9
1314,167,81.0,1
1315,167,90.0,7
1316,168,83.0,2
1317,168,85.0,17
1318,168,84.0,6
1319,168,78.0,3
1320,168,80.0,10
1321,168,81.0,14
1322,168,75.0,9
1323,168,80.0,5
1324,168,69.0,13
1325,169,81.4,2
1326,169,83.0,17
1327,169,93.0,7
1328,169,76.0,11
1329,169,74.5,16
1330,169,82.0,15
1331,169,73.0,14
1332,169,76.0,1
1333,169,75.0,12
1334,169,74.0,13
1335,170,80.67,2
1336,170,75.0,17
1337,170,82.0,5
1338,170,76.5,7
1339,170,73.0,11
1340,170,84.0,1
1341,170,84.0,16
1342,170,74.0,8
1343,170,79.0,12
1344,170,87.0,20
1345,170,96.0,18
1346,170,79.0,19
1347,171,79.8,2
1348,171,72.5,17
1349,171,74.0,4
1350,171,87.0,6
1351,171,67.0,10
1352,171,79.0,7
1353,171,95.0,13
1354,171,78.0,15
1355,172,75.0,2
1356,172,86.0,17
1357,172,68.0,19
1358,172,93.0,20
1359,172,79.0,18
1360,172,69.0,9
1361,172,84.0,4
1362,172,88.0,5
1363,173,83.0,2
1364,173,88.0,17
1365,173,73.0,14
1366,173,75.0,9
1367,173,74.0,6
1368,173,83.0,13
1369,174,78.33,2
1370,174,74.5,17
1371,174,83.0,1
1372,174,81.0,15
1373,174,72.5,9
1374,174,81.0,5
1375,174,75.0,18
1376,174,84.0,3
1377,174,94.0,4
1378,175,73.75,2
1379,175,80.0,17
1380,175,80.5,11
1381,175,84.0,16
1382,175,79.0,1
1383,175,84.0,13
1384,176,81.25,2
1385,176,67.0,17
1386,176,78.0,20
1387,176,73.5,5
1388,176,68.0,7
1389,176,70.0,6
1390,176,75.0,11
1391,176,78.5,19
1392,176,76.0,10
1393,177,85.25,2
1394,177,79.0,17
1395,177,85.0,7
1396,177,88.0,4
1397,177,77.0,11
1398,177,78.0,1
1399,177,79.0,8
1400,177,92.0,5
1401,177,79.0,14
1402,178,80.0,2
1403,178,81.0,17
1404,178,78.0,10
1405,178,84.0,7
1406,178,82.0,3
1407,178,76.5,14
1408,178,67.0,19
1409,179,83.67,17
1410,179,83.75,2
1411,179,94.0,14
1412,179,82.0,19
1413,179,94.0,9
1414,179,83.0,11
1415,179,80.0,4
1416,179,69.0,1
1417,180,83.0,2
1418,180,75.0,17
1419,180,78.0,18
1420,180,80.0,13
1421,180,74.0,7
1422,180,67.0,10
1423,180,87.0,1
1424,181,78.0,17
1425,181,78.2,2
1426,181,86.0,10
1427,181,93.0,1
1428,181,65.0,9
1429,181,81.0,18
1430,181,79.0,13
1431,181,88.0,5
1432,181,84.0,6
1433,182,83.25,2
1434,182,78.0,17
1435,182,83.0,20
1436,182,82.0,10
1437,182,83.0,19
1438,182,77.0,11
1439,182,72.0,16
1440,182,81.0,4
1441,183,83.5,2
1442,183,74.0,17
1443,183,97.0,14
1444,183,83.0,11
1445,183,71.0,3
1446,183,86.0,16
1447,183,83.0,10
1448,184,81.8,2
1449,184,78.0,17
1450,184,84.0,4
1451,184,82.0,15
1452,184,80.0,1
1453,184,77.0,5
1454,184,83.0,20
1455,184,76.0,13
1456,185,75.0,17
1457,185,74.0,2
1458,185,81.67,15
1459,185,70.0,4
1460,185,79.0,1
1461,185,84.0,10
1462,185,82.0,7
1463,185,78.0,18
1464,186,82.5,17
1465,186,83.0,2
1466,186,74.0,19
1467,186,89.0,16
1468,186,87.0,3
1469,186,78.0,13
1470,186,86.0,10
1471,186,73.0,1
1472,186,84.0,4
1473,186,77.0,8
1474,187,74.25,2
1475,187,68.0,17
1476,187,86.0,8
1477,187,81.0,7
1478,187,85.5,18
1479,187,81.0,3
1480,187,83.0,19
1481,187,74.0,5
1482,188,81.75,2
1483,188,87.0,17
1484,188,80.0,18
1485,188,71.0,14
1486,188,76.0,4
1487,188,77.0,5
1488,188,91.0,11
1489,188,75.0,12
1490,189,76.2,2
1491,189,75.0,17
1492,189,82.5,12
1493,189,93.0,6
1494,189,78.0,7
1495,189,70.0,4
1496,189,76.0,19
1497,189,79.0,5
1498,190,83.75,2
1499,190,81.0,17
1500,190,87.0,4
1501,190,86.0,16
1502,190,83.0,5
1503,190,79.0,15
1504,190,68.0,7
1505,190,76.0,20
1506,191,81.0,2
1507,191,70.0,17
1508,191,76.0,15
1509,191,75.0,6
1510,191,80.0,5
1511,191,72.0,7
1512,191,67.0,8
1513,191,78.0,11
1514,191,76.0,1
1515,192,86.0,2
1516,192,86.5,17
1517,192,72.0,11
1518,192,92.0,3
1519,192,74.0,7
1520,192,89.0,4
1521,192,88.0,5
1522,192,64.0,8
1523,192,76.0,6
1524,193,78.4,2
1525,193,73.5,17
1526,193,78.0,12
1527,193,83.0,1
1528,193,81.33,13
1529,193,66.0,14
1530,193,84.5,15
1531,194,73.5,2
1532,194,80.0,17
1533,194,81.0,13
1534,194,89.0,9
1535,194,74.0,4
1536,194,72.0,18
1537,194,76.0,19
1538,194,73.0,16
1539,194,68.0,14
1540,194,83.0,15
1541,195,83.5,2
1542,195,80.0,17
1543,195,81.5,10
1544,195,77.5,4
1545,195,76.0,3
1546,195,81.0,12
1547,195,77.0,15
1548,195,72.0,16
1549,195,71.0,20
1550,196,77.25,2
1551,196,75.5,17
1552,196,79.0,16
1553,196,85.0,15
1554,196,85.0,18
1555,196,90.0,3
1556,196,88.0,20
1557,196,89.0,9
1558,197,81.0,17
1559,197,73.75,2
1560,197,76.0,8
1561,197,76.0,12
1562,197,84.0,15
1563,197,84.0,3
1564,197,82.0,18
1565,197,86.0,13
1566,198,78.75,2
1567,198,80.67,17
1568,198,81.5,13
1569,198,80.0,8
1570,198,72.0,5
1571,199,74.25,2
1572,199,82.0,17
1573,199,74.0,6
1574,199,82.0,14
1575,199,74.0,20
1576,199,87.0,4
1577,199,72.0,12
1578,199,81.0,5
1579,199,81.0,19
1580,199,81.0,8
1581,200,74.0,17
1582,200,74.8,2
1583,200,73.0,7
1584,200,84.0,15
1585,200,88.0,3
1586,200,72.0,6
1587,200,78.0,4
1588,200,85.0,10
1589,201,83.5,2
1590,201,79.0,17
1591,201,71.0,18
1592,201,89.0,8
1593,201,88.0,9
1594,201,91.0,12
1595,202,82.25,2
1596,202,83.0,17
1597,202,90.0,11
1598,202,72.0,10
1599,202,82.0,20
1600,202,81.0,7
1601,202,78.0,5
1602,202,68.0,19
1603,202,85.0,13
1604,203,84.5,2
1605,203,90.0,17
1606,203,66.0,4
1607,203,89.0,1
1608,203,73.0,5
1609,203,89.0,13
1610,203,72.0,11
1611,203,87.0,6
1612,203,75.0,20
1613,203,67.0,12
1614,204,80.0,2
1615,204,77.0,17
1616,204,79.0,4
1617,204,86.0,18
1618,204,84.0,14
1619,204,77.0,16
1620,204,78.0,9
1621,205,79.0,2
1622,205,72.0,17
1623,205,84.0,11
1624,205,77.0,14
1625,205,84.0,3
1626,205,74.0,19
1627,205,82.0,13
1628,205,67.0,10
1629,206,89.0,2
1630,206,82.0,17
1631,206,81.5,5
1632,206,77.5,20
1633,206,90.0,4
1634,206,72.0,16
1635,206,90.0,11
1636,206,89.0,8
1637,206,81.0,7
1638,207,78.0,2
1639,207,81.5,17
1640,207,93.0,18
1641,207,72.0,14
1642,207,87.0,8
1643,207,78.0,12
1644,207,81.0,6
1645,207,93.0,3
1646,208,85.0,2
1647,208,66.0,17
1648,208,81.5,4
1649,208,84.0,15
1650,208,93.0,20
1651,208,88.0,9
1652,208,85.0,1
1653,209,78.0,2
1654,209,83.0,17
1655,209,63.0,5
1656,209,85.0,9
1657,209,73.0,18
1658,209,84.0,12
1659,209,87.0,19
1660,209,79.0,11
1661,209,76.0,4
1662,210,67.0,17
1663,210,83.2,2
1664,210,77.0,18
1665,210,81.0,10
1666,210,81.0,11
1667,210,83.0,20
1668,210,78.0,16
1669,211,78.75,2
1670,211,77.0,17
1671,211,76.5,10
1672,211,93.0,18
1673,211,92.0,11
1674,211,83.0,5
1675,211,72.0,6
1676,211,82.0,7
1677,211,84.0,14
1678,211,80.0,12
1679,212,75.75,2
1680,212,86.0,16
1681,212,76.0,11
1682,212,81.0,8
1683,212,75.0,15
1684,212,75.0,12
1685,212,84.0,18
1686,212,73.0,4
1687,213,81.0,2
1688,213,93.0,17
1689,213,80.0,15
1690,213,69.0,12
1691,213,79.5,9
1692,213,77.0,18
1693,213,85.0,14
1694,213,75.0,8
1695,214,85.25,2
1696,214,73.0,17
1697,214,81.0,1
1698,214,89.5,11
1699,214,89.0,20
1700,214,73.0,6
1701,214,74.0,9
1702,215,94.0,17
1703,215,84.75,2
1704,215,64.0,5
1705,215,79.0,18
1706,215,87.0,11
1707,215,73.0,20
1708,215,81.0,4
1709,215,87.0,12
1710,215,86.0,16
1711,216,72.75,2
1712,216,74.67,17
1713,216,68.0,8
1714,216,83.5,13
1715,216,77.0,7
1716,216,83.5,19
1717,216,81.0,3
1718,216,81.0,9
1719,217,85.0,2
1720,217,77.0,17
1721,217,76.0,3
1722,217,70.0,13
1723,217,70.0,11
1724,217,73.0,8
1725,217,90.0,7
1726,217,79.0,12
1727,217,79.0,4
1728,218,77.75,2
1729,218,75.0,17
1730,218,93.0,8
1731,218,69.0,13
1732,218,86.0,1
1733,218,90.0,14
1734,218,69.0,7
1735,219,71.0,17
1736,219,75.0,2
1737,219,96.0,6
1738,219,81.0,7
1739,219,82.0,16
1740,219,74.0,5
1741,219,81.0,10
1742,219,67.0,9
1743,220,79.0,2
1744,220,78.0,17
1745,220,76.0,11
1746,220,85.0,19
1747,220,83.0,14
1748,220,80.0,9
1749,220,83.0,3
1750,220,76.0,5
1751,220,79.0,18
1752,220,77.0,1
1753,220,75.0,6
1754,221,80.0,17
1755,221,83.5,2
1756,221,88.0,18
1757,221,74.0,8
1758,221,78.0,7
1759,221,96.0,14
1760,221,74.0,12
1761,222,83.2,2
1762,222,84.0,17
1763,222,76.5,3
1764,222,74.5,16
1765,222,87.0,12
1766,222,82.0,18
1767,222,78.0,20
1768,222,83.0,9
1769,222,70.0,1
1770,223,77.25,2
1771,223,88.0,17
1772,223,87.0,3
1773,223,91.0,19
1774,223,74.5,16
1775,223,81.0,7
1776,223,71.0,14
1777,223,82.0,9
1778,224,80.5,2
1779,224,69.0,17
1780,224,87.0,18
1781,224,85.0,7
1782,224,80.0,4
1783,224,78.0,20
1784,224,78.0,3
1785,224,67.0,10
1786,224,79.0,13
1787,225,76.75,2
1788,225,74.0,17
1789,225,88.0,13
1790,225,79.0,5
1791,225,90.0,14
1792,225,85.0,18
1793,225,86.0,12
1794,226,75.0,17
1795,226,88.25,2
1796,226,91.0,10
1797,226,82.0,14
1798,226,88.0,5
1799,226,91.0,12
1800,226,76.0,13
1801,226,75.0,4
1802,227,82.2,2
1803,227,83.0,17
1804,227,78.0,10
1805,227,84.67,15
1806,227,79.0,6
1807,227,91.0,8
1808,227,82.0,11
1809,227,82.0,7
1810,227,69.0,1
1811,228,84.0,17
1812,228,87.67,2
1813,228,81.0,7
1814,228,77.0,6
1815,228,78.0,13
1816,228,70.0,14
1817,228,82.0,19
1818,228,73.0,1
1819,228,87.0,12
1820,229,80.75,2
1821,229,77.0,17
1822,229,89.5,14
1823,229,79.5,3
1824,229,86.0,6
1825,229,75.0,19
1826,229,81.0,8
1827,229,76.0,10
1828,229,70.0,5
1829,230,78.75,2
1830,230,80.0,17
1831,230,84.0,19
1832,230,78.0,1
1833,230,81.0,6
1834,230,78.0,8
1835,230,81.0,18
1836,230,89.0,13
1837,230,78.0,9
1838,231,77.0,2
1839,231,85.0,17
1840,231,81.0,13
1841,231,81.0,6
1842,231,75.5,20
1843,231,79.0,12
1844,231,91.0,3
1845,231,79.0,4
1846,231,87.0,14
1847,232,76.75,2
1848,232,78.0,17
1849,232,81.0,15
1850,232,89.0,6
1851,232,67.0,14
1852,232,75.0,13
1853,232,78.0,19
1854,232,82.0,16
1855,232,80.0,7
1856,232,87.0,9
1857,233,83.0,17
1858,233,79.0,2
1859,233,86.0,16
1860,233,79.0,3
1861,233,86.0,14
1862,233,88.0,12
1863,233,67.0,7
1864,233,90.0,9
1865,233,86.5,8
1866,234,79.0,2
1867,234,71.0,17
1868,234,92.5,16
1869,234,82.0,6
1870,234,86.5,10
1871,234,77.0,12
1872,234,86.0,18
1873,234,79.0,3
1874,235,81.75,2
1875,235,86.0,17
1876,235,82.0,4
1877,235,77.0,3
1878,235,82.5,9
1879,235,91.0,8
1880,235,80.0,6
1881,235,80.0,10
1882,235,71.0,19
1883,235,93.0,15
1884,236,83.4,2
1885,236,89.0,17
1886,236,83.0,15
1887,236,86.0,20
1888,236,76.0,5
1889,236,70.0,16
1890,236,84.0,19
1891,236,81.33,3
1892,236,72.0,14
1893,237,79.25,2
1894,237,73.5,17
1895,237,81.0,16
1896,237,93.0,4
1897,237,81.0,13
1898,237,87.0,18
1899,237,86.0,12
1900,237,93.0,20
1901,238,84.5,2
1902,238,83.0,17
1903,238,82.0,11
1904,238,80.0,9
1905,238,77.5,13
1906,238,85.0,3
1907,238,89.0,6
1908,238,80.0,10
1909,238,78.0,16
1910,239,75.5,2
1911,239,82.0,17
1912,239,77.0,9
1913,239,79.5,12
1914,239,79.0,7
1915,239,79.0,19
1916,239,88.0,3
1917,239,90.0,20
1918,240,82.25,2
1919,240,75.0,17
1920,240,73.0,14
1921,240,78.0,12
1922,240,68.0,8
1923,240,86.0,11
1924,240,88.0,5
1925,240,79.0,15
1926,241,82.25,2
1927,241,79.0,17
1928,241,79.5,11
1929,241,89.0,3
1930,241,72.0,6
1931,241,77.0,14
1932,241,83.0,8
1933,242,78.5,2
1934,242,81.0,17
1935,242,88.0,6
1936,242,76.0,9
1937,242,77.0,18
1938,242,72.0,11
1939,242,81.0,3
1940,243,76.33,2
1941,243,95.0,17
1942,243,90.0,1
1943,243,77.0,11
1944,243,90.0,5
1945,243,88.5,4
1946,243,74.0,13
1947,243,70.0,20
1948,243,84.0,10
1949,243,75.0,12
1950,243,82.0,19
1951,243,80.0,9
1952,244,80.0,17
1953,244,81.6,2
1954,244,81.0,9
1955,244,71.0,12
1956,244,81.0,20
1957,244,85.0,1
1958,244,81.5,11
1959,244,79.0,6
1960,245,79.5,2
1961,245,77.0,17
1962,245,96.0,1
1963,245,86.0,14
1964,245,83.0,18
1965,245,78.0,20
1966,245,77.0,9
1967,245,83.0,7
1968,245,75.0,15
1969,245,71.0,11
1970,246,75.75,2
1971,246,80.0,17
1972,246,76.0,4
1973,246,86.0,15
1974,246,84.0,16
1975,246,94.0,7
1976,246,72.0,19
1977,247,82.25,2
1978,247,83.0,17
1979,247,81.67,14
1980,247,87.0,13
1981,247,86.0,19
1982,247,76.0,3
1983,247,76.0,11
1984,247,73.0,16
1985,247,86.0,5
1986,248,78.0,2
1987,248,87.0,17
1988,248,79.0,11
1989,248,79.0,16
1990,248,79.0,10
1991,248,70.0,15
1992,248,91.0,19
1993,248,88.0,13
1994,248,76.5,20
1995,249,73.0,2
1996,249,81.0,17
1997,249,80.0,19
1998,249,89.0,7
1999,249,68.0,14
2000,249,64.0,6
2001,249,81.0,16
2002,250,83.5,2
2003,250,84.5,17
2004,250,76.0,16
2005,250,78.0,19
2006,250,76.0,8
2007,250,82.5,5
2008,250,73.0,18
2009,250,88.0,15
2010,251,80.5,2
2011,251,79.0,17
2012,251,98.0,16
2013,251,68.0,19
2014,251,86.0,6
2015,251,94.0,18
2016,251,78.0,14
2017,251,83.0,20
2018,252,79.0,2
2019,252,76.5,17
2020,252,81.0,16
2021,252,82.0,9
2022,252,88.0,12
2023,252,85.0,14
2024,252,82.0,13
2025,253,85.0,17
2026,253,76.33,2
2027,253,74.0,8
2028,253,85.0,7
2029,253,78.0,19
2030,253,84.0,6
2031,253,81.0,3
2032,253,75.0,9
2033,253,79.0,1
2034,254,84.75,2
2035,254,64.0,17
2036,254,75.0,8
2037,254,84.0,20
2038,254,91.0,4
2039,254,76.0,13
2040,254,87.0,14
2041,254,77.0,15
2042,255,81.25,2
2043,255,84.5,17
2044,255,72.0,5
2045,255,76.0,4
2046,255,81.0,10
2047,255,79.5,15
2048,255,80.0,16
2049,256,87.6,2
2050,256,76.0,17
2051,256,82.5,10
2052,256,89.0,16
2053,256,70.0,14
2054,256,90.0,4
2055,256,98.0,20
2056,256,70.0,11
2057,257,92.0,17
2058,257,80.25,2
2059,257,85.5,18
2060,257,80.0,1
2061,257,77.0,16
2062,257,77.0,13
2063,258,80.75,2
2064,258,86.0,17
2065,258,82.0,19
2066,258,75.0,4
2067,258,67.0,15
2068,258,75.0,20
2069,258,81.0,1
2070,259,84.8,2
2071,259,96.0,17
2072,259,88.0,6
2073,259,90.0,3
2074,259,86.0,19
2075,259,79.0,5
2076,259,75.0,14
2077,259,81.0,10
2078,259,91.0,4
2079,259,80.0,18
2080,260,72.4,2
2081,260,91.0,17
2082,260,92.0,19
2083,260,75.0,18
2084,260,79.5,7
2085,260,94.0,16
2086,260,69.0,4
2087,260,71.0,10
2088,260,90.0,15
2089,261,74.0,2
2090,261,80.0,17
2091,261,77.0,3
2092,261,74.0,6
2093,261,89.0,13
2094,261,86.0,18
2095,261,80.0,11
2096,261,75.0,16
2097,261,91.0,5
2098,261,84.0,14
2099,262,78.75,2
2100,262,76.0,17
2101,262,83.0,18
2102,262,78.0,12
2103,262,74.0,9
2104,262,89.0,15
2105,262,81.5,10
2106,262,67.0,16
2107,262,77.0,20
2108,263,76.0,17
2109,263,78.5,2
2110,263,85.0,3
2111,263,76.0,15
2112,263,79.0,7
2113,263,85.0,12
2114,263,90.0,19
2115,264,71.5,2
2116,264,87.0,17
2117,264,85.0,8
2118,264,74.0,6
2119,264,82.0,19
2120,264,83.0,3
2121,264,78.0,10
2122,264,69.0,1
2123,264,76.0,9
2124,264,71.0,16
2125,265,82.75,2
2126,265,85.5,17
2127,265,80.0,13
2128,265,90.0,15
2129,265,83.0,16
2130,265,78.5,5
2131,265,76.0,11
2132,266,82.8,2
2133,266,88.0,17
2134,266,80.0,11
2135,266,79.0,9
2136,266,68.0,7
2137,266,79.0,4
2138,266,65.0,8
2139,266,83.0,14
2140,267,85.0,17
2141,267,73.5,2
2142,267,93.0,3
2143,267,88.0,7
2144,267,75.0,16
2145,267,63.0,14
2146,267,85.0,19
2147,267,78.0,12
2148,267,79.0,5
2149,267,86.0,9
2150,267,81.0,1
2151,267,86.0,18
2152,268,82.67,2
2153,268,89.0,17
2154,268,88.0,12
2155,268,75.0,13
2156,268,69.0,6
2157,268,91.0,11
2158,268,82.0,16
2159,269,79.17,2
2160,269,72.0,17
2161,269,93.0,14
2162,269,86.0,11
2163,269,76.0,7
2164,270,81.25,2
2165,270,84.0,17
2166,270,76.0,3
2167,270,86.0,7
2168,270,75.0,9
2169,270,78.0,8
2170,270,67.0,12
2171,270,71.0,18
2172,271,87.0,2
2173,271,88.0,17
2174,271,77.0,19
2175,271,83.0,5
2176,271,78.0,20
2177,271,80.0,16
2178,271,79.0,6
2179,272,76.0,2
2180,272,87.0,17
2181,272,85.0,5
2182,272,87.0,3
2183,272,90.0,1
2184,272,83.0,7
2185,273,67.0,2
2186,273,83.0,17
2187,273,95.0,13
2188,273,74.0,3
2189,273,80.5,16
2190,273,72.0,5
2191,273,87.0,9
2192,273,82.0,18
2193,273,89.0,7
2194,273,68.0,8
2195,274,81.67,2
2196,274,78.0,17
2197,274,92.0,9
2198,274,78.0,16
2199,274,76.0,20
2200,274,72.0,15
2201,274,83.0,19
2202,275,79.0,2
2203,275,79.0,17
2204,275,67.0,20
2205,275,80.5,3
2206,275,75.0,9
2207,275,76.0,12
2208,275,85.0,8
2209,275,75.0,5
2210,276,76.25,17
2211,276,87.4,2
2212,276,76.0,4
2213,276,89.0,9
2214,276,81.0,10
2215,276,79.0,7
2216,277,82.0,2
2217,277,85.0,17
2218,277,77.5,4
2219,277,85.0,3
2220,277,90.0,10
2221,277,93.0,8
2222,277,75.0,18
2223,277,82.0,15
2224,277,83.0,11
2225,278,82.75,2
2226,278,93.0,17
2227,278,79.0,3
2228,278,77.0,10
2229,278,80.0,16
2230,278,82.0,18
2231,278,86.0,5
2232,278,74.0,8
2233,278,88.0,20
2234,279,83.25,2
2235,279,92.0,17
2236,279,74.0,6
2237,279,90.0,1
2238,279,88.0,18
2239,279,80.0,9
2240,279,81.0,7
2241,280,84.0,2
2242,280,79.33,17
2243,280,63.0,7
2244,280,80.0,20
2245,280,78.0,16
2246,280,64.0,10
2247,280,82.0,1
2248,280,96.0,4
2249,280,83.0,9
2250,281,68.5,2
2251,281,89.0,17
2252,281,93.0,13
2253,281,92.0,19
2254,281,67.0,3
2255,281,84.0,18
2256,281,89.0,10
2257,281,69.0,4
2258,282,86.2,2
2259,282,85.0,17
2260,282,74.0,5
2261,282,72.0,1
2262,282,86.0,18
2263,282,84.0,14
2264,282,90.0,9
2265,282,83.0,16
2266,283,78.25,2
2267,283,80.0,17
2268,283,69.5,8
2269,283,78.5,7
2270,283,85.0,14
2271,283,79.0,19
2272,283,77.0,4
2273,284,84.0,17
2274,284,79.8,2
2275,284,93.0,6
2276,284,88.0,1
2277,284,71.0,18
2278,284,78.0,16
2279,284,82.0,7
2280,285,79.0,2
2281,285,79.5,17
2282,285,82.0,16
2283,285,82.0,19
2284,285,81.0,6
2285,285,77.0,9
2286,285,89.0,13
2287,285,79.5,7
2288,285,78.0,15
2289,286,78.0,2
2290,286,70.0,17
2291,286,82.0,18
2292,286,82.0,19
2293,286,76.0,20
2294,286,69.0,11
2295,286,72.0,9
2296,287,82.8,2
2297,287,90.5,17
2298,287,82.0,8
2299,287,85.0,6
2300,287,72.0,1
2301,287,70.0,14
2302,287,86.0,20
2303,287,91.0,9
2304,288,76.0,2
2305,288,83.0,17
2306,288,73.5,13
2307,288,77.0,20
2308,288,79.0,12
2309,288,84.0,11
2310,288,82.0,3
2311,288,75.0,4
2312,289,86.5,2
2313,289,69.0,17
2314,289,80.0,1
2315,289,89.0,16
2316,289,65.0,18
2317,289,82.0,8
2318,289,92.0,12
2319,289,69.0,14
2320,290,80.33,2
2321,290,79.0,17
2322,290,86.0,20
2323,290,83.0,16
2324,290,74.5,13
2325,290,79.0,15
2326,290,77.0,7
2327,290,66.0,11
2328,291,71.5,17
2329,291,78.0,2
2330,291,82.0,15
2331,291,77.5,8
2332,291,81.0,19
2333,291,72.0,10
2334,291,81.0,7
2335,292,83.25,2
2336,292,77.0,17
2337,292,82.5,18
2338,292,77.0,8
2339,292,76.0,7
2340,292,74.0,15
2341,292,73.0,3
2342,293,79.0,17
2343,293,83.5,2
2344,293,83.5,15
2345,293,84.0,10
2346,293,80.5,16
2347,293,65.0,3
2348,293,75.0,8
2349,293,81.0,20
2350,293,91.0,4
2351,293,81.0,9
2352,294,81.0,2
2353,294,86.0,17
2354,294,74.0,6
2355,294,93.0,13
2356,294,81.0,3
2357,294,91.0,19
2358,294,86.0,15
2359,295,78.0,2
2360,295,83.0,17
2361,295,78.0,18
2362,295,81.0,8
2363,295,82.0,6
2364,295,66.0,16
2365,295,80.0,1
2366,295,83.0,14
2367,295,86.0,7
2368,295,77.0,4
2369,295,68.0,13
2370,296,80.5,2
2371,296,82.0,17
2372,296,69.0,1
2373,296,67.0,3
2374,296,84.0,6
2375,296,77.0,7
2376,296,80.0,15
2377,297,84.2,2
2378,297,84.0,17
2379,297,83.0,7
2380,297,78.0,15
2381,297,81.0,6
2382,297,83.0,4
2383,297,78.0,20
2384,297,88.0,1
2385,298,78.2,2
2386,298,94.0,17
2387,298,81.5,4
2388,298,84.0,6
2389,298,80.0,20
2390,298,78.5,11
2391,298,86.0,3
2392,298,79.0,9
2393,298,86.0,7
2394,299,84.75,2
2395,299,81.5,17
2396,299,81.0,19
2397,299,71.0,6
2398,299,74.0,10
2399,299,79.0,16
2400,299,69.0,14
2401,300,77.0,2
2402,300,92.0,17
2403,300,80.0,12
2404,300,78.0,1
2405,300,79.0,7
2406,300,90.0,5
2407,300,71.5,6
2408,300,89.0,19
2409,300,95.0,4
2410,301,90.25,2
2411,301,82.0,17
2412,301,93.0,5
2413,301,92.0,18
2414,301,67.0,13
2415,301,88.0,9
2416,301,88.0,16
2417,301,78.0,14
2418,302,81.5,2
2419,302,80.0,17
2420,302,81.5,10
2421,302,86.0,9
2422,302,70.5,6
2423,302,80.5,12
2424,302,90.0,14
2425,302,79.0,19
2426,302,81.0,3
2427,303,75.67,2
2428,303,70.0,17
2429,303,73.5,9
2430,303,89.0,19
2431,303,85.0,15
2432,303,85.0,13
2433,303,84.0,18
2434,303,70.0,7
2435,303,96.0,11
2436,304,83.5,17
2437,304,76.6,2
2438,304,75.0,8
2439,304,73.0,6
2440,304,93.0,3
2441,304,71.0,13
2442,305,76.75,2
2443,305,68.0,17
2444,305,80.0,14
2445,305,91.0,16
2446,305,83.0,6
2447,305,79.0,15
2448,305,91.0,1
2449,305,80.0,18
2450,305,76.0,9
2451,306,80.75,2
2452,306,79.0,17
2453,306,84.5,19
2454,306,73.0,9
2455,306,66.0,8
2456,306,84.0,3
2457,307,80.0,2
2458,307,73.5,17
2459,307,74.0,10
2460,307,67.0,13
2461,307,69.0,11
2462,307,71.0,6
2463,307,68.0,9
2464,307,66.0,5
2465,307,69.0,8
2466,307,92.0,16
2467,308,74.25,2
2468,308,86.0,17
2469,308,65.0,7
2470,308,76.0,3
2471,308,79.0,18
2472,308,72.0,13
2473,308,94.0,5
2474,308,78.0,1
2475,308,88.0,19
2476,309,79.0,17
2477,309,81.0,2
2478,309,76.5,19
2479,309,75.0,15
2480,309,77.5,11
2481,309,80.0,1
2482,309,91.0,16
2483,310,81.5,2
2484,310,85.0,17
2485,310,75.0,20
2486,310,89.0,4
2487,310,82.0,19
2488,310,73.0,9
2489,310,79.0,1
2490,310,96.0,12
2491,310,77.0,13
2492,310,91.0,15
2493,311,80.5,2
2494,311,74.0,17
2495,311,82.0,16
2496,311,74.0,5
2497,311,89.0,18
2498,311,81.0,3
2499,311,91.0,20
2500,312,81.25,2
2501,312,90.0,17
2502,312,89.5,13
2503,312,79.0,20
2504,312,73.5,10
2505,312,89.0,8
2506,313,75.25,2
2507,313,83.0,17
2508,313,83.0,7
2509,313,83.0,18
2510,313,91.0,4
2511,313,75.0,19
2512,313,70.0,10
2513,313,82.0,9
2514,313,89.0,6
2515,313,64.0,11
2516,313,77.0,1
2517,314,83.0,2
2518,314,84.0,17
2519,314,72.0,9
2520,314,81.0,12
2521,314,74.0,8
2522,314,81.0,14
2523,314,73.0,19
2524,315,88.25,2
2525,315,85.5,17
2526,315,86.0,15
2527,315,77.0,14
2528,315,81.0,8
2529,316,84.5,17
2530,316,79.5,2
2531,316,69.0,14
2532,316,81.0,19
2533,316,77.0,11
2534,316,92.0,8
2535,316,72.0,16
2536,316,78.0,15
2537,316,79.0,6
2538,317,83.0,2
2539,317,82.0,17
2540,317,89.0,8
2541,317,84.0,12
2542,317,82.0,20
2543,317,77.0,6
2544,317,65.0,15
2545,317,97.0,16
2546,318,78.25,2
2547,318,79.0,17
2548,318,72.0,8
2549,318,87.5,7
2550,318,90.0,6
2551,318,85.0,11
2552,319,80.75,2
2553,319,85.0,17
2554,319,76.5,14
2555,319,72.0,11
2556,319,75.5,9
2557,319,86.0,7
2558,319,69.0,8
2559,319,89.0,15
2560,319,75.0,1
2561,319,93.0,10
2562,320,82.25,2
2563,320,75.0,17
2564,320,84.0,5
2565,320,86.0,7
2566,320,78.0,12
2567,320,78.0,13
2568,320,78.0,9
2569,320,81.0,20
2570,321,84.25,2
2571,321,78.0,17
2572,321,78.0,1
2573,321,83.0,7
2574,321,78.0,18
2575,321,89.0,13
2576,322,83.0,2
2577,322,73.5,17
2578,322,82.5,7
2579,322,84.0,18
2580,322,84.0,6
2581,322,87.0,14
2582,322,88.0,3
2583,322,91.0,4
2584,323,77.0,2
2585,323,73.5,17
2586,323,76.5,6
2587,323,80.0,9
2588,323,68.0,3
2589,323,75.0,20
2590,323,73.0,15
2591,324,80.5,2
2592,324,82.0,17
2593,324,76.5,19
2594,324,87.5,10
2595,324,86.0,4
2596,324,77.0,15
2597,324,80.0,6
2598,325,76.75,2
2599,325,83.5,19
2600,325,80.0,3
2601,325,71.0,9
2602,325,89.0,4
2603,325,81.5,14
2604,325,83.0,12
2605,325,75.0,10
2606,325,85.0,15
2607,325,88.0,8
2608,326,85.0,17
2609,326,82.75,2
2610,326,91.0,4
2611,326,90.0,12
2612,326,76.0,7
2613,326,78.0,16
2614,326,84.0,15
2615,326,83.0,5
2616,327,80.25,2
2617,327,82.0,17
2618,327,85.0,3
2619,327,89.5,10
2620,327,76.0,16
2621,327,76.5,13
2622,327,77.0,14
2623,328,77.0,2
2624,328,73.0,17
2625,328,72.0,16
2626,328,90.0,13
2627,328,95.0,20
2628,328,69.0,3
2629,328,79.0,8
2630,328,62.0,18
2631,329,77.75,2
2632,329,91.0,17
2633,329,81.0,12
2634,329,79.0,13
2635,329,95.0,18
2636,329,87.0,11
2637,329,83.0,1
2638,329,84.0,7
2639,329,92.0,9
2640,330,87.5,2
2641,330,96.0,17
2642,330,74.0,19
2643,330,85.0,3
2644,330,80.0,11
2645,330,74.0,8
2646,330,74.0,12
2647,331,81.5,2
2648,331,80.0,17
2649,331,94.0,16
2650,331,81.0,6
2651,331,71.0,7
2652,331,89.0,14
2653,332,88.0,2
2654,332,89.0,17
2655,332,75.0,11
2656,332,81.0,20
2657,332,86.0,3
2658,332,94.0,19
2659,333,82.5,2
2660,333,71.0,17
2661,333,79.0,1
2662,333,85.5,5
2663,333,82.0,4
2664,333,87.0,3
2665,333,96.0,10
2666,333,81.0,6
2667,334,78.5,2
2668,334,66.0,17
2669,334,88.0,14
2670,334,83.5,13
2671,334,78.0,10
2672,334,79.0,9
2673,335,87.5,2
2674,335,81.0,17
2675,335,77.0,4
2676,335,76.0,8
2677,335,74.0,18
2678,335,80.0,10
2679,336,91.0,17
2680,336,82.25,2
2681,336,75.0,14
2682,336,80.0,19
2683,336,78.0,18
2684,336,73.0,20
2685,336,78.0,4
2686,336,80.5,11
2687,336,65.0,15
2688,337,79.0,17
2689,337,78.0,2
2690,337,75.5,3
2691,337,73.0,18
2692,337,92.0,15
2693,337,82.0,9
2694,338,82.0,2
2695,338,90.0,17
2696,338,76.0,19
2697,338,72.0,4
2698,338,92.0,18
2699,338,82.0,3
2700,339,74.0,2
2701,339,94.0,17
2702,339,72.0,18
2703,339,84.5,12
2704,339,74.0,19
2705,339,76.0,14
2706,339,65.0,9
2707,340,73.5,2
2708,340,78.0,17
2709,340,73.0,19
2710,340,84.0,7
2711,340,68.0,10
2712,340,86.0,3
2713,340,83.0,14
2714,340,76.0,13
2715,341,72.0,17
2716,341,80.5,2
2717,341,76.0,8
2718,341,88.0,7
2719,341,85.5,11
2720,341,87.0,5
2721,341,81.0,13
2722,341,81.0,1
2723,341,79.0,18
2724,341,68.0,14
2725,342,69.67,2
2726,342,89.0,17
2727,342,84.0,18
2728,342,71.0,4
2729,342,84.0,8
2730,342,94.0,12
2731,342,75.0,11
2732,342,98.0,7
2733,342,85.0,9
2734,343,84.4,2
2735,343,74.5,17
2736,343,85.0,13
2737,343,87.0,6
2738,343,92.0,18
2739,343,88.0,3
2740,343,80.0,4
2741,343,71.0,14
2742,343,79.0,10
2743,343,90.0,15
2744,344,75.25,2
2745,344,89.0,17
2746,344,69.0,13
2747,344,72.33,16
2748,344,71.0,9
2749,344,75.0,6
2750,344,87.0,18
2751,344,84.0,14
2752,345,88.5,17
2753,345,84.5,2
2754,345,80.0,4
2755,345,82.0,15
2756,345,88.0,10
2757,345,81.0,14
2758,345,81.0,16
2759,345,92.0,20
2760,345,80.0,3
2761,345,68.0,8
2762,345,77.0,6
2763,346,79.0,2
2764,346,96.0,17
2765,346,81.0,8
2766,346,86.0,16
2767,346,81.0,19
2768,346,71.0,15
2769,346,65.0,11
2770,346,94.0,5
2771,346,94.0,10
2772,347,84.5,2
2773,347,76.0,17
2774,347,86.0,8
2775,347,79.0,15
2776,347,83.0,9
2777,347,65.0,11
2778,348,78.0,17
2779,348,73.75,2
2780,348,76.0,10
2781,348,79.0,18
2782,348,68.0,19
2783,348,80.0,20
2784,348,67.0,9
2785,349,81.75,2
2786,349,71.0,17
2787,349,79.0,11
2788,349,82.0,16
2789,349,76.0,13
2790,349,78.0,12
2791,349,91.0,18
2792,349,84.0,4
2793,349,81.0,9
2794,349,87.0,19
2795,350,79.25,2
2796,350,85.0,17
2797,350,97.0,7
2798,350,83.0,14
2799,350,84.0,12
2800,350,91.0,10
2801,351,81.0,2
2802,351,75.0,17
2803,351,76.0,14
2804,351,81.0,11
2805,351,75.0,4
2806,351,82.0,15
2807,351,83.0,8
2808,351,94.0,6
2809,352,81.0,2
2810,352,68.0,17
2811,352,64.0,7
2812,352,86.0,6
2813,352,84.5,9
2814,352,70.5,8
2815,352,67.0,16
2816,353,72.0,2
2817,353,80.5,17
2818,353,84.0,10
2819,353,79.5,7
2820,353,73.0,8
2821,353,83.0,6
2822,353,76.0,18
2823,353,73.0,4
2824,353,78.0,12
2825,353,85.0,16
2826,354,81.0,2
2827,354,75.0,17
2828,354,82.0,13
2829,354,74.0,1
2830,354,90.0,5
2831,354,80.0,10
2832,354,68.0,12
2833,354,71.0,15
2834,354,88.0,20
2835,354,80.0,6
2836,355,77.25,2
2837,355,91.0,17
2838,355,78.0,13
2839,355,92.0,12
2840,355,78.0,6
2841,355,84.0,8
2842,355,78.0,5
2843,355,81.0,3
2844,355,79.0,20
2845,355,96.0,14
2846,356,79.0,2
2847,356,81.0,17
2848,356,83.0,12
2849,356,80.5,16
2850,356,87.0,14
2851,356,76.0,10
2852,356,77.0,19
2853,357,83.75,2
2854,357,83.0,17
2855,357,93.0,5
2856,357,70.0,9
2857,357,81.0,11
2858,357,75.0,18
2859,357,72.0,19
2860,357,77.0,10
2861,357,83.0,6
2862,358,88.0,17
2863,358,81.6,2
2864,358,80.0,5
2865,358,74.0,16
2866,358,85.0,10
2867,358,86.0,4
2868,358,87.0,14
2869,359,84.25,2
2870,359,78.0,17
2871,359,76.0,16
2872,359,85.0,15
2873,359,84.0,20
2874,359,86.0,19
2875,359,79.0,14
2876,359,81.0,3
2877,360,76.5,2
2878,360,77.67,17
2879,360,73.0,13
2880,360,89.0,12
2881,360,70.0,8
2882,360,67.0,7
2883,360,75.0,1
2884,360,72.0,11
2885,360,90.0,5
2886,360,88.0,3
2887,361,86.0,2
2888,361,85.0,17
2889,361,71.0,1
2890,361,92.0,5
2891,361,86.0,11
2892,361,73.0,19
2893,361,71.0,20
2894,362,75.0,17
2895,362,84.75,2
2896,362,75.33,4
2897,362,77.0,12
2898,362,83.0,16
2899,362,74.0,20
2900,362,84.0,7
2901,363,83.25,2
2902,363,78.0,17
2903,363,84.0,16
2904,363,75.0,4
2905,363,79.0,10
2906,363,75.0,6
2907,363,80.5,7
2908,363,91.0,18
2909,363,85.0,15
2910,364,94.0,17
2911,364,77.0,2
2912,364,82.5,9
2913,364,75.5,15
2914,364,97.0,1
2915,364,75.0,5
2916,364,74.0,11
2917,364,79.5,10
2918,365,71.33,17
2919,365,81.5,2
2920,365,64.0,8
2921,365,92.0,11
2922,365,82.0,10
2923,365,72.0,16
2924,366,81.0,2
2925,366,88.0,17
2926,366,73.5,4
2927,366,82.0,18
2928,366,77.0,11
2929,366,87.0,7
2930,366,72.0,3
2931,367,78.25,2
2932,367,81.0,17
2933,367,88.0,15
2934,367,75.5,16
2935,367,86.0,6
2936,367,92.0,10
2937,367,77.5,19
2938,367,75.0,8
2939,368,79.0,2
2940,368,84.0,17
2941,368,77.5,18
2942,368,86.0,9
2943,368,76.0,19
2944,368,82.0,4
2945,368,82.0,11
2946,369,71.0,17
2947,369,79.5,2
2948,369,82.0,9
2949,369,74.0,5
2950,369,88.0,20
2951,369,78.0,10
2952,369,74.0,4
2953,369,65.0,6
2954,370,88.0,17
2955,370,72.0,2
2956,370,80.0,3
2957,370,81.5,14
2958,370,72.0,13
2959,370,82.0,18
2960,370,86.0,16
2961,370,69.0,9
2962,371,82.75,2
2963,371,70.0,17
2964,371,83.0,9
2965,371,86.0,10
2966,371,76.0,14
2967,371,89.0,5
2968,372,79.5,2
2969,372,82.5,17
2970,372,91.0,16
2971,372,95.0,14
2972,372,85.0,9
2973,372,82.0,19
2974,372,95.0,3
2975,372,86.0,12
2976,373,87.0,2
2977,373,69.0,17
2978,373,83.5,11
2979,373,81.5,9
2980,373,63.0,8
2981,373,81.67,15
2982,373,74.0,20
2983,374,74.8,2
2984,374,77.5,17
2985,374,82.0,7
2986,374,88.0,20
2987,374,77.0,11
2988,374,76.0,1
2989,375,80.0,2
2990,375,89.0,17
2991,375,83.5,3
2992,375,75.0,19
2993,375,67.0,18
2994,375,81.0,13
2995,376,82.6,2
2996,376,68.0,17
2997,376,81.0,20
2998,376,89.0,19
2999,376,76.0,12
3000,376,73.0,13
3001,376,75.0,16
3002,376,76.0,5
3003,376,75.0,14
3004,376,74.0,10
3005,377,78.25,2
3006,377,82.5,17
3007,377,83.0,19
3008,377,81.0,14
3009,377,86.0,3
3010,377,78.0,11
3011,377,78.0,7
3012,377,86.0,18
3013,377,96.0,5
3014,377,86.0,8
3015,377,88.0,16
3016,378,83.0,17
3017,378,78.2,2
3018,378,85.0,18
3019,378,73.0,9
3020,378,78.0,15
3021,378,86.0,20
3022,378,83.0,4
3023,378,85.0,3
3024,378,67.0,6
3025,378,77.0,5
3026,379,82.5,2
3027,379,72.0,17
3028,379,81.0,13
3029,379,81.0,4
3030,379,83.0,15
3031,379,73.0,1
3032,379,81.0,10
3033,380,74.0,17
3034,380,76.75,2
3035,380,77.0,4
3036,380,96.0,15
3037,380,80.0,14
3038,380,80.5,10
3039,380,85.0,5
3040,380,82.0,6
3041,381,74.4,2
3042,381,81.0,17
3043,381,95.0,15
3044,381,91.0,4
3045,381,82.0,14
3046,381,78.0,19
3047,382,68.5,17
3048,382,84.67,2
3049,382,74.0,19
3050,382,86.0,20
3051,382,71.0,12
3052,382,93.0,13
3053,382,90.0,10
3054,383,81.75,2
3055,383,80.0,17
3056,383,76.0,9
3057,383,77.5,12
3058,383,87.0,10
3059,383,86.0,7
3060,383,85.0,16
3061,383,72.0,8
3062,383,85.0,20
3063,383,81.0,5
3064,384,76.25,2
3065,384,87.0,17
3066,384,81.0,12
3067,384,64.0,14
3068,384,71.0,8
3069,384,77.0,10
3070,384,78.0,1
3071,385,78.0,2
3072,385,78.5,17
3073,385,73.0,7
3074,385,66.0,1
3075,385,85.0,4
3076,385,85.0,6
3077,385,80.0,3
3078,385,85.0,14
3079,386,79.6,2
3080,386,79.5,17
3081,386,79.33,19
3082,386,81.0,12
3083,386,90.0,8
3084,386,83.0,6
3085,386,78.0,15
3086,386,93.0,9
3087,387,78.0,2
3088,387,83.0,17
3089,387,79.0,9
3090,387,89.5,15
3091,387,86.5,1
3092,387,74.0,18
3093,387,74.0,12
3094,387,95.0,8
3095,387,90.0,7
3096,388,72.0,2
3097,388,68.0,17
3098,388,74.0,14
3099,388,78.5,9
3100,388,90.0,16
3101,388,81.0,1
3102,388,80.5,4
3103,388,81.0,13
3104,388,83.0,3
3105,389,74.75,2
3106,389,81.0,17
3107,389,78.0,13
3108,389,86.0,20
3109,389,95.0,8
3110,389,68.0,16
3111,389,77.5,12
3112,389,89.0,19
3113,389,81.0,7
3114,390,80.0,17
3115,390,80.0,2
3116,390,67.0,4
3117,390,90.0,11
3118,390,78.0,6
3119,390,89.0,18
3120,390,83.0,12
3121,390,89.0,3
3122,390,78.0,20
3123,390,84.0,9
3124,390,82.0,8
3125,390,77.0,14
3126,391,83.0,17
3127,391,79.67,2
3128,391,77.0,18
3129,391,82.0,1
3130,391,79.0,10
3131,391,75.0,5
3132,391,90.0,9
3133,391,85.0,8
3134,391,84.0,11
3135,391,92.0,14
3136,392,75.0,2
3137,392,74.0,17
3138,392,70.0,7
3139,392,71.0,16
3140,392,82.0,10
3141,392,98.0,6
3142,392,89.0,11
3143,392,69.0,19
3144,392,85.0,4
3145,393,78.25,2
3146,393,77.0,5
3147,393,76.0,20
3148,393,73.0,6
3149,393,78.0,19
3150,393,85.0,11
3151,393,76.0,13
3152,393,67.0,4
3153,393,64.0,7
3154,393,79.0,17
3155,394,82.6,2
3156,394,85.0,17
3157,394,76.5,8
3158,394,93.0,20
3159,394,86.0,16
3160,394,85.0,11
3161,394,70.0,13
3162,394,84.0,10
3163,394,79.0,4
3164,395,79.4,2
3165,395,77.33,17
3166,395,77.5,15
3167,395,86.0,6
3168,395,76.0,9
3169,395,81.0,7
3170,395,80.0,16
3171,395,86.0,13
3172,396,82.0,2
3173,396,79.5,17
3174,396,76.0,7
3175,396,86.0,18
3176,396,78.0,15
3177,396,68.0,12
3178,397,80.0,2
3179,397,81.5,17
3180,397,85.0,7
3181,397,80.0,12
3182,397,75.0,16
3183,397,88.0,20
3184,398,82.5,2
3185,398,82.0,17
3186,398,92.0,20
3187,398,80.0,10
3188,398,74.67,3
3189,398,67.0,13
3190,398,86.0,16
3191,398,83.0,1
3192,398,85.0,15
3193,399,78.8,2
3194,399,75.0,17
3195,399,84.0,5
3196,399,73.0,6
3197,399,91.0,3
3198,399,80.0,13
3199,400,84.5,2
3200,400,79.0,17
3201,400,84.0,11
3202,400,71.0,1
3203,400,74.5,7
3204,400,86.0,18
3205,401,81.75,2
3206,401,80.0,12
3207,401,86.0,4
3208,401,72.0,9
3209,401,79.0,14
3210,401,79.0,19
3211,401,90.0,20
3212,401,83.0,3
3213,401,89.0,5
3214,402,73.75,2
3215,402,73.0,17
3216,402,81.0,12
3217,402,80.0,5
3218,402,83.0,7
3219,403,82.0,2
3220,403,76.5,17
3221,403,74.0,10
3222,403,76.0,12
3223,403,78.0,19
3224,403,75.0,5
3225,403,86.0,7
3226,404,89.0,17
3227,404,76.5,2
3228,404,65.0,9
3229,404,87.0,3
3230,404,79.0,6
3231,404,88.0,8
3232,404,63.0,4
3233,405,80.0,2
3234,405,80.5,17
3235,405,77.5,11
3236,405,83.0,5
3237,405,91.0,3
3238,405,88.0,6
3239,405,77.0,13
3240,405,84.0,15
3241,405,73.0,9
3242,405,80.0,20
3243,406,80.25,2
3244,406,85.0,17
3245,406,75.0,8
3246,406,87.0,13
3247,406,94.0,10
3248,406,73.0,16
3249,406,98.0,9
3250,406,84.0,20
3251,406,92.0,4
3252,407,84.2,2
3253,407,77.0,17
3254,407,95.0,9
3255,407,69.0,20
3256,407,74.0,8
3257,407,76.0,19
3258,407,78.0,4
3259,407,81.0,13
3260,408,76.5,17
3261,408,81.25,2
3262,408,85.0,1
3263,408,77.0,16
3264,408,78.0,13
3265,408,76.0,14
3266,408,89.0,5
3267,409,79.25,2
3268,409,82.5,17
3269,409,81.0,11
3270,409,77.0,8
3271,409,87.5,10
3272,410,76.4,2
3273,410,79.0,17
3274,410,69.0,1
3275,410,88.0,19
3276,410,85.0,12
3277,410,79.0,18
3278,411,80.0,2
3279,411,78.5,17
3280,411,78.0,5
3281,411,87.0,11
3282,411,71.0,10
3283,411,71.0,12
3284,411,90.0,14
3285,412,77.25,2
3286,412,75.0,17
3287,412,77.5,6
3288,412,76.0,12
3289,412,93.0,9
3290,412,88.0,15
3291,412,88.0,10
3292,412,88.0,20
3293,413,87.25,2
3294,413,74.0,3
3295,413,82.0,9
3296,413,87.0,20
3297,413,79.0,10
3298,413,76.0,8
3299,413,82.0,14
3300,413,90.5,16
3301,413,77.0,13
3302,413,84.0,15
3303,414,85.6,2
3304,414,80.0,17
3305,414,84.0,10
3306,414,82.5,12
3307,414,93.0,15
3308,414,89.0,4
3309,414,77.0,5
3310,415,77.0,2
3311,415,76.0,17
3312,415,77.0,1
3313,415,80.5,10
3314,415,80.0,8
3315,415,63.0,9
3316,415,93.0,7
3317,415,76.0,13
3318,415,93.0,19
3319,416,86.2,2
3320,416,80.67,17
3321,416,80.0,4
3322,416,85.5,18
3323,416,67.0,1
3324,416,64.0,12
3325,416,81.0,15
3326,417,85.25,2
3327,417,89.5,17
3328,417,75.0,8
3329,417,82.5,6
3330,417,74.0,16
3331,417,76.0,12
3332,417,80.5,7
3333,417,83.0,13
3334,417,79.0,14
3335,418,70.5,2
3336,418,82.0,17
3337,418,85.0,13
3338,418,79.33,10
3339,418,82.0,16
3340,418,71.0,14
3341,419,84.5,2
3342,419,82.0,17
3343,419,83.5,14
3344,419,79.0,3
3345,419,85.0,4
3346,419,78.0,11
3347,420,80.25,2
3348,420,77.5,17
3349,420,80.0,18
3350,420,72.0,5
3351,420,90.0,9
3352,420,81.0,11
3353,421,78.5,2
3354,421,75.0,17
3355,421,79.0,14
3356,421,75.0,11
3357,421,73.0,16
3358,421,93.0,9
3359,421,79.0,8
3360,422,74.6,2
3361,422,87.5,8
3362,422,76.0,16
3363,422,73.0,7
3364,422,83.0,20
3365,422,78.0,12
3366,422,88.0,10
3367,422,64.0,14
3368,423,82.0,17
3369,423,78.25,2
3370,423,77.0,11
3371,423,78.5,13
3372,423,77.0,19
3373,423,78.0,7
3374,423,81.0,15
3375,423,80.0,5
3376,423,77.5,14
3377,424,76.0,17
3378,424,73.75,2
3379,424,82.0,4
3380,424,83.0,19
3381,424,67.0,9
3382,424,79.5,12
3383,424,91.0,8
3384,424,76.0,6
3385,425,80.5,2
3386,425,80.0,17
3387,425,87.0,11
3388,425,88.0,4
3389,425,87.0,18
3390,425,84.0,13
3391,425,74.0,15
3392,426,75.5,2
3393,426,72.5,17
3394,426,87.0,8
3395,426,93.0,10
3396,426,65.0,1
3397,426,89.0,11
3398,426,72.0,7
3399,426,81.5,12
3400,426,79.0,18
3401,427,79.0,2
3402,427,65.0,17
3403,427,79.0,18
3404,427,88.0,19
3405,427,79.0,6
3406,427,83.5,4
3407,427,83.5,7
3408,427,73.0,9
3409,427,72.0,13
3410,427,85.0,20
3411,428,71.0,17
3412,428,80.25,2
3413,428,74.0,8
3414,428,68.0,5
3415,428,83.5,3
3416,428,68.0,4
3417,428,79.5,14
3418,428,82.0,20
3419,428,82.0,11
3420,429,89.0,17
3421,429,75.25,2
3422,429,73.0,1
3423,429,74.0,5
3424,429,81.0,16
3425,429,82.0,10
3426,429,78.0,6
3427,429,90.0,11
3428,429,74.0,3
3429,430,84.0,17
3430,430,74.75,2
3431,430,75.0,1
3432,430,83.5,11
3433,430,67.0,10
3434,430,81.0,9
3435,430,68.0,7
3436,430,84.0,5
3437,430,82.0,18
3438,431,80.2,2
3439,431,80.67,17
3440,431,84.0,4
3441,431,69.0,18
3442,431,80.0,12
3443,431,76.0,6
3444,431,75.0,15
3445,431,82.0,1
3446,431,81.0,14
3447,432,92.0,17
3448,432,79.0,2
3449,432,85.0,14
3450,432,88.0,9
3451,432,90.0,5
3452,432,66.0,4
3453,432,84.0,3
3454,432,96.0,19
3455,432,86.0,1
3456,432,67.5,8
3457,433,81.5,2
3458,433,84.0,17
3459,433,74.0,15
3460,433,82.0,18
3461,433,66.0,10
3462,433,77.0,11
3463,433,82.0,5
3464,433,89.0,12
3465,433,78.0,3
3466,433,74.0,20
3467,434,85.0,17
3468,434,82.0,2
3469,434,94.0,20
3470,434,84.0,10
3471,434,79.5,3
3472,434,78.0,18
3473,434,76.0,6
3474,434,78.0,16
3475,434,73.0,11
3476,435,79.75,2
3477,435,83.5,17
3478,435,79.0,1
3479,435,65.0,6
3480,435,87.0,15
3481,435,83.0,19
3482,436,79.5,2
3483,436,74.0,17
3484,436,85.0,20
3485,436,81.33,13
3486,436,81.0,9
3487,437,79.5,17
3488,437,85.75,2
3489,437,82.67,18
3490,437,87.0,6
3491,437,83.0,12
3492,437,75.0,16
3493,437,81.0,20
3494,437,84.0,13
3495,438,72.25,2
3496,438,84.0,17
3497,438,79.0,13
3498,438,88.0,20
3499,438,85.0,18
3500,438,67.0,1
3501,439,80.0,17
3502,439,79.0,2
3503,439,64.0,19
3504,439,88.0,18
3505,439,75.0,4
3506,439,93.0,3
3507,439,74.0,14
3508,439,76.0,7
3509,440,75.5,2
3510,440,76.0,1
3511,440,72.0,16
3512,440,86.0,12
3513,440,71.0,9
3514,440,66.0,3
3515,440,78.0,17
3516,441,82.0,2
3517,441,76.0,17
3518,441,83.5,1
3519,441,84.0,15
3520,441,88.0,10
3521,442,79.5,2
3522,442,81.0,17
3523,442,92.0,18
3524,442,73.0,3
3525,442,88.0,13
3526,442,69.0,8
3527,442,82.0,5
3528,442,80.0,1
3529,442,77.0,15
3530,442,77.0,16
3531,442,77.0,7
3532,443,86.25,2
3533,443,78.0,17
3534,443,77.0,6
3535,443,92.0,5
3536,443,65.0,3
3537,443,89.0,8
3538,444,78.75,2
3539,444,87.0,17
3540,444,95.0,6
3541,444,82.0,3
3542,444,84.0,12
3543,444,71.0,13
3544,444,92.0,9
3545,445,74.2,2
3546,445,86.0,17
3547,445,73.0,3
3548,445,72.0,4
3549,445,67.0,20
3550,445,73.0,8
3551,445,77.0,1
3552,445,78.0,18
3553,446,77.0,2
3554,446,86.5,17
3555,446,89.0,1
3556,446,80.5,12
3557,446,95.0,15
3558,447,81.75,2
3559,447,81.0,17
3560,447,73.0,12
3561,447,82.5,15
3562,447,70.5,16
3563,447,81.0,1
3564,447,93.0,6
3565,447,89.0,19
3566,447,83.0,20
3567,448,82.33,2
3568,448,82.0,17
3569,448,91.0,6
3570,448,86.0,7
3571,448,83.0,15
3572,448,80.0,1
3573,448,89.0,4
3574,448,87.0,18
3575,449,70.0,17
3576,449,73.0,2
3577,449,90.0,10
3578,449,98.0,20
3579,449,80.5,5
3580,449,95.0,12
3581,449,74.0,19
3582,449,77.0,1
3583,450,80.25,2
3584,450,88.0,17
3585,450,86.0,18
3586,450,78.0,3
3587,450,70.0,6
3588,450,83.0,19
3589,450,76.0,14
3590,451,70.0,17
3591,451,85.0,2
3592,451,70.0,18
3593,451,87.0,8
3594,451,77.0,20
3595,451,91.0,15
3596,451,91.0,4
3597,452,80.5,2
3598,452,82.0,17
3599,452,89.0,14
3600,452,80.0,20
3601,452,79.0,6
3602,452,80.0,19
3603,452,81.0,10
3604,452,81.0,7
3605,453,84.0,17
3606,453,80.0,2
3607,453,77.0,12
3608,453,86.5,3
3609,453,82.0,7
3610,453,71.0,9
3611,453,82.0,15
3612,453,74.0,11
3613,454,78.0,2
3614,454,83.0,17
3615,454,71.5,16
3616,454,79.0,12
3617,454,82.0,6
3618,454,77.0,11
3619,454,81.0,10
3620,454,88.0,18
3621,454,88.0,13
3622,454,89.0,20
3623,455,78.5,2
3624,455,90.0,17
3625,455,84.0,13
3626,455,90.0,18
3627,455,73.0,1
3628,455,73.0,11
3629,455,92.0,5
3630,455,84.0,20
3631,455,89.0,8
3632,455,86.0,16
3633,456,83.8,2
3634,456,84.0,17
3635,456,95.0,14
3636,456,69.0,10
3637,456,73.0,12
3638,456,76.5,4
3639,457,84.5,2
3640,457,72.5,17
3641,457,84.0,13
3642,457,82.0,11
3643,457,77.5,18
3644,457,84.0,6
3645,457,85.0,8
3646,457,78.0,16
3647,458,79.0,17
3648,458,83.25,2
3649,458,84.0,7
3650,458,88.0,10
3651,458,84.5,16
3652,458,81.0,1
3653,458,79.0,13
3654,458,88.0,6
3655,458,80.0,18
3656,459,88.0,17
3657,459,78.25,2
3658,459,82.0,18
3659,459,69.0,3
3660,459,81.0,10
3661,459,85.5,11
3662,460,74.0,17
3663,460,81.75,2
3664,460,79.0,3
3665,460,74.0,14
3666,460,88.0,20
3667,460,80.0,10
3668,460,78.0,13
3669,460,78.0,9
3670,460,76.0,15
3671,460,76.0,16
3672,460,92.0,11
3673,461,88.6,2
3674,461,88.0,17
3675,461,83.0,8
3676,461,72.0,14
3677,461,83.0,13
3678,461,71.0,5
3679,461,71.0,3
3680,461,85.0,4
3681,462,72.5,17
3682,462,81.25,2
3683,462,77.0,16
3684,462,75.0,7
3685,462,85.0,19
3686,462,74.0,12
3687,463,86.25,2
3688,463,90.0,17
3689,463,81.0,3
3690,463,74.0,10
3691,463,80.0,15
3692,463,81.0,18
3693,463,84.0,14
3694,463,80.0,6
3695,464,83.0,2
3696,464,76.5,17
3697,464,86.5,4
3698,464,84.5,15
3699,464,87.0,1
3700,464,86.0,7
3701,464,82.0,11
3702,464,81.0,6
3703,464,81.0,9
3704,464,77.0,8
3705,465,76.4,2
3706,465,89.0,17
3707,465,66.0,7
3708,465,77.0,16
3709,465,93.0,15
3710,465,82.0,9
3711,465,76.0,11
3712,465,63.0,20
3713,466,80.0,2
3714,466,76.0,17
3715,466,86.67,3
3716,466,74.0,8
3717,466,74.5,4
3718,466,86.0,18
3719,467,78.5,2
3720,467,89.0,17
3721,467,89.0,19
3722,467,82.0,15
3723,467,75.0,3
3724,467,80.0,8
3725,467,75.5,12
3726,467,75.0,18
3727,467,75.0,10
3728,468,79.5,2
3729,468,89.0,17
3730,468,67.0,18
3731,468,73.0,12
3732,468,76.0,20
3733,468,80.0,11
3734,468,94.0,6
3735,469,79.0,2
3736,469,83.0,17
3737,469,79.5,4
3738,469,85.0,18
3739,469,89.0,20
3740,469,88.0,6
3741,469,74.0,3
3742,469,84.0,12
3743,470,80.2,2
3744,470,83.0,17
3745,470,91.5,18
3746,470,70.0,7
3747,471,68.0,17
3748,471,75.2,2
3749,471,83.0,14
3750,471,91.0,19
3751,471,86.0,20
3752,471,88.0,6
3753,471,77.0,3
3754,471,81.0,1
3755,472,75.5,2
3756,472,86.0,17
3757,472,83.0,19
3758,472,79.0,7
3759,472,81.0,3
3760,472,85.0,13
3761,472,70.0,4
3762,472,83.0,9
3763,472,74.0,8
3764,472,98.0,20
3765,473,80.0,2
3766,473,71.0,17
3767,473,87.0,5
3768,473,83.5,11
3769,473,88.0,9
3770,473,64.0,12
3771,473,72.0,1
3772,473,62.0,19
3773,474,84.5,2
3774,474,77.0,17
3775,474,73.0,13
3776,474,76.0,16
3777,474,66.0,4
3778,474,89.0,3
3779,474,84.0,18
3780,474,83.0,9
3781,474,76.0,1
3782,475,85.5,2
3783,475,84.0,17
3784,475,89.0,8
3785,475,76.0,3
3786,475,86.0,14
3787,475,82.0,10
3788,475,84.0,5
3789,475,78.0,11
3790,475,73.0,18
3791,475,80.0,15
3792,476,73.4,2
3793,476,81.0,17
3794,476,86.0,5
3795,476,86.0,6
3796,476,89.0,16
3797,476,81.0,19
3798,477,83.0,2
3799,477,82.5,17
3800,477,83.0,18
3801,477,89.0,15
3802,477,79.0,11
3803,477,90.0,9
3804,477,85.0,4
3805,478,84.5,2
3806,478,71.5,17
3807,478,84.0,18
3808,478,88.0,14
3809,478,82.5,1
3810,478,84.0,5
3811,478,88.0,6
3812,478,90.0,13
3813,479,82.0,17
3814,479,80.75,2
3815,479,85.0,16
3816,479,69.0,7
3817,479,81.0,6
3818,479,86.5,19
3819,479,74.0,12
3820,479,71.0,20
3821,480,75.25,2
3822,480,80.0,17
3823,480,90.0,19
3824,480,84.0,8
3825,480,78.0,10
3826,480,75.5,4
3827,480,81.0,7
3828,480,75.0,13
3829,481,80.5,2
3830,481,83.0,17
3831,481,87.5,16
3832,481,65.0,13
3833,481,85.0,15
3834,481,79.0,3
3835,481,75.0,4
3836,481,85.0,7
3837,481,72.0,11
3838,481,82.0,9
3839,482,72.5,2
3840,482,71.0,17
3841,482,68.0,4
3842,482,85.0,14
3843,482,69.0,11
3844,482,78.0,20
3845,482,71.0,8
3846,482,82.0,9
3847,483,84.75,2
3848,483,93.0,17
3849,483,80.0,15
3850,483,82.0,7
3851,483,81.0,13
3852,483,74.0,14
3853,483,69.0,8
3854,483,88.5,18
3855,483,83.0,20
3856,484,79.0,2
3857,484,77.0,17
3858,484,81.5,7
3859,484,74.0,12
3860,484,77.0,3
3861,484,91.0,11
3862,484,79.0,18
3863,484,80.0,5
3864,484,75.0,13
3865,484,83.0,14
3866,485,81.0,2
3867,485,83.0,17
3868,485,81.5,9
3869,485,66.0,8
3870,485,90.0,15
3871,485,88.0,1
3872,485,68.0,20
3873,485,85.0,5
3874,485,77.0,16
3875,486,84.0,17
3876,486,86.75,2
3877,486,82.5,1
3878,486,80.0,3
3879,486,75.0,8
3880,486,82.0,13
3881,486,82.0,20
3882,486,67.0,11
3883,487,79.0,2
3884,487,83.0,17
3885,487,67.0,4
3886,487,85.0,8
3887,487,84.0,15
3888,487,90.0,6
3889,487,71.0,1
3890,488,81.75,2
3891,488,70.0,17
3892,488,74.0,12
3893,488,87.0,11
3894,488,67.0,15
3895,488,70.0,20
3896,488,81.0,9
3897,488,96.0,16
3898,489,77.75,2
3899,489,84.0,17
3900,489,78.0,6
3901,489,68.0,16
3902,489,72.0,1
3903,489,81.0,18
3904,489,77.0,12
3905,489,76.0,11
3906,489,89.0,5
3907,489,82.0,10
3908,489,90.0,15
3909,490,83.25,2
3910,490,88.5,17
3911,490,84.0,20
3912,490,93.0,16
3913,490,74.0,18
3914,490,81.0,14
3915,490,79.0,13
3916,490,93.0,15
3917,491,81.75,2
3918,491,67.0,17
3919,491,70.0,15
3920,491,93.0,5
3921,491,86.0,1
3922,491,72.0,18
3923,491,84.5,9
3924,491,77.0,3
3925,491,73.0,11
3926,492,81.0,2
3927,492,79.0,17
3928,492,72.0,16
3929,492,72.0,7
3930,492,73.0,9
3931,492,81.0,1
3932,492,67.0,13
3933,492,79.0,5
3934,492,67.0,12
3935,492,70.0,18
3936,493,84.5,2
3937,493,86.0,17
3938,493,80.0,20
3939,493,82.0,16
3940,493,72.0,12
3941,494,76.0,17
3942,494,78.33,2
3943,494,80.5,8
3944,494,84.0,18
3945,494,75.0,9
3946,494,88.0,19
3947,494,82.0,5
3948,494,75.0,6
3949,494,85.0,20
3950,495,80.75,2
3951,495,74.0,17
3952,495,79.0,9
3953,495,93.0,8
3954,495,87.0,20
3955,495,85.0,3
3956,495,88.0,4
3957,495,79.0,15
3958,496,81.0,17
3959,496,85.25,2
3960,496,82.0,1
3961,496,81.0,3
3962,496,67.0,11
3963,496,84.0,18
3964,496,69.0,6
3965,496,77.0,12
3966,497,77.67,2
3967,497,92.0,17
3968,497,88.0,14
3969,497,79.5,18
3970,497,81.0,1
3971,497,83.0,13
3972,497,70.0,10
3973,497,64.0,16
3974,498,88.0,17
3975,498,81.75,2
3976,498,78.0,15
3977,498,79.0,1
3978,498,89.0,14
3979,498,74.0,6
3980,498,92.0,20
3981,498,81.0,16
3982,498,83.0,11
3983,498,77.0,10
3984,498,89.0,3
3985,499,78.0,2
3986,499,80.0,17
3987,499,95.0,14
3988,499,83.0,15
3989,499,89.0,12
3990,499,71.0,4
3991,499,82.5,11
3992,499,92.0,5
3993,499,87.0,1
3994,499,86.0,6
3995,500,83.0,2
3996,500,90.0,17
3997,500,79.0,15
3998,500,83.0,6
3999,500,77.0,12
4000,500,77.0,9
4001,500,72.0,19
4002,500,71.0,5
4003,500,66.0,20
4004,500,76.0,16
4005,501,80.2,2
4006,501,81.0,5
4007,501,67.0,14
4008,501,76.0,20
4009,501,78.0,8
4010,501,88.0,4
4011,501,85.0,1
4012,502,91.0,2
4013,502,85.0,17
4014,502,73.5,13
4015,502,81.0,10
4016,502,80.5,3
4017,502,74.0,5
4018,502,82.0,1
4019,503,77.25,2
4020,503,80.0,17
4021,503,88.0,15
4022,503,77.0,11
4023,503,84.0,10
4024,503,88.0,4
4025,504,79.0,2
4026,504,74.0,17
4027,504,78.0,6
4028,504,88.0,10
4029,504,77.0,7
4030,504,70.0,4
4031,504,83.0,13
4032,504,83.5,8
4033,504,76.0,12
4034,504,87.0,20
4035,505,84.25,2
4036,505,76.0,17
4037,505,64.0,16
4038,505,82.0,9
4039,505,68.0,6
4040,505,76.0,4
4041,505,79.0,1
4042,506,82.75,2
4043,506,95.0,17
4044,506,81.5,4
4045,506,90.0,11
4046,506,91.0,19
4047,506,80.0,12
4048,507,79.0,2
4049,507,73.0,17
4050,507,79.0,19
4051,507,78.0,7
4052,507,88.0,12
4053,507,82.0,4
4054,507,77.0,15
4055,507,83.0,10
4056,507,69.0,11
4057,508,81.4,2
4058,508,79.0,17
4059,508,74.5,6
4060,508,83.0,13
4061,508,82.0,18
4062,508,79.0,8
4063,508,90.0,12
4064,509,84.8,2
4065,509,83.0,17
4066,509,75.0,10
4067,509,92.0,19
4068,509,84.0,9
4069,509,83.0,16
4070,509,87.5,7
4071,510,80.0,17
4072,510,71.33,2
4073,510,81.0,19
4074,510,86.0,3
4075,510,77.0,4
4076,510,80.0,5
4077,510,65.0,7
4078,510,93.0,10
4079,510,66.0,8
4080,511,73.0,17
4081,511,84.0,2
4082,511,84.0,15
4083,511,85.0,6
4084,511,84.0,14
4085,511,86.0,8
4086,511,70.0,5
4087,511,77.0,20
4088,511,81.0,9
4089,512,72.0,2
4090,512,73.0,17
4091,512,80.0,7
4092,512,80.0,20
4093,512,81.5,11
4094,512,77.0,5
4095,512,70.0,4
4096,512,70.0,16
4097,512,71.0,18
4098,512,83.0,1
4099,513,79.0,2
4100,513,76.0,17
4101,513,80.67,19
4102,513,78.5,12
4103,513,84.0,5
4104,513,91.0,14
4105,513,90.0,15
4106,513,75.0,3
4107,514,81.0,2
4108,514,82.5,17
4109,514,81.0,6
4110,514,77.0,13
4111,514,81.0,7
4112,514,68.0,14
4113,514,83.0,9
4114,515,79.5,2
4115,515,82.0,17
4116,515,86.0,20
4117,515,74.0,13
4118,515,77.0,12
4119,515,79.0,6
4120,515,78.0,11
4121,516,89.0,17
4122,516,76.0,2
4123,516,75.0,18
4124,516,83.0,15
4125,516,92.0,16
4126,516,71.0,19
4127,516,80.0,3
4128,516,75.0,14
4129,516,79.0,1
4130,517,78.75,2
4131,517,82.33,17
4132,517,77.0,14
4133,517,83.0,1
4134,517,92.0,4
4135,518,79.4,2
4136,518,96.0,17
4137,518,83.0,4
4138,518,71.5,8
4139,518,80.0,10
4140,518,80.0,3
4141,519,85.33,2
4142,519,91.0,17
4143,519,71.5,13
4144,519,78.0,20
4145,519,86.0,6
4146,519,89.0,18
4147,519,80.0,16
4148,519,85.0,5
4149,519,73.0,10
4150,520,79.0,17
4151,520,85.25,2
4152,520,73.0,11
4153,520,80.0,18
4154,520,77.0,7
4155,520,92.0,5
4156,520,85.0,8
4157,520,77.0,14
4158,520,71.0,20
4159,520,71.0,12
4160,521,84.0,2
4161,521,81.0,17
4162,521,78.5,20
4163,521,74.0,14
4164,521,90.0,3
4165,521,81.0,18
4166,521,77.0,11
4167,521,72.0,9
4168,522,84.25,2
4169,522,88.0,17
4170,522,69.0,1
4171,522,80.0,8
4172,522,73.0,20
4173,522,72.0,15
4174,522,90.0,10
4175,522,85.0,3
4176,523,80.33,17
4177,523,85.0,2
4178,523,84.0,3
4179,523,80.0,6
4180,523,78.0,7
4181,523,82.0,13
4182,523,87.0,12
4183,523,85.0,4
4184,524,76.5,2
4185,524,74.0,17
4186,524,84.0,6
4187,524,76.0,15
4188,524,96.0,14
4189,524,81.0,18
4190,524,83.0,1
4191,524,80.0,4
4192,524,77.5,8
4193,524,80.0,7
4194,524,71.0,13
4195,525,80.8,2
4196,525,77.0,17
4197,525,74.0,15
4198,525,83.0,18
4199,525,78.0,12
4200,525,95.0,6
4201,525,78.0,1
4202,525,88.0,7
4203,525,65.0,9
4204,525,77.0,10
4205,526,76.4,2
4206,526,86.0,17
4207,526,79.5,5
4208,526,71.0,8
4209,526,74.0,9
4210,526,79.0,3
4211,526,78.0,20
4212,526,71.0,6
4213,527,83.0,17
4214,527,84.5,2
4215,527,82.5,19
4216,527,91.0,4
4217,527,73.0,7
4218,527,80.0,15
4219,527,88.0,6
4220,527,68.0,3
4221,528,81.25,2
4222,528,78.0,17
4223,528,98.0,1
4224,528,86.0,12
4225,528,71.0,20
4226,528,85.0,11
4227,528,67.0,8
4228,528,68.0,18
4229,528,83.0,3
4230,528,85.0,16
4231,529,79.5,2
4232,529,77.0,17
4233,529,86.5,10
4234,529,78.0,11
4235,529,85.0,5
4236,529,74.0,13
4237,529,91.0,7
4238,529,68.0,16
4239,529,85.0,3
4240,529,87.0,20
4241,530,76.75,2
4242,530,91.0,17
4243,530,94.0,20
4244,530,83.5,3
4245,530,96.0,8
4246,530,75.0,4
4247,530,83.0,1
4248,531,75.25,2
4249,531,83.0,17
4250,531,89.0,3
4251,531,79.0,16
4252,531,83.0,7
4253,531,75.0,4
4254,531,84.0,18
4255,531,81.0,12
4256,531,69.0,19
4257,531,69.0,8
4258,531,84.0,9
4259,532,80.0,2
4260,532,79.0,17
4261,532,73.0,11
4262,532,71.0,20
4263,532,75.0,16
4264,532,78.0,15
4265,532,83.0,19
4266,532,68.0,1
4267,533,80.0,2
4268,533,88.0,17
4269,533,91.0,12
4270,533,81.0,10
4271,533,83.0,11
4272,533,68.0,8
4273,533,76.0,5
4274,534,80.0,2
4275,534,88.0,17
4276,534,70.0,14
4277,534,79.0,5
4278,534,81.0,18
4279,534,96.0,16
4280,534,86.0,6
4281,534,72.0,19
4282,534,88.0,7
4283,535,83.0,17
4284,535,81.5,2
4285,535,83.0,1
4286,535,97.0,11
4287,535,85.5,4
4288,535,67.0,16
4289,535,78.0,20
4290,535,73.0,5
4291,535,80.0,6
4292,536,72.5,2
4293,536,73.0,17
4294,536,80.0,18
4295,536,90.0,9
4296,536,92.0,5
4297,536,84.0,8
4298,536,84.0,19
4299,536,84.0,11
4300,536,70.0,3
4301,537,84.5,2
4302,537,77.0,17
4303,537,79.0,10
4304,537,85.0,13
4305,537,77.0,4
4306,537,84.5,1
4307,537,93.0,9
4308,538,74.0,17
4309,538,76.0,2
4310,538,76.5,9
4311,538,88.0,6
4312,538,79.0,12
4313,538,79.0,16
4314,538,94.0,10
4315,538,87.0,15
4316,539,82.5,2
4317,539,79.0,17
4318,539,71.0,8
4319,539,86.0,5
4320,539,75.0,20
4321,540,78.25,2
4322,540,78.33,17
4323,540,70.5,5
4324,540,85.0,20
4325,540,77.0,6
4326,540,71.0,14
4327,540,74.0,13
4328,540,72.0,8
4329,541,76.0,17
4330,541,81.6,2
4331,541,76.0,19
4332,541,82.0,8
4333,541,67.0,3
4334,541,88.0,4
4335,541,94.0,18
4336,541,95.0,15
4337,541,76.0,9
4338,541,77.0,5
4339,541,80.0,11
4340,542,87.33,2
4341,542,81.0,17
4342,542,70.0,16
4343,542,69.0,8
4344,542,81.0,13
4345,542,76.5,10
4346,542,70.0,3
4347,542,90.0,20
4348,542,75.0,4
4349,542,70.0,6
4350,542,80.0,19
4351,543,80.8,2
4352,543,75.0,17
4353,543,87.0,12
4354,543,76.0,6
4355,543,81.0,10
4356,543,84.5,19
4357,544,75.25,2
4358,544,70.0,17
4359,544,73.0,4
4360,544,76.0,10
4361,544,82.0,7
4362,544,75.0,5
4363,544,69.0,3
4364,544,82.0,12
4365,544,88.0,8
4366,545,78.0,17
4367,545,84.0,2
4368,545,82.0,10
4369,545,85.0,3
4370,545,82.0,11
4371,545,80.0,18
4372,545,75.0,5
4373,545,84.0,19
4374,545,80.0,14
4375,546,82.25,2
4376,546,80.0,17
4377,546,71.0,14
4378,546,70.0,7
4379,546,65.0,12
4380,546,75.0,3
4381,546,73.0,6
4382,547,79.2,2
4383,547,92.0,17
4384,547,75.0,5
4385,547,82.0,4
4386,547,75.0,14
4387,547,66.0,10
4388,547,82.0,7
4389,547,80.0,15
4390,547,84.0,13
4391,548,70.5,2
4392,548,83.0,17
4393,548,88.0,9
4394,548,82.0,3
4395,548,70.0,13
4396,548,65.0,15
4397,548,74.0,10
4398,548,81.0,12
4399,548,87.0,11
4400,549,77.0,17
4401,549,81.75,2
4402,549,75.0,4
4403,549,91.0,8
4404,549,83.0,15
4405,549,67.0,16
4406,549,81.0,11
4407,550,85.0,17
4408,550,73.0,2
4409,550,91.0,14
4410,550,80.0,7
4411,550,82.0,1
4412,550,72.0,15
4413,550,79.0,13
4414,550,85.0,5
4415,550,72.0,10
4416,551,87.25,2
4417,551,91.5,17
4418,551,68.0,15
4419,551,83.0,4
4420,551,82.0,8
4421,551,90.0,14
4422,552,76.5,2
4423,552,77.67,17
4424,552,64.0,9
4425,552,77.0,1
4426,552,80.0,20
4427,552,81.0,8
4428,552,72.0,19
4429,552,83.0,16
4430,552,88.0,18
4431,552,92.0,14
4432,553,93.0,17
4433,553,70.75,2
4434,553,80.0,4
4435,553,90.0,13
4436,553,87.0,8
4437,553,68.0,3
4438,554,78.5,2
4439,554,85.5,17
4440,554,88.0,11
4441,554,92.0,20
4442,554,76.0,13
4443,554,92.0,14
4444,554,83.0,19
4445,554,68.0,3
4446,554,89.0,10
4447,555,82.67,2
4448,555,72.5,17
4449,555,81.0,20
4450,555,79.0,10
4451,555,77.0,6
4452,555,66.0,1
4453,555,85.0,13
4454,555,86.0,14
4455,555,75.0,8
4456,556,75.0,2
4457,556,83.0,17
4458,556,87.0,16
4459,556,75.0,15
4460,556,72.0,4
4461,556,80.0,13
4462,556,70.0,6
4463,556,88.0,11
4464,556,88.0,10
4465,557,83.4,2
4466,557,73.5,17
4467,557,63.0,11
4468,557,80.0,1
4469,557,80.0,20
4470,557,84.0,10
4471,558,73.75,2
4472,558,74.33,17
4473,558,79.0,15
4474,558,70.0,7
4475,558,71.0,1
4476,559,90.25,2
4477,559,90.0,15
4478,559,73.0,11
4479,559,90.0,4
4480,559,80.0,18
4481,559,79.0,6
4482,559,91.0,16
4483,560,82.67,2
4484,560,74.0,17
4485,560,79.0,3
4486,560,79.0,19
4487,560,73.0,18
4488,560,87.0,4
4489,560,81.0,16
4490,560,83.0,9
4491,561,85.5,2
4492,561,80.0,17
4493,561,88.0,3
4494,561,73.0,20
4495,561,76.0,1
4496,561,92.0,8
4497,561,85.0,16
4498,562,84.0,17
4499,562,89.5,2
4500,562,83.0,20
4501,562,76.0,13
4502,562,68.0,19
4503,562,85.0,5
4504,562,78.0,12
4505,562,78.0,15
4506,563,86.0,17
4507,563,88.2,2
4508,563,76.0,16
4509,563,88.0,18
4510,563,74.0,7
4511,563,77.0,10
4512,563,88.0,19
4513,563,79.0,8
4514,563,92.0,3
4515,563,68.0,12
4516,564,79.25,2
4517,564,77.0,17
4518,564,88.0,4
4519,564,83.33,14
4520,565,80.5,17
4521,565,81.5,2
4522,565,84.0,1
4523,565,81.0,9
4524,565,93.0,14
4525,565,84.5,19
4526,565,77.0,8
4527,565,86.0,5
4528,565,73.0,11
4529,565,68.0,18
4530,566,71.0,17
4531,566,79.33,2
4532,566,88.0,14
4533,566,77.0,6
4534,566,84.0,4
4535,566,67.0,10
4536,566,70.5,3
4537,566,83.0,13
4538,566,83.0,12
4539,566,81.0,8
4540,567,85.25,2
4541,567,79.0,17
4542,567,82.0,1
4543,567,97.0,5
4544,567,76.0,20
4545,567,81.0,9
4546,567,67.0,19
4547,567,80.0,8
4548,568,84.0,17
4549,568,84.4,2
4550,568,79.0,5
4551,568,67.0,4
4552,568,74.0,14
4553,568,85.67,11
4554,568,66.0,3
4555,568,93.0,7
4556,569,76.25,2
4557,569,81.5,17
4558,569,67.0,8
4559,569,92.5,12
4560,569,84.0,3
4561,569,76.0,7
4562,569,66.0,13
4563,569,91.0,9
4564,569,95.0,4
4565,569,75.0,15
4566,570,86.5,2
4567,570,81.5,17
4568,570,67.0,8
4569,570,89.0,18
4570,570,78.0,14
4571,570,73.5,11
4572,570,89.0,20
4573,570,89.0,15
4574,570,89.0,19
4575,570,88.0,1
4576,571,83.5,17
4577,571,80.4,2
4578,571,70.0,12
4579,571,82.0,9
4580,571,78.0,18
4581,571,83.0,1
4582,571,90.0,14
4583,571,83.0,19
4584,572,78.0,2
4585,572,88.0,17
4586,572,64.0,8
4587,572,71.0,13
4588,572,82.0,3
4589,572,80.0,20
4590,572,82.0,12
4591,572,86.5,18
4592,572,66.0,5
4593,573,77.0,2
4594,573,76.5,17
4595,573,63.0,7
4596,573,81.0,12
4597,573,84.0,13
4598,573,82.0,4
4599,573,91.0,11
4600,574,83.0,17
4601,574,89.25,2
4602,574,91.0,10
4603,574,85.0,4
4604,574,74.0,15
4605,574,73.0,5
4606,574,79.0,14
4607,574,88.0,18
4608,575,82.5,2
4609,575,76.0,17
4610,575,67.0,5
4611,575,80.0,13
4612,575,75.0,20
4613,575,88.0,7
4614,575,85.0,4
4615,575,73.0,19
4616,575,83.0,16
4617,576,83.75,2
4618,576,80.0,17
4619,576,77.5,7
4620,576,72.0,6
4621,576,86.0,11
4622,576,96.0,8
4623,576,68.0,3
4624,576,81.0,15
4625,577,83.75,2
4626,577,82.0,17
4627,577,90.0,5
4628,577,79.0,8
4629,577,88.0,12
4630,577,69.0,10
4631,577,82.0,16
4632,578,77.6,2
4633,578,82.0,17
4634,578,71.5,1
4635,578,77.0,18
4636,578,78.5,3
4637,578,74.0,20
4638,578,75.0,15
4639,578,95.0,13
4640,578,86.0,7
4641,579,76.5,2
4642,579,75.67,17
4643,579,78.0,9
4644,579,78.0,12
4645,579,83.0,16
4646,579,84.0,1
4647,579,79.0,6
4648,579,80.0,3
4649,580,78.5,2
4650,580,87.5,17
4651,580,87.5,4
4652,580,85.0,18
4653,580,80.0,12
4654,580,79.0,16
4655,580,92.0,14
4656,580,91.0,13
4657,581,82.75,2
4658,581,88.0,17
4659,581,77.0,12
4660,581,74.0,8
4661,581,77.0,11
4662,581,82.0,9
4663,582,81.5,2
4664,582,81.0,17
4665,582,78.0,1
4666,582,84.0,7
4667,582,89.0,18
4668,582,85.0,19
4669,582,81.0,5
4670,582,88.0,16
4671,582,82.0,6
4672,583,77.5,2
4673,583,80.0,17
4674,583,83.0,1
4675,583,68.0,3
4676,583,66.0,18
4677,583,68.0,11
4678,583,95.0,9
4679,583,81.0,10
4680,584,82.0,2
4681,584,80.0,17
4682,584,69.0,12
4683,584,85.0,18
4684,584,91.0,11
4685,584,76.0,16
4686,584,79.0,10
4687,585,81.0,2
4688,585,72.0,17
4689,585,66.0,3
4690,585,75.0,18
4691,585,89.0,15
4692,585,77.0,14
4693,585,82.0,5
4694,585,64.0,20
4695,585,78.0,10
4696,586,79.0,2
4697,586,82.5,17
4698,586,73.0,9
4699,586,86.5,20
4700,586,76.0,11
4701,586,73.0,3
4702,586,77.0,10
4703,586,73.0,18
4704,586,73.0,8
4705,586,75.0,5
4706,587,76.5,2
4707,587,88.0,17
4708,587,77.0,5
4709,587,74.0,18
4710,587,96.0,20
4711,587,87.0,4
4712,587,70.0,6
4713,587,78.0,14
4714,587,74.0,11
4715,587,78.0,7
4716,588,80.0,2
4717,588,77.0,17
4718,588,76.5,11
4719,588,81.0,9
4720,588,78.0,6
4721,588,82.5,1
4722,588,75.0,7
4723,588,85.0,12
4724,589,77.0,2
4725,589,78.5,17
4726,589,80.0,14
4727,589,76.0,4
4728,589,80.0,3
4729,589,88.0,11
4730,589,83.0,9
4731,589,85.0,16
4732,590,82.0,2
4733,590,81.0,17
4734,590,71.0,6
4735,590,82.0,15
4736,590,80.0,1
4737,590,85.0,8
4738,590,72.0,11
4739,590,89.0,4
4740,590,83.0,5
4741,591,82.33,2
4742,591,82.0,17
4743,591,80.0,7
4744,591,80.0,6
4745,591,80.0,10
4746,591,77.0,20
4747,591,83.0,16
4748,591,76.0,3
4749,592,72.5,2
4750,592,79.0,17
4751,592,86.0,6
4752,592,71.0,13
4753,592,82.0,20
4754,592,68.0,14
4755,592,76.0,1
4756,592,85.0,16
4757,593,78.5,2
4758,593,78.5,17
4759,593,82.0,9
4760,593,79.0,11
4761,593,86.0,6
4762,593,72.0,15
4763,594,77.0,2
4764,594,96.0,17
4765,594,80.0,14
4766,594,84.0,6
4767,594,85.0,11
4768,594,77.0,9
4769,594,79.0,16
4770,594,64.0,12
4771,594,76.0,5
4772,594,70.0,1
4773,595,78.75,2
4774,595,78.0,17
4775,595,76.0,9
4776,595,75.0,14
4777,595,82.0,18
4778,595,73.0,19
4779,595,80.0,20
4780,595,89.0,16
4781,595,79.5,3
4782,596,79.0,2
4783,596,81.5,17
4784,596,78.5,5
4785,596,70.0,19
4786,596,80.0,7
4787,596,93.0,8
4788,596,86.0,16
4789,596,79.0,20
4790,597,80.25,2
4791,597,74.0,17
4792,597,76.0,3
4793,597,95.0,19
4794,597,81.0,1
4795,597,79.0,9
4796,597,81.0,15
4797,598,79.0,17
4798,598,76.25,2
4799,598,80.0,3
4800,598,70.0,5
4801,598,86.0,11
4802,598,68.0,1
4803,599,81.0,2
4804,599,79.5,17
4805,599,71.0,18
4806,599,70.0,9
4807,599,76.0,6
4808,599,85.0,13
4809,599,66.0,14
4810,600,79.0,2
4811,600,78.0,17
4812,600,75.0,16
4813,600,82.0,18
4814,600,71.0,1
4815,600,65.0,6
4816,600,94.0,9
4817,600,65.0,4
4818,601,73.25,2
4819,601,82.8,17
4820,601,82.0,14
4821,601,77.0,15
4822,601,75.0,6
4823,601,74.0,20
4824,601,83.0,5
4825,601,87.0,13
4826,602,73.8,2
4827,602,80.0,17
4828,602,72.0,7
4829,602,83.0,14
4830,602,91.0,15
4831,602,89.0,11
4832,602,68.0,3
4833,603,73.0,17
4834,603,71.5,2
4835,603,81.0,3
4836,603,74.0,20
4837,603,76.0,10
4838,603,94.0,11
4839,603,95.0,9
4840,603,91.0,8
4841,603,90.0,12
4842,603,82.0,15
4843,604,87.5,2
4844,604,80.0,17
4845,604,68.0,13
4846,604,88.5,4
4847,604,64.0,16
4848,604,83.0,11
4849,604,89.0,15
4850,604,82.0,10
4851,604,86.0,8
4852,605,80.0,2
4853,605,94.0,17
4854,605,76.5,9
4855,605,75.0,11
4856,605,74.0,15
4857,605,64.0,19
4858,606,82.0,17
4859,606,73.75,2
4860,606,80.0,11
4861,606,94.0,15
4862,606,87.0,9
4863,606,73.0,14
4864,606,75.0,12
4865,606,77.0,18
4866,607,85.5,2
4867,607,74.0,17
4868,607,81.0,1
4869,607,84.0,3
4870,607,66.0,6
4871,607,67.0,11
4872,607,85.0,18
4873,607,68.0,15
4874,607,86.0,10
4875,607,76.0,12
4876,607,72.0,7
4877,608,80.0,2
4878,608,85.5,17
4879,608,72.0,20
4880,608,83.0,1
4881,608,81.0,3
4882,608,84.0,8
4883,609,88.25,2
4884,609,85.0,17
4885,609,78.5,14
4886,609,75.5,9
4887,609,77.0,19
4888,609,75.0,8
4889,609,80.0,12
4890,609,96.0,15
4891,610,79.5,2
4892,610,64.0,17
4893,610,71.5,5
4894,610,90.0,16
4895,610,66.0,20
4896,610,75.0,9
4897,610,81.0,10
4898,610,80.0,18
4899,611,79.0,2
4900,611,73.5,17
4901,611,83.0,5
4902,611,78.0,13
4903,611,78.0,4
4904,611,83.0,1
4905,611,78.0,10
4906,611,73.0,6
4907,612,77.0,2
4908,612,69.0,17
4909,612,79.0,5
4910,612,76.67,12
4911,612,87.0,11
4912,612,94.0,19
4913,612,91.0,18
4914,612,93.0,20
4915,613,81.75,2
4916,613,79.0,17
4917,613,92.0,4
4918,613,86.0,9
4919,613,81.5,3
4920,613,80.0,6
4921,613,86.0,18
4922,613,69.0,19
4923,614,82.6,2
4924,614,79.0,17
4925,614,79.5,15
4926,614,64.0,4
4927,614,75.0,12
4928,614,69.0,16
4929,614,81.0,19
4930,614,78.0,9
4931,615,88.0,17
4932,615,77.0,2
4933,615,82.0,8
4934,615,80.0,16
4935,615,82.0,15
4936,615,79.0,14
4937,615,66.0,11
4938,615,67.0,9
4939,615,95.0,13
4940,616,74.2,2
4941,616,72.0,17
4942,616,91.0,20
4943,616,79.0,9
4944,616,68.0,13
4945,616,81.0,14
4946,616,79.0,10
4947,616,79.0,7
4948,616,84.0,19
4949,617,80.0,2
4950,617,89.5,17
4951,617,86.67,8
4952,617,87.0,7
4953,617,76.0,5
4954,617,81.0,1
4955,617,77.0,10
4956,618,75.0,2
4957,618,75.0,17
4958,618,79.0,5
4959,618,69.0,12
4960,618,73.0,15
4961,618,74.5,14
4962,619,78.33,2
4963,619,83.5,17
4964,619,93.0,1
4965,619,84.0,19
4966,619,74.0,15
4967,619,78.0,6
4968,619,81.0,20
4969,619,90.0,8
4970,619,91.0,18
4971,620,77.0,2
4972,620,79.0,17
4973,620,77.5,10
4974,620,67.0,20
4975,620,84.0,16
4976,620,66.0,12
4977,621,92.0,17
4978,621,77.0,2
4979,621,75.0,16
4980,621,78.0,14
4981,621,69.0,1
4982,621,78.0,18
4983,621,83.5,7
4984,621,87.0,6
4985,621,86.0,9
4986,621,79.0,19
4987,622,77.67,17
4988,622,79.4,2
4989,622,84.0,19
4990,622,79.5,6
4991,622,91.0,3
4992,622,76.0,5
4993,622,82.0,11
4994,623,79.75,2
4995,623,78.0,17
4996,623,83.0,13
4997,623,75.0,7
4998,623,78.0,3
4999,623,73.0,4
5000,623,71.0,16
5001,623,92.0,6
5002,624,81.6,2
5003,624,83.0,17
5004,624,85.0,9
5005,624,68.0,8
5006,624,74.0,16
5007,624,80.0,12
5008,624,69.0,7
5009,624,96.0,10
5010,624,79.0,3
5011,624,74.0,5
5012,625,77.5,2
5013,625,84.0,17
5014,625,87.0,10
5015,625,82.0,9
5016,625,96.0,7
5017,625,91.0,14
5018,626,80.0,2
5019,626,79.0,17
5020,626,69.0,14
5021,626,67.0,16
5022,626,78.0,13
5023,626,82.0,7
5024,626,92.0,19
5025,626,80.0,18
5026,627,74.75,2
5027,627,78.0,17
5028,627,85.5,8
5029,627,69.0,19
5030,627,86.0,5
5031,627,64.0,13
5032,627,78.0,10
5033,628,91.0,17
5034,628,78.5,2
5035,628,73.0,10
5036,628,80.0,6
5037,628,80.0,3
5038,628,85.0,7
5039,628,85.0,11
5040,628,98.0,18
5041,628,83.0,20
5042,628,79.0,16
5043,628,80.0,5
5044,629,81.5,2
5045,629,86.0,17
5046,629,73.0,6
5047,629,78.0,13
5048,629,70.0,15
5049,629,74.0,11
5050,630,83.5,2
5051,630,81.0,17
5052,630,74.0,16
5053,630,74.0,8
5054,630,84.0,5
5055,630,71.0,13
5056,630,74.0,12
5057,630,73.0,15
5058,630,88.0,1
5059,631,79.5,2
5060,631,74.0,17
5061,631,81.0,4
5062,631,74.0,15
5063,631,83.33,6
5064,631,79.0,19
5065,631,94.0,7
5066,632,75.75,2
5067,632,72.0,17
5068,632,78.0,15
5069,632,88.0,11
5070,632,66.0,20
5071,632,83.0,10
5072,632,79.0,9
5073,633,82.0,2
5074,633,76.5,17
5075,633,70.0,10
5076,633,86.0,13
5077,633,90.0,9
5078,634,76.5,2
5079,634,70.0,17
5080,634,83.0,10
5081,634,77.0,12
5082,634,82.0,15
5083,634,70.0,1
5084,634,77.0,3
5085,634,86.33,9
5086,634,77.0,5
5087,635,86.0,17
5088,635,83.75,2
5089,635,66.0,6
5090,635,85.0,11
5091,635,78.0,18
5092,635,80.0,8
5093,635,70.0,13
5094,636,82.5,2
5095,636,82.0,17
5096,636,86.0,4
5097,636,74.0,6
5098,636,85.0,15
5099,636,84.0,8
5100,636,83.0,11
5101,637,79.5,2
5102,637,73.0,17
5103,637,90.0,4
5104,637,83.5,12
5105,637,77.0,7
5106,637,82.0,15
5107,637,69.0,6
5108,637,75.0,14
5109,638,85.5,2
5110,638,78.5,17
5111,638,88.0,3
5112,638,75.0,20
5113,638,86.0,6
5114,638,64.0,19
5115,638,75.0,11
5116,638,78.0,5
5117,638,86.0,10
5118,639,79.2,2
5119,639,84.0,17
5120,639,84.0,1
5121,639,80.0,14
5122,639,82.0,9
5123,639,78.0,20
5124,639,83.0,6
5125,639,89.0,11
5126,639,75.0,8
5127,640,83.25,2
5128,640,76.5,17
5129,640,89.0,4
5130,640,79.5,12
5131,640,68.0,10
5132,640,85.0,5
5133,640,84.0,6
5134,641,79.0,2
5135,641,80.0,17
5136,641,76.0,1
5137,641,73.0,6
5138,641,81.0,9
5139,641,80.0,16
5140,641,90.0,8
5141,642,84.33,2
5142,642,80.0,17
5143,642,87.0,13
5144,642,81.0,5
5145,642,77.0,3
5146,642,72.0,6
5147,642,82.0,18
5148,642,83.0,4
5149,643,77.25,2
5150,643,87.5,17
5151,643,73.0,1
5152,643,78.0,13
5153,643,82.0,10
5154,643,91.0,9
5155,643,77.0,6
5156,643,94.0,16
5157,643,75.0,12
5158,643,70.0,15
5159,643,97.0,8
5160,644,81.0,2
5161,644,64.0,17
5162,644,81.0,13
5163,644,72.5,12
5164,644,86.0,19
5165,644,85.0,7
5166,644,81.0,9
5167,644,87.0,16
5168,645,78.0,2
5169,645,76.5,17
5170,645,82.0,9
5171,645,91.0,16
5172,645,83.0,14
5173,645,68.0,20
5174,645,76.0,19
5175,645,92.0,8
5176,645,80.0,11
5177,646,89.0,17
5178,646,85.0,2
5179,646,84.0,14
5180,646,86.5,10
5181,646,77.0,6
5182,646,84.0,7
5183,646,83.0,20
5184,646,83.0,8
5185,646,94.0,1
5186,646,83.0,13
5187,647,74.25,2
5188,647,90.0,17
5189,647,73.0,13
5190,647,88.0,19
5191,647,78.0,1
5192,647,76.0,8
5193,647,76.0,12
5194,648,78.4,2
5195,648,90.0,1
5196,648,75.0,11
5197,648,69.0,9
5198,648,75.0,14
5199,648,81.0,18
5200,648,71.0,13
5201,649,82.0,2
5202,649,76.0,17
5203,649,80.0,16
5204,649,77.0,5
5205,649,88.0,13
5206,649,81.0,14
5207,649,76.0,12
5208,650,83.75,2
5209,650,92.0,17
5210,650,70.0,4
5211,650,84.0,1
5212,650,86.0,6
5213,650,78.0,12
5214,650,82.0,14
5215,650,80.0,8
5216,650,97.0,16
5217,651,75.25,2
5218,651,80.0,17
5219,651,77.0,13
5220,651,89.0,20
5221,651,79.0,1
5222,651,80.0,8
5223,651,70.0,6
5224,652,80.25,2
5225,652,96.0,17
5226,652,95.0,1
5227,652,81.0,3
5228,652,76.0,14
5229,652,73.0,12
5230,652,92.0,10
5231,652,89.0,4
5232,652,68.0,16
5233,653,86.5,2
5234,653,79.0,17
5235,653,71.0,16
5236,653,91.0,6
5237,653,75.0,9
5238,653,66.0,1
5239,653,82.0,3
5240,653,90.0,8
5241,653,86.0,7
5242,654,70.0,17
5243,654,77.5,2
5244,654,77.33,19
5245,654,82.5,15
5246,654,79.0,1
5247,654,83.0,5
5248,655,81.0,17
5249,655,83.4,2
5250,655,78.0,6
5251,655,70.0,8
5252,655,67.0,14
5253,655,77.0,10
5254,655,81.0,19
5255,656,82.0,2
5256,656,69.0,17
5257,656,66.0,20
5258,656,88.0,10
5259,656,80.0,14
5260,656,87.0,12
5261,657,80.2,2
5262,657,74.0,17
5263,657,73.5,11
5264,657,81.0,18
5265,657,87.0,19
5266,657,71.0,13
5267,657,91.0,1
5268,657,89.0,8
5269,658,70.67,2
5270,658,87.0,17
5271,658,74.0,3
5272,658,84.0,12
5273,658,79.5,18
5274,658,87.0,13
5275,658,78.0,9
5276,658,69.0,4
5277,658,69.0,7
5278,659,79.0,2
5279,659,80.0,17
5280,659,84.0,5
5281,659,78.0,6
5282,659,83.0,15
5283,659,71.0,4
5284,659,81.0,16
5285,659,74.0,18
5286,659,87.0,9
5287,660,84.75,2
5288,660,85.0,17
5289,660,70.0,15
5290,660,67.0,6
5291,660,67.0,9
5292,660,66.0,12
5293,660,68.0,10
5294,660,67.0,16
5295,660,86.0,18
5296,661,78.0,2
5297,661,84.0,17
5298,661,78.0,3
5299,661,83.0,20
5300,661,87.0,12
5301,661,83.0,4
5302,661,79.0,5
5303,661,78.0,14
5304,662,82.0,2
5305,662,78.0,17
5306,662,80.0,8
5307,662,82.0,10
5308,662,96.0,7
5309,662,78.0,4
5310,662,70.0,19
5311,662,79.0,18
5312,662,87.0,14
5313,663,83.5,17
5314,663,75.75,2
5315,663,92.0,4
5316,663,80.0,13
5317,663,74.5,15
5318,664,89.0,17
5319,664,75.2,2
5320,664,80.0,9
5321,664,79.0,20
5322,664,79.0,10
5323,664,84.0,19
5324,664,84.0,16
5325,665,77.5,2
5326,665,82.0,17
5327,665,76.0,11
5328,665,78.0,14
5329,665,77.0,15
5330,665,78.0,12
5331,665,66.0,10
5332,665,79.0,7
5333,665,79.0,6
5334,666,80.5,2
5335,666,94.0,17
5336,666,94.0,12
5337,666,77.0,6
5338,666,74.0,7
5339,666,78.0,16
5340,666,92.0,15
5341,666,78.0,18
5342,667,76.5,17
5343,667,71.33,2
5344,667,75.67,5
5345,667,73.0,9
5346,667,90.5,13
5347,667,86.0,19
5348,667,77.0,4
5349,667,98.0,1
5350,668,81.0,2
5351,668,81.0,17
5352,668,85.0,5
5353,668,92.0,20
5354,668,86.0,3
5355,669,82.0,2
5356,669,75.0,17
5357,669,85.5,15
5358,669,92.0,11
5359,669,82.0,12
5360,669,81.0,8
5361,670,82.33,2
5362,670,73.0,17
5363,670,73.0,9
5364,670,86.0,11
5365,670,81.0,14
5366,670,75.0,3
5367,670,78.0,5
5368,670,74.0,18
5369,671,83.5,2
5370,671,82.0,17
5371,671,84.0,18
5372,671,82.5,8
5373,671,78.0,11
5374,671,71.0,6
5375,671,70.0,15
5376,672,78.0,17
5377,672,80.75,2
5378,672,84.5,15
5379,672,77.0,8
5380,672,83.0,9
5381,672,71.0,14
5382,672,73.0,3
5383,673,78.5,2
5384,673,89.0,17
5385,673,69.0,11
5386,673,77.0,20
5387,673,73.0,5
5388,673,64.0,3
5389,673,78.0,1
5390,673,88.0,18
5391,674,82.75,2
5392,674,78.0,17
5393,674,88.0,8
5394,674,74.0,11
5395,674,93.0,18
5396,674,85.0,6
5397,674,77.0,15
5398,674,83.0,16
5399,674,87.0,1
5400,674,86.0,7
5401,675,81.4,2
5402,675,72.0,17
5403,675,78.0,3
5404,675,92.0,1
5405,675,70.0,4
5406,676,83.75,2
5407,676,86.0,17
5408,676,81.5,19
5409,676,89.0,9
5410,676,83.5,6
5411,676,74.0,18
5412,676,75.0,11
5413,676,78.0,5
5414,676,86.0,12
5415,677,79.75,2
5416,677,84.0,17
5417,677,82.0,18
5418,677,69.0,8
5419,677,79.0,13
5420,677,75.0,11
5421,677,77.0,10
5422,677,81.0,1
5423,678,78.67,2
5424,678,90.0,17
5425,678,84.0,5
5426,678,76.0,13
5427,678,81.0,9
5428,678,81.0,3
5429,678,86.0,14
5430,678,78.0,4
5431,678,79.0,1
5432,679,85.0,17
5433,679,85.5,2
5434,679,77.5,8
5435,679,81.0,3
5436,679,73.0,7
5437,679,82.5,10
5438,679,77.0,9
5439,679,67.0,11
5440,679,84.0,14
5441,679,74.0,1
5442,680,81.0,17
5443,680,74.33,2
5444,680,93.0,5
5445,680,74.0,15
5446,680,78.0,16
5447,680,84.0,10
5448,680,80.0,4
5449,680,78.0,13
5450,680,89.0,8
5451,681,78.5,2
5452,681,80.0,17
5453,681,77.0,1
5454,681,73.5,9
5455,681,76.0,18
5456,681,83.0,4
5457,681,85.0,13
5458,682,69.33,2
5459,682,75.0,17
5460,682,76.0,13
5461,682,85.0,16
5462,682,89.0,6
5463,682,81.5,11
5464,682,85.5,1
5465,682,86.0,8
5466,682,90.0,3
5467,682,86.0,5
5468,683,82.5,17
5469,683,83.75,2
5470,683,75.0,8
5471,683,71.0,10
5472,683,89.0,6
5473,683,72.0,13
5474,683,85.0,14
5475,683,80.0,11
5476,683,70.0,7
5477,684,85.25,2
5478,684,73.0,17
5479,684,90.0,5
5480,684,93.0,6
5481,684,87.5,18
5482,684,79.0,14
5483,684,85.0,3
5484,684,79.0,20
5485,685,81.0,2
5486,685,83.0,17
5487,685,92.0,12
5488,685,74.0,1
5489,685,85.0,19
5490,685,79.0,16
5491,685,75.0,13
5492,685,82.0,20
5493,686,74.2,2
5494,686,80.0,17
5495,686,75.5,6
5496,686,91.0,1
5497,686,82.0,11
5498,686,74.0,7
5499,686,80.0,19
5500,687,94.0,17
5501,687,81.25,2
5502,687,73.0,19
5503,687,75.0,9
5504,687,72.0,3
5505,688,83.33,2
5506,688,79.0,17
5507,688,77.0,1
5508,688,80.0,19
5509,688,84.0,7
5510,688,90.0,9
5511,688,91.0,15
5512,689,77.75,2
5513,689,72.5,17
5514,689,80.5,6
5515,689,73.0,16
5516,689,81.0,12
5517,689,76.0,7
5518,690,71.0,2
5519,690,78.0,17
5520,690,93.0,10
5521,690,91.0,8
5522,690,88.0,3
5523,690,69.0,7
5524,690,81.0,1
5525,690,73.5,11
5526,690,73.0,18
5527,691,75.0,2
5528,691,80.33,17
5529,691,78.0,14
5530,691,86.0,16
5531,691,83.0,9
5532,691,80.0,3
5533,691,81.0,20
5534,691,90.0,10
5535,692,73.2,2
5536,692,78.0,17
5537,692,84.0,10
5538,692,81.5,6
5539,692,82.0,4
5540,692,83.0,20
5541,692,88.0,9
5542,693,77.0,2
5543,693,83.0,17
5544,693,80.0,7
5545,693,85.0,12
5546,693,76.0,20
5547,693,79.0,6
5548,693,84.0,16
5549,693,68.0,9
5550,693,90.0,4
5551,693,98.0,1
5552,693,91.0,19
5553,694,76.75,2
5554,694,77.0,17
5555,694,82.0,6
5556,694,71.0,10
5557,694,86.0,12
5558,694,74.0,8
5559,694,75.0,5
5560,694,90.0,14
5561,694,88.0,11
5562,694,81.0,4
5563,695,83.25,2
5564,695,70.0,17
5565,695,73.0,14
5566,695,69.0,1
5567,695,66.0,6
5568,695,80.0,3
5569,695,76.0,4
5570,695,76.5,18
5571,695,92.0,13
5572,695,81.0,10
5573,696,76.75,2
5574,696,90.0,17
5575,696,85.0,18
5576,696,82.0,12
5577,696,89.0,14
5578,696,87.0,15
5579,696,79.0,1
5580,696,74.0,3
5581,696,76.0,10
5582,696,76.0,6
5583,696,81.0,4
5584,697,80.6,2
5585,697,87.0,17
5586,697,91.0,19
5587,697,81.0,1
5588,697,90.0,3
5589,697,70.0,5
5590,697,94.0,10
5591,698,90.0,2
5592,698,90.0,17
5593,698,94.0,16
5594,698,83.0,3
5595,698,88.0,10
5596,698,74.0,18
5597,698,72.0,1
5598,698,94.0,13
5599,699,78.75,2
5600,699,80.0,17
5601,699,92.0,12
5602,699,85.0,4
5603,699,81.0,13
5604,699,80.0,16
5605,699,84.0,1
5606,699,70.0,20
5607,699,73.0,19
5608,700,92.0,17
5609,700,82.25,2
5610,700,86.0,10
5611,700,69.0,19
5612,700,75.0,15
5613,700,88.0,20
5614,700,86.0,8
5615,701,77.0,17
5616,701,78.75,2
5617,701,82.0,20
5618,701,75.0,15
5619,701,72.0,1
5620,701,75.0,16
5621,701,76.0,5
5622,701,86.0,12
5623,701,86.0,13
5624,702,76.75,2
5625,702,75.0,17
5626,702,72.0,8
5627,702,89.0,18
5628,702,73.0,12
5629,702,84.0,4
5630,702,80.0,20
5631,702,95.0,13
5632,702,79.0,6
5633,703,84.6,2
5634,703,76.67,17
5635,703,93.0,10
5636,703,90.0,3
5637,703,82.0,11
5638,703,72.0,16
5639,704,80.75,2
5640,704,77.0,17
5641,704,75.0,1
5642,704,78.0,19
5643,704,98.0,11
5644,704,73.0,5
5645,704,97.0,6
5646,705,83.0,2
5647,705,75.5,17
5648,705,84.0,6
5649,705,79.0,8
5650,705,82.0,20
5651,705,69.0,12
5652,705,73.0,13
5653,706,81.5,2
5654,706,73.0,17
5655,706,85.0,8
5656,706,74.0,20
5657,706,85.0,1
5658,706,88.0,3
5659,706,81.0,4
5660,706,83.5,10
5661,706,90.0,16
5662,706,85.0,5
5663,707,82.0,2
5664,707,86.0,17
5665,707,80.0,16
5666,707,89.0,18
5667,707,71.5,10
5668,707,90.0,3
5669,707,84.0,13
5670,707,90.0,7
5671,707,85.0,1
5672,708,82.0,2
5673,708,75.5,17
5674,708,75.0,15
5675,708,78.0,8
5676,708,86.0,19
5677,708,80.0,14
5678,709,85.0,17
5679,709,70.0,2
5680,709,85.0,20
5681,709,91.5,19
5682,709,72.5,6
5683,709,70.0,3
5684,709,75.0,11
5685,709,85.0,9
5686,709,86.0,5
5687,709,68.0,12
5688,710,77.5,2
5689,710,88.5,17
5690,710,80.5,13
5691,710,72.0,15
5692,710,87.0,12
5693,710,80.0,8
5694,710,89.5,1
5695,710,69.0,18
5696,711,79.0,2
5697,711,83.0,17
5698,711,90.0,7
5699,711,85.0,8
5700,711,76.0,6
5701,711,74.0,4
5702,711,67.0,9
5703,711,70.0,11
5704,711,73.0,14
5705,711,82.0,13
5706,712,79.8,2
5707,712,90.0,17
5708,712,82.0,4
5709,712,92.0,10
5710,712,81.0,20
5711,712,94.0,15
5712,712,87.0,3
5713,712,82.0,6
5714,713,73.75,2
5715,713,71.0,17
5716,713,78.0,5
5717,713,74.0,6
5718,713,83.0,3
5719,713,78.0,1
5720,713,94.0,12
5721,714,78.0,17
5722,714,77.0,2
5723,714,79.0,4
5724,714,77.5,13
5725,714,78.0,3
5726,714,81.0,19
5727,714,75.0,8
5728,714,70.0,12
5729,714,89.0,9
5730,715,81.5,2
5731,715,91.0,17
5732,715,86.5,12
5733,715,80.0,10
5734,715,87.0,6
5735,715,74.0,18
5736,715,76.5,4
5737,716,75.5,2
5738,716,86.5,17
5739,716,83.0,18
5740,716,84.0,10
5741,716,79.0,20
5742,716,85.0,14
5743,716,69.0,13
5744,716,89.0,15
5745,716,69.0,16
5746,716,68.0,9
5747,717,76.25,2
5748,717,65.0,17
5749,717,82.0,11
5750,717,77.5,19
5751,717,82.0,13
5752,717,72.5,1
5753,717,70.0,6
5754,717,77.5,3
5755,717,80.0,14
5756,718,87.25,2
5757,718,68.0,17
5758,718,81.5,11
5759,718,79.0,4
5760,718,67.0,12
5761,718,69.0,13
5762,718,78.0,16
5763,718,82.0,20
5764,718,69.0,3
5765,719,83.5,2
5766,719,70.0,17
5767,719,84.0,18
5768,719,84.0,9
5769,719,72.5,20
5770,719,91.0,14
5771,719,86.0,5
5772,719,85.0,16
5773,719,87.0,11
5774,720,80.5,2
5775,720,85.67,17
5776,720,77.0,6
5777,720,87.0,13
5778,720,79.0,9
5779,720,88.0,19
5780,721,78.5,2
5781,721,79.0,17
5782,721,82.0,9
5783,721,83.0,10
5784,721,80.5,15
5785,721,80.0,13
5786,721,88.0,8
5787,722,75.4,2
5788,722,83.0,17
5789,722,93.0,18
5790,722,73.0,10
5791,722,80.0,11
5792,722,79.0,13
5793,722,74.0,12
5794,722,78.0,5
5795,722,77.0,16
5796,723,86.75,2
5797,723,92.0,17
5798,723,84.0,1
5799,723,87.5,11
5800,723,80.5,3
5801,723,87.0,4
5802,723,72.0,8
5803,724,81.75,2
5804,724,82.0,17
5805,724,80.0,19
5806,724,80.0,16
5807,724,69.0,20
5808,724,79.5,9
5809,725,78.0,2
5810,725,69.5,17
5811,725,90.0,6
5812,725,84.0,4
5813,725,74.0,7
5814,725,83.0,15
5815,725,86.0,10
5816,725,73.0,18
5817,726,80.5,2
5818,726,78.33,17
5819,726,91.0,4
5820,726,76.0,1
5821,726,82.0,14
5822,726,83.0,5
5823,726,83.0,10
5824,727,74.75,2
5825,727,76.0,17
5826,727,76.0,6
5827,727,78.0,15
5828,727,87.5,16
5829,727,80.0,18
5830,727,79.5,9
5831,727,82.0,8
5832,727,76.5,1
5833,728,80.0,2
5834,728,87.67,17
5835,728,79.0,8
5836,728,79.0,6
5837,728,86.0,18
5838,728,79.0,5
5839,728,87.0,9
5840,728,76.0,3
5841,729,77.25,2
5842,729,84.0,17
5843,729,73.0,20
5844,729,78.0,15
5845,729,87.0,16
5846,729,94.0,18
5847,729,77.0,9
5848,729,76.0,6
5849,729,87.0,1
5850,730,73.5,2
5851,730,70.0,17
5852,730,81.5,19
5853,730,84.0,15
5854,730,90.0,14
5855,730,96.0,12
5856,730,91.0,3
5857,730,87.0,4
5858,730,83.0,6
5859,730,79.0,11
5860,731,78.5,2
5861,731,74.67,17
5862,731,65.0,8
5863,731,85.0,13
5864,731,79.0,1
5865,731,72.0,15
5866,731,83.0,14
5867,732,82.0,2
5868,732,74.5,17
5869,732,63.0,14
5870,732,83.0,8
5871,732,73.0,5
5872,733,78.0,17
5873,733,78.25,2
5874,733,72.0,4
5875,733,78.0,3
5876,733,67.0,6
5877,733,81.0,16
5878,733,72.0,15
5879,733,70.0,12
5880,734,77.25,2
5881,734,84.0,17
5882,734,92.0,10
5883,734,85.5,3
5884,734,63.0,16
5885,734,79.0,8
5886,734,78.0,6
5887,734,67.0,5
5888,735,83.4,2
5889,735,79.5,17
5890,735,83.0,1
5891,735,74.0,4
5892,735,80.0,18
5893,736,74.5,2
5894,736,83.0,17
5895,736,83.0,15
5896,736,83.0,13
5897,736,74.0,3
5898,736,71.0,8
5899,736,74.0,9
5900,737,75.75,2
5901,737,72.0,17
5902,737,92.0,20
5903,737,84.5,6
5904,737,81.0,12
5905,737,87.0,4
5906,737,78.0,15
5907,738,80.4,2
5908,738,89.0,17
5909,738,83.0,1
5910,738,81.0,9
5911,738,65.0,3
5912,739,79.5,2
5913,739,72.0,17
5914,739,83.0,11
5915,739,89.0,18
5916,739,64.0,10
5917,739,86.0,14
5918,739,85.0,20
5919,739,82.0,6
5920,739,72.0,19
5921,739,72.0,5
5922,740,82.2,2
5923,740,78.5,17
5924,740,75.0,8
5925,740,81.0,12
5926,740,84.0,13
5927,740,74.0,15
5928,741,74.2,2
5929,741,89.0,17
5930,741,78.0,20
5931,741,83.0,5
5932,741,82.0,11
5933,741,71.0,12
5934,741,85.0,14
5935,741,94.0,10
5936,742,87.6,2
5937,742,80.0,17
5938,742,79.0,3
5939,742,84.0,11
5940,742,84.0,19
5941,742,88.5,7
5942,742,73.0,4
5943,742,73.0,12
5944,743,80.2,2
5945,743,76.0,17
5946,743,72.0,18
5947,743,76.0,20
5948,743,76.0,12
5949,744,84.0,2
5950,744,85.0,17
5951,744,83.0,8
5952,744,84.0,9
5953,744,80.0,20
5954,744,81.0,11
5955,744,84.0,16
5956,744,93.0,4
5957,744,73.0,19
5958,745,74.5,17
5959,745,79.25,2
5960,745,90.0,13
5961,745,82.0,20
5962,745,77.0,1
5963,745,87.0,3
5964,745,81.0,18
5965,745,82.0,4
5966,746,76.25,2
5967,746,81.5,17
5968,746,74.5,16
5969,746,82.0,15
5970,746,75.0,11
5971,746,94.0,13
5972,746,76.0,10
5973,746,75.5,1
5974,746,93.0,8
5975,747,84.0,17
5976,747,79.25,2
5977,747,72.0,5
5978,747,84.0,9
5979,747,75.0,18
5980,747,85.0,10
5981,748,80.0,2
5982,748,93.0,17
5983,748,83.0,19
5984,748,83.0,13
5985,748,82.0,12
5986,748,76.0,7
5987,748,74.0,1
5988,748,81.0,6
5989,749,78.25,2
5990,749,86.0,17
5991,749,79.0,19
5992,749,88.0,12
5993,749,93.0,14
5994,749,74.0,20
5995,749,87.0,5
5996,749,87.0,4
5997,749,78.0,10
5998,750,79.8,2
5999,750,87.0,17
6000,750,73.0,15
6001,750,77.0,8
6002,750,86.0,9
6003,750,85.0,14
6004,750,94.0,18
6005,750,70.0,1
6006,750,73.0,7
6007,750,81.0,11
6008,750,82.0,3
6009,751,86.75,2
6010,751,67.0,17
6011,751,78.0,8
6012,751,88.0,10
6013,751,68.0,20
6014,751,86.0,5
6015,751,84.0,7
6016,751,82.0,14
6017,752,78.33,2
6018,752,80.0,17
6019,752,83.5,20
6020,752,84.0,12
6021,752,71.0,19
6022,752,87.0,16
6023,752,81.0,11
6024,752,64.0,8
6025,753,67.0,17
6026,753,81.0,2
6027,753,82.0,10
6028,753,95.0,8
6029,753,80.0,15
6030,753,72.0,11
6031,753,76.0,18
6032,753,75.0,7
6033,753,84.0,3
6034,754,80.25,2
6035,754,91.0,17
6036,754,79.5,20
6037,754,73.0,6
6038,754,72.0,11
6039,754,90.0,5
6040,754,89.0,15
6041,754,85.0,3
6042,755,85.0,2
6043,755,82.0,17
6044,755,89.0,14
6045,755,80.0,5
6046,755,74.0,3
6047,755,96.0,13
6048,755,74.0,20
6049,755,84.0,8
6050,756,82.0,2
6051,756,75.0,17
6052,756,83.0,15
6053,756,97.0,3
6054,756,90.0,12
6055,756,82.0,8
6056,756,74.0,13
6057,757,85.75,2
6058,757,80.0,17
6059,757,76.0,9
6060,757,85.0,15
6061,757,91.0,8
6062,757,88.0,18
6063,757,70.0,10
6064,758,75.0,2
6065,758,81.5,15
6066,758,80.0,13
6067,758,79.33,12
6068,758,73.5,19
6069,758,86.0,10
6070,758,72.0,11
6071,758,73.0,7
6072,759,81.0,2
6073,759,78.0,17
6074,759,86.0,12
6075,759,84.0,5
6076,759,91.0,9
6077,759,78.0,18
6078,759,82.0,15
6079,759,87.0,20
6080,759,66.0,10
6081,760,78.8,2
6082,760,85.0,17
6083,760,89.0,14
6084,760,81.5,1
6085,760,73.0,20
6086,760,88.0,15
6087,760,81.0,19
6088,760,78.0,13
6089,761,80.0,2
6090,761,73.0,17
6091,761,74.5,20
6092,761,78.5,9
6093,761,84.0,18
6094,762,81.2,2
6095,762,72.0,17
6096,762,75.0,19
6097,762,84.0,11
6098,762,84.0,5
6099,762,95.0,10
6100,762,82.0,9
6101,763,82.2,2
6102,763,69.5,17
6103,763,80.0,10
6104,763,76.0,3
6105,764,77.25,2
6106,764,71.0,17
6107,764,80.0,15
6108,764,68.0,1
6109,764,79.0,8
6110,764,86.0,13
6111,764,92.0,19
6112,765,78.75,2
6113,765,73.5,17
6114,765,66.0,10
6115,765,69.0,1
6116,765,77.5,7
6117,765,84.0,11
6118,765,83.0,20
6119,766,80.25,2
6120,766,83.0,17
6121,766,77.5,6
6122,766,84.5,12
6123,766,76.0,15
6124,766,78.0,7
6125,766,78.0,19
6126,766,81.0,5
6127,766,76.0,11
6128,767,83.0,2
6129,767,74.0,17
6130,767,75.0,9
6131,767,66.0,1
6132,767,86.0,13
6133,767,66.0,16
6134,767,82.0,19
6135,768,80.4,2
6136,768,89.0,17
6137,768,77.0,11
6138,768,74.0,19
6139,768,74.0,16
6140,768,73.5,18
6141,768,94.0,6
6142,768,70.0,4
6143,768,84.0,9
6144,769,77.5,17
6145,769,77.25,2
6146,769,96.0,20
6147,769,77.33,11
6148,769,80.0,7
6149,770,80.0,17
6150,770,78.25,2
6151,770,90.0,3
6152,770,73.0,1
6153,770,78.0,18
6154,770,69.0,4
6155,770,79.0,20
6156,771,83.5,2
6157,771,77.0,17
6158,771,73.0,14
6159,771,76.0,7
6160,771,71.0,12
6161,771,82.5,15
6162,771,75.0,11
6163,771,66.0,3
6164,771,74.0,8
6165,771,94.0,19
6166,772,79.5,2
6167,772,69.0,17
6168,772,82.0,4
6169,772,74.0,20
6170,772,82.0,8
6171,772,88.0,1
6172,773,80.5,2
6173,773,73.0,17
6174,773,79.5,5
6175,773,86.5,12
6176,773,89.0,3
6177,773,66.0,10
6178,774,78.75,2
6179,774,88.5,17
6180,774,80.5,6
6181,774,92.0,4
6182,774,69.0,11
6183,774,74.0,8
6184,774,81.0,12
6185,774,87.0,7
6186,774,78.0,13
6187,775,78.5,2
6188,775,70.0,17
6189,775,86.0,6
6190,775,90.0,16
6191,775,70.0,10
6192,775,79.0,7
6193,775,83.0,8
6194,775,73.0,14
6195,775,78.0,11
6196,776,72.25,2
6197,776,68.0,17
6198,776,83.0,11
6199,776,82.0,20
6200,776,82.0,12
6201,776,93.0,10
6202,776,85.0,9
6203,776,85.0,19
6204,777,92.0,17
6205,777,83.0,2
6206,777,74.5,7
6207,777,79.5,19
6208,777,87.0,11
6209,777,76.5,20
6210,777,88.0,18
6211,778,86.0,17
6212,778,83.0,2
6213,778,74.0,15
6214,778,86.0,9
6215,778,80.0,8
6216,778,78.5,19
6217,778,85.0,3
6218,778,76.0,16
6219,778,90.0,4
6220,778,73.0,5
6221,779,75.0,17
6222,779,80.4,2
6223,779,79.0,20
6224,779,69.0,9
6225,779,73.0,11
6226,779,79.0,14
6227,779,70.0,1
6228,779,73.0,16
6229,780,73.5,2
6230,780,89.0,17
6231,780,74.0,19
6232,780,79.5,3
6233,780,90.0,1
6234,780,78.0,12
6235,780,71.0,7
6236,780,79.0,13
6237,780,71.0,11
6238,780,96.0,20
6239,781,79.0,2
6240,781,74.0,17
6241,781,90.0,10
6242,781,73.0,3
6243,781,78.0,8
6244,781,88.0,1
6245,782,79.25,2
6246,782,81.5,10
6247,782,84.0,5
6248,782,86.0,13
6249,782,83.0,4
6250,782,90.0,19
6251,782,88.0,11
6252,782,84.0,20
6253,782,77.0,3
6254,783,72.0,17
6255,783,83.5,2
6256,783,90.0,3
6257,783,72.0,8
6258,783,79.5,10
6259,783,69.0,15
6260,783,83.0,20
6261,783,80.0,19
6262,783,80.0,5
6263,783,70.0,11
6264,784,74.0,17
6265,784,83.4,2
6266,784,81.0,14
6267,784,72.0,19
6268,784,69.0,16
6269,785,83.25,2
6270,785,93.0,17
6271,785,86.0,11
6272,785,81.5,18
6273,785,83.0,19
6274,785,62.0,10
6275,785,88.0,5
6276,785,70.0,8
6277,786,71.5,2
6278,786,73.0,17
6279,786,72.0,5
6280,786,70.0,1
6281,786,84.5,13
6282,786,85.0,19
6283,786,88.0,9
6284,786,87.0,4
6285,786,94.0,18
6286,786,76.0,14
6287,787,82.0,2
6288,787,82.0,17
6289,787,84.0,11
6290,787,75.0,8
6291,787,77.0,20
6292,787,92.0,19
6293,787,77.0,13
6294,787,64.0,16
6295,788,83.5,17
6296,788,82.5,2
6297,788,81.0,4
6298,788,76.0,16
6299,788,80.0,1
6300,788,84.5,10
6301,788,78.0,7
6302,788,75.0,5
6303,788,75.0,8
6304,789,81.0,17
6305,789,81.0,2
6306,789,80.0,13
6307,789,85.0,3
6308,789,68.0,8
6309,789,86.0,7
6310,789,82.0,11
6311,789,93.0,16
6312,789,88.5,14
6313,789,83.0,5
6314,789,84.0,20
6315,790,80.75,2
6316,790,77.0,11
6317,790,85.0,12
6318,790,75.67,4
6319,790,83.0,13
6320,790,80.0,20
6321,790,78.0,5
6322,791,75.25,2
6323,791,74.0,17
6324,791,87.0,11
6325,791,77.0,8
6326,791,90.0,1
6327,791,86.0,6
6328,792,82.0,2
6329,792,80.0,17
6330,792,84.5,7
6331,792,96.0,12
6332,792,73.0,16
6333,792,87.0,19
6334,792,66.0,10
6335,792,82.0,11
6336,792,79.0,8
6337,793,84.0,2
6338,793,78.0,17
6339,793,76.0,13
6340,793,76.0,7
6341,793,82.0,18
6342,793,80.0,3
6343,793,75.0,4
6344,793,84.0,9
6345,793,91.0,1
6346,794,75.2,2
6347,794,81.0,17
6348,794,76.0,19
6349,794,87.0,3
6350,794,89.0,18
6351,794,88.0,8
6352,794,85.0,6
6353,794,77.0,10
6354,794,75.0,1
6355,795,73.6,2
6356,795,68.0,17
6357,795,72.0,10
6358,795,69.0,11
6359,795,73.0,12
6360,795,86.0,1
6361,796,82.8,2
6362,796,77.0,17
6363,796,75.0,3
6364,796,76.0,7
6365,796,85.0,6
6366,796,73.0,4
6367,796,91.67,14
6368,796,67.0,16
6369,796,90.0,20
6370,797,75.0,2
6371,797,65.0,17
6372,797,74.0,14
6373,797,76.0,9
6374,797,74.0,15
6375,797,68.0,3
6376,798,86.75,2
6377,798,77.5,17
6378,798,84.0,15
6379,798,87.0,12
6380,798,80.0,1
6381,798,83.0,11
6382,798,78.0,5
6383,798,67.0,3
6384,799,83.25,2
6385,799,89.0,17
6386,799,86.0,19
6387,799,81.0,3
6388,799,80.5,15
6389,799,82.0,20
6390,799,73.0,7
6391,799,73.0,9
6392,800,82.0,2
6393,800,77.0,17
6394,800,84.0,6
6395,800,77.0,18
6396,800,83.0,3
6397,800,73.0,11
6398,800,66.0,4
6399,800,75.0,5
6400,800,87.0,12
6401,800,87.0,13
6402,801,84.25,2
6403,801,87.0,17
6404,801,83.0,12
6405,801,78.0,13
6406,801,86.0,4
6407,801,80.0,6
6408,801,78.5,5
6409,801,92.0,3
6410,801,71.0,20
6411,801,83.0,15
6412,801,81.0,8
6413,802,84.25,2
6414,802,87.0,17
6415,802,69.5,11
6416,802,82.0,8
6417,802,94.0,6
6418,802,76.0,3
6419,802,80.0,10
6420,802,72.0,12
6421,802,82.0,4
6422,803,82.0,2
6423,803,73.0,17
6424,803,79.0,4
6425,803,74.0,11
6426,803,92.0,15
6427,803,79.0,7
6428,803,71.0,20
6429,804,91.33,2
6430,804,73.0,17
6431,804,87.0,5
6432,804,82.0,20
6433,804,78.0,15
6434,804,72.0,14
6435,804,73.0,7
6436,805,79.4,2
6437,805,80.0,17
6438,805,89.0,14
6439,805,75.0,13
6440,805,65.0,16
6441,805,74.0,19
6442,805,79.0,11
6443,805,89.0,15
6444,805,66.0,3
6445,806,78.0,17
6446,806,77.0,2
6447,806,66.0,18
6448,806,74.5,13
6449,806,85.0,20
6450,806,78.0,16
6451,806,76.0,9
6452,807,78.0,2
6453,807,71.0,3
6454,807,72.67,15
6455,807,79.0,10
6456,807,86.0,18
6457,807,82.0,20
6458,808,73.67,17
6459,808,82.75,2
6460,808,80.5,5
6461,808,81.0,12
6462,808,79.0,6
6463,809,78.75,2
6464,809,79.5,17
6465,809,75.0,16
6466,809,88.0,1
6467,809,71.5,7
6468,810,74.5,2
6469,810,88.0,17
6470,810,87.0,3
6471,810,79.33,7
6472,810,80.0,1
6473,810,85.0,14
6474,810,75.0,8
6475,810,89.0,15
6476,810,74.0,11
6477,811,85.75,2
6478,811,74.0,17
6479,811,78.0,9
6480,811,77.0,14
6481,811,74.0,18
6482,811,88.0,3
6483,811,85.0,8
6484,811,81.0,19
6485,811,86.0,12
6486,811,82.5,6
6487,812,82.25,2
6488,812,80.0,17
6489,812,76.0,6
6490,812,86.0,15
6491,812,86.0,19
6492,812,75.0,10
6493,812,79.0,8
6494,813,80.5,2
6495,813,80.0,17
6496,813,72.0,5
6497,813,85.0,20
6498,813,75.0,19
6499,813,74.0,12
6500,814,73.0,17
6501,814,81.5,2
6502,814,85.0,13
6503,814,80.0,8
6504,814,87.0,18
6505,814,72.0,6
6506,814,73.0,16
6507,815,86.0,17
6508,815,77.2,2
6509,815,80.0,11
6510,815,84.0,18
6511,815,73.0,20
6512,815,76.0,9
6513,815,81.0,7
6514,816,80.0,2
6515,816,73.33,17
6516,816,85.33,16
6517,816,69.0,5
6518,816,89.0,8
6519,816,79.5,14
6520,816,81.0,4
6521,817,77.6,2
6522,817,75.0,17
6523,817,84.5,7
6524,817,88.0,8
6525,817,80.0,6
6526,817,81.0,11
6527,817,75.0,20
6528,817,79.0,5
6529,817,71.0,12
6530,818,77.75,2
6531,818,81.0,17
6532,818,74.0,16
6533,818,69.0,8
6534,818,68.0,18
6535,818,75.0,7
6536,818,73.0,11
6537,818,94.0,1
6538,818,80.0,10
6539,819,78.5,2
6540,819,94.0,17
6541,819,84.33,3
6542,819,80.0,14
6543,819,76.0,11
6544,819,95.0,1
6545,819,96.0,12
6546,819,87.0,15
6547,819,73.0,6
6548,820,75.0,17
6549,820,81.75,2
6550,820,76.0,13
6551,820,77.0,4
6552,820,96.0,12
6553,820,68.0,1
6554,820,90.0,11
6555,820,79.0,5
6556,820,75.0,19
6557,821,77.0,17
6558,821,85.5,2
6559,821,92.0,11
6560,821,87.0,7
6561,821,73.0,16
6562,821,92.0,1
6563,821,75.0,3
6564,821,87.0,12
6565,821,75.0,13
6566,821,72.0,4
6567,822,85.0,2
6568,822,73.0,17
6569,822,83.33,12
6570,822,84.0,1
6571,822,80.0,3
6572,822,80.0,18
6573,822,87.0,4
6574,823,82.8,2
6575,823,80.0,17
6576,823,77.5,19
6577,823,66.0,11
6578,823,68.0,14
6579,823,82.0,5
6580,823,69.0,20
6581,823,91.0,15
6582,824,75.75,2
6583,824,69.0,17
6584,824,88.0,15
6585,824,80.5,1
6586,824,93.0,11
6587,824,75.0,13
6588,824,91.0,19
6589,825,77.0,17
6590,825,80.17,2
6591,825,74.0,20
6592,825,70.0,3
6593,825,76.0,10
6594,825,74.0,8
6595,825,95.0,16
6596,825,82.0,18
6597,826,75.5,2
6598,826,83.0,17
6599,826,70.0,15
6600,826,83.0,11
6601,826,84.0,5
6602,826,82.0,12
6603,826,73.0,19
6604,827,79.5,2
6605,827,70.0,17
6606,827,85.0,9
6607,827,79.0,16
6608,827,78.0,13
6609,827,62.0,11
6610,827,75.0,18
6611,828,76.0,2
6612,828,75.0,17
6613,828,75.0,6
6614,828,80.0,3
6615,828,87.0,7
6616,828,65.0,11
6617,828,72.0,8
6618,828,82.0,14
6619,828,76.0,5
6620,828,78.5,16
6621,829,72.25,2
6622,829,78.5,17
6623,829,74.0,16
6624,829,75.0,14
6625,829,90.0,6
6626,829,79.0,5
6627,829,82.0,8
6628,830,78.0,17
6629,830,81.0,2
6630,830,86.0,3
6631,830,82.0,12
6632,830,74.0,10
6633,830,75.0,8
6634,830,69.0,14
6635,830,70.0,9
6636,830,82.0,6
6637,831,78.0,2
6638,831,79.0,17
6639,831,73.0,9
6640,831,78.0,8
6641,831,84.0,15
6642,831,75.5,18
6643,831,69.0,10
6644,831,82.0,16
6645,831,76.5,12
6646,831,96.0,4
6647,832,88.0,2
6648,832,71.5,17
6649,832,73.0,14
6650,832,87.0,18
6651,832,78.0,19
6652,832,84.0,4
6653,833,75.33,2
6654,833,83.5,17
6655,833,81.0,9
6656,833,74.0,7
6657,833,77.0,1
6658,833,85.0,19
6659,833,84.0,12
6660,834,84.75,2
6661,834,81.0,17
6662,834,83.0,3
6663,834,74.0,11
6664,834,87.0,16
6665,835,82.25,2
6666,835,75.0,17
6667,835,82.0,11
6668,835,75.0,1
6669,835,68.0,4
6670,835,71.0,19
6671,835,86.0,8
6672,835,89.5,20
6673,835,87.0,13
6674,835,71.0,12
6675,835,76.0,6
6676,836,84.4,2
6677,836,87.0,17
6678,836,78.5,3
6679,836,89.0,18
6680,836,87.0,7
6681,836,74.0,14
6682,836,85.0,19
6683,836,75.0,6
6684,836,80.0,12
6685,837,74.0,2
6686,837,77.5,17
6687,837,81.0,9
6688,837,97.0,13
6689,837,65.0,11
6690,837,76.0,14
6691,837,76.0,3
6692,837,86.0,19
6693,837,89.0,8
6694,837,74.0,18
6695,837,74.0,12
6696,838,81.2,2
6697,838,73.0,17
6698,838,78.0,4
6699,838,80.0,11
6700,838,74.0,14
6701,838,90.0,7
6702,839,78.67,2
6703,839,66.0,17
6704,839,90.0,4
6705,839,94.0,9
6706,839,91.0,19
6707,839,76.0,18
6708,839,90.0,16
6709,839,93.0,6
6710,839,81.5,20
6711,839,84.0,5
6712,839,79.0,15
6713,840,79.2,2
6714,840,95.0,17
6715,840,70.0,13
6716,840,87.0,14
6717,840,88.5,7
6718,840,77.0,20
6719,840,76.0,19
6720,840,84.0,4
6721,840,79.0,15
6722,841,79.5,2
6723,841,83.0,17
6724,841,89.0,6
6725,841,85.0,18
6726,841,74.0,8
6727,841,70.0,15
6728,842,74.33,2
6729,842,74.0,17
6730,842,64.0,3
6731,842,86.0,7
6732,842,79.0,20
6733,842,71.0,12
6734,842,76.5,11
6735,842,81.0,15
6736,842,78.0,8
6737,842,88.0,18
6738,842,69.0,16
6739,843,82.25,2
6740,843,84.5,17
6741,843,72.5,16
6742,843,88.5,9
6743,843,90.5,20
6744,844,78.33,2
6745,844,92.0,17
6746,844,79.0,7
6747,844,77.0,16
6748,844,93.0,4
6749,844,81.0,11
6750,844,76.0,6
6751,844,89.0,18
6752,844,84.0,5
6753,844,80.0,19
6754,845,87.0,2
6755,845,83.0,17
6756,845,89.0,1
6757,845,77.0,18
6758,845,76.0,15
6759,845,84.0,13
6760,845,76.0,20
6761,846,79.0,2
6762,846,87.0,17
6763,846,90.0,15
6764,846,93.0,19
6765,846,80.0,3
6766,846,76.0,1
6767,846,80.0,11
6768,846,68.0,20
6769,846,87.0,4
6770,847,78.0,17
6771,847,84.5,2
6772,847,84.0,3
6773,847,75.0,20
6774,847,85.0,7
6775,847,76.0,11
6776,848,78.2,2
6777,848,82.0,17
6778,848,69.5,20
6779,848,88.0,8
6780,848,83.0,15
6781,848,72.0,12
6782,848,88.0,4
6783,848,85.0,3
6784,848,65.0,5
6785,849,83.75,2
6786,849,82.5,17
6787,849,79.0,10
6788,849,86.5,8
6789,849,77.0,1
6790,849,79.0,5
6791,849,81.0,20
6792,850,76.25,2
6793,850,79.0,17
6794,850,77.5,10
6795,850,78.0,20
6796,850,77.0,14
6797,850,88.0,4
6798,850,76.0,15
6799,850,82.0,13
6800,851,74.0,17
6801,851,85.75,2
6802,851,70.0,3
6803,851,76.0,7
6804,851,86.5,9
6805,851,78.0,20
6806,851,76.0,1
6807,851,79.0,18
6808,851,89.0,11
6809,851,81.0,14
6810,851,83.0,13
6811,852,83.2,2
6812,852,89.0,17
6813,852,74.0,5
6814,852,80.0,6
6815,852,93.0,13
6816,852,74.0,3
6817,852,77.0,4
6818,852,83.0,8
6819,852,68.0,9
6820,852,80.5,15
6821,853,80.5,2
6822,853,68.5,17
6823,853,92.0,14
6824,853,87.0,4
6825,853,74.5,7
6826,853,76.0,9
6827,853,76.0,10
6828,853,88.0,8
6829,854,80.75,2
6830,854,86.0,17
6831,854,75.5,10
6832,854,72.0,13
6833,854,84.0,3
6834,854,88.0,11
6835,854,73.0,15
6836,854,93.0,6
6837,854,72.0,9
6838,855,80.6,2
6839,855,78.0,17
6840,855,85.0,8
6841,855,74.0,1
6842,855,77.0,10
6843,855,79.0,7
6844,855,87.0,15
6845,855,70.0,18
6846,855,82.0,11
6847,856,82.0,2
6848,856,86.0,17
6849,856,70.0,14
6850,856,84.0,5
6851,856,70.0,16
6852,857,80.75,2
6853,857,81.0,17
6854,857,79.0,11
6855,857,78.5,1
6856,857,71.0,16
6857,857,81.0,7
6858,857,80.5,19
6859,857,67.0,3
6860,858,84.25,2
6861,858,81.0,17
6862,858,77.0,16
6863,858,93.5,6
6864,858,72.0,11
6865,858,83.0,18
6866,858,80.0,12
6867,858,72.0,4
6868,859,76.25,2
6869,859,76.0,17
6870,859,79.5,13
6871,859,85.0,20
6872,859,78.5,6
6873,859,73.0,4
6874,859,95.0,9
6875,859,73.0,15
6876,860,96.0,17
6877,860,77.2,2
6878,860,86.0,13
6879,860,92.0,14
6880,860,81.0,3
6881,860,87.0,10
6882,860,93.0,12
6883,861,87.5,2
6884,861,83.0,17
6885,861,77.0,7
6886,861,82.0,11
6887,861,81.0,15
6888,861,86.0,5
6889,861,71.0,4
6890,861,71.0,20
6891,861,69.0,18
6892,862,78.25,2
6893,862,69.0,17
6894,862,84.0,13
6895,862,81.5,19
6896,862,73.0,5
6897,862,77.0,7
6898,862,71.0,11
6899,862,79.0,20
6900,863,84.0,2
6901,863,80.0,17
6902,863,85.0,8
6903,863,85.0,4
6904,863,80.0,19
6905,863,86.0,15
6906,863,71.0,20
6907,863,84.0,11
6908,863,71.0,5
6909,863,81.0,12
6910,864,81.5,2
6911,864,77.0,17
6912,864,69.5,19
6913,864,82.0,5
6914,864,80.5,6
6915,864,78.0,16
6916,864,70.0,11
6917,864,63.0,14
6918,864,95.0,4
6919,865,81.5,2
6920,865,80.0,17
6921,865,91.0,11
6922,865,81.0,12
6923,865,90.0,20
6924,865,83.0,15
6925,865,80.0,4
6926,865,84.0,1
6927,865,76.0,5
6928,866,91.0,17
6929,866,78.5,2
6930,866,81.0,3
6931,866,88.0,14
6932,866,69.0,19
6933,866,76.0,4
6934,866,70.0,20
6935,866,78.0,13
6936,866,65.0,7
6937,867,78.25,2
6938,867,73.0,17
6939,867,76.5,16
6940,867,88.0,18
6941,867,81.0,5
6942,867,84.0,12
6943,867,89.0,20
6944,867,84.0,4
6945,867,81.0,15
6946,868,81.75,2
6947,868,91.0,17
6948,868,83.0,18
6949,868,74.0,20
6950,868,81.0,14
6951,868,91.0,19
6952,868,78.0,5
6953,868,88.0,4
6954,868,81.0,10
6955,869,81.25,2
6956,869,78.5,17
6957,869,75.0,20
6958,869,87.0,18
6959,869,82.0,4
6960,869,77.0,15
6961,870,74.25,2
6962,870,79.0,17
6963,870,77.0,11
6964,870,89.0,7
6965,870,85.0,1
6966,870,90.0,13
6967,870,70.0,18
6968,870,76.0,15
6969,871,79.25,2
6970,871,70.0,17
6971,871,84.0,20
6972,871,78.0,15
6973,871,92.0,11
6974,871,87.0,13
6975,871,76.0,9
6976,872,76.2,2
6977,872,71.0,17
6978,872,87.0,12
6979,872,79.0,9
6980,872,76.0,13
6981,872,75.0,18
6982,872,87.0,11
6983,872,75.0,8
6984,873,74.0,2
6985,873,81.33,17
6986,873,66.0,19
6987,873,73.0,13
6988,873,93.0,8
6989,873,73.0,4
6990,874,76.5,2
6991,874,81.0,17
6992,874,88.0,16
6993,874,74.0,14
6994,874,87.0,20
6995,874,78.5,1
6996,874,64.0,19
6997,874,91.0,4
6998,875,81.0,2
6999,875,86.0,17
7000,875,86.0,20
7001,875,74.5,1
7002,875,82.0,12
7003,875,86.0,18
7004,875,82.0,13
7005,875,85.0,19
7006,876,77.0,17
7007,876,73.5,2
7008,876,83.0,10
7009,876,80.0,11
7010,876,78.0,1
7011,876,80.0,20
7012,876,82.5,5
7013,876,76.0,8
7014,877,83.5,2
7015,877,79.0,17
7016,877,77.0,20
7017,877,70.0,11
7018,877,79.5,5
7019,877,95.0,9
7020,877,86.0,14
7021,877,87.0,19
7022,878,84.5,17
7023,878,87.75,2
7024,878,79.33,16
7025,878,76.0,20
7026,878,81.0,6
7027,878,89.0,10
7028,878,84.0,3
7029,878,72.0,11
7030,879,74.4,2
7031,879,77.0,17
7032,879,87.0,19
7033,879,86.0,1
7034,879,77.0,16
7035,879,88.0,7
7036,879,82.0,18
7037,879,84.0,10
7038,879,79.0,6
7039,880,78.0,2
7040,880,91.0,17
7041,880,79.0,20
7042,880,80.0,16
7043,880,82.5,9
7044,880,87.0,12
7045,880,73.0,15
7046,880,66.0,3
7047,880,71.0,4
7048,880,84.0,8
7049,881,81.0,17
7050,881,75.0,2
7051,881,77.0,3
7052,881,82.0,16
7053,881,67.0,9
7054,881,88.5,4
7055,881,87.0,20
7056,882,77.75,2
7057,882,91.0,17
7058,882,82.0,7
7059,882,74.0,4
7060,882,77.0,3
7061,882,80.0,12
7062,883,80.25,2
7063,883,90.0,17
7064,883,84.0,20
7065,883,75.0,11
7066,883,74.0,5
7067,883,72.0,8
7068,883,82.0,14
7069,884,88.0,17
7070,884,80.0,2
7071,884,77.0,12
7072,884,84.5,15
7073,884,77.0,16
7074,884,80.0,4
7075,885,69.0,17
7076,885,80.25,2
7077,885,78.0,8
7078,885,91.0,1
7079,885,80.0,14
7080,885,77.0,3
7081,885,79.0,16
7082,885,73.5,13
7083,885,85.5,5
7084,886,85.0,17
7085,886,80.25,2
7086,886,85.0,19
7087,886,80.0,18
7088,886,85.5,3
7089,886,81.5,16
7090,886,70.0,12
7091,886,69.0,15
7092,886,67.0,6
7093,887,77.25,2
7094,887,72.0,17
7095,887,72.5,14
7096,887,81.0,12
7097,887,82.0,11
7098,887,85.0,10
7099,888,67.0,17
7100,888,80.25,2
7101,888,73.0,7
7102,888,77.0,19
7103,888,75.0,3
7104,888,78.0,1
7105,888,71.5,14
7106,888,85.0,12
7107,889,75.75,2
7108,889,72.0,17
7109,889,79.0,18
7110,889,87.0,10
7111,889,90.0,14
7112,889,79.5,20
7113,889,77.0,11
7114,889,83.0,12
7115,889,84.0,15
7116,890,79.0,17
7117,890,80.0,2
7118,890,70.0,1
7119,890,72.5,11
7120,890,87.0,9
7121,890,75.0,19
7122,890,71.0,3
7123,890,75.0,14
7124,890,90.0,15
7125,891,79.4,2
7126,891,70.5,17
7127,891,73.0,5
7128,891,74.0,14
7129,891,90.0,11
7130,891,70.0,1
7131,891,87.0,18
7132,891,66.0,12
7133,891,76.0,8
7134,891,85.0,19
7135,892,77.5,2
7136,892,83.5,17
7137,892,80.0,5
7138,892,75.0,9
7139,892,78.0,13
7140,892,93.0,7
7141,893,82.0,2
7142,893,68.0,17
7143,893,92.0,9
7144,893,89.0,1
7145,893,77.0,18
7146,893,75.5,4
7147,893,78.5,8
7148,894,81.0,2
7149,894,74.0,17
7150,894,81.0,11
7151,894,89.0,6
7152,894,74.0,8
7153,894,77.0,5
7154,895,78.6,2
7155,895,76.0,17
7156,895,92.0,12
7157,895,68.0,14
7158,895,81.0,4
7159,895,81.0,16
7160,895,88.0,10
7161,895,79.0,3
7162,895,76.0,11
7163,896,83.0,2
7164,896,87.0,17
7165,896,84.5,15
7166,896,68.0,6
7167,896,79.0,16
7168,896,77.0,20
7169,897,81.0,2
7170,897,83.0,17
7171,897,74.0,6
7172,897,76.0,15
7173,897,85.0,19
7174,897,74.0,16
7175,897,75.0,20
7176,897,78.0,7
7177,897,86.0,5
7178,897,65.0,10
7179,898,73.33,2
7180,898,89.0,17
7181,898,80.0,12
7182,898,75.0,8
7183,898,84.0,3
7184,898,76.0,7
7185,898,83.0,1
7186,899,79.0,17
7187,899,89.25,2
7188,899,69.0,12
7189,899,75.0,6
7190,899,77.0,8
7191,899,87.0,20
7192,899,93.0,16
7193,899,83.0,18
7194,900,78.5,2
7195,900,86.0,17
7196,900,78.0,5
7197,900,79.0,18
7198,900,81.0,12
7199,901,75.0,2
7200,901,79.0,17
7201,901,79.0,3
7202,901,80.0,1
7203,901,95.0,5
7204,901,63.0,14
7205,901,73.0,13
7206,901,76.0,12
7207,902,83.5,2
7208,902,81.0,17
7209,902,64.0,16
7210,902,76.5,8
7211,902,71.0,19
7212,902,85.0,4
7213,902,80.0,11
7214,902,79.0,6
7215,902,76.0,10
7216,903,82.75,2
7217,903,88.0,17
7218,903,72.0,4
7219,903,88.0,15
7220,903,75.0,12
7221,903,76.0,11
7222,903,83.0,3
7223,904,81.6,2
7224,904,88.0,17
7225,904,81.0,10
7226,904,68.0,9
7227,904,72.0,3
7228,904,71.0,1
7229,904,80.0,20
7230,904,78.0,15
7231,904,81.0,4
7232,904,74.0,14
7233,905,82.0,2
7234,905,93.0,17
7235,905,78.0,1
7236,905,74.0,5
7237,905,73.0,16
7238,905,79.0,19
7239,905,80.0,9
7240,906,81.4,2
7241,906,75.0,17
7242,906,79.5,5
7243,906,74.5,13
7244,906,86.0,7
7245,906,81.0,6
7246,906,87.0,11
7247,907,82.75,2
7248,907,80.0,17
7249,907,69.0,10
7250,907,81.0,5
7251,907,85.0,11
7252,907,66.0,9
7253,907,65.0,16
7254,907,80.0,4
7255,908,81.6,2
7256,908,81.0,17
7257,908,76.0,13
7258,908,85.0,11
7259,908,75.0,8
7260,909,85.25,2
7261,909,73.0,17
7262,909,78.0,9
7263,909,83.0,14
7264,909,90.0,10
7265,909,75.0,5
7266,909,75.0,16
7267,910,76.33,2
7268,910,81.5,17
7269,910,73.0,15
7270,910,83.5,9
7271,910,65.0,10
7272,910,66.0,13
7273,910,77.0,5
7274,911,78.0,2
7275,911,97.0,17
7276,911,86.0,19
7277,911,86.5,18
7278,911,78.0,12
7279,911,85.0,3
7280,911,87.0,10
7281,911,76.0,7
7282,911,80.0,5
7283,912,88.5,2
7284,912,80.0,17
7285,912,79.0,16
7286,912,80.5,10
7287,912,73.0,15
7288,912,76.0,7
7289,912,76.0,8
7290,912,79.0,19
7291,912,80.0,4
7292,912,69.0,20
7293,913,77.75,2
7294,913,75.0,17
7295,913,87.0,11
7296,913,78.0,16
7297,913,76.0,19
7298,913,85.5,18
7299,913,70.0,14
7300,914,80.75,2
7301,914,75.0,17
7302,914,82.0,12
7303,914,88.5,3
7304,914,82.0,1
7305,914,77.0,4
7306,914,76.0,6
7307,914,79.0,15
7308,914,70.0,7
7309,914,79.0,13
7310,915,73.25,2
7311,915,77.0,17
7312,915,83.0,19
7313,915,69.0,12
7314,915,83.0,7
7315,915,70.0,3
7316,915,81.0,9
7317,915,80.0,18
7318,915,80.0,5
7319,916,75.75,2
7320,916,86.5,17
7321,916,79.0,6
7322,916,84.0,10
7323,916,70.0,9
7324,916,92.0,14
7325,916,81.0,18
7326,916,85.0,20
7327,917,82.75,2
7328,917,90.0,17
7329,917,72.0,19
7330,917,75.0,5
7331,917,88.0,15
7332,917,76.0,1
7333,917,81.0,12
7334,918,73.0,17
7335,918,77.5,2
7336,918,77.0,3
7337,918,83.5,10
7338,918,81.0,1
7339,918,74.0,6
7340,918,87.0,7
7341,919,70.0,17
7342,919,81.5,2
7343,919,90.0,13
7344,919,78.0,16
7345,919,74.0,4
7346,919,83.0,1
7347,919,84.0,14
7348,919,63.0,9
7349,919,85.0,5
7350,919,81.0,15
7351,920,83.5,17
7352,920,80.5,2
7353,920,80.0,14
7354,920,68.0,20
7355,920,83.0,6
7356,920,61.0,1
7357,920,78.0,7
7358,920,83.0,12
7359,920,71.0,4
7360,920,77.0,8
7361,921,79.25,2
7362,921,66.0,17
7363,921,92.0,10
7364,921,82.5,11
7365,921,76.0,16
7366,921,85.0,12
7367,921,82.0,20
7368,922,78.5,2
7369,922,69.0,17
7370,922,77.0,15
7371,922,89.0,3
7372,922,73.0,5
7373,922,75.0,7
7374,922,90.0,14
7375,922,75.0,16
7376,923,74.5,17
7377,923,78.75,2
7378,923,89.0,10
7379,923,78.0,11
7380,923,80.0,7
7381,923,86.0,1
7382,923,86.0,9
7383,923,83.0,12
7384,924,77.5,2
7385,924,89.0,17
7386,924,77.0,1
7387,924,71.0,13
7388,924,78.0,11
7389,924,62.0,18
7390,924,86.0,5
7391,924,88.0,7
7392,925,82.0,2
7393,925,78.0,17
7394,925,89.0,6
7395,925,77.0,11
7396,925,78.5,14
7397,925,83.0,13
7398,926,82.6,2
7399,926,83.0,18
7400,926,80.0,12
7401,926,88.0,10
7402,926,91.0,8
7403,926,86.0,20
7404,926,76.0,16
7405,927,70.0,17
7406,927,77.2,2
7407,927,71.0,18
7408,927,80.0,11
7409,927,70.0,12
7410,927,88.0,1
7411,927,95.0,16
7412,927,80.0,3
7413,928,78.67,17
7414,928,82.5,2
7415,928,89.0,6
7416,928,76.0,18
7417,928,67.0,4
7418,928,90.0,15
7419,928,66.0,19
7420,929,80.25,2
7421,929,83.5,17
7422,929,79.5,15
7423,929,67.0,13
7424,929,80.0,14
7425,929,85.0,6
7426,929,80.0,1
7427,929,89.0,5
7428,930,84.0,2
7429,930,83.0,17
7430,930,75.0,13
7431,930,72.0,19
7432,930,91.0,3
7433,930,70.0,16
7434,930,80.0,11
7435,930,87.0,10
7436,930,76.0,12
7437,930,89.0,15
7438,930,72.0,8
7439,930,82.0,18
7440,931,80.25,2
7441,931,82.0,17
7442,931,90.0,11
7443,931,79.0,9
7444,931,78.0,13
7445,931,81.5,8
7446,932,75.5,2
7447,932,98.0,17
7448,932,91.0,1
7449,932,74.0,14
7450,932,65.0,3
7451,932,85.0,6
7452,932,73.0,9
7453,933,78.25,2
7454,933,79.0,17
7455,933,71.5,13
7456,933,73.5,19
7457,933,80.0,16
7458,933,91.0,6
7459,933,70.0,12
7460,933,81.0,18
7461,933,81.0,11
7462,934,80.0,2
7463,934,84.0,17
7464,934,69.0,13
7465,934,92.0,1
7466,934,74.0,11
7467,934,78.0,12
7468,934,89.0,20
7469,934,75.0,15
7470,934,82.0,7
7471,935,87.25,2
7472,935,82.0,17
7473,935,95.0,18
7474,935,83.0,19
7475,935,70.0,4
7476,935,65.0,10
7477,935,65.0,9
7478,935,70.0,7
7479,935,94.0,12
7480,935,79.0,20
7481,936,79.5,2
7482,936,78.0,17
7483,936,85.0,8
7484,936,64.0,13
7485,936,78.0,15
7486,936,93.0,14
7487,936,77.0,6
7488,936,87.0,4
7489,937,82.75,2
7490,937,86.0,17
7491,937,80.0,9
7492,937,78.0,3
7493,937,82.0,20
7494,937,76.5,4
7495,937,81.0,14
7496,938,77.33,2
7497,938,74.0,17
7498,938,85.0,11
7499,938,68.0,18
7500,938,77.0,16
7501,938,71.0,15
7502,938,73.0,1
7503,938,75.0,19
7504,938,89.0,14
7505,939,75.25,2
7506,939,75.0,17
7507,939,77.5,3
7508,939,93.0,13
7509,939,67.0,18
7510,939,80.0,7
7511,939,88.0,4
7512,939,64.0,16
7513,939,79.0,6
7514,939,68.0,20
7515,940,86.75,2
7516,940,70.0,17
7517,940,80.0,6
7518,940,93.0,3
7519,940,91.0,9
7520,940,83.0,16
7521,940,92.0,7
7522,940,86.0,11
7523,941,85.25,2
7524,941,80.5,17
7525,941,80.0,8
7526,941,73.5,13
7527,941,81.0,18
7528,941,88.0,14
7529,941,79.0,6
7530,941,77.0,20
7531,942,83.5,2
7532,942,78.0,17
7533,942,76.0,7
7534,942,88.0,4
7535,942,84.0,12
7536,942,69.0,3
7537,942,86.0,9
7538,942,86.0,8
7539,943,76.0,17
7540,943,75.75,2
7541,943,82.0,7
7542,943,90.0,19
7543,943,71.0,20
7544,943,77.0,10
7545,943,82.0,16
7546,943,82.5,6
7547,943,91.0,18
7548,943,93.0,5
7549,944,80.0,17
7550,944,78.5,2
7551,944,79.0,18
7552,944,68.0,6
7553,944,72.0,7
7554,944,74.0,5
7555,945,85.33,2
7556,945,82.0,17
7557,945,85.0,15
7558,945,82.0,13
7559,945,73.0,3
7560,945,79.0,9
7561,945,84.0,10
7562,945,83.0,16
7563,945,85.0,7
7564,945,86.0,18
7565,946,85.67,2
7566,946,84.5,17
7567,946,77.0,14
7568,946,71.0,13
7569,946,86.0,4
7570,946,72.0,16
7571,946,80.0,10
7572,946,87.0,1
7573,946,79.0,3
7574,946,80.0,8
7575,946,83.0,9
7576,947,79.5,2
7577,947,76.33,17
7578,947,68.0,10
7579,947,83.0,8
7580,947,70.5,16
7581,947,71.0,9
7582,948,78.8,2
7583,948,75.0,17
7584,948,80.0,5
7585,948,77.0,9
7586,948,76.0,3
7587,948,80.0,16
7588,949,83.25,2
7589,949,79.5,17
7590,949,79.0,14
7591,949,81.0,15
7592,949,83.0,18
7593,949,73.5,5
7594,949,87.0,9
7595,950,83.5,2
7596,950,83.0,17
7597,950,82.0,19
7598,950,79.5,9
7599,950,67.5,11
7600,950,85.0,16
7601,950,78.0,20
7602,950,70.0,5
7603,950,89.0,14
7604,951,88.0,17
7605,951,79.6,2
7606,951,89.0,20
7607,951,75.5,19
7608,951,79.5,5
7609,951,79.0,3
7610,951,82.0,18
7611,951,80.0,7
7612,951,70.0,6
7613,952,90.0,17
7614,952,87.25,2
7615,952,85.0,19
7616,952,77.0,15
7617,952,86.0,1
7618,952,73.0,14
7619,952,88.0,18
7620,953,85.25,2
7621,953,84.0,17
7622,953,80.0,18
7623,953,70.0,1
7624,953,90.0,15
7625,953,77.0,10
7626,953,73.0,4
7627,953,84.0,19
7628,953,82.0,8
7629,954,79.5,2
7630,954,95.0,17
7631,954,80.0,18
7632,954,92.0,16
7633,954,84.0,12
7634,954,74.0,11
7635,954,65.0,15
7636,954,82.0,3
7637,954,68.0,6
7638,954,79.0,9
7639,954,90.0,4
7640,955,78.6,2
7641,955,83.0,17
7642,955,75.5,12
7643,955,79.0,8
7644,955,70.0,6
7645,955,83.0,16
7646,955,73.0,20
7647,955,78.0,7
7648,956,81.75,2
7649,956,90.0,4
7650,956,81.0,8
7651,956,76.0,6
7652,956,82.0,19
7653,956,70.0,5
7654,956,79.0,18
7655,956,85.0,16
7656,957,78.67,2
7657,957,88.0,17
7658,957,83.0,4
7659,957,77.0,7
7660,957,89.0,6
7661,957,80.5,5
7662,957,75.0,14
7663,957,78.0,15
7664,957,79.0,3
7665,958,87.25,2
7666,958,78.5,17
7667,958,93.0,15
7668,958,88.0,5
7669,958,78.0,7
7670,958,82.0,1
7671,958,76.0,3
7672,958,78.0,14
7673,959,74.5,2
7674,959,72.0,17
7675,959,81.5,18
7676,959,71.0,10
7677,959,89.0,5
7678,959,75.0,8
7679,959,69.0,20
7680,960,80.25,2
7681,960,81.5,17
7682,960,91.0,14
7683,960,82.5,8
7684,960,79.0,20
7685,960,99.0,15
7686,960,86.0,18
7687,960,82.0,7
7688,961,82.25,2
7689,961,85.0,17
7690,961,80.0,12
7691,961,90.0,9
7692,961,64.0,3
7693,961,88.0,18
7694,961,72.0,10
7695,961,83.0,16
7696,961,82.0,20
7697,962,76.33,17
7698,962,86.0,2
7699,962,83.0,10
7700,962,68.0,7
7701,962,79.0,1
7702,963,77.75,2
7703,963,85.0,17
7704,963,69.0,9
7705,963,84.5,10
7706,963,72.0,19
7707,963,67.0,14
7708,964,82.75,2
7709,964,80.0,17
7710,964,92.5,6
7711,964,84.0,5
7712,964,78.0,1
7713,964,76.0,4
7714,964,88.0,12
7715,964,77.0,19
7716,964,72.0,7
7717,965,82.25,2
7718,965,76.0,17
7719,965,87.0,6
7720,965,68.0,7
7721,965,73.0,18
7722,965,76.0,12
7723,965,86.0,20
7724,966,77.4,2
7725,966,72.0,17
7726,966,84.0,1
7727,966,85.0,5
7728,966,91.0,6
7729,966,87.0,3
7730,967,76.75,2
7731,967,77.0,17
7732,967,66.0,6
7733,967,67.0,4
7734,967,75.0,1
7735,967,80.0,9
7736,967,88.0,18
7737,968,84.4,2
7738,968,85.0,17
7739,968,84.0,10
7740,968,83.0,5
7741,968,78.0,6
7742,968,83.0,15
7743,968,86.0,13
7744,968,83.0,7
7745,968,76.0,19
7746,968,77.0,8
7747,969,75.0,2
7748,969,82.0,17
7749,969,75.0,11
7750,969,85.0,14
7751,969,79.0,16
7752,969,88.0,15
7753,969,92.0,5
7754,969,85.0,1
7755,969,70.0,4
7756,970,84.25,2
7757,970,76.0,17
7758,970,80.5,18
7759,970,78.0,4
7760,970,71.0,6
7761,970,82.0,5
7762,970,90.0,3
7763,971,74.0,17
7764,971,80.75,2
7765,971,85.0,5
7766,971,64.0,16
7767,971,86.0,7
7768,971,67.0,10
7769,971,84.0,9
7770,971,84.0,19
7771,971,79.0,6
7772,972,66.0,17
7773,972,80.0,2
7774,972,81.0,20
7775,972,75.0,14
7776,972,81.0,1
7777,972,81.0,9
7778,972,86.0,4
7779,972,90.0,12
7780,972,72.0,8
7781,973,78.6,2
7782,973,93.0,17
7783,973,84.0,13
7784,973,85.0,19
7785,973,76.0,12
7786,973,85.0,14
7787,973,82.0,7
7788,973,75.0,8
7789,974,78.5,2
7790,974,70.0,17
7791,974,84.33,5
7792,974,72.0,7
7793,974,88.0,14
7794,974,78.0,13
7795,974,85.0,3
7796,975,79.75,2
7797,975,78.0,17
7798,975,79.0,19
7799,975,84.0,4
7800,975,78.0,20
7801,975,89.0,15
7802,975,78.0,14
7803,975,78.0,12
7804,975,66.0,10
7805,976,73.75,2
7806,976,83.5,17
7807,976,84.0,12
7808,976,74.0,14
7809,976,85.5,9
7810,976,84.0,7
7811,976,80.5,8
7812,976,81.0,6
7813,977,82.0,2
7814,977,85.0,17
7815,977,75.0,15
7816,977,78.0,20
7817,977,73.0,13
7818,977,85.0,9
7819,977,77.0,8
7820,977,80.0,19
7821,978,80.25,2
7822,978,72.0,17
7823,978,72.0,15
7824,978,76.0,14
7825,978,91.0,5
7826,978,77.0,11
7827,978,81.0,18
7828,978,69.0,7
7829,978,81.0,19
7830,979,84.0,2
7831,979,90.0,17
7832,979,83.0,18
7833,979,92.0,1
7834,979,89.0,13
7835,979,80.0,14
7836,979,72.0,6
7837,979,80.0,15
7838,980,74.0,2
7839,980,89.0,17
7840,980,80.0,5
7841,980,67.0,4
7842,980,80.0,13
7843,980,87.0,8
7844,980,92.0,6
7845,980,79.0,16
7846,980,73.0,3
7847,981,80.5,2
7848,981,77.5,17
7849,981,79.0,5
7850,981,86.0,6
7851,981,73.0,15
7852,981,71.0,13
7853,981,85.0,18
7854,981,81.5,8
7855,982,77.75,2
7856,982,81.0,17
7857,982,81.0,5
7858,982,77.0,3
7859,982,89.5,11
7860,982,70.0,7
7861,982,78.0,1
7862,982,77.0,15
7863,983,78.5,2
7864,983,90.0,17
7865,983,91.0,11
7866,983,85.0,19
7867,983,79.0,7
7868,983,76.0,10
7869,983,95.0,15
7870,983,82.0,13
7871,984,81.25,2
7872,984,85.0,17
7873,984,82.0,10
7874,984,81.5,19
7875,984,82.0,20
7876,984,76.0,1
7877,984,73.0,9
7878,984,90.0,18
7879,984,77.0,4
7880,985,75.0,2
7881,985,87.0,17
7882,985,75.0,20
7883,985,81.0,6
7884,985,79.0,16
7885,985,73.0,11
7886,985,90.0,4
7887,985,64.0,18
7888,986,77.5,2
7889,986,82.0,17
7890,986,88.0,14
7891,986,85.0,12
7892,986,85.0,20
7893,986,90.0,15
7894,986,66.0,6
7895,986,85.0,1
7896,987,77.5,2
7897,987,74.0,17
7898,987,84.5,11
7899,987,74.5,15
7900,987,78.0,10
7901,987,78.0,13
7902,987,83.0,19
7903,988,88.75,2
7904,988,84.0,17
7905,988,88.0,7
7906,988,69.0,9
7907,988,81.5,13
7908,988,82.0,5
7909,988,76.0,18
7910,988,92.0,1
7911,988,64.0,15
7912,988,85.0,12
7913,989,83.0,17
7914,989,80.25,2
7915,989,63.0,10
7916,989,77.0,14
7917,989,79.0,6
7918,989,82.0,4
7919,989,82.0,19
7920,989,79.5,15
7921,989,75.0,7
7922,990,79.25,2
7923,990,84.0,17
7924,990,75.0,5
7925,990,83.0,10
7926,990,85.0,7
7927,990,81.0,18
7928,990,88.0,8
7929,991,78.75,2
7930,991,80.5,17
7931,991,81.0,11
7932,991,81.0,9
7933,991,66.0,15
7934,991,77.0,19
7935,991,74.0,12
7936,992,75.2,2
7937,992,83.0,17
7938,992,76.0,14
7939,992,81.0,1
7940,992,80.0,19
7941,992,74.0,13
7942,992,84.0,20
7943,993,78.6,2
7944,993,80.5,17
7945,993,91.0,20
7946,993,75.0,10
7947,993,87.0,11
7948,993,78.0,19
7949,993,84.0,8
7950,994,81.5,2
7951,994,76.0,17
7952,994,77.0,5
7953,994,87.0,7
7954,994,90.0,6
7955,994,61.0,15
7956,994,72.0,14
7957,994,87.0,8
7958,994,82.0,4
7959,995,81.33,17
7960,995,83.75,2
7961,995,74.5,9
7962,995,82.0,18
7963,995,77.5,1
7964,995,91.0,14
7965,996,81.33,2
7966,996,83.5,17
7967,996,76.0,5
7968,996,77.5,9
7969,996,75.0,13
7970,996,83.0,8
7971,996,97.0,4
7972,996,79.0,18
7973,996,76.0,6
7974,996,71.0,10
7975,996,81.0,3
7976,997,86.0,2
7977,997,84.67,7
7978,997,89.5,1
7979,997,84.0,6
7980,997,69.0,4
7981,997,65.0,20
7982,997,85.0,10
7983,998,90.5,17
7984,998,77.0,2
7985,998,75.0,11
7986,998,91.0,3
7987,998,86.0,10
7988,998,82.0,16
7989,999,77.0,2
7990,999,83.0,17
7991,999,79.5,8
7992,999,82.0,15
7993,999,85.0,10
7994,999,88.0,4
7995,999,69.0,20
7996,999,86.0,5
7997,999,75.0,7
7998,999,67.0,16
7999,999,73.0,12
8000,1000,77.5,17
8001,1000,87.0,2
8002,1000,74.0,7
8003,1000,86.0,12
8004,1000,86.0,13
8005,1000,86.0,3
8006,1000,84.0,20
8007,1000,86.0,19
8008,1000,91.0,1
8009,1000,87.0,9
8010,1000,73.0,18
8011,3,0.0,1
8013,2,0.0,6
8012,2,97.0,3
