id,user_id,course_id,progress,assignment_date,quiz_score,engagement_score,assignment_grade
1,1,20,100,2024-10-21 05:27:58.294000,95.0,94,90
2,1,166,100,2024-10-21 05:27:58.294000,81.0,91,74
3,1,13,100,2024-10-21 05:27:58.294000,71.0,89,62
4,1,12,100,2024-10-21 05:27:58.294000,71.0,78,69
5,1,17,100,2024-10-21 05:27:58.294000,98.0,90,71
6,1,103,100,2024-10-21 05:27:58.294000,76.0,84,97
7,1,165,100,2024-10-21 05:27:58.294000,62.0,54,68
8,1,180,100,2024-10-21 05:27:58.294000,67.0,87,72
9,1,21,100,2024-10-21 05:27:58.294000,82.0,63,65
10,1,134,100,2024-10-21 05:27:58.294000,65.0,94,65
11,1,119,100,2024-10-21 05:27:58.294000,85.0,52,93
12,2,13,100,2024-10-21 05:27:58.294000,81.0,81,75
13,2,20,100,2024-10-21 05:27:58.294000,99.0,83,89
14,2,17,100,2024-10-21 05:27:58.294000,84.0,65,85
15,2,12,100,2024-10-21 05:27:58.294000,75.0,83,64
16,2,166,100,2024-10-21 05:27:58.294000,50.0,85,73
17,2,143,100,2024-10-21 05:27:58.294000,60.0,100,71
18,2,11,100,2024-10-21 05:27:58.294000,79.0,54,72
19,2,38,100,2024-10-21 05:27:58.294000,57.0,57,100
20,2,183,100,2024-10-21 05:27:58.294000,80.0,54,67
21,2,87,100,2024-10-21 05:27:58.294000,82.0,97,83
22,2,66,100,2024-10-21 05:27:58.295000,66.0,94,92
23,2,160,100,2024-10-21 05:27:58.295000,61.0,57,80
24,2,122,100,2024-10-21 05:27:58.295000,75.0,94,59
25,3,20,100,2024-10-21 05:27:58.295000,81.0,81,89
26,3,17,100,2024-10-21 05:27:58.295000,96.0,68,91
27,3,166,100,2024-10-21 05:27:58.295000,83.0,68,71
28,3,13,100,2024-10-21 05:27:58.295000,99.0,80,77
29,3,28,100,2024-10-21 05:27:58.295000,100.0,71,95
30,3,132,100,2024-10-21 05:27:58.295000,64.0,73,59
31,3,77,100,2024-10-21 05:27:58.295000,94.0,86,77
32,3,33,100,2024-10-21 05:27:58.295000,81.0,91,76
33,3,129,100,2024-10-21 05:27:58.295000,88.0,98,91
34,3,23,100,2024-10-21 05:27:58.295000,91.0,98,81
35,4,166,100,2024-10-21 05:27:58.295000,90.0,83,53
36,4,13,100,2024-10-21 05:27:58.295000,97.0,66,72
37,4,17,100,2024-10-21 05:27:58.295000,90.0,73,78
38,4,12,100,2024-10-21 05:27:58.295000,90.0,59,55
39,4,119,100,2024-10-21 05:27:58.295000,83.0,87,73
40,4,182,100,2024-10-21 05:27:58.295000,79.0,57,78
41,4,156,100,2024-10-21 05:27:58.295000,81.0,79,91
42,4,19,100,2024-10-21 05:27:58.295000,55.0,58,73
43,4,3,100,2024-10-21 05:27:58.295000,96.0,53,100
44,4,126,100,2024-10-21 05:27:58.295000,53.0,55,83
45,5,20,100,2024-10-21 05:27:58.295000,65.0,57,86
46,5,13,100,2024-10-21 05:27:58.295000,68.0,86,68
47,5,17,100,2024-10-21 05:27:58.295000,70.0,89,62
48,5,166,100,2024-10-21 05:27:58.295000,75.0,64,65
49,5,12,100,2024-10-21 05:27:58.295000,68.0,61,93
50,5,19,100,2024-10-21 05:27:58.295000,82.0,94,75
51,5,25,100,2024-10-21 05:27:58.295000,74.0,87,93
52,5,156,100,2024-10-21 05:27:58.295000,52.0,75,100
53,5,14,100,2024-10-21 05:27:58.295000,73.0,81,73
54,5,155,100,2024-10-21 05:27:58.295000,60.0,77,92
55,5,110,100,2024-10-21 05:27:58.295000,83.0,83,60
56,5,135,100,2024-10-21 05:27:58.295000,89.0,99,68
57,6,13,100,2024-10-21 05:27:58.295000,65.0,59,85
58,6,12,100,2024-10-21 05:27:58.295000,80.0,68,99
59,6,17,100,2024-10-21 05:27:58.295000,53.0,92,58
60,6,166,100,2024-10-21 05:27:58.295000,74.0,54,60
61,6,39,100,2024-10-21 05:27:58.295000,69.0,92,95
62,6,128,100,2024-10-21 05:27:58.295000,86.0,65,92
63,6,63,100,2024-10-21 05:27:58.295000,56.0,50,89
64,6,170,100,2024-10-21 05:27:58.295000,99.0,86,86
65,6,8,100,2024-10-21 05:27:58.295000,94.0,68,85
66,6,75,100,2024-10-21 05:27:58.295000,92.0,64,90
67,6,53,100,2024-10-21 05:27:58.295000,77.0,60,85
68,6,112,100,2024-10-21 05:27:58.295000,75.0,99,63
69,6,6,100,2024-10-21 05:27:58.295000,93.0,62,83
70,7,12,100,2024-10-21 05:27:58.295000,85.0,99,80
71,7,13,100,2024-10-21 05:27:58.295000,64.0,87,82
72,7,20,100,2024-10-21 05:27:58.295000,59.0,74,72
73,7,17,100,2024-10-21 05:27:58.295000,59.0,88,85
74,7,166,100,2024-10-21 05:27:58.295000,87.0,54,98
75,7,21,100,2024-10-21 05:27:58.295000,81.0,90,57
76,7,173,100,2024-10-21 05:27:58.295000,92.0,63,59
77,7,102,100,2024-10-21 05:27:58.295000,57.0,81,92
78,7,68,100,2024-10-21 05:27:58.295000,55.0,82,71
79,7,162,100,2024-10-21 05:27:58.295000,56.0,74,68
80,7,63,100,2024-10-21 05:27:58.295000,94.0,54,80
81,7,116,100,2024-10-21 05:27:58.295000,67.0,81,94
82,7,119,100,2024-10-21 05:27:58.295000,78.0,56,53
83,8,17,100,2024-10-21 05:27:58.295000,73.0,95,87
84,8,166,100,2024-10-21 05:27:58.295000,85.0,82,61
85,8,12,100,2024-10-21 05:27:58.295000,73.0,64,85
86,8,13,100,2024-10-21 05:27:58.295000,65.0,59,51
87,8,20,100,2024-10-21 05:27:58.295000,52.0,88,72
88,8,74,100,2024-10-21 05:27:58.295000,93.0,74,89
89,8,93,100,2024-10-21 05:27:58.295000,74.0,64,96
90,8,199,100,2024-10-21 05:27:58.295000,87.0,60,65
91,8,106,100,2024-10-21 05:27:58.295000,76.0,70,86
92,8,176,100,2024-10-21 05:27:58.295000,70.0,86,94
93,8,50,100,2024-10-21 05:27:58.295000,82.0,72,65
94,8,2,100,2024-10-21 05:27:58.295000,91.0,90,63
95,9,166,100,2024-10-21 05:27:58.295000,94.0,56,78
96,9,20,100,2024-10-21 05:27:58.295000,59.0,53,79
97,9,13,100,2024-10-21 05:27:58.295000,98.0,73,70
98,9,17,100,2024-10-21 05:27:58.295000,84.0,98,78
99,9,12,100,2024-10-21 05:27:58.295000,98.0,86,82
100,9,163,100,2024-10-21 05:27:58.295000,90.0,72,74
101,9,176,100,2024-10-21 05:27:58.295000,71.0,76,59
102,9,82,100,2024-10-21 05:27:58.295000,51.0,78,73
103,9,153,100,2024-10-21 05:27:58.295000,100.0,50,71
104,9,187,100,2024-10-21 05:27:58.295000,51.0,93,53
105,9,125,100,2024-10-21 05:27:58.295000,71.0,72,59
106,9,4,100,2024-10-21 05:27:58.295000,91.0,89,93
107,9,121,100,2024-10-21 05:27:58.295000,60.0,73,60
108,10,13,100,2024-10-21 05:27:58.295000,76.0,82,77
109,10,20,100,2024-10-21 05:27:58.295000,72.0,69,56
110,10,17,100,2024-10-21 05:27:58.295000,66.0,80,89
111,10,166,100,2024-10-21 05:27:58.295000,80.0,63,53
112,10,12,100,2024-10-21 05:27:58.295000,72.0,83,94
113,10,87,100,2024-10-21 05:27:58.295000,93.0,79,71
114,10,32,100,2024-10-21 05:27:58.295000,50.0,92,86
115,10,128,100,2024-10-21 05:27:58.295000,92.0,56,55
116,10,24,100,2024-10-21 05:27:58.295000,72.0,81,59
117,10,148,100,2024-10-21 05:27:58.295000,95.0,99,75
118,10,90,100,2024-10-21 05:27:58.295000,67.0,68,76
119,10,73,100,2024-10-21 05:27:58.295000,50.0,58,82
120,10,82,100,2024-10-21 05:27:58.295000,58.0,84,87
121,10,172,100,2024-10-21 05:27:58.295000,62.0,91,53
122,11,20,100,2024-10-21 05:27:58.295000,63.0,81,61
123,11,12,100,2024-10-21 05:27:58.295000,84.0,94,86
124,11,166,100,2024-10-21 05:27:58.295000,50.0,100,81
125,11,13,100,2024-10-21 05:27:58.295000,89.0,78,59
126,11,17,100,2024-10-21 05:27:58.295000,57.0,97,52
127,11,105,100,2024-10-21 05:27:58.295000,90.0,98,62
128,11,7,100,2024-10-21 05:27:58.295000,69.0,84,82
129,11,9,100,2024-10-21 05:27:58.295000,74.0,67,80
130,11,167,100,2024-10-21 05:27:58.295000,94.0,77,95
131,11,34,100,2024-10-21 05:27:58.295000,62.0,72,87
132,12,17,100,2024-10-21 05:27:58.295000,72.0,98,84
133,12,20,100,2024-10-21 05:27:58.295000,93.0,66,99
134,12,166,100,2024-10-21 05:27:58.295000,64.0,64,59
135,12,13,100,2024-10-21 05:27:58.295000,76.0,56,62
136,12,12,100,2024-10-21 05:27:58.295000,71.0,92,81
137,12,5,100,2024-10-21 05:27:58.295000,86.0,80,92
138,12,56,100,2024-10-21 05:27:58.295000,88.0,82,67
139,12,109,100,2024-10-21 05:27:58.295000,61.0,88,98
140,12,75,100,2024-10-21 05:27:58.295000,92.0,62,59
141,12,195,100,2024-10-21 05:27:58.295000,71.0,50,54
142,12,89,100,2024-10-21 05:27:58.295000,79.0,98,83
143,12,188,100,2024-10-21 05:27:58.295000,51.0,95,56
144,12,39,100,2024-10-21 05:27:58.295000,93.0,81,88
145,12,156,100,2024-10-21 05:27:58.295000,52.0,89,94
146,12,175,100,2024-10-21 05:27:58.295000,78.0,69,97
147,13,166,100,2024-10-21 05:27:58.295000,86.0,54,88
148,13,20,100,2024-10-21 05:27:58.295000,87.0,65,51
149,13,13,100,2024-10-21 05:27:58.295000,62.0,79,73
150,13,12,100,2024-10-21 05:27:58.295000,75.0,67,100
151,13,17,100,2024-10-21 05:27:58.295000,82.0,95,61
152,13,73,100,2024-10-21 05:27:58.295000,87.0,54,59
153,13,21,100,2024-10-21 05:27:58.295000,66.0,94,85
154,13,56,100,2024-10-21 05:27:58.295000,93.0,58,59
155,13,76,100,2024-10-21 05:27:58.295000,67.0,80,86
156,13,75,100,2024-10-21 05:27:58.295000,62.0,52,74
157,14,17,100,2024-10-21 05:27:58.295000,67.0,65,98
158,14,13,100,2024-10-21 05:27:58.295000,61.0,56,89
159,14,166,100,2024-10-21 05:27:58.295000,98.0,75,71
160,14,20,100,2024-10-21 05:27:58.295000,58.0,93,82
161,14,12,100,2024-10-21 05:27:58.295000,98.0,90,54
162,14,135,100,2024-10-21 05:27:58.295000,54.0,82,95
163,14,31,100,2024-10-21 05:27:58.295000,53.0,84,77
164,14,10,100,2024-10-21 05:27:58.295000,93.0,79,67
165,14,5,100,2024-10-21 05:27:58.295000,60.0,55,56
166,14,157,100,2024-10-21 05:27:58.295000,99.0,59,70
167,14,112,100,2024-10-21 05:27:58.295000,55.0,87,51
168,14,3,100,2024-10-21 05:27:58.295000,55.0,54,67
169,15,166,100,2024-10-21 05:27:58.296000,95.0,77,96
170,15,13,100,2024-10-21 05:27:58.296000,60.0,75,70
171,15,20,100,2024-10-21 05:27:58.296000,98.0,59,58
172,15,12,100,2024-10-21 05:27:58.296000,79.0,60,55
173,15,17,100,2024-10-21 05:27:58.296000,92.0,85,61
174,15,48,100,2024-10-21 05:27:58.296000,80.0,74,82
175,15,155,100,2024-10-21 05:27:58.296000,82.0,53,51
176,15,125,100,2024-10-21 05:27:58.296000,98.0,88,67
177,15,160,100,2024-10-21 05:27:58.296000,91.0,52,68
178,15,100,100,2024-10-21 05:27:58.296000,78.0,73,64
179,15,96,100,2024-10-21 05:27:58.296000,64.0,97,53
180,16,12,100,2024-10-21 05:27:58.296000,58.0,71,83
181,16,20,100,2024-10-21 05:27:58.296000,86.0,88,88
182,16,13,100,2024-10-21 05:27:58.296000,94.0,81,71
183,16,166,100,2024-10-21 05:27:58.296000,61.0,85,76
184,16,17,100,2024-10-21 05:27:58.296000,83.0,58,67
185,16,82,100,2024-10-21 05:27:58.296000,59.0,82,52
186,16,165,100,2024-10-21 05:27:58.296000,91.0,97,84
187,16,97,100,2024-10-21 05:27:58.296000,85.0,70,79
188,16,191,100,2024-10-21 05:27:58.296000,85.0,57,78
189,16,173,100,2024-10-21 05:27:58.296000,95.0,58,77
190,16,188,100,2024-10-21 05:27:58.296000,74.0,79,58
191,16,136,100,2024-10-21 05:27:58.296000,52.0,58,92
192,16,63,100,2024-10-21 05:27:58.296000,81.0,76,70
193,16,117,100,2024-10-21 05:27:58.296000,72.0,94,50
194,16,76,100,2024-10-21 05:27:58.296000,61.0,60,95
195,17,13,100,2024-10-21 05:27:58.296000,52.0,66,85
196,17,20,100,2024-10-21 05:27:58.296000,100.0,98,81
197,17,166,100,2024-10-21 05:27:58.296000,55.0,70,82
198,17,17,100,2024-10-21 05:27:58.296000,99.0,63,76
199,17,12,100,2024-10-21 05:27:58.296000,95.0,95,82
200,17,92,100,2024-10-21 05:27:58.296000,70.0,79,54
201,17,179,100,2024-10-21 05:27:58.296000,53.0,64,76
202,17,41,100,2024-10-21 05:27:58.296000,85.0,65,55
203,17,117,100,2024-10-21 05:27:58.296000,95.0,82,93
204,17,8,100,2024-10-21 05:27:58.296000,59.0,58,80
205,17,197,100,2024-10-21 05:27:58.296000,78.0,83,72
206,17,186,100,2024-10-21 05:27:58.296000,50.0,94,63
207,18,166,100,2024-10-21 05:27:58.296000,70.0,57,83
208,18,12,100,2024-10-21 05:27:58.296000,64.0,57,75
209,18,13,100,2024-10-21 05:27:58.296000,57.0,87,52
210,18,17,100,2024-10-21 05:27:58.296000,95.0,59,58
211,18,20,100,2024-10-21 05:27:58.296000,94.0,51,94
212,18,92,100,2024-10-21 05:27:58.296000,58.0,87,98
213,18,161,100,2024-10-21 05:27:58.296000,92.0,90,79
214,18,81,100,2024-10-21 05:27:58.296000,91.0,63,87
215,18,187,100,2024-10-21 05:27:58.296000,67.0,99,70
216,18,93,100,2024-10-21 05:27:58.296000,71.0,68,86
217,18,198,100,2024-10-21 05:27:58.296000,87.0,92,61
218,18,46,100,2024-10-21 05:27:58.296000,50.0,56,69
219,18,7,100,2024-10-21 05:27:58.296000,70.0,87,86
220,18,35,100,2024-10-21 05:27:58.296000,100.0,60,56
221,19,20,100,2024-10-21 05:27:58.296000,59.0,55,73
222,19,166,100,2024-10-21 05:27:58.296000,76.0,62,98
223,19,17,100,2024-10-21 05:27:58.296000,60.0,63,62
224,19,12,100,2024-10-21 05:27:58.296000,95.0,88,50
225,19,13,100,2024-10-21 05:27:58.296000,67.0,60,81
226,19,35,100,2024-10-21 05:27:58.296000,67.0,100,97
227,19,40,100,2024-10-21 05:27:58.296000,82.0,99,66
228,19,104,100,2024-10-21 05:27:58.296000,83.0,70,50
229,19,193,100,2024-10-21 05:27:58.296000,88.0,86,77
230,19,86,100,2024-10-21 05:27:58.296000,94.0,97,94
231,19,155,100,2024-10-21 05:27:58.296000,86.0,59,53
232,19,172,100,2024-10-21 05:27:58.296000,59.0,73,90
233,19,143,100,2024-10-21 05:27:58.296000,64.0,66,50
234,20,17,100,2024-10-21 05:27:58.296000,82.0,91,67
235,20,166,100,2024-10-21 05:27:58.296000,75.0,53,58
236,20,13,100,2024-10-21 05:27:58.296000,81.0,100,78
237,20,12,100,2024-10-21 05:27:58.296000,84.0,50,69
238,20,20,100,2024-10-21 05:27:58.296000,60.0,65,83
239,20,126,100,2024-10-21 05:27:58.296000,78.0,82,89
240,20,176,100,2024-10-21 05:27:58.296000,85.0,55,69
241,20,15,100,2024-10-21 05:27:58.296000,76.0,52,93
242,20,177,100,2024-10-21 05:27:58.296000,52.0,87,60
243,20,180,100,2024-10-21 05:27:58.296000,86.0,71,80
244,20,118,100,2024-10-21 05:27:58.296000,92.0,69,76
245,20,28,100,2024-10-21 05:27:58.296000,63.0,91,88
246,20,131,100,2024-10-21 05:27:58.296000,100.0,90,83
247,20,70,100,2024-10-21 05:27:58.296000,63.0,53,95
248,20,94,100,2024-10-21 05:27:58.296000,76.0,55,60
249,21,166,100,2024-10-21 05:27:58.296000,85.0,59,77
250,21,20,100,2024-10-21 05:27:58.296000,76.0,90,91
251,21,12,100,2024-10-21 05:27:58.296000,94.0,75,57
252,21,13,100,2024-10-21 05:27:58.296000,76.0,68,71
253,21,17,100,2024-10-21 05:27:58.296000,53.0,57,80
254,21,158,100,2024-10-21 05:27:58.296000,91.0,81,55
255,21,64,100,2024-10-21 05:27:58.296000,73.0,86,53
256,21,144,100,2024-10-21 05:27:58.296000,62.0,62,86
257,21,41,100,2024-10-21 05:27:58.296000,73.0,82,82
258,21,42,100,2024-10-21 05:27:58.296000,53.0,70,56
259,21,6,100,2024-10-21 05:27:58.296000,64.0,57,99
260,21,199,100,2024-10-21 05:27:58.296000,97.0,85,50
261,21,120,100,2024-10-21 05:27:58.296000,71.0,79,64
262,21,98,100,2024-10-21 05:27:58.296000,65.0,53,50
263,21,112,100,2024-10-21 05:27:58.296000,76.0,72,76
264,22,13,100,2024-10-21 05:27:58.296000,77.0,76,64
265,22,20,100,2024-10-21 05:27:58.296000,76.0,82,93
266,22,12,100,2024-10-21 05:27:58.296000,93.0,62,94
267,22,17,100,2024-10-21 05:27:58.296000,85.0,97,95
268,22,166,100,2024-10-21 05:27:58.296000,87.0,51,95
269,22,149,100,2024-10-21 05:27:58.296000,93.0,80,99
270,22,100,100,2024-10-21 05:27:58.296000,61.0,70,76
271,22,124,100,2024-10-21 05:27:58.296000,97.0,59,54
272,22,142,100,2024-10-21 05:27:58.296000,73.0,83,85
273,22,85,100,2024-10-21 05:27:58.296000,65.0,98,90
274,22,172,100,2024-10-21 05:27:58.296000,74.0,69,74
275,23,12,100,2024-10-21 05:27:58.296000,88.0,98,84
276,23,17,100,2024-10-21 05:27:58.296000,57.0,86,71
277,23,20,100,2024-10-21 05:27:58.296000,80.0,96,54
278,23,13,100,2024-10-21 05:27:58.296000,95.0,91,81
279,23,166,100,2024-10-21 05:27:58.296000,82.0,62,73
280,23,70,100,2024-10-21 05:27:58.296000,88.0,93,61
281,23,60,100,2024-10-21 05:27:58.296000,100.0,70,58
282,23,90,100,2024-10-21 05:27:58.296000,78.0,58,52
283,23,115,100,2024-10-21 05:27:58.296000,89.0,86,85
284,23,156,100,2024-10-21 05:27:58.296000,74.0,51,66
285,24,20,100,2024-10-21 05:27:58.296000,53.0,87,81
286,24,166,100,2024-10-21 05:27:58.296000,98.0,50,52
287,24,12,100,2024-10-21 05:27:58.296000,69.0,87,87
288,24,13,100,2024-10-21 05:27:58.296000,86.0,79,93
289,24,17,100,2024-10-21 05:27:58.296000,85.0,57,57
290,24,94,100,2024-10-21 05:27:58.296000,91.0,61,98
291,24,68,100,2024-10-21 05:27:58.296000,93.0,86,85
292,24,63,100,2024-10-21 05:27:58.296000,51.0,74,59
293,24,80,100,2024-10-21 05:27:58.296000,91.0,70,82
294,24,69,100,2024-10-21 05:27:58.296000,64.0,53,73
295,24,162,100,2024-10-21 05:27:58.296000,84.0,98,66
296,24,121,100,2024-10-21 05:27:58.296000,76.0,94,82
297,25,13,100,2024-10-21 05:27:58.296000,57.0,92,50
298,25,166,100,2024-10-21 05:27:58.296000,65.0,68,92
299,25,12,100,2024-10-21 05:27:58.296000,78.0,85,95
300,25,20,100,2024-10-21 05:27:58.296000,93.0,68,79
301,25,17,100,2024-10-21 05:27:58.296000,93.0,93,92
302,25,121,100,2024-10-21 05:27:58.296000,82.0,74,93
303,25,144,100,2024-10-21 05:27:58.296000,97.0,100,98
304,25,115,100,2024-10-21 05:27:58.296000,84.0,54,51
305,25,175,100,2024-10-21 05:27:58.296000,95.0,54,98
306,25,27,100,2024-10-21 05:27:58.296000,77.0,85,85
307,25,31,100,2024-10-21 05:27:58.296000,70.0,86,97
308,26,20,100,2024-10-21 05:27:58.296000,65.0,86,85
309,26,17,100,2024-10-21 05:27:58.296000,72.0,92,57
310,26,12,100,2024-10-21 05:27:58.296000,99.0,88,72
311,26,166,100,2024-10-21 05:27:58.296000,96.0,81,80
312,26,13,100,2024-10-21 05:27:58.296000,67.0,69,78
313,26,103,100,2024-10-21 05:27:58.296000,69.0,95,79
314,26,92,100,2024-10-21 05:27:58.296000,84.0,77,90
315,26,51,100,2024-10-21 05:27:58.296000,76.0,70,71
316,26,131,100,2024-10-21 05:27:58.296000,79.0,68,73
317,26,98,100,2024-10-21 05:27:58.296000,94.0,61,69
318,26,188,100,2024-10-21 05:27:58.296000,84.0,92,99
319,26,129,100,2024-10-21 05:27:58.296000,66.0,52,56
320,26,24,100,2024-10-21 05:27:58.296000,65.0,75,82
321,26,5,100,2024-10-21 05:27:58.296000,78.0,89,84
322,26,147,100,2024-10-21 05:27:58.296000,68.0,89,70
323,27,20,100,2024-10-21 05:27:58.296000,83.0,97,92
324,27,12,100,2024-10-21 05:27:58.296000,67.0,68,92
325,27,13,100,2024-10-21 05:27:58.296000,97.0,69,83
326,27,166,100,2024-10-21 05:27:58.296000,53.0,86,68
327,27,17,100,2024-10-21 05:27:58.296000,56.0,90,61
328,27,182,100,2024-10-21 05:27:58.296000,69.0,67,79
329,27,180,100,2024-10-21 05:27:58.297000,81.0,68,68
330,27,8,100,2024-10-21 05:27:58.297000,83.0,84,58
331,27,32,100,2024-10-21 05:27:58.297000,74.0,67,64
332,27,73,100,2024-10-21 05:27:58.297000,57.0,66,73
333,27,133,100,2024-10-21 05:27:58.297000,95.0,78,73
334,28,12,100,2024-10-21 05:27:58.297000,54.0,89,75
335,28,20,100,2024-10-21 05:27:58.297000,52.0,52,54
336,28,17,100,2024-10-21 05:27:58.297000,81.0,81,75
337,28,166,100,2024-10-21 05:27:58.297000,88.0,70,66
338,28,13,100,2024-10-21 05:27:58.297000,72.0,50,58
339,28,189,100,2024-10-21 05:27:58.297000,86.0,81,96
340,28,123,100,2024-10-21 05:27:58.297000,51.0,51,80
341,28,118,100,2024-10-21 05:27:58.297000,98.0,53,61
342,28,140,100,2024-10-21 05:27:58.297000,93.0,87,79
343,28,199,100,2024-10-21 05:27:58.297000,69.0,99,75
344,28,29,100,2024-10-21 05:27:58.297000,52.0,81,51
345,29,20,100,2024-10-21 05:27:58.297000,61.0,75,99
346,29,13,100,2024-10-21 05:27:58.297000,50.0,74,87
347,29,166,100,2024-10-21 05:27:58.297000,76.0,58,54
348,29,12,100,2024-10-21 05:27:58.297000,85.0,65,61
349,29,17,100,2024-10-21 05:27:58.297000,94.0,74,93
350,29,116,100,2024-10-21 05:27:58.297000,66.0,68,91
351,29,110,100,2024-10-21 05:27:58.297000,56.0,75,60
352,29,124,100,2024-10-21 05:27:58.297000,50.0,70,96
353,29,139,100,2024-10-21 05:27:58.297000,96.0,100,91
354,29,169,100,2024-10-21 05:27:58.297000,55.0,99,63
355,30,13,100,2024-10-21 05:27:58.297000,63.0,51,65
356,30,12,100,2024-10-21 05:27:58.297000,63.0,50,85
357,30,166,100,2024-10-21 05:27:58.297000,68.0,74,63
358,30,20,100,2024-10-21 05:27:58.297000,91.0,87,69
359,30,17,100,2024-10-21 05:27:58.297000,52.0,81,76
360,30,46,100,2024-10-21 05:27:58.297000,55.0,66,93
361,30,154,100,2024-10-21 05:27:58.297000,80.0,59,82
362,30,151,100,2024-10-21 05:27:58.297000,91.0,69,55
363,30,126,100,2024-10-21 05:27:58.297000,59.0,87,54
364,30,6,100,2024-10-21 05:27:58.297000,100.0,58,69
365,30,104,100,2024-10-21 05:27:58.297000,89.0,72,80
366,30,95,100,2024-10-21 05:27:58.297000,73.0,67,73
367,31,13,100,2024-10-21 05:27:58.297000,54.0,70,83
368,31,20,100,2024-10-21 05:27:58.297000,91.0,57,64
369,31,12,100,2024-10-21 05:27:58.297000,59.0,64,70
370,31,17,100,2024-10-21 05:27:58.297000,59.0,54,51
371,31,166,100,2024-10-21 05:27:58.297000,82.0,59,64
372,31,106,100,2024-10-21 05:27:58.297000,60.0,55,56
373,31,58,100,2024-10-21 05:27:58.297000,94.0,77,56
374,31,154,100,2024-10-21 05:27:58.297000,83.0,54,64
375,31,137,100,2024-10-21 05:27:58.297000,82.0,86,89
376,31,164,100,2024-10-21 05:27:58.297000,74.0,79,54
377,31,103,100,2024-10-21 05:27:58.297000,95.0,57,67
378,31,11,100,2024-10-21 05:27:58.297000,99.0,97,91
379,31,79,100,2024-10-21 05:27:58.297000,70.0,50,86
380,32,12,100,2024-10-21 05:27:58.297000,75.0,90,63
381,32,13,100,2024-10-21 05:27:58.297000,51.0,86,93
382,32,17,100,2024-10-21 05:27:58.297000,50.0,100,94
383,32,20,100,2024-10-21 05:27:58.297000,69.0,100,90
384,32,166,100,2024-10-21 05:27:58.297000,82.0,64,53
385,32,135,100,2024-10-21 05:27:58.297000,100.0,75,87
386,32,138,100,2024-10-21 05:27:58.297000,96.0,94,98
387,32,139,100,2024-10-21 05:27:58.297000,77.0,70,88
388,32,168,100,2024-10-21 05:27:58.297000,76.0,68,54
389,32,193,100,2024-10-21 05:27:58.297000,59.0,59,50
390,32,68,100,2024-10-21 05:27:58.297000,56.0,55,90
391,32,158,100,2024-10-21 05:27:58.297000,73.0,78,96
392,32,144,100,2024-10-21 05:27:58.297000,81.0,87,87
393,33,20,100,2024-10-21 05:27:58.297000,94.0,83,98
394,33,13,100,2024-10-21 05:27:58.297000,60.0,64,81
395,33,12,100,2024-10-21 05:27:58.297000,88.0,52,76
396,33,166,100,2024-10-21 05:27:58.297000,55.0,100,71
397,33,17,100,2024-10-21 05:27:58.297000,63.0,93,63
398,33,116,100,2024-10-21 05:27:58.297000,65.0,78,67
399,33,167,100,2024-10-21 05:27:58.297000,94.0,87,69
400,33,73,100,2024-10-21 05:27:58.297000,90.0,59,95
401,33,87,100,2024-10-21 05:27:58.297000,90.0,50,87
402,33,1,100,2024-10-21 05:27:58.297000,76.0,79,87
403,33,31,100,2024-10-21 05:27:58.297000,71.0,54,91
404,33,50,100,2024-10-21 05:27:58.297000,58.0,74,79
405,34,12,100,2024-10-21 05:27:58.297000,54.0,56,54
406,34,17,100,2024-10-21 05:27:58.297000,68.0,77,88
407,34,13,100,2024-10-21 05:27:58.297000,97.0,89,85
408,34,20,100,2024-10-21 05:27:58.297000,77.0,53,91
409,34,166,100,2024-10-21 05:27:58.297000,72.0,79,77
410,34,115,100,2024-10-21 05:27:58.297000,90.0,69,62
411,34,84,100,2024-10-21 05:27:58.297000,65.0,50,88
412,34,108,100,2024-10-21 05:27:58.297000,71.0,53,74
413,34,44,100,2024-10-21 05:27:58.297000,67.0,86,72
414,34,153,100,2024-10-21 05:27:58.297000,68.0,59,55
415,35,17,100,2024-10-21 05:27:58.297000,61.0,57,74
416,35,12,100,2024-10-21 05:27:58.297000,72.0,93,77
417,35,166,100,2024-10-21 05:27:58.297000,83.0,71,89
418,35,13,100,2024-10-21 05:27:58.297000,78.0,97,93
419,35,20,100,2024-10-21 05:27:58.297000,96.0,55,71
420,35,117,100,2024-10-21 05:27:58.297000,54.0,70,60
421,35,140,100,2024-10-21 05:27:58.297000,88.0,91,56
422,35,172,100,2024-10-21 05:27:58.297000,81.0,82,66
423,35,33,100,2024-10-21 05:27:58.297000,53.0,72,55
424,35,89,100,2024-10-21 05:27:58.297000,90.0,85,88
425,35,1,100,2024-10-21 05:27:58.297000,98.0,52,88
426,35,29,100,2024-10-21 05:27:58.297000,90.0,67,88
427,35,173,100,2024-10-21 05:27:58.297000,88.0,84,57
428,36,13,100,2024-10-21 05:27:58.297000,74.0,58,51
429,36,166,100,2024-10-21 05:27:58.297000,87.0,94,69
430,36,12,100,2024-10-21 05:27:58.297000,54.0,94,51
431,36,20,100,2024-10-21 05:27:58.297000,54.0,99,96
432,36,17,100,2024-10-21 05:27:58.297000,51.0,96,59
433,36,96,100,2024-10-21 05:27:58.297000,60.0,74,100
434,36,32,100,2024-10-21 05:27:58.297000,59.0,88,65
435,36,60,100,2024-10-21 05:27:58.297000,96.0,81,50
436,36,108,100,2024-10-21 05:27:58.297000,62.0,65,97
437,36,130,100,2024-10-21 05:27:58.297000,95.0,92,84
438,36,82,100,2024-10-21 05:27:58.297000,100.0,95,61
439,36,63,100,2024-10-21 05:27:58.297000,54.0,54,55
440,36,198,100,2024-10-21 05:27:58.297000,61.0,72,83
441,36,1,100,2024-10-21 05:27:58.297000,87.0,91,96
442,36,19,100,2024-10-21 05:27:58.297000,68.0,74,52
443,37,13,100,2024-10-21 05:27:58.297000,90.0,68,87
444,37,166,100,2024-10-21 05:27:58.297000,99.0,79,70
445,37,17,100,2024-10-21 05:27:58.297000,94.0,95,83
446,37,12,100,2024-10-21 05:27:58.297000,97.0,88,76
447,37,20,100,2024-10-21 05:27:58.297000,67.0,67,69
448,37,56,100,2024-10-21 05:27:58.297000,83.0,80,58
449,37,75,100,2024-10-21 05:27:58.297000,55.0,59,66
450,37,192,100,2024-10-21 05:27:58.297000,60.0,93,57
451,37,59,100,2024-10-21 05:27:58.297000,100.0,82,65
452,37,70,100,2024-10-21 05:27:58.297000,76.0,84,69
453,38,17,100,2024-10-21 05:27:58.297000,100.0,75,74
454,38,13,100,2024-10-21 05:27:58.297000,74.0,84,68
455,38,12,100,2024-10-21 05:27:58.297000,68.0,70,64
456,38,166,100,2024-10-21 05:27:58.297000,60.0,90,63
457,38,20,100,2024-10-21 05:27:58.297000,90.0,59,78
458,38,143,100,2024-10-21 05:27:58.297000,65.0,57,55
459,38,117,100,2024-10-21 05:27:58.297000,67.0,90,74
460,38,162,100,2024-10-21 05:27:58.297000,78.0,60,90
461,38,133,100,2024-10-21 05:27:58.297000,73.0,72,74
462,38,108,100,2024-10-21 05:27:58.297000,59.0,94,50
463,38,176,100,2024-10-21 05:27:58.297000,53.0,64,84
464,38,184,100,2024-10-21 05:27:58.297000,62.0,66,81
465,38,188,100,2024-10-21 05:27:58.297000,78.0,95,80
466,39,12,100,2024-10-21 05:27:58.297000,66.0,63,96
467,39,166,100,2024-10-21 05:27:58.297000,56.0,87,93
468,39,13,100,2024-10-21 05:27:58.297000,52.0,53,84
469,39,20,100,2024-10-21 05:27:58.297000,64.0,84,71
470,39,67,100,2024-10-21 05:27:58.297000,89.0,87,97
471,39,125,100,2024-10-21 05:27:58.298000,70.0,53,67
472,39,47,100,2024-10-21 05:27:58.298000,97.0,74,81
473,39,80,100,2024-10-21 05:27:58.298000,66.0,60,100
474,39,72,100,2024-10-21 05:27:58.298000,95.0,90,90
475,39,162,100,2024-10-21 05:27:58.298000,72.0,83,84
476,39,139,100,2024-10-21 05:27:58.298000,73.0,99,84
477,39,16,100,2024-10-21 05:27:58.298000,63.0,74,81
478,39,45,100,2024-10-21 05:27:58.298000,69.0,63,97
479,40,20,100,2024-10-21 05:27:58.298000,100.0,94,61
480,40,13,100,2024-10-21 05:27:58.298000,92.0,99,75
481,40,17,100,2024-10-21 05:27:58.298000,77.0,88,83
482,40,12,100,2024-10-21 05:27:58.298000,67.0,98,55
483,40,166,100,2024-10-21 05:27:58.298000,99.0,96,70
484,40,156,100,2024-10-21 05:27:58.298000,66.0,78,87
485,40,105,100,2024-10-21 05:27:58.298000,97.0,93,76
486,40,162,100,2024-10-21 05:27:58.298000,65.0,73,84
487,40,88,100,2024-10-21 05:27:58.298000,95.0,84,60
488,40,62,100,2024-10-21 05:27:58.298000,91.0,94,69
489,41,17,100,2024-10-21 05:27:58.298000,85.0,68,97
490,41,166,100,2024-10-21 05:27:58.298000,82.0,93,73
491,41,13,100,2024-10-21 05:27:58.298000,77.0,61,80
492,41,20,100,2024-10-21 05:27:58.298000,83.0,68,81
493,41,12,100,2024-10-21 05:27:58.298000,70.0,67,52
494,41,29,100,2024-10-21 05:27:58.298000,77.0,94,53
495,41,145,100,2024-10-21 05:27:58.298000,85.0,93,85
496,41,140,100,2024-10-21 05:27:58.298000,83.0,78,60
497,41,177,100,2024-10-21 05:27:58.298000,70.0,86,81
498,41,171,100,2024-10-21 05:27:58.298000,85.0,76,93
499,41,136,100,2024-10-21 05:27:58.298000,56.0,97,52
500,41,196,100,2024-10-21 05:27:58.298000,67.0,69,85
501,42,13,100,2024-10-21 05:27:58.298000,58.0,94,79
502,42,12,100,2024-10-21 05:27:58.298000,96.0,54,78
503,42,166,100,2024-10-21 05:27:58.298000,59.0,53,96
504,42,20,100,2024-10-21 05:27:58.298000,85.0,100,75
505,42,17,100,2024-10-21 05:27:58.298000,71.0,84,81
506,42,196,100,2024-10-21 05:27:58.298000,59.0,78,90
507,42,19,100,2024-10-21 05:27:58.298000,93.0,95,67
508,42,132,100,2024-10-21 05:27:58.298000,55.0,80,80
509,42,149,100,2024-10-21 05:27:58.298000,83.0,58,92
510,42,45,100,2024-10-21 05:27:58.298000,75.0,88,97
511,42,114,100,2024-10-21 05:27:58.298000,55.0,73,94
512,42,113,100,2024-10-21 05:27:58.298000,94.0,59,90
513,42,178,100,2024-10-21 05:27:58.298000,56.0,93,93
514,42,145,100,2024-10-21 05:27:58.298000,89.0,100,55
515,43,166,100,2024-10-21 05:27:58.298000,71.0,78,96
516,43,13,100,2024-10-21 05:27:58.298000,79.0,86,98
517,43,17,100,2024-10-21 05:27:58.298000,73.0,72,61
518,43,20,100,2024-10-21 05:27:58.298000,68.0,95,83
519,43,12,100,2024-10-21 05:27:58.298000,70.0,51,95
520,43,198,100,2024-10-21 05:27:58.298000,97.0,68,57
521,43,30,100,2024-10-21 05:27:58.298000,54.0,94,59
522,43,170,100,2024-10-21 05:27:58.298000,59.0,76,53
523,43,32,100,2024-10-21 05:27:58.298000,60.0,98,64
524,43,91,100,2024-10-21 05:27:58.298000,87.0,71,77
525,43,41,100,2024-10-21 05:27:58.298000,99.0,83,100
526,43,173,100,2024-10-21 05:27:58.298000,66.0,66,62
527,43,121,100,2024-10-21 05:27:58.298000,74.0,74,67
528,43,180,100,2024-10-21 05:27:58.298000,78.0,60,58
529,43,126,100,2024-10-21 05:27:58.298000,68.0,76,86
530,44,20,100,2024-10-21 05:27:58.298000,63.0,70,84
531,44,13,100,2024-10-21 05:27:58.298000,67.0,67,56
532,44,12,100,2024-10-21 05:27:58.298000,53.0,94,86
533,44,166,100,2024-10-21 05:27:58.298000,78.0,50,83
534,44,17,100,2024-10-21 05:27:58.298000,92.0,58,92
535,44,76,100,2024-10-21 05:27:58.298000,74.0,96,73
536,44,54,100,2024-10-21 05:27:58.298000,96.0,71,54
537,44,18,100,2024-10-21 05:27:58.298000,54.0,52,99
538,44,1,100,2024-10-21 05:27:58.298000,94.0,79,81
539,44,43,100,2024-10-21 05:27:58.298000,52.0,93,91
540,44,119,100,2024-10-21 05:27:58.298000,72.0,90,69
541,44,124,100,2024-10-21 05:27:58.298000,70.0,99,63
542,44,115,100,2024-10-21 05:27:58.298000,96.0,86,55
543,45,17,100,2024-10-21 05:27:58.298000,93.0,72,85
544,45,13,100,2024-10-21 05:27:58.298000,84.0,87,62
545,45,12,100,2024-10-21 05:27:58.298000,96.0,94,60
546,45,166,100,2024-10-21 05:27:58.298000,95.0,76,87
547,45,14,100,2024-10-21 05:27:58.298000,99.0,81,74
548,45,163,100,2024-10-21 05:27:58.298000,69.0,63,93
549,45,148,100,2024-10-21 05:27:58.298000,78.0,80,53
550,45,189,100,2024-10-21 05:27:58.298000,54.0,54,59
551,45,85,100,2024-10-21 05:27:58.298000,50.0,81,72
552,45,170,100,2024-10-21 05:27:58.298000,52.0,60,75
553,45,16,100,2024-10-21 05:27:58.298000,64.0,94,58
554,46,12,100,2024-10-21 05:27:58.298000,57.0,74,98
555,46,166,100,2024-10-21 05:27:58.298000,81.0,90,62
556,46,17,100,2024-10-21 05:27:58.298000,69.0,70,65
557,46,20,100,2024-10-21 05:27:58.298000,69.0,68,57
558,46,13,100,2024-10-21 05:27:58.298000,66.0,94,70
559,46,16,100,2024-10-21 05:27:58.298000,72.0,84,95
560,46,51,100,2024-10-21 05:27:58.298000,63.0,76,98
561,46,136,100,2024-10-21 05:27:58.298000,91.0,83,77
562,46,104,100,2024-10-21 05:27:58.298000,58.0,69,58
563,46,115,100,2024-10-21 05:27:58.298000,97.0,79,70
564,46,103,100,2024-10-21 05:27:58.298000,69.0,72,89
565,46,129,100,2024-10-21 05:27:58.298000,65.0,85,97
566,47,17,100,2024-10-21 05:27:58.298000,79.0,52,54
567,47,166,100,2024-10-21 05:27:58.298000,64.0,83,98
568,47,20,100,2024-10-21 05:27:58.298000,51.0,56,62
569,47,12,100,2024-10-21 05:27:58.298000,89.0,92,96
570,47,13,100,2024-10-21 05:27:58.298000,89.0,80,78
571,47,67,100,2024-10-21 05:27:58.298000,92.0,60,91
572,47,178,100,2024-10-21 05:27:58.298000,69.0,80,88
573,47,105,100,2024-10-21 05:27:58.298000,92.0,95,91
574,47,82,100,2024-10-21 05:27:58.298000,52.0,99,85
575,47,172,100,2024-10-21 05:27:58.298000,90.0,99,80
576,48,12,100,2024-10-21 05:27:58.298000,99.0,57,65
577,48,20,100,2024-10-21 05:27:58.298000,61.0,52,69
578,48,13,100,2024-10-21 05:27:58.298000,55.0,53,72
579,48,166,100,2024-10-21 05:27:58.298000,55.0,78,57
580,48,17,100,2024-10-21 05:27:58.298000,75.0,96,66
581,48,91,100,2024-10-21 05:27:58.298000,56.0,86,68
582,48,114,100,2024-10-21 05:27:58.298000,81.0,78,52
583,48,110,100,2024-10-21 05:27:58.298000,84.0,75,95
584,48,187,100,2024-10-21 05:27:58.298000,72.0,56,84
585,48,107,100,2024-10-21 05:27:58.298000,94.0,85,70
586,48,124,100,2024-10-21 05:27:58.298000,93.0,61,57
587,48,146,100,2024-10-21 05:27:58.298000,72.0,68,87
588,48,123,100,2024-10-21 05:27:58.298000,64.0,61,60
589,48,21,100,2024-10-21 05:27:58.298000,57.0,71,81
590,49,17,100,2024-10-21 05:27:58.298000,70.0,55,87
591,49,166,100,2024-10-21 05:27:58.298000,89.0,70,63
592,49,12,100,2024-10-21 05:27:58.298000,75.0,74,57
593,49,13,100,2024-10-21 05:27:58.298000,92.0,94,96
594,49,20,100,2024-10-21 05:27:58.298000,58.0,99,97
595,49,160,100,2024-10-21 05:27:58.298000,61.0,99,87
596,49,152,100,2024-10-21 05:27:58.298000,56.0,73,95
597,49,178,100,2024-10-21 05:27:58.298000,78.0,90,77
598,49,139,100,2024-10-21 05:27:58.298000,87.0,59,65
599,49,81,100,2024-10-21 05:27:58.298000,76.0,61,69
600,49,124,100,2024-10-21 05:27:58.298000,56.0,78,66
601,49,188,100,2024-10-21 05:27:58.298000,66.0,61,51
602,49,144,100,2024-10-21 05:27:58.298000,95.0,75,74
603,49,37,100,2024-10-21 05:27:58.298000,83.0,76,60
604,50,20,100,2024-10-21 05:27:58.298000,61.0,87,51
605,50,13,100,2024-10-21 05:27:58.298000,90.0,83,63
606,50,166,100,2024-10-21 05:27:58.298000,63.0,94,94
607,50,12,100,2024-10-21 05:27:58.298000,78.0,82,50
608,50,17,100,2024-10-21 05:27:58.298000,90.0,80,55
609,50,109,100,2024-10-21 05:27:58.298000,70.0,64,73
610,50,22,100,2024-10-21 05:27:58.298000,82.0,87,69
611,50,108,100,2024-10-21 05:27:58.298000,56.0,62,74
612,50,78,100,2024-10-21 05:27:58.298000,63.0,90,73
613,50,185,100,2024-10-21 05:27:58.298000,85.0,62,60
614,51,12,100,2024-10-21 05:27:58.298000,72.0,77,58
615,51,17,100,2024-10-21 05:27:58.298000,91.0,64,94
616,51,13,100,2024-10-21 05:27:58.298000,64.0,98,64
617,51,166,100,2024-10-21 05:27:58.298000,96.0,77,97
618,51,20,100,2024-10-21 05:27:58.298000,70.0,80,56
619,51,116,100,2024-10-21 05:27:58.298000,61.0,85,82
620,51,65,100,2024-10-21 05:27:58.299000,83.0,97,93
621,51,10,100,2024-10-21 05:27:58.299000,91.0,63,82
622,51,46,100,2024-10-21 05:27:58.299000,100.0,71,84
623,51,27,100,2024-10-21 05:27:58.299000,83.0,55,75
624,51,57,100,2024-10-21 05:27:58.299000,88.0,88,87
625,52,166,100,2024-10-21 05:27:58.299000,99.0,69,92
626,52,20,100,2024-10-21 05:27:58.299000,65.0,78,69
627,52,12,100,2024-10-21 05:27:58.299000,83.0,67,96
628,52,13,100,2024-10-21 05:27:58.299000,66.0,66,85
629,52,17,100,2024-10-21 05:27:58.299000,81.0,100,73
630,52,139,100,2024-10-21 05:27:58.299000,77.0,95,50
631,52,7,100,2024-10-21 05:27:58.299000,64.0,79,75
632,52,39,100,2024-10-21 05:27:58.299000,76.0,62,63
633,52,105,100,2024-10-21 05:27:58.299000,96.0,82,71
634,52,109,100,2024-10-21 05:27:58.299000,66.0,77,53
635,52,67,100,2024-10-21 05:27:58.299000,80.0,93,50
636,52,192,100,2024-10-21 05:27:58.299000,70.0,79,88
637,52,110,100,2024-10-21 05:27:58.299000,94.0,60,92
638,52,195,100,2024-10-21 05:27:58.299000,97.0,89,88
639,53,12,100,2024-10-21 05:27:58.299000,59.0,60,95
640,53,17,100,2024-10-21 05:27:58.299000,85.0,66,95
641,53,13,100,2024-10-21 05:27:58.299000,89.0,92,89
642,53,20,100,2024-10-21 05:27:58.299000,95.0,57,69
643,53,166,100,2024-10-21 05:27:58.299000,52.0,100,63
644,53,185,100,2024-10-21 05:27:58.299000,56.0,96,84
645,53,5,100,2024-10-21 05:27:58.299000,61.0,94,82
646,53,68,100,2024-10-21 05:27:58.299000,85.0,69,71
647,53,178,100,2024-10-21 05:27:58.299000,88.0,69,95
648,53,1,100,2024-10-21 05:27:58.299000,95.0,74,83
649,53,190,100,2024-10-21 05:27:58.299000,95.0,67,96
650,53,63,100,2024-10-21 05:27:58.299000,64.0,52,70
651,53,171,100,2024-10-21 05:27:58.299000,53.0,87,95
652,54,20,100,2024-10-21 05:27:58.299000,68.0,58,85
653,54,17,100,2024-10-21 05:27:58.299000,100.0,83,67
654,54,12,100,2024-10-21 05:27:58.299000,66.0,86,72
655,54,166,100,2024-10-21 05:27:58.299000,77.0,100,91
656,54,13,100,2024-10-21 05:27:58.299000,78.0,87,78
657,54,5,100,2024-10-21 05:27:58.299000,86.0,100,97
658,54,110,100,2024-10-21 05:27:58.299000,59.0,81,65
659,54,185,100,2024-10-21 05:27:58.299000,52.0,69,87
660,54,162,100,2024-10-21 05:27:58.299000,79.0,81,82
661,54,169,100,2024-10-21 05:27:58.299000,76.0,89,92
662,54,149,100,2024-10-21 05:27:58.299000,74.0,91,93
663,54,2,100,2024-10-21 05:27:58.299000,66.0,96,90
664,54,21,100,2024-10-21 05:27:58.299000,54.0,89,66
665,54,79,100,2024-10-21 05:27:58.299000,96.0,70,72
666,54,35,100,2024-10-21 05:27:58.299000,54.0,95,77
667,55,13,100,2024-10-21 05:27:58.299000,100.0,67,60
668,55,12,100,2024-10-21 05:27:58.299000,93.0,77,93
669,55,17,100,2024-10-21 05:27:58.299000,67.0,62,100
670,55,20,100,2024-10-21 05:27:58.299000,62.0,64,83
671,55,166,100,2024-10-21 05:27:58.299000,97.0,64,53
672,55,162,100,2024-10-21 05:27:58.299000,76.0,89,89
673,55,115,100,2024-10-21 05:27:58.299000,87.0,91,78
674,55,19,100,2024-10-21 05:27:58.299000,86.0,98,67
675,55,168,100,2024-10-21 05:27:58.299000,96.0,82,54
676,55,185,100,2024-10-21 05:27:58.299000,94.0,95,98
677,55,133,100,2024-10-21 05:27:58.299000,70.0,89,73
678,55,113,100,2024-10-21 05:27:58.299000,94.0,80,70
679,55,176,100,2024-10-21 05:27:58.299000,78.0,64,85
680,56,12,100,2024-10-21 05:27:58.299000,96.0,61,83
681,56,166,100,2024-10-21 05:27:58.299000,61.0,95,50
682,56,17,100,2024-10-21 05:27:58.299000,76.0,53,93
683,56,13,100,2024-10-21 05:27:58.299000,66.0,59,57
684,56,20,100,2024-10-21 05:27:58.299000,62.0,60,52
685,56,27,100,2024-10-21 05:27:58.299000,66.0,57,60
686,56,85,100,2024-10-21 05:27:58.299000,80.0,70,90
687,56,155,100,2024-10-21 05:27:58.299000,58.0,50,52
688,56,146,100,2024-10-21 05:27:58.299000,59.0,65,82
689,56,95,100,2024-10-21 05:27:58.299000,100.0,92,93
690,57,20,100,2024-10-21 05:27:58.299000,64.0,68,92
691,57,13,100,2024-10-21 05:27:58.299000,85.0,65,63
692,57,166,100,2024-10-21 05:27:58.299000,60.0,95,77
693,57,17,100,2024-10-21 05:27:58.299000,65.0,96,53
694,57,12,100,2024-10-21 05:27:58.299000,92.0,87,86
695,57,81,100,2024-10-21 05:27:58.299000,76.0,85,71
696,57,189,100,2024-10-21 05:27:58.299000,61.0,98,77
697,57,187,100,2024-10-21 05:27:58.299000,76.0,94,53
698,57,48,100,2024-10-21 05:27:58.299000,60.0,69,98
699,57,61,100,2024-10-21 05:27:58.299000,96.0,75,60
700,57,60,100,2024-10-21 05:27:58.299000,100.0,69,61
701,57,174,100,2024-10-21 05:27:58.299000,62.0,70,59
702,57,55,100,2024-10-21 05:27:58.299000,93.0,100,70
703,57,89,100,2024-10-21 05:27:58.299000,70.0,75,52
704,57,111,100,2024-10-21 05:27:58.299000,100.0,69,64
705,58,12,100,2024-10-21 05:27:58.299000,85.0,87,91
706,58,13,100,2024-10-21 05:27:58.299000,95.0,50,83
707,58,20,100,2024-10-21 05:27:58.299000,83.0,56,96
708,58,166,100,2024-10-21 05:27:58.299000,77.0,73,58
709,58,17,100,2024-10-21 05:27:58.299000,68.0,96,89
710,58,134,100,2024-10-21 05:27:58.299000,59.0,90,85
711,58,43,100,2024-10-21 05:27:58.299000,100.0,54,91
712,58,189,100,2024-10-21 05:27:58.299000,56.0,100,91
713,58,125,100,2024-10-21 05:27:58.299000,89.0,53,57
714,58,64,100,2024-10-21 05:27:58.299000,51.0,61,59
715,58,101,100,2024-10-21 05:27:58.299000,67.0,87,71
716,58,108,100,2024-10-21 05:27:58.299000,63.0,87,91
717,58,38,100,2024-10-21 05:27:58.299000,82.0,61,87
718,58,129,100,2024-10-21 05:27:58.299000,65.0,99,68
719,58,62,100,2024-10-21 05:27:58.299000,54.0,94,77
720,59,17,100,2024-10-21 05:27:58.299000,63.0,90,87
721,59,20,100,2024-10-21 05:27:58.299000,83.0,56,56
722,59,12,100,2024-10-21 05:27:58.299000,84.0,55,86
723,59,166,100,2024-10-21 05:27:58.299000,79.0,94,66
724,59,13,100,2024-10-21 05:27:58.299000,77.0,91,61
725,59,29,100,2024-10-21 05:27:58.299000,53.0,84,96
726,59,77,100,2024-10-21 05:27:58.299000,63.0,83,79
727,59,106,100,2024-10-21 05:27:58.299000,68.0,57,69
728,59,191,100,2024-10-21 05:27:58.299000,77.0,59,74
729,59,53,100,2024-10-21 05:27:58.299000,99.0,89,72
730,59,140,100,2024-10-21 05:27:58.299000,93.0,99,99
731,60,20,100,2024-10-21 05:27:58.299000,57.0,91,51
732,60,17,100,2024-10-21 05:27:58.299000,82.0,73,50
733,60,12,100,2024-10-21 05:27:58.299000,70.0,92,69
734,60,166,100,2024-10-21 05:27:58.299000,91.0,67,98
735,60,13,100,2024-10-21 05:27:58.299000,99.0,99,67
736,60,148,100,2024-10-21 05:27:58.299000,84.0,97,70
737,60,55,100,2024-10-21 05:27:58.299000,73.0,100,87
738,60,178,100,2024-10-21 05:27:58.299000,59.0,67,78
739,60,102,100,2024-10-21 05:27:58.299000,83.0,97,84
740,60,64,100,2024-10-21 05:27:58.299000,51.0,71,88
741,60,152,100,2024-10-21 05:27:58.299000,75.0,68,63
742,60,187,100,2024-10-21 05:27:58.299000,96.0,81,57
743,61,20,100,2024-10-21 05:27:58.299000,50.0,86,76
744,61,13,100,2024-10-21 05:27:58.299000,92.0,55,53
745,61,12,100,2024-10-21 05:27:58.299000,69.0,82,90
746,61,166,100,2024-10-21 05:27:58.299000,93.0,59,53
747,61,17,100,2024-10-21 05:27:58.299000,68.0,82,82
748,61,30,100,2024-10-21 05:27:58.299000,82.0,98,82
749,61,183,100,2024-10-21 05:27:58.299000,56.0,73,62
750,61,162,100,2024-10-21 05:27:58.299000,95.0,55,68
751,61,101,100,2024-10-21 05:27:58.299000,94.0,79,80
752,61,161,100,2024-10-21 05:27:58.299000,75.0,78,70
753,61,8,100,2024-10-21 05:27:58.299000,90.0,54,68
754,61,3,100,2024-10-21 05:27:58.299000,100.0,64,50
755,61,146,100,2024-10-21 05:27:58.299000,59.0,91,57
756,61,40,100,2024-10-21 05:27:58.299000,56.0,90,98
757,61,89,100,2024-10-21 05:27:58.299000,58.0,59,99
758,62,12,100,2024-10-21 05:27:58.299000,68.0,56,97
759,62,166,100,2024-10-21 05:27:58.299000,81.0,71,99
760,62,13,100,2024-10-21 05:27:58.299000,54.0,85,96
761,62,20,100,2024-10-21 05:27:58.299000,58.0,87,85
762,62,17,100,2024-10-21 05:27:58.299000,96.0,80,51
763,62,51,100,2024-10-21 05:27:58.299000,90.0,57,61
764,62,85,100,2024-10-21 05:27:58.299000,61.0,84,80
765,62,5,100,2024-10-21 05:27:58.299000,99.0,78,84
766,62,89,100,2024-10-21 05:27:58.299000,69.0,54,75
767,62,25,100,2024-10-21 05:27:58.299000,64.0,93,76
768,62,32,100,2024-10-21 05:27:58.299000,71.0,62,67
769,62,1,100,2024-10-21 05:27:58.299000,98.0,97,56
770,63,12,100,2024-10-21 05:27:58.299000,89.0,50,85
771,63,20,100,2024-10-21 05:27:58.300000,82.0,86,54
772,63,17,100,2024-10-21 05:27:58.300000,58.0,93,71
773,63,166,100,2024-10-21 05:27:58.300000,51.0,83,86
774,63,13,100,2024-10-21 05:27:58.300000,82.0,92,90
775,63,92,100,2024-10-21 05:27:58.300000,63.0,77,87
776,63,75,100,2024-10-21 05:27:58.300000,53.0,54,79
777,63,102,100,2024-10-21 05:27:58.300000,70.0,50,80
778,63,135,100,2024-10-21 05:27:58.300000,62.0,69,82
779,63,189,100,2024-10-21 05:27:58.300000,65.0,67,89
780,63,66,100,2024-10-21 05:27:58.300000,86.0,66,63
781,63,129,100,2024-10-21 05:27:58.300000,63.0,65,87
782,63,103,100,2024-10-21 05:27:58.300000,70.0,96,94
783,63,18,100,2024-10-21 05:27:58.300000,62.0,81,71
784,64,20,100,2024-10-21 05:27:58.300000,97.0,77,96
785,64,12,100,2024-10-21 05:27:58.300000,87.0,100,56
786,64,17,100,2024-10-21 05:27:58.300000,60.0,54,89
787,64,166,100,2024-10-21 05:27:58.300000,93.0,99,94
788,64,13,100,2024-10-21 05:27:58.300000,87.0,99,53
789,64,167,100,2024-10-21 05:27:58.300000,88.0,73,83
790,64,195,100,2024-10-21 05:27:58.300000,50.0,80,65
791,64,53,100,2024-10-21 05:27:58.300000,65.0,81,89
792,64,149,100,2024-10-21 05:27:58.300000,77.0,56,99
793,64,189,100,2024-10-21 05:27:58.300000,52.0,74,91
794,64,39,100,2024-10-21 05:27:58.300000,78.0,56,80
795,64,197,100,2024-10-21 05:27:58.300000,74.0,90,97
796,65,166,100,2024-10-21 05:27:58.300000,74.0,98,73
797,65,20,100,2024-10-21 05:27:58.300000,100.0,56,70
798,65,12,100,2024-10-21 05:27:58.300000,74.0,57,96
799,65,17,100,2024-10-21 05:27:58.300000,96.0,66,84
800,65,13,100,2024-10-21 05:27:58.300000,62.0,65,53
801,65,54,100,2024-10-21 05:27:58.300000,56.0,57,77
802,65,86,100,2024-10-21 05:27:58.300000,54.0,59,78
803,65,36,100,2024-10-21 05:27:58.300000,64.0,89,53
804,65,23,100,2024-10-21 05:27:58.300000,67.0,100,76
805,65,136,100,2024-10-21 05:27:58.300000,58.0,67,91
806,65,21,100,2024-10-21 05:27:58.300000,62.0,53,72
807,66,166,100,2024-10-21 05:27:58.300000,91.0,95,84
808,66,12,100,2024-10-21 05:27:58.300000,84.0,70,91
809,66,17,100,2024-10-21 05:27:58.300000,59.0,63,67
810,66,20,100,2024-10-21 05:27:58.300000,94.0,61,55
811,66,13,100,2024-10-21 05:27:58.300000,70.0,95,64
812,66,30,100,2024-10-21 05:27:58.300000,87.0,53,71
813,66,68,100,2024-10-21 05:27:58.300000,51.0,79,86
814,66,67,100,2024-10-21 05:27:58.300000,64.0,84,78
815,66,71,100,2024-10-21 05:27:58.300000,66.0,97,93
816,66,31,100,2024-10-21 05:27:58.300000,94.0,83,73
817,67,20,100,2024-10-21 05:27:58.300000,70.0,61,69
818,67,13,100,2024-10-21 05:27:58.300000,90.0,95,71
819,67,166,100,2024-10-21 05:27:58.300000,74.0,60,62
820,67,12,100,2024-10-21 05:27:58.300000,95.0,88,76
821,67,17,100,2024-10-21 05:27:58.300000,66.0,89,80
822,67,48,100,2024-10-21 05:27:58.300000,98.0,91,91
823,67,152,100,2024-10-21 05:27:58.300000,79.0,82,57
824,67,153,100,2024-10-21 05:27:58.300000,92.0,98,64
825,67,3,100,2024-10-21 05:27:58.300000,79.0,87,87
826,67,28,100,2024-10-21 05:27:58.300000,58.0,61,94
827,67,172,100,2024-10-21 05:27:58.300000,56.0,71,82
828,68,166,100,2024-10-21 05:27:58.300000,78.0,91,93
829,68,12,100,2024-10-21 05:27:58.300000,64.0,79,78
830,68,20,100,2024-10-21 05:27:58.300000,76.0,83,61
831,68,13,100,2024-10-21 05:27:58.300000,51.0,70,96
832,68,17,100,2024-10-21 05:27:58.300000,81.0,59,85
833,68,7,100,2024-10-21 05:27:58.300000,72.0,73,84
834,68,76,100,2024-10-21 05:27:58.300000,80.0,90,64
835,68,66,100,2024-10-21 05:27:58.300000,84.0,92,91
836,68,3,100,2024-10-21 05:27:58.300000,51.0,78,70
837,68,91,100,2024-10-21 05:27:58.300000,86.0,73,51
838,69,166,100,2024-10-21 05:27:58.300000,82.0,54,60
839,69,20,100,2024-10-21 05:27:58.300000,82.0,64,84
840,69,13,100,2024-10-21 05:27:58.300000,85.0,90,62
841,69,12,100,2024-10-21 05:27:58.300000,62.0,58,79
842,69,17,100,2024-10-21 05:27:58.300000,75.0,76,75
843,69,188,100,2024-10-21 05:27:58.300000,59.0,66,71
844,69,6,100,2024-10-21 05:27:58.300000,57.0,80,82
845,69,189,100,2024-10-21 05:27:58.300000,87.0,53,96
846,69,174,100,2024-10-21 05:27:58.300000,90.0,57,76
847,69,118,100,2024-10-21 05:27:58.300000,77.0,74,76
848,69,119,100,2024-10-21 05:27:58.300000,64.0,87,97
849,70,12,100,2024-10-21 05:27:58.300000,99.0,98,84
850,70,13,100,2024-10-21 05:27:58.300000,89.0,88,80
851,70,166,100,2024-10-21 05:27:58.300000,64.0,60,68
852,70,20,100,2024-10-21 05:27:58.300000,89.0,85,63
853,70,17,100,2024-10-21 05:27:58.300000,74.0,80,53
854,70,78,100,2024-10-21 05:27:58.300000,78.0,66,92
855,70,186,100,2024-10-21 05:27:58.300000,81.0,54,72
856,70,152,100,2024-10-21 05:27:58.300000,90.0,84,78
857,70,89,100,2024-10-21 05:27:58.300000,53.0,69,63
858,70,31,100,2024-10-21 05:27:58.300000,98.0,67,100
859,70,60,100,2024-10-21 05:27:58.300000,63.0,76,65
860,70,156,100,2024-10-21 05:27:58.300000,86.0,56,98
861,71,17,100,2024-10-21 05:27:58.300000,100.0,89,99
862,71,12,100,2024-10-21 05:27:58.300000,89.0,84,83
863,71,13,100,2024-10-21 05:27:58.300000,50.0,50,53
864,71,20,100,2024-10-21 05:27:58.300000,69.0,85,95
865,71,166,100,2024-10-21 05:27:58.300000,62.0,73,77
866,71,115,100,2024-10-21 05:27:58.300000,94.0,92,96
867,71,22,100,2024-10-21 05:27:58.300000,71.0,66,56
868,71,3,100,2024-10-21 05:27:58.300000,99.0,70,50
869,71,190,100,2024-10-21 05:27:58.300000,55.0,82,89
870,71,2,100,2024-10-21 05:27:58.300000,75.0,90,86
871,71,78,100,2024-10-21 05:27:58.300000,88.0,59,70
872,71,1,100,2024-10-21 05:27:58.300000,63.0,54,93
873,72,13,100,2024-10-21 05:27:58.300000,92.0,59,87
874,72,166,100,2024-10-21 05:27:58.300000,92.0,86,74
875,72,12,100,2024-10-21 05:27:58.300000,81.0,53,50
876,72,17,100,2024-10-21 05:27:58.300000,77.0,100,95
877,72,20,100,2024-10-21 05:27:58.300000,70.0,77,64
878,72,70,100,2024-10-21 05:27:58.300000,82.0,90,76
879,72,171,100,2024-10-21 05:27:58.300000,100.0,54,87
880,72,87,100,2024-10-21 05:27:58.300000,96.0,89,93
881,72,192,100,2024-10-21 05:27:58.300000,92.0,92,83
882,72,148,100,2024-10-21 05:27:58.300000,87.0,58,85
883,73,166,100,2024-10-21 05:27:58.300000,53.0,67,71
884,73,12,100,2024-10-21 05:27:58.300000,85.0,54,94
885,73,17,100,2024-10-21 05:27:58.300000,88.0,50,82
886,73,13,100,2024-10-21 05:27:58.300000,52.0,76,89
887,73,20,100,2024-10-21 05:27:58.300000,61.0,63,97
888,73,112,100,2024-10-21 05:27:58.300000,88.0,58,86
889,73,142,100,2024-10-21 05:27:58.300000,72.0,70,87
890,73,89,100,2024-10-21 05:27:58.300000,71.0,55,92
891,73,91,100,2024-10-21 05:27:58.300000,80.0,76,63
892,73,118,100,2024-10-21 05:27:58.300000,62.0,81,60
893,73,78,100,2024-10-21 05:27:58.300000,59.0,83,83
894,73,23,100,2024-10-21 05:27:58.300000,79.0,66,99
895,73,138,100,2024-10-21 05:27:58.300000,97.0,52,53
896,74,12,100,2024-10-21 05:27:58.300000,93.0,52,71
897,74,166,100,2024-10-21 05:27:58.300000,88.0,95,69
898,74,20,100,2024-10-21 05:27:58.300000,95.0,69,84
899,74,13,100,2024-10-21 05:27:58.300000,98.0,51,78
900,74,17,100,2024-10-21 05:27:58.300000,90.0,98,51
901,74,132,100,2024-10-21 05:27:58.300000,54.0,68,88
902,74,41,100,2024-10-21 05:27:58.300000,96.0,98,69
903,74,47,100,2024-10-21 05:27:58.300000,97.0,89,54
904,74,79,100,2024-10-21 05:27:58.300000,96.0,72,65
905,74,24,100,2024-10-21 05:27:58.300000,67.0,81,86
906,74,9,100,2024-10-21 05:27:58.300000,64.0,69,81
907,74,170,100,2024-10-21 05:27:58.300000,88.0,75,65
908,74,91,100,2024-10-21 05:27:58.300000,93.0,65,70
909,74,89,100,2024-10-21 05:27:58.300000,59.0,95,99
910,74,70,100,2024-10-21 05:27:58.300000,75.0,93,78
911,75,13,100,2024-10-21 05:27:58.300000,69.0,94,95
912,75,12,100,2024-10-21 05:27:58.300000,64.0,96,92
913,75,20,100,2024-10-21 05:27:58.300000,69.0,89,78
914,75,166,100,2024-10-21 05:27:58.300000,82.0,60,81
915,75,17,100,2024-10-21 05:27:58.300000,50.0,56,70
916,75,188,100,2024-10-21 05:27:58.300000,73.0,78,68
917,75,39,100,2024-10-21 05:27:58.300000,67.0,89,86
918,75,190,100,2024-10-21 05:27:58.300000,51.0,83,80
919,75,64,100,2024-10-21 05:27:58.300000,80.0,75,67
920,75,160,100,2024-10-21 05:27:58.300000,86.0,61,52
921,75,113,100,2024-10-21 05:27:58.300000,89.0,53,75
922,75,43,100,2024-10-21 05:27:58.300000,74.0,54,67
923,76,17,100,2024-10-21 05:27:58.300000,97.0,62,99
924,76,20,100,2024-10-21 05:27:58.300000,59.0,86,86
925,76,13,100,2024-10-21 05:27:58.301000,96.0,72,95
926,76,12,100,2024-10-21 05:27:58.301000,71.0,71,55
927,76,166,100,2024-10-21 05:27:58.301000,83.0,82,55
928,76,70,100,2024-10-21 05:27:58.301000,63.0,52,96
929,76,65,100,2024-10-21 05:27:58.301000,88.0,57,94
930,76,185,100,2024-10-21 05:27:58.301000,91.0,82,96
931,76,76,100,2024-10-21 05:27:58.301000,60.0,57,100
932,76,47,100,2024-10-21 05:27:58.301000,82.0,64,68
933,76,30,100,2024-10-21 05:27:58.301000,80.0,62,67
934,77,12,100,2024-10-21 05:27:58.301000,90.0,83,58
935,77,17,100,2024-10-21 05:27:58.301000,72.0,70,76
936,77,13,100,2024-10-21 05:27:58.301000,87.0,71,68
937,77,20,100,2024-10-21 05:27:58.301000,69.0,64,62
938,77,166,100,2024-10-21 05:27:58.301000,59.0,50,90
939,77,165,100,2024-10-21 05:27:58.301000,87.0,90,70
940,77,187,100,2024-10-21 05:27:58.301000,72.0,84,69
941,77,189,100,2024-10-21 05:27:58.301000,80.0,66,95
942,77,126,100,2024-10-21 05:27:58.301000,81.0,93,99
943,77,75,100,2024-10-21 05:27:58.301000,60.0,54,90
944,77,70,100,2024-10-21 05:27:58.301000,97.0,77,55
945,77,43,100,2024-10-21 05:27:58.301000,96.0,50,89
946,77,9,100,2024-10-21 05:27:58.301000,71.0,62,92
947,78,13,100,2024-10-21 05:27:58.301000,64.0,82,71
948,78,166,100,2024-10-21 05:27:58.301000,52.0,64,78
949,78,20,100,2024-10-21 05:27:58.301000,63.0,71,60
950,78,12,100,2024-10-21 05:27:58.301000,93.0,92,71
951,78,17,100,2024-10-21 05:27:58.301000,52.0,69,80
952,78,6,100,2024-10-21 05:27:58.301000,88.0,71,58
953,78,86,100,2024-10-21 05:27:58.301000,91.0,62,97
954,78,38,100,2024-10-21 05:27:58.301000,66.0,89,62
955,78,116,100,2024-10-21 05:27:58.301000,68.0,54,69
956,78,175,100,2024-10-21 05:27:58.301000,98.0,64,64
957,78,195,100,2024-10-21 05:27:58.301000,74.0,70,76
958,78,151,100,2024-10-21 05:27:58.301000,64.0,50,70
959,78,98,100,2024-10-21 05:27:58.301000,90.0,51,86
960,79,17,100,2024-10-21 05:27:58.301000,67.0,97,80
961,79,12,100,2024-10-21 05:27:58.301000,73.0,64,77
962,79,20,100,2024-10-21 05:27:58.301000,77.0,70,56
963,79,166,100,2024-10-21 05:27:58.301000,55.0,82,66
964,79,13,100,2024-10-21 05:27:58.301000,58.0,92,62
965,79,122,100,2024-10-21 05:27:58.301000,51.0,85,86
966,79,157,100,2024-10-21 05:27:58.301000,100.0,91,55
967,79,177,100,2024-10-21 05:27:58.301000,74.0,83,80
968,79,146,100,2024-10-21 05:27:58.301000,90.0,58,89
969,79,151,100,2024-10-21 05:27:58.301000,53.0,95,83
970,79,87,100,2024-10-21 05:27:58.301000,98.0,97,62
971,79,26,100,2024-10-21 05:27:58.301000,58.0,51,57
972,80,12,100,2024-10-21 05:27:58.301000,52.0,58,94
973,80,166,100,2024-10-21 05:27:58.301000,73.0,63,50
974,80,17,100,2024-10-21 05:27:58.301000,61.0,96,75
975,80,13,100,2024-10-21 05:27:58.301000,59.0,77,76
976,80,20,100,2024-10-21 05:27:58.301000,57.0,64,66
977,80,50,100,2024-10-21 05:27:58.301000,90.0,98,77
978,80,46,100,2024-10-21 05:27:58.301000,76.0,99,70
979,80,161,100,2024-10-21 05:27:58.301000,81.0,54,77
980,80,41,100,2024-10-21 05:27:58.301000,53.0,74,73
981,80,90,100,2024-10-21 05:27:58.301000,65.0,90,88
982,80,91,100,2024-10-21 05:27:58.301000,92.0,80,63
983,80,44,100,2024-10-21 05:27:58.301000,88.0,86,57
984,80,58,100,2024-10-21 05:27:58.301000,81.0,96,51
985,80,59,100,2024-10-21 05:27:58.301000,75.0,59,54
986,81,166,100,2024-10-21 05:27:58.301000,62.0,97,98
987,81,13,100,2024-10-21 05:27:58.301000,63.0,92,51
988,81,20,100,2024-10-21 05:27:58.301000,98.0,57,60
989,81,17,100,2024-10-21 05:27:58.301000,93.0,86,80
990,81,12,100,2024-10-21 05:27:58.301000,98.0,97,59
991,81,188,100,2024-10-21 05:27:58.301000,68.0,97,89
992,81,1,100,2024-10-21 05:27:58.301000,85.0,69,87
993,81,21,100,2024-10-21 05:27:58.301000,71.0,91,88
994,81,9,100,2024-10-21 05:27:58.301000,74.0,83,83
995,81,86,100,2024-10-21 05:27:58.301000,86.0,98,99
996,81,144,100,2024-10-21 05:27:58.301000,69.0,53,100
997,81,151,100,2024-10-21 05:27:58.301000,58.0,55,100
998,81,121,100,2024-10-21 05:27:58.301000,79.0,90,85
999,82,166,100,2024-10-21 05:27:58.301000,97.0,62,63
1000,82,17,100,2024-10-21 05:27:58.301000,95.0,98,97
1001,82,12,100,2024-10-21 05:27:58.301000,99.0,62,53
1002,82,13,100,2024-10-21 05:27:58.301000,72.0,88,80
1003,82,20,100,2024-10-21 05:27:58.301000,52.0,67,74
1004,82,16,100,2024-10-21 05:27:58.301000,80.0,91,87
1005,82,168,100,2024-10-21 05:27:58.301000,98.0,64,95
1006,82,62,100,2024-10-21 05:27:58.301000,69.0,77,58
1007,82,182,100,2024-10-21 05:27:58.301000,61.0,87,94
1008,82,85,100,2024-10-21 05:27:58.301000,87.0,58,52
1009,82,9,100,2024-10-21 05:27:58.301000,65.0,55,96
1010,82,191,100,2024-10-21 05:27:58.301000,59.0,81,54
1011,82,98,100,2024-10-21 05:27:58.301000,88.0,53,81
1012,82,187,100,2024-10-21 05:27:58.301000,60.0,91,98
1013,83,166,100,2024-10-21 05:27:58.301000,50.0,100,54
1014,83,20,100,2024-10-21 05:27:58.301000,52.0,61,51
1015,83,17,100,2024-10-21 05:27:58.301000,68.0,67,67
1016,83,13,100,2024-10-21 05:27:58.301000,66.0,68,61
1017,83,12,100,2024-10-21 05:27:58.301000,68.0,68,97
1018,83,30,100,2024-10-21 05:27:58.301000,83.0,61,66
1019,83,180,100,2024-10-21 05:27:58.301000,82.0,69,64
1020,83,77,100,2024-10-21 05:27:58.301000,53.0,52,94
1021,83,88,100,2024-10-21 05:27:58.301000,96.0,75,87
1022,83,127,100,2024-10-21 05:27:58.301000,55.0,88,80
1023,83,150,100,2024-10-21 05:27:58.301000,64.0,92,73
1024,83,197,100,2024-10-21 05:27:58.301000,60.0,98,57
1025,83,147,100,2024-10-21 05:27:58.301000,81.0,88,57
1026,83,154,100,2024-10-21 05:27:58.301000,84.0,74,62
1027,84,17,100,2024-10-21 05:27:58.301000,79.0,66,50
1028,84,20,100,2024-10-21 05:27:58.301000,88.0,90,100
1029,84,166,100,2024-10-21 05:27:58.301000,56.0,80,92
1030,84,12,100,2024-10-21 05:27:58.301000,65.0,86,82
1031,84,13,100,2024-10-21 05:27:58.301000,79.0,58,83
1032,84,53,100,2024-10-21 05:27:58.301000,61.0,88,93
1033,84,26,100,2024-10-21 05:27:58.301000,71.0,62,62
1034,84,122,100,2024-10-21 05:27:58.301000,87.0,53,85
1035,84,100,100,2024-10-21 05:27:58.301000,84.0,70,58
1036,84,99,100,2024-10-21 05:27:58.301000,54.0,91,58
1037,85,13,100,2024-10-21 05:27:58.301000,65.0,88,85
1038,85,17,100,2024-10-21 05:27:58.301000,88.0,82,63
1039,85,166,100,2024-10-21 05:27:58.301000,75.0,68,62
1040,85,20,100,2024-10-21 05:27:58.301000,78.0,68,71
1041,85,169,100,2024-10-21 05:27:58.301000,83.0,95,74
1042,85,194,100,2024-10-21 05:27:58.301000,88.0,85,53
1043,85,177,100,2024-10-21 05:27:58.301000,58.0,57,93
1044,85,140,100,2024-10-21 05:27:58.301000,72.0,87,85
1045,85,122,100,2024-10-21 05:27:58.301000,50.0,87,53
1046,85,42,100,2024-10-21 05:27:58.301000,62.0,96,100
1047,85,83,100,2024-10-21 05:27:58.301000,79.0,88,93
1048,86,12,100,2024-10-21 05:27:58.301000,66.0,59,73
1049,86,166,100,2024-10-21 05:27:58.301000,57.0,78,100
1050,86,13,100,2024-10-21 05:27:58.301000,80.0,73,61
1051,86,17,100,2024-10-21 05:27:58.301000,91.0,58,94
1052,86,20,100,2024-10-21 05:27:58.301000,63.0,75,56
1053,86,9,100,2024-10-21 05:27:58.301000,60.0,99,64
1054,86,117,100,2024-10-21 05:27:58.301000,56.0,53,58
1055,86,143,100,2024-10-21 05:27:58.301000,60.0,59,77
1056,86,23,100,2024-10-21 05:27:58.301000,66.0,59,54
1057,86,19,100,2024-10-21 05:27:58.301000,69.0,74,87
1058,86,113,100,2024-10-21 05:27:58.301000,92.0,98,50
1059,86,163,100,2024-10-21 05:27:58.301000,71.0,57,53
1060,86,72,100,2024-10-21 05:27:58.301000,76.0,56,89
1061,86,29,100,2024-10-21 05:27:58.301000,56.0,80,87
1062,86,115,100,2024-10-21 05:27:58.301000,73.0,57,82
1063,87,13,100,2024-10-21 05:27:58.301000,100.0,98,55
1064,87,12,100,2024-10-21 05:27:58.301000,50.0,73,76
1065,87,20,100,2024-10-21 05:27:58.301000,51.0,88,90
1066,87,166,100,2024-10-21 05:27:58.301000,91.0,100,100
1067,87,95,100,2024-10-21 05:27:58.301000,81.0,97,79
1068,87,112,100,2024-10-21 05:27:58.301000,53.0,82,91
1069,87,79,100,2024-10-21 05:27:58.301000,85.0,80,89
1070,87,64,100,2024-10-21 05:27:58.301000,73.0,58,76
1071,87,159,100,2024-10-21 05:27:58.301000,84.0,91,77
1072,87,141,100,2024-10-21 05:27:58.301000,85.0,52,99
1073,87,62,100,2024-10-21 05:27:58.301000,70.0,79,85
1074,87,96,100,2024-10-21 05:27:58.301000,54.0,69,88
1075,87,144,100,2024-10-21 05:27:58.301000,55.0,79,87
1076,88,12,100,2024-10-21 05:27:58.301000,70.0,53,58
1077,88,20,100,2024-10-21 05:27:58.301000,94.0,89,99
1078,88,166,100,2024-10-21 05:27:58.301000,56.0,53,85
1079,88,17,100,2024-10-21 05:27:58.301000,70.0,69,55
1080,88,174,100,2024-10-21 05:27:58.301000,84.0,100,62
1081,88,161,100,2024-10-21 05:27:58.301000,97.0,65,91
1082,88,21,100,2024-10-21 05:27:58.301000,68.0,57,96
1083,88,109,100,2024-10-21 05:27:58.301000,81.0,94,84
1084,88,74,100,2024-10-21 05:27:58.301000,92.0,56,56
1085,88,38,100,2024-10-21 05:27:58.301000,83.0,57,85
1086,88,156,100,2024-10-21 05:27:58.301000,61.0,51,96
1087,89,17,100,2024-10-21 05:27:58.302000,62.0,93,56
1088,89,12,100,2024-10-21 05:27:58.302000,59.0,54,70
1089,89,166,100,2024-10-21 05:27:58.302000,72.0,77,87
1090,89,13,100,2024-10-21 05:27:58.302000,62.0,51,82
1091,89,20,100,2024-10-21 05:27:58.302000,76.0,82,77
1092,89,101,100,2024-10-21 05:27:58.302000,95.0,86,60
1093,89,56,100,2024-10-21 05:27:58.302000,70.0,65,67
1094,89,32,100,2024-10-21 05:27:58.302000,93.0,62,74
1095,89,42,100,2024-10-21 05:27:58.302000,99.0,69,62
1096,89,45,100,2024-10-21 05:27:58.302000,55.0,58,55
1097,89,76,100,2024-10-21 05:27:58.302000,87.0,79,75
1098,89,69,100,2024-10-21 05:27:58.302000,70.0,72,98
1099,89,117,100,2024-10-21 05:27:58.302000,59.0,60,97
1100,90,13,100,2024-10-21 05:27:58.302000,62.0,88,66
1101,90,12,100,2024-10-21 05:27:58.302000,98.0,71,50
1102,90,166,100,2024-10-21 05:27:58.302000,61.0,57,95
1103,90,17,100,2024-10-21 05:27:58.302000,57.0,77,78
1104,90,20,100,2024-10-21 05:27:58.302000,76.0,70,63
1105,90,178,100,2024-10-21 05:27:58.302000,100.0,82,98
1106,90,86,100,2024-10-21 05:27:58.302000,54.0,95,63
1107,90,59,100,2024-10-21 05:27:58.302000,66.0,72,79
1108,90,110,100,2024-10-21 05:27:58.302000,100.0,56,66
1109,90,168,100,2024-10-21 05:27:58.302000,97.0,79,72
1110,91,166,100,2024-10-21 05:27:58.302000,60.0,100,77
1111,91,12,100,2024-10-21 05:27:58.302000,95.0,94,88
1112,91,20,100,2024-10-21 05:27:58.302000,69.0,93,91
1113,91,13,100,2024-10-21 05:27:58.302000,57.0,75,65
1114,91,17,100,2024-10-21 05:27:58.302000,86.0,73,71
1115,91,103,100,2024-10-21 05:27:58.302000,51.0,62,97
1116,91,60,100,2024-10-21 05:27:58.302000,54.0,83,83
1117,91,26,100,2024-10-21 05:27:58.302000,90.0,92,51
1118,91,63,100,2024-10-21 05:27:58.302000,64.0,51,74
1119,91,130,100,2024-10-21 05:27:58.302000,87.0,68,55
1120,92,17,100,2024-10-21 05:27:58.302000,83.0,54,82
1121,92,166,100,2024-10-21 05:27:58.302000,69.0,90,63
1122,92,12,100,2024-10-21 05:27:58.302000,72.0,62,81
1123,92,13,100,2024-10-21 05:27:58.302000,75.0,65,51
1124,92,20,100,2024-10-21 05:27:58.302000,56.0,64,60
1125,92,79,100,2024-10-21 05:27:58.302000,83.0,75,75
1126,92,156,100,2024-10-21 05:27:58.302000,57.0,75,94
1127,92,106,100,2024-10-21 05:27:58.302000,55.0,78,87
1128,92,99,100,2024-10-21 05:27:58.302000,96.0,96,92
1129,92,178,100,2024-10-21 05:27:58.302000,69.0,89,54
1130,92,151,100,2024-10-21 05:27:58.302000,91.0,81,54
1131,92,168,100,2024-10-21 05:27:58.302000,92.0,53,72
1132,92,115,100,2024-10-21 05:27:58.302000,95.0,62,76
1133,93,17,100,2024-10-21 05:27:58.302000,92.0,65,81
1134,93,13,100,2024-10-21 05:27:58.302000,60.0,81,65
1135,93,20,100,2024-10-21 05:27:58.302000,93.0,88,87
1136,93,166,100,2024-10-21 05:27:58.302000,95.0,78,56
1137,93,12,100,2024-10-21 05:27:58.302000,79.0,80,72
1138,93,73,100,2024-10-21 05:27:58.302000,93.0,87,77
1139,93,103,100,2024-10-21 05:27:58.302000,50.0,68,81
1140,93,61,100,2024-10-21 05:27:58.302000,77.0,88,75
1141,93,15,100,2024-10-21 05:27:58.302000,93.0,90,88
1142,93,144,100,2024-10-21 05:27:58.302000,92.0,62,82
1143,93,5,100,2024-10-21 05:27:58.302000,75.0,84,93
1144,93,43,100,2024-10-21 05:27:58.302000,50.0,76,93
1145,93,35,100,2024-10-21 05:27:58.302000,55.0,61,97
1146,93,173,100,2024-10-21 05:27:58.302000,80.0,99,50
1147,94,12,100,2024-10-21 05:27:58.302000,69.0,62,91
1148,94,17,100,2024-10-21 05:27:58.302000,81.0,88,89
1149,94,166,100,2024-10-21 05:27:58.302000,64.0,66,69
1150,94,13,100,2024-10-21 05:27:58.302000,83.0,84,64
1151,94,20,100,2024-10-21 05:27:58.302000,59.0,96,65
1152,94,193,100,2024-10-21 05:27:58.302000,66.0,71,71
1153,94,135,100,2024-10-21 05:27:58.302000,76.0,93,84
1154,94,188,100,2024-10-21 05:27:58.302000,73.0,85,52
1155,94,19,100,2024-10-21 05:27:58.302000,75.0,84,71
1156,94,118,100,2024-10-21 05:27:58.302000,84.0,50,83
1157,94,130,100,2024-10-21 05:27:58.302000,70.0,81,90
1158,94,61,100,2024-10-21 05:27:58.302000,69.0,68,76
1159,94,165,100,2024-10-21 05:27:58.302000,57.0,78,57
1160,95,13,100,2024-10-21 05:27:58.302000,53.0,96,84
1161,95,17,100,2024-10-21 05:27:58.302000,93.0,66,68
1162,95,12,100,2024-10-21 05:27:58.302000,84.0,69,81
1163,95,20,100,2024-10-21 05:27:58.302000,55.0,77,64
1164,95,166,100,2024-10-21 05:27:58.302000,74.0,97,83
1165,95,23,100,2024-10-21 05:27:58.302000,77.0,91,51
1166,95,72,100,2024-10-21 05:27:58.302000,60.0,73,85
1167,95,137,100,2024-10-21 05:27:58.302000,88.0,69,85
1168,95,103,100,2024-10-21 05:27:58.302000,66.0,82,89
1169,95,178,100,2024-10-21 05:27:58.302000,57.0,78,50
1170,95,30,100,2024-10-21 05:27:58.302000,68.0,96,88
1171,95,184,100,2024-10-21 05:27:58.302000,72.0,92,70
1172,95,69,100,2024-10-21 05:27:58.302000,96.0,66,76
1173,95,143,100,2024-10-21 05:27:58.302000,87.0,86,57
1174,95,133,100,2024-10-21 05:27:58.302000,70.0,77,72
1175,96,17,100,2024-10-21 05:27:58.302000,58.0,97,92
1176,96,12,100,2024-10-21 05:27:58.302000,50.0,64,89
1177,96,166,100,2024-10-21 05:27:58.302000,73.0,65,83
1178,96,13,100,2024-10-21 05:27:58.302000,91.0,82,54
1179,96,20,100,2024-10-21 05:27:58.302000,93.0,70,75
1180,96,5,100,2024-10-21 05:27:58.302000,70.0,50,65
1181,96,97,100,2024-10-21 05:27:58.302000,78.0,75,54
1182,96,70,100,2024-10-21 05:27:58.302000,70.0,78,65
1183,96,57,100,2024-10-21 05:27:58.302000,51.0,65,51
1184,96,140,100,2024-10-21 05:27:58.302000,96.0,75,60
1185,96,33,100,2024-10-21 05:27:58.302000,66.0,89,95
1186,96,50,100,2024-10-21 05:27:58.302000,75.0,78,52
1187,97,166,100,2024-10-21 05:27:58.302000,88.0,71,66
1188,97,12,100,2024-10-21 05:27:58.302000,85.0,71,94
1189,97,17,100,2024-10-21 05:27:58.302000,53.0,59,76
1190,97,13,100,2024-10-21 05:27:58.302000,82.0,52,70
1191,97,20,100,2024-10-21 05:27:58.302000,51.0,83,75
1192,97,175,100,2024-10-21 05:27:58.302000,90.0,65,89
1193,97,67,100,2024-10-21 05:27:58.302000,82.0,58,87
1194,97,179,100,2024-10-21 05:27:58.302000,98.0,75,68
1195,97,16,100,2024-10-21 05:27:58.302000,56.0,87,68
1196,97,69,100,2024-10-21 05:27:58.302000,85.0,70,58
1197,97,1,100,2024-10-21 05:27:58.302000,54.0,88,73
1198,97,176,100,2024-10-21 05:27:58.302000,75.0,72,51
1199,98,166,100,2024-10-21 05:27:58.302000,80.0,61,98
1200,98,13,100,2024-10-21 05:27:58.302000,76.0,91,77
1201,98,12,100,2024-10-21 05:27:58.302000,69.0,90,64
1202,98,20,100,2024-10-21 05:27:58.302000,57.0,75,84
1203,98,17,100,2024-10-21 05:27:58.302000,99.0,55,97
1204,98,107,100,2024-10-21 05:27:58.302000,53.0,53,74
1205,98,69,100,2024-10-21 05:27:58.302000,56.0,99,83
1206,98,116,100,2024-10-21 05:27:58.302000,74.0,74,79
1207,98,91,100,2024-10-21 05:27:58.302000,77.0,53,92
1208,98,121,100,2024-10-21 05:27:58.302000,60.0,82,57
1209,99,12,100,2024-10-21 05:27:58.302000,55.0,85,71
1210,99,17,100,2024-10-21 05:27:58.302000,67.0,97,86
1211,99,13,100,2024-10-21 05:27:58.302000,93.0,88,54
1212,99,20,100,2024-10-21 05:27:58.302000,73.0,90,73
1213,99,166,100,2024-10-21 05:27:58.302000,66.0,66,79
1214,99,148,100,2024-10-21 05:27:58.302000,80.0,58,65
1215,99,32,100,2024-10-21 05:27:58.302000,93.0,71,65
1216,99,14,100,2024-10-21 05:27:58.302000,56.0,94,98
1217,99,21,100,2024-10-21 05:27:58.302000,76.0,53,93
1218,99,151,100,2024-10-21 05:27:58.302000,96.0,67,50
1219,99,7,100,2024-10-21 05:27:58.302000,52.0,97,55
1220,99,195,100,2024-10-21 05:27:58.302000,76.0,60,95
1221,99,41,100,2024-10-21 05:27:58.302000,71.0,89,67
1222,99,3,100,2024-10-21 05:27:58.302000,99.0,69,82
1223,99,200,100,2024-10-21 05:27:58.302000,72.0,82,83
1224,100,17,100,2024-10-21 05:27:58.302000,62.0,50,68
1225,100,20,100,2024-10-21 05:27:58.302000,54.0,65,56
1226,100,13,100,2024-10-21 05:27:58.302000,82.0,68,90
1227,100,12,100,2024-10-21 05:27:58.302000,100.0,52,70
1228,100,166,100,2024-10-21 05:27:58.302000,82.0,98,65
1229,100,194,100,2024-10-21 05:27:58.302000,85.0,64,85
1230,100,63,100,2024-10-21 05:27:58.302000,61.0,94,79
1231,100,10,100,2024-10-21 05:27:58.302000,73.0,69,93
1232,100,163,100,2024-10-21 05:27:58.302000,57.0,78,81
1233,100,14,100,2024-10-21 05:27:58.302000,57.0,73,60
1234,101,166,100,2024-10-21 05:27:58.302000,66.0,97,58
1235,101,13,100,2024-10-21 05:27:58.302000,67.0,72,53
1236,101,17,100,2024-10-21 05:27:58.302000,86.0,69,100
1237,101,12,100,2024-10-21 05:27:58.302000,93.0,74,80
1238,101,20,100,2024-10-21 05:27:58.302000,83.0,94,82
1239,101,78,100,2024-10-21 05:27:58.302000,98.0,63,50
1240,101,25,100,2024-10-21 05:27:58.302000,88.0,59,59
1241,101,167,100,2024-10-21 05:27:58.302000,98.0,67,79
1242,101,106,100,2024-10-21 05:27:58.302000,82.0,63,96
1243,101,99,100,2024-10-21 05:27:58.302000,66.0,95,89
1244,102,13,100,2024-10-21 05:27:58.303000,58.0,73,92
1245,102,17,100,2024-10-21 05:27:58.303000,73.0,86,59
1246,102,12,100,2024-10-21 05:27:58.303000,88.0,68,55
1247,102,166,100,2024-10-21 05:27:58.303000,68.0,92,61
1248,102,20,100,2024-10-21 05:27:58.303000,52.0,71,75
1249,102,57,100,2024-10-21 05:27:58.303000,92.0,50,99
1250,102,46,100,2024-10-21 05:27:58.303000,97.0,50,93
1251,102,131,100,2024-10-21 05:27:58.303000,55.0,96,52
1252,102,72,100,2024-10-21 05:27:58.303000,69.0,81,71
1253,102,137,100,2024-10-21 05:27:58.303000,55.0,78,89
1254,102,23,100,2024-10-21 05:27:58.303000,95.0,63,83
1255,102,7,100,2024-10-21 05:27:58.303000,52.0,100,62
1256,103,13,100,2024-10-21 05:27:58.303000,91.0,57,52
1257,103,166,100,2024-10-21 05:27:58.303000,93.0,70,96
1258,103,12,100,2024-10-21 05:27:58.303000,59.0,68,83
1259,103,17,100,2024-10-21 05:27:58.303000,96.0,86,82
1260,103,167,100,2024-10-21 05:27:58.303000,53.0,69,91
1261,103,106,100,2024-10-21 05:27:58.303000,87.0,54,60
1262,103,137,100,2024-10-21 05:27:58.303000,93.0,67,85
1263,103,138,100,2024-10-21 05:27:58.303000,76.0,90,90
1264,103,31,100,2024-10-21 05:27:58.303000,53.0,61,59
1265,103,78,100,2024-10-21 05:27:58.303000,55.0,66,96
1266,103,49,100,2024-10-21 05:27:58.303000,81.0,78,71
1267,103,64,100,2024-10-21 05:27:58.303000,97.0,94,90
1268,103,68,100,2024-10-21 05:27:58.303000,64.0,81,94
1269,103,67,100,2024-10-21 05:27:58.303000,98.0,83,71
1270,103,177,100,2024-10-21 05:27:58.303000,60.0,74,63
1271,104,12,100,2024-10-21 05:27:58.303000,100.0,86,99
1272,104,13,100,2024-10-21 05:27:58.303000,100.0,63,57
1273,104,166,100,2024-10-21 05:27:58.303000,63.0,93,78
1274,104,20,100,2024-10-21 05:27:58.303000,52.0,53,87
1275,104,17,100,2024-10-21 05:27:58.303000,83.0,95,57
1276,104,48,100,2024-10-21 05:27:58.303000,61.0,77,57
1277,104,110,100,2024-10-21 05:27:58.303000,69.0,75,72
1278,104,99,100,2024-10-21 05:27:58.303000,60.0,58,79
1279,104,183,100,2024-10-21 05:27:58.303000,72.0,93,95
1280,104,173,100,2024-10-21 05:27:58.303000,68.0,81,89
1281,104,55,100,2024-10-21 05:27:58.303000,99.0,69,82
1282,104,108,100,2024-10-21 05:27:58.303000,64.0,68,52
1283,105,12,100,2024-10-21 05:27:58.303000,95.0,81,50
1284,105,13,100,2024-10-21 05:27:58.303000,75.0,65,80
1285,105,166,100,2024-10-21 05:27:58.303000,54.0,69,67
1286,105,20,100,2024-10-21 05:27:58.303000,70.0,89,90
1287,105,17,100,2024-10-21 05:27:58.303000,66.0,84,50
1288,105,112,100,2024-10-21 05:27:58.303000,54.0,91,90
1289,105,157,100,2024-10-21 05:27:58.303000,51.0,51,59
1290,105,98,100,2024-10-21 05:27:58.303000,87.0,82,69
1291,105,156,100,2024-10-21 05:27:58.303000,59.0,66,89
1292,105,71,100,2024-10-21 05:27:58.303000,80.0,63,69
1293,105,99,100,2024-10-21 05:27:58.303000,78.0,55,75
1294,106,12,100,2024-10-21 05:27:58.303000,100.0,58,97
1295,106,166,100,2024-10-21 05:27:58.303000,71.0,53,77
1296,106,13,100,2024-10-21 05:27:58.303000,66.0,70,80
1297,106,20,100,2024-10-21 05:27:58.303000,88.0,52,72
1298,106,17,100,2024-10-21 05:27:58.303000,59.0,79,90
1299,106,62,100,2024-10-21 05:27:58.303000,59.0,72,81
1300,106,68,100,2024-10-21 05:27:58.303000,86.0,61,80
1301,106,186,100,2024-10-21 05:27:58.303000,70.0,69,98
1302,106,134,100,2024-10-21 05:27:58.303000,86.0,90,55
1303,106,60,100,2024-10-21 05:27:58.303000,70.0,74,96
1304,106,161,100,2024-10-21 05:27:58.303000,81.0,56,77
1305,106,114,100,2024-10-21 05:27:58.303000,94.0,85,85
1306,106,184,100,2024-10-21 05:27:58.303000,91.0,95,75
1307,106,117,100,2024-10-21 05:27:58.303000,69.0,78,55
1308,107,20,100,2024-10-21 05:27:58.303000,55.0,97,76
1309,107,166,100,2024-10-21 05:27:58.303000,74.0,89,88
1310,107,12,100,2024-10-21 05:27:58.303000,86.0,81,87
1311,107,13,100,2024-10-21 05:27:58.303000,65.0,55,64
1312,107,17,100,2024-10-21 05:27:58.303000,51.0,76,74
1313,107,34,100,2024-10-21 05:27:58.303000,89.0,85,98
1314,107,157,100,2024-10-21 05:27:58.303000,76.0,96,51
1315,107,183,100,2024-10-21 05:27:58.303000,74.0,64,94
1316,107,84,100,2024-10-21 05:27:58.303000,64.0,81,66
1317,107,59,100,2024-10-21 05:27:58.303000,75.0,65,58
1318,107,192,100,2024-10-21 05:27:58.303000,52.0,65,91
1319,107,133,100,2024-10-21 05:27:58.303000,96.0,97,97
1320,108,13,100,2024-10-21 05:27:58.303000,76.0,51,80
1321,108,12,100,2024-10-21 05:27:58.303000,59.0,85,87
1322,108,20,100,2024-10-21 05:27:58.303000,84.0,65,94
1323,108,17,100,2024-10-21 05:27:58.303000,53.0,92,58
1324,108,166,100,2024-10-21 05:27:58.303000,87.0,72,78
1325,108,191,100,2024-10-21 05:27:58.303000,50.0,90,68
1326,108,148,100,2024-10-21 05:27:58.303000,97.0,74,67
1327,108,29,100,2024-10-21 05:27:58.303000,82.0,94,88
1328,108,124,100,2024-10-21 05:27:58.303000,63.0,57,70
1329,108,163,100,2024-10-21 05:27:58.303000,99.0,51,96
1330,108,64,100,2024-10-21 05:27:58.303000,84.0,65,65
1331,108,160,100,2024-10-21 05:27:58.303000,69.0,85,54
1332,109,13,100,2024-10-21 05:27:58.303000,58.0,80,79
1333,109,12,100,2024-10-21 05:27:58.303000,74.0,93,66
1334,109,17,100,2024-10-21 05:27:58.303000,53.0,92,96
1335,109,166,100,2024-10-21 05:27:58.303000,79.0,74,94
1336,109,20,100,2024-10-21 05:27:58.303000,54.0,53,57
1337,109,70,100,2024-10-21 05:27:58.303000,90.0,74,54
1338,109,200,100,2024-10-21 05:27:58.303000,84.0,89,71
1339,109,35,100,2024-10-21 05:27:58.303000,97.0,53,50
1340,109,148,100,2024-10-21 05:27:58.303000,63.0,94,85
1341,109,100,100,2024-10-21 05:27:58.303000,100.0,89,67
1342,109,179,100,2024-10-21 05:27:58.303000,91.0,91,81
1343,110,12,100,2024-10-21 05:27:58.303000,62.0,75,98
1344,110,166,100,2024-10-21 05:27:58.303000,91.0,82,66
1345,110,13,100,2024-10-21 05:27:58.303000,71.0,95,91
1346,110,17,100,2024-10-21 05:27:58.303000,54.0,81,52
1347,110,139,100,2024-10-21 05:27:58.303000,72.0,81,58
1348,110,131,100,2024-10-21 05:27:58.303000,100.0,85,82
1349,110,8,100,2024-10-21 05:27:58.303000,83.0,53,62
1350,110,49,100,2024-10-21 05:27:58.303000,97.0,86,54
1351,110,101,100,2024-10-21 05:27:58.303000,77.0,85,78
1352,110,81,100,2024-10-21 05:27:58.303000,67.0,84,61
1353,110,36,100,2024-10-21 05:27:58.303000,61.0,72,77
1354,110,38,100,2024-10-21 05:27:58.303000,72.0,85,71
1355,110,148,100,2024-10-21 05:27:58.303000,60.0,72,76
1356,110,19,100,2024-10-21 05:27:58.303000,57.0,52,65
1357,110,142,100,2024-10-21 05:27:58.303000,84.0,82,95
1358,111,166,100,2024-10-21 05:27:58.303000,85.0,88,77
1359,111,17,100,2024-10-21 05:27:58.303000,63.0,92,84
1360,111,20,100,2024-10-21 05:27:58.303000,88.0,65,98
1361,111,13,100,2024-10-21 05:27:58.303000,62.0,56,55
1362,111,12,100,2024-10-21 05:27:58.303000,50.0,58,96
1363,111,113,100,2024-10-21 05:27:58.303000,92.0,66,86
1364,111,56,100,2024-10-21 05:27:58.303000,98.0,60,71
1365,111,136,100,2024-10-21 05:27:58.303000,97.0,100,77
1366,111,59,100,2024-10-21 05:27:58.303000,54.0,74,88
1367,111,43,100,2024-10-21 05:27:58.303000,64.0,69,75
1368,112,12,100,2024-10-21 05:27:58.303000,88.0,53,58
1369,112,20,100,2024-10-21 05:27:58.303000,63.0,72,63
1370,112,17,100,2024-10-21 05:27:58.303000,92.0,65,87
1371,112,166,100,2024-10-21 05:27:58.303000,57.0,67,77
1372,112,13,100,2024-10-21 05:27:58.303000,77.0,98,80
1373,112,91,100,2024-10-21 05:27:58.303000,97.0,98,94
1374,112,27,100,2024-10-21 05:27:58.303000,91.0,88,59
1375,112,104,100,2024-10-21 05:27:58.303000,82.0,90,65
1376,112,93,100,2024-10-21 05:27:58.303000,59.0,58,77
1377,112,194,100,2024-10-21 05:27:58.303000,94.0,86,74
1378,112,3,100,2024-10-21 05:27:58.303000,51.0,77,63
1379,112,116,100,2024-10-21 05:27:58.303000,66.0,50,77
1380,112,35,100,2024-10-21 05:27:58.303000,79.0,57,100
1381,112,109,100,2024-10-21 05:27:58.303000,94.0,85,93
1382,113,12,100,2024-10-21 05:27:58.303000,88.0,73,50
1383,113,17,100,2024-10-21 05:27:58.303000,64.0,81,68
1384,113,20,100,2024-10-21 05:27:58.303000,57.0,79,57
1385,113,13,100,2024-10-21 05:27:58.303000,54.0,73,82
1386,113,166,100,2024-10-21 05:27:58.303000,82.0,74,99
1387,113,139,100,2024-10-21 05:27:58.303000,59.0,52,96
1388,113,185,100,2024-10-21 05:27:58.303000,83.0,99,98
1389,113,50,100,2024-10-21 05:27:58.303000,87.0,55,77
1390,113,115,100,2024-10-21 05:27:58.303000,83.0,69,79
1391,113,176,100,2024-10-21 05:27:58.303000,79.0,96,52
1392,113,68,100,2024-10-21 05:27:58.303000,98.0,60,66
1393,113,107,100,2024-10-21 05:27:58.303000,63.0,64,91
1394,113,69,100,2024-10-21 05:27:58.303000,76.0,65,53
1395,113,75,100,2024-10-21 05:27:58.303000,59.0,64,94
1396,113,104,100,2024-10-21 05:27:58.303000,69.0,87,59
1397,114,13,100,2024-10-21 05:27:58.303000,57.0,71,64
1398,114,12,100,2024-10-21 05:27:58.303000,64.0,62,81
1399,114,20,100,2024-10-21 05:27:58.303000,55.0,95,79
1400,114,17,100,2024-10-21 05:27:58.303000,58.0,55,68
1401,114,166,100,2024-10-21 05:27:58.303000,65.0,96,57
1402,114,52,100,2024-10-21 05:27:58.304000,70.0,66,73
1403,114,190,100,2024-10-21 05:27:58.304000,64.0,82,89
1404,114,121,100,2024-10-21 05:27:58.304000,66.0,95,63
1405,114,149,100,2024-10-21 05:27:58.304000,74.0,63,66
1406,114,32,100,2024-10-21 05:27:58.304000,65.0,72,73
1407,114,133,100,2024-10-21 05:27:58.304000,53.0,70,96
1408,115,166,100,2024-10-21 05:27:58.304000,71.0,80,85
1409,115,13,100,2024-10-21 05:27:58.304000,63.0,57,57
1410,115,17,100,2024-10-21 05:27:58.304000,72.0,93,78
1411,115,20,100,2024-10-21 05:27:58.304000,54.0,70,76
1412,115,12,100,2024-10-21 05:27:58.304000,71.0,77,51
1413,115,196,100,2024-10-21 05:27:58.304000,73.0,54,57
1414,115,87,100,2024-10-21 05:27:58.304000,78.0,54,98
1415,115,10,100,2024-10-21 05:27:58.304000,64.0,50,64
1416,115,109,100,2024-10-21 05:27:58.304000,91.0,64,86
1417,115,189,100,2024-10-21 05:27:58.304000,78.0,67,62
1418,115,91,100,2024-10-21 05:27:58.304000,96.0,67,62
1419,116,17,100,2024-10-21 05:27:58.304000,55.0,67,68
1420,116,12,100,2024-10-21 05:27:58.304000,66.0,92,80
1421,116,13,100,2024-10-21 05:27:58.304000,79.0,57,51
1422,116,20,100,2024-10-21 05:27:58.304000,100.0,51,53
1423,116,166,100,2024-10-21 05:27:58.304000,73.0,69,50
1424,116,83,100,2024-10-21 05:27:58.304000,77.0,64,66
1425,116,164,100,2024-10-21 05:27:58.304000,67.0,62,85
1426,116,26,100,2024-10-21 05:27:58.304000,70.0,73,69
1427,116,43,100,2024-10-21 05:27:58.304000,84.0,86,50
1428,116,182,100,2024-10-21 05:27:58.304000,60.0,79,97
1429,116,154,100,2024-10-21 05:27:58.304000,92.0,95,81
1430,116,128,100,2024-10-21 05:27:58.304000,60.0,53,67
1431,116,144,100,2024-10-21 05:27:58.304000,59.0,93,86
1432,117,166,100,2024-10-21 05:27:58.304000,62.0,69,80
1433,117,20,100,2024-10-21 05:27:58.304000,57.0,74,68
1434,117,12,100,2024-10-21 05:27:58.304000,84.0,73,71
1435,117,17,100,2024-10-21 05:27:58.304000,74.0,98,84
1436,117,13,100,2024-10-21 05:27:58.304000,97.0,84,76
1437,117,29,100,2024-10-21 05:27:58.304000,87.0,59,82
1438,117,33,100,2024-10-21 05:27:58.304000,52.0,53,76
1439,117,3,100,2024-10-21 05:27:58.304000,87.0,76,50
1440,117,157,100,2024-10-21 05:27:58.304000,92.0,52,63
1441,117,193,100,2024-10-21 05:27:58.304000,58.0,53,72
1442,117,112,100,2024-10-21 05:27:58.304000,84.0,65,53
1443,117,71,100,2024-10-21 05:27:58.304000,63.0,93,75
1444,117,62,100,2024-10-21 05:27:58.304000,81.0,69,85
1445,118,12,100,2024-10-21 05:27:58.304000,50.0,61,100
1446,118,13,100,2024-10-21 05:27:58.304000,75.0,66,69
1447,118,166,100,2024-10-21 05:27:58.304000,52.0,65,71
1448,118,20,100,2024-10-21 05:27:58.304000,52.0,90,80
1449,118,105,100,2024-10-21 05:27:58.304000,60.0,82,84
1450,118,71,100,2024-10-21 05:27:58.304000,95.0,75,82
1451,118,45,100,2024-10-21 05:27:58.304000,89.0,69,88
1452,118,187,100,2024-10-21 05:27:58.304000,62.0,69,74
1453,118,151,100,2024-10-21 05:27:58.304000,69.0,72,63
1454,118,144,100,2024-10-21 05:27:58.304000,67.0,82,88
1455,118,177,100,2024-10-21 05:27:58.304000,98.0,68,53
1456,119,12,100,2024-10-21 05:27:58.304000,98.0,97,61
1457,119,166,100,2024-10-21 05:27:58.304000,65.0,99,84
1458,119,17,100,2024-10-21 05:27:58.304000,74.0,81,78
1459,119,20,100,2024-10-21 05:27:58.304000,94.0,52,69
1460,119,13,100,2024-10-21 05:27:58.304000,57.0,98,60
1461,119,51,100,2024-10-21 05:27:58.304000,91.0,51,89
1462,119,26,100,2024-10-21 05:27:58.304000,88.0,51,56
1463,119,175,100,2024-10-21 05:27:58.304000,69.0,60,67
1464,119,179,100,2024-10-21 05:27:58.304000,74.0,75,75
1465,119,142,100,2024-10-21 05:27:58.304000,57.0,100,60
1466,119,104,100,2024-10-21 05:27:58.304000,74.0,76,58
1467,119,87,100,2024-10-21 05:27:58.304000,64.0,60,53
1468,119,35,100,2024-10-21 05:27:58.304000,81.0,51,72
1469,119,79,100,2024-10-21 05:27:58.304000,66.0,95,68
1470,120,20,100,2024-10-21 05:27:58.304000,69.0,77,57
1471,120,166,100,2024-10-21 05:27:58.304000,52.0,80,60
1472,120,17,100,2024-10-21 05:27:58.304000,73.0,54,54
1473,120,12,100,2024-10-21 05:27:58.304000,76.0,77,72
1474,120,13,100,2024-10-21 05:27:58.304000,51.0,82,91
1475,120,134,100,2024-10-21 05:27:58.304000,57.0,97,60
1476,120,61,100,2024-10-21 05:27:58.304000,74.0,76,59
1477,120,104,100,2024-10-21 05:27:58.304000,68.0,58,53
1478,120,22,100,2024-10-21 05:27:58.304000,82.0,68,77
1479,120,51,100,2024-10-21 05:27:58.304000,100.0,99,65
1480,120,63,100,2024-10-21 05:27:58.304000,75.0,80,71
1481,120,83,100,2024-10-21 05:27:58.304000,80.0,55,53
1482,121,17,100,2024-10-21 05:27:58.304000,97.0,53,58
1483,121,166,100,2024-10-21 05:27:58.304000,53.0,97,97
1484,121,20,100,2024-10-21 05:27:58.304000,82.0,70,88
1485,121,13,100,2024-10-21 05:27:58.304000,67.0,90,50
1486,121,12,100,2024-10-21 05:27:58.304000,68.0,82,66
1487,121,108,100,2024-10-21 05:27:58.304000,88.0,81,91
1488,121,164,100,2024-10-21 05:27:58.304000,90.0,74,55
1489,121,186,100,2024-10-21 05:27:58.304000,89.0,75,68
1490,121,180,100,2024-10-21 05:27:58.304000,70.0,80,69
1491,121,119,100,2024-10-21 05:27:58.304000,55.0,54,59
1492,121,200,100,2024-10-21 05:27:58.304000,75.0,97,96
1493,122,12,100,2024-10-21 05:27:58.304000,98.0,94,56
1494,122,20,100,2024-10-21 05:27:58.304000,87.0,86,66
1495,122,17,100,2024-10-21 05:27:58.304000,97.0,72,57
1496,122,166,100,2024-10-21 05:27:58.304000,54.0,64,76
1497,122,13,100,2024-10-21 05:27:58.304000,73.0,98,84
1498,122,16,100,2024-10-21 05:27:58.304000,70.0,79,71
1499,122,87,100,2024-10-21 05:27:58.304000,71.0,74,89
1500,122,29,100,2024-10-21 05:27:58.304000,81.0,52,81
1501,122,126,100,2024-10-21 05:27:58.304000,50.0,64,88
1502,122,82,100,2024-10-21 05:27:58.304000,73.0,64,57
1503,123,13,100,2024-10-21 05:27:58.304000,51.0,72,89
1504,123,20,100,2024-10-21 05:27:58.304000,65.0,87,93
1505,123,12,100,2024-10-21 05:27:58.304000,94.0,82,92
1506,123,166,100,2024-10-21 05:27:58.304000,70.0,71,89
1507,123,17,100,2024-10-21 05:27:58.304000,55.0,85,73
1508,123,186,100,2024-10-21 05:27:58.304000,87.0,90,51
1509,123,145,100,2024-10-21 05:27:58.304000,61.0,91,56
1510,123,185,100,2024-10-21 05:27:58.304000,61.0,78,94
1511,123,86,100,2024-10-21 05:27:58.304000,75.0,64,52
1512,123,125,100,2024-10-21 05:27:58.304000,74.0,50,85
1513,124,13,100,2024-10-21 05:27:58.304000,75.0,65,89
1514,124,20,100,2024-10-21 05:27:58.304000,52.0,60,85
1515,124,17,100,2024-10-21 05:27:58.304000,69.0,68,82
1516,124,166,100,2024-10-21 05:27:58.304000,62.0,87,74
1517,124,12,100,2024-10-21 05:27:58.304000,77.0,50,97
1518,124,86,100,2024-10-21 05:27:58.304000,51.0,90,59
1519,124,128,100,2024-10-21 05:27:58.304000,75.0,53,69
1520,124,66,100,2024-10-21 05:27:58.304000,72.0,66,69
1521,124,36,100,2024-10-21 05:27:58.304000,76.0,66,78
1522,124,51,100,2024-10-21 05:27:58.304000,73.0,63,51
1523,124,37,100,2024-10-21 05:27:58.304000,86.0,99,83
1524,124,49,100,2024-10-21 05:27:58.304000,50.0,81,73
1525,124,145,100,2024-10-21 05:27:58.304000,99.0,90,93
1526,124,172,100,2024-10-21 05:27:58.304000,54.0,84,73
1527,125,17,100,2024-10-21 05:27:58.304000,98.0,63,72
1528,125,13,100,2024-10-21 05:27:58.304000,91.0,99,89
1529,125,166,100,2024-10-21 05:27:58.304000,58.0,63,95
1530,125,20,100,2024-10-21 05:27:58.304000,100.0,71,96
1531,125,12,100,2024-10-21 05:27:58.304000,62.0,77,76
1532,125,40,100,2024-10-21 05:27:58.304000,89.0,72,77
1533,125,164,100,2024-10-21 05:27:58.304000,59.0,67,88
1534,125,7,100,2024-10-21 05:27:58.304000,72.0,58,73
1535,125,72,100,2024-10-21 05:27:58.304000,65.0,53,56
1536,125,145,100,2024-10-21 05:27:58.304000,59.0,52,97
1537,125,37,100,2024-10-21 05:27:58.304000,67.0,67,98
1538,125,136,100,2024-10-21 05:27:58.304000,50.0,83,67
1539,125,181,100,2024-10-21 05:27:58.304000,52.0,65,79
1540,125,175,100,2024-10-21 05:27:58.304000,75.0,83,99
1541,126,20,100,2024-10-21 05:27:58.304000,66.0,92,91
1542,126,12,100,2024-10-21 05:27:58.304000,52.0,51,74
1543,126,13,100,2024-10-21 05:27:58.304000,95.0,55,85
1544,126,17,100,2024-10-21 05:27:58.304000,99.0,76,89
1545,126,166,100,2024-10-21 05:27:58.304000,71.0,85,53
1546,126,71,100,2024-10-21 05:27:58.304000,83.0,52,91
1547,126,105,100,2024-10-21 05:27:58.304000,76.0,79,96
1548,126,142,100,2024-10-21 05:27:58.304000,82.0,94,64
1549,126,154,100,2024-10-21 05:27:58.304000,57.0,77,93
1550,126,84,100,2024-10-21 05:27:58.304000,60.0,84,80
1551,126,60,100,2024-10-21 05:27:58.304000,54.0,99,98
1552,126,26,100,2024-10-21 05:27:58.304000,78.0,96,55
1553,126,141,100,2024-10-21 05:27:58.304000,87.0,98,88
1554,126,72,100,2024-10-21 05:27:58.304000,79.0,64,60
1555,126,175,100,2024-10-21 05:27:58.304000,62.0,86,70
1556,127,13,100,2024-10-21 05:27:58.304000,61.0,79,90
1557,127,166,100,2024-10-21 05:27:58.304000,100.0,63,91
1558,127,20,100,2024-10-21 05:27:58.305000,69.0,61,76
1559,127,17,100,2024-10-21 05:27:58.305000,71.0,62,51
1560,127,12,100,2024-10-21 05:27:58.305000,100.0,63,63
1561,127,122,100,2024-10-21 05:27:58.305000,80.0,72,79
1562,127,14,100,2024-10-21 05:27:58.305000,77.0,90,86
1563,127,152,100,2024-10-21 05:27:58.305000,81.0,96,75
1564,127,78,100,2024-10-21 05:27:58.305000,97.0,89,62
1565,127,131,100,2024-10-21 05:27:58.305000,68.0,85,75
1566,127,66,100,2024-10-21 05:27:58.305000,96.0,65,67
1567,128,20,100,2024-10-21 05:27:58.305000,94.0,81,65
1568,128,13,100,2024-10-21 05:27:58.305000,53.0,93,62
1569,128,17,100,2024-10-21 05:27:58.305000,71.0,53,54
1570,128,12,100,2024-10-21 05:27:58.305000,62.0,59,87
1571,128,166,100,2024-10-21 05:27:58.305000,92.0,65,52
1572,128,125,100,2024-10-21 05:27:58.305000,62.0,99,100
1573,128,177,100,2024-10-21 05:27:58.305000,82.0,72,71
1574,128,135,100,2024-10-21 05:27:58.305000,79.0,72,50
1575,128,32,100,2024-10-21 05:27:58.305000,75.0,67,71
1576,128,53,100,2024-10-21 05:27:58.305000,94.0,53,69
1577,128,169,100,2024-10-21 05:27:58.305000,77.0,96,71
1578,128,154,100,2024-10-21 05:27:58.305000,54.0,62,61
1579,128,51,100,2024-10-21 05:27:58.305000,80.0,52,68
1580,128,196,100,2024-10-21 05:27:58.305000,77.0,75,66
1581,129,17,100,2024-10-21 05:27:58.305000,88.0,85,88
1582,129,12,100,2024-10-21 05:27:58.305000,81.0,75,100
1583,129,20,100,2024-10-21 05:27:58.305000,76.0,83,84
1584,129,166,100,2024-10-21 05:27:58.305000,80.0,82,59
1585,129,13,100,2024-10-21 05:27:58.305000,83.0,66,59
1586,129,159,100,2024-10-21 05:27:58.305000,83.0,95,78
1587,129,95,100,2024-10-21 05:27:58.305000,63.0,97,70
1588,129,38,100,2024-10-21 05:27:58.305000,82.0,91,62
1589,129,118,100,2024-10-21 05:27:58.305000,93.0,80,95
1590,129,161,100,2024-10-21 05:27:58.305000,79.0,97,72
1591,129,200,100,2024-10-21 05:27:58.305000,82.0,99,86
1592,129,25,100,2024-10-21 05:27:58.305000,68.0,60,88
1593,129,103,100,2024-10-21 05:27:58.305000,88.0,92,62
1594,129,170,100,2024-10-21 05:27:58.305000,63.0,87,90
1595,129,102,100,2024-10-21 05:27:58.305000,84.0,90,77
1596,130,13,100,2024-10-21 05:27:58.305000,71.0,82,94
1597,130,20,100,2024-10-21 05:27:58.305000,62.0,84,64
1598,130,12,100,2024-10-21 05:27:58.305000,90.0,60,52
1599,130,17,100,2024-10-21 05:27:58.305000,88.0,96,53
1600,130,166,100,2024-10-21 05:27:58.305000,95.0,97,67
1601,130,73,100,2024-10-21 05:27:58.305000,73.0,89,90
1602,130,26,100,2024-10-21 05:27:58.305000,79.0,75,89
1603,130,8,100,2024-10-21 05:27:58.305000,62.0,81,82
1604,130,174,100,2024-10-21 05:27:58.305000,58.0,55,78
1605,130,131,100,2024-10-21 05:27:58.305000,84.0,59,99
1606,130,44,100,2024-10-21 05:27:58.305000,66.0,58,91
1607,130,189,100,2024-10-21 05:27:58.305000,72.0,69,77
1608,130,176,100,2024-10-21 05:27:58.305000,83.0,52,54
1609,130,122,100,2024-10-21 05:27:58.305000,83.0,78,77
1610,130,23,100,2024-10-21 05:27:58.305000,98.0,94,92
1611,131,20,100,2024-10-21 05:27:58.305000,100.0,51,79
1612,131,13,100,2024-10-21 05:27:58.305000,73.0,82,75
1613,131,12,100,2024-10-21 05:27:58.305000,64.0,80,54
1614,131,17,100,2024-10-21 05:27:58.305000,52.0,93,79
1615,131,166,100,2024-10-21 05:27:58.305000,57.0,89,84
1616,131,111,100,2024-10-21 05:27:58.305000,54.0,88,80
1617,131,193,100,2024-10-21 05:27:58.305000,51.0,86,73
1618,131,147,100,2024-10-21 05:27:58.305000,77.0,62,100
1619,131,11,100,2024-10-21 05:27:58.305000,80.0,84,55
1620,131,179,100,2024-10-21 05:27:58.305000,88.0,76,93
1621,131,136,100,2024-10-21 05:27:58.305000,85.0,67,67
1622,131,113,100,2024-10-21 05:27:58.305000,92.0,58,77
1623,132,166,100,2024-10-21 05:27:58.305000,85.0,95,70
1624,132,13,100,2024-10-21 05:27:58.305000,65.0,83,82
1625,132,20,100,2024-10-21 05:27:58.305000,66.0,70,57
1626,132,17,100,2024-10-21 05:27:58.305000,57.0,75,96
1627,132,12,100,2024-10-21 05:27:58.305000,78.0,52,65
1628,132,29,100,2024-10-21 05:27:58.305000,88.0,73,74
1629,132,191,100,2024-10-21 05:27:58.305000,52.0,55,55
1630,132,190,100,2024-10-21 05:27:58.305000,60.0,85,98
1631,132,145,100,2024-10-21 05:27:58.305000,88.0,56,57
1632,132,178,100,2024-10-21 05:27:58.305000,67.0,58,87
1633,133,166,100,2024-10-21 05:27:58.305000,88.0,54,98
1634,133,12,100,2024-10-21 05:27:58.305000,53.0,59,92
1635,133,20,100,2024-10-21 05:27:58.305000,74.0,50,59
1636,133,13,100,2024-10-21 05:27:58.305000,52.0,84,53
1637,133,17,100,2024-10-21 05:27:58.305000,99.0,64,98
1638,133,14,100,2024-10-21 05:27:58.305000,50.0,94,69
1639,133,189,100,2024-10-21 05:27:58.305000,90.0,96,70
1640,133,103,100,2024-10-21 05:27:58.305000,88.0,97,81
1641,133,85,100,2024-10-21 05:27:58.305000,54.0,81,59
1642,133,164,100,2024-10-21 05:27:58.305000,85.0,79,90
1643,133,102,100,2024-10-21 05:27:58.305000,52.0,61,85
1644,133,16,100,2024-10-21 05:27:58.305000,75.0,65,70
1645,134,17,100,2024-10-21 05:27:58.305000,83.0,92,64
1646,134,12,100,2024-10-21 05:27:58.305000,84.0,72,76
1647,134,20,100,2024-10-21 05:27:58.305000,76.0,83,61
1648,134,13,100,2024-10-21 05:27:58.305000,74.0,53,79
1649,134,166,100,2024-10-21 05:27:58.305000,80.0,95,56
1650,134,9,100,2024-10-21 05:27:58.305000,82.0,97,50
1651,134,7,100,2024-10-21 05:27:58.305000,57.0,94,100
1652,134,107,100,2024-10-21 05:27:58.305000,50.0,63,65
1653,134,72,100,2024-10-21 05:27:58.305000,71.0,90,99
1654,134,96,100,2024-10-21 05:27:58.305000,70.0,98,73
1655,134,143,100,2024-10-21 05:27:58.305000,54.0,82,63
1656,134,94,100,2024-10-21 05:27:58.305000,99.0,99,73
1657,134,25,100,2024-10-21 05:27:58.305000,58.0,83,76
1658,134,58,100,2024-10-21 05:27:58.305000,55.0,87,98
1659,135,166,100,2024-10-21 05:27:58.305000,79.0,100,71
1660,135,17,100,2024-10-21 05:27:58.305000,70.0,79,79
1661,135,12,100,2024-10-21 05:27:58.305000,93.0,60,54
1662,135,20,100,2024-10-21 05:27:58.305000,74.0,55,64
1663,135,13,100,2024-10-21 05:27:58.305000,57.0,88,77
1664,135,79,100,2024-10-21 05:27:58.305000,94.0,70,88
1665,135,92,100,2024-10-21 05:27:58.305000,59.0,62,83
1666,135,135,100,2024-10-21 05:27:58.305000,100.0,98,97
1667,135,8,100,2024-10-21 05:27:58.305000,53.0,75,81
1668,135,116,100,2024-10-21 05:27:58.305000,75.0,58,62
1669,135,186,100,2024-10-21 05:27:58.305000,53.0,59,54
1670,135,64,100,2024-10-21 05:27:58.305000,74.0,93,77
1671,135,117,100,2024-10-21 05:27:58.305000,78.0,78,87
1672,136,12,100,2024-10-21 05:27:58.305000,61.0,81,91
1673,136,166,100,2024-10-21 05:27:58.305000,81.0,81,76
1674,136,20,100,2024-10-21 05:27:58.305000,52.0,88,82
1675,136,17,100,2024-10-21 05:27:58.305000,71.0,91,100
1676,136,13,100,2024-10-21 05:27:58.305000,56.0,57,55
1677,136,93,100,2024-10-21 05:27:58.305000,69.0,75,83
1678,136,35,100,2024-10-21 05:27:58.305000,68.0,66,58
1679,136,78,100,2024-10-21 05:27:58.305000,97.0,93,65
1680,136,5,100,2024-10-21 05:27:58.305000,52.0,100,60
1681,136,10,100,2024-10-21 05:27:58.305000,74.0,73,90
1682,136,192,100,2024-10-21 05:27:58.305000,63.0,50,67
1683,136,26,100,2024-10-21 05:27:58.305000,89.0,53,77
1684,137,12,100,2024-10-21 05:27:58.305000,89.0,82,72
1685,137,17,100,2024-10-21 05:27:58.305000,53.0,71,54
1686,137,13,100,2024-10-21 05:27:58.305000,98.0,71,68
1687,137,166,100,2024-10-21 05:27:58.305000,83.0,77,51
1688,137,1,100,2024-10-21 05:27:58.305000,55.0,55,84
1689,137,195,100,2024-10-21 05:27:58.305000,53.0,50,67
1690,137,158,100,2024-10-21 05:27:58.305000,54.0,68,99
1691,137,98,100,2024-10-21 05:27:58.305000,80.0,64,79
1692,137,142,100,2024-10-21 05:27:58.305000,57.0,64,96
1693,137,52,100,2024-10-21 05:27:58.305000,97.0,73,50
1694,137,77,100,2024-10-21 05:27:58.305000,89.0,59,80
1695,137,27,100,2024-10-21 05:27:58.305000,91.0,53,70
1696,138,20,100,2024-10-21 05:27:58.305000,52.0,76,94
1697,138,166,100,2024-10-21 05:27:58.305000,81.0,73,70
1698,138,17,100,2024-10-21 05:27:58.305000,71.0,80,55
1699,138,13,100,2024-10-21 05:27:58.305000,52.0,87,81
1700,138,12,100,2024-10-21 05:27:58.305000,98.0,78,91
1701,138,162,100,2024-10-21 05:27:58.305000,66.0,88,69
1702,138,116,100,2024-10-21 05:27:58.305000,73.0,85,91
1703,138,103,100,2024-10-21 05:27:58.305000,73.0,88,96
1704,138,110,100,2024-10-21 05:27:58.305000,52.0,86,84
1705,138,44,100,2024-10-21 05:27:58.305000,63.0,56,50
1706,138,179,100,2024-10-21 05:27:58.305000,59.0,58,86
1707,138,113,100,2024-10-21 05:27:58.305000,68.0,66,64
1708,139,166,100,2024-10-21 05:27:58.305000,100.0,89,55
1709,139,17,100,2024-10-21 05:27:58.305000,98.0,67,58
1710,139,13,100,2024-10-21 05:27:58.305000,98.0,99,84
1711,139,12,100,2024-10-21 05:27:58.305000,73.0,94,62
1712,139,112,100,2024-10-21 05:27:58.305000,85.0,83,83
1713,139,153,100,2024-10-21 05:27:58.305000,95.0,97,66
1714,139,143,100,2024-10-21 05:27:58.305000,53.0,82,82
1715,139,40,100,2024-10-21 05:27:58.305000,55.0,97,72
1716,139,80,100,2024-10-21 05:27:58.305000,65.0,64,88
1717,139,64,100,2024-10-21 05:27:58.305000,73.0,74,74
1718,139,158,100,2024-10-21 05:27:58.306000,52.0,87,70
1719,140,12,100,2024-10-21 05:27:58.306000,67.0,92,77
1720,140,166,100,2024-10-21 05:27:58.306000,57.0,83,53
1721,140,17,100,2024-10-21 05:27:58.306000,82.0,51,75
1722,140,13,100,2024-10-21 05:27:58.306000,70.0,78,89
1723,140,20,100,2024-10-21 05:27:58.306000,56.0,87,96
1724,140,10,100,2024-10-21 05:27:58.306000,76.0,58,78
1725,140,197,100,2024-10-21 05:27:58.306000,56.0,68,50
1726,140,164,100,2024-10-21 05:27:58.306000,50.0,51,96
1727,140,116,100,2024-10-21 05:27:58.306000,67.0,93,76
1728,140,52,100,2024-10-21 05:27:58.306000,60.0,84,72
1729,140,68,100,2024-10-21 05:27:58.306000,78.0,52,87
1730,140,156,100,2024-10-21 05:27:58.306000,64.0,56,75
1731,140,172,100,2024-10-21 05:27:58.306000,64.0,87,80
1732,141,12,100,2024-10-21 05:27:58.306000,81.0,76,94
1733,141,166,100,2024-10-21 05:27:58.306000,83.0,77,50
1734,141,20,100,2024-10-21 05:27:58.306000,91.0,71,64
1735,141,17,100,2024-10-21 05:27:58.306000,76.0,50,93
1736,141,13,100,2024-10-21 05:27:58.306000,67.0,62,74
1737,141,18,100,2024-10-21 05:27:58.306000,89.0,86,95
1738,141,170,100,2024-10-21 05:27:58.306000,82.0,100,58
1739,141,149,100,2024-10-21 05:27:58.306000,66.0,74,85
1740,141,65,100,2024-10-21 05:27:58.306000,52.0,76,98
1741,141,140,100,2024-10-21 05:27:58.306000,52.0,51,74
1742,141,93,100,2024-10-21 05:27:58.306000,91.0,66,53
1743,141,73,100,2024-10-21 05:27:58.306000,96.0,70,74
1744,141,54,100,2024-10-21 05:27:58.306000,77.0,58,98
1745,142,166,100,2024-10-21 05:27:58.306000,86.0,90,91
1746,142,12,100,2024-10-21 05:27:58.306000,86.0,67,58
1747,142,20,100,2024-10-21 05:27:58.306000,84.0,79,89
1748,142,13,100,2024-10-21 05:27:58.306000,67.0,98,66
1749,142,17,100,2024-10-21 05:27:58.306000,53.0,87,82
1750,142,87,100,2024-10-21 05:27:58.306000,53.0,96,58
1751,142,56,100,2024-10-21 05:27:58.306000,51.0,95,54
1752,142,28,100,2024-10-21 05:27:58.306000,66.0,58,78
1753,142,14,100,2024-10-21 05:27:58.306000,63.0,60,89
1754,142,122,100,2024-10-21 05:27:58.306000,90.0,90,99
1755,143,166,100,2024-10-21 05:27:58.306000,91.0,91,66
1756,143,13,100,2024-10-21 05:27:58.306000,70.0,56,60
1757,143,20,100,2024-10-21 05:27:58.306000,89.0,53,93
1758,143,17,100,2024-10-21 05:27:58.306000,58.0,67,92
1759,143,12,100,2024-10-21 05:27:58.306000,98.0,89,59
1760,143,93,100,2024-10-21 05:27:58.306000,98.0,81,61
1761,143,49,100,2024-10-21 05:27:58.306000,55.0,57,66
1762,143,136,100,2024-10-21 05:27:58.306000,60.0,93,71
1763,143,113,100,2024-10-21 05:27:58.306000,61.0,98,77
1764,143,132,100,2024-10-21 05:27:58.306000,73.0,79,52
1765,143,40,100,2024-10-21 05:27:58.306000,67.0,80,67
1766,143,158,100,2024-10-21 05:27:58.306000,89.0,51,94
1767,143,96,100,2024-10-21 05:27:58.306000,78.0,92,78
1768,143,11,100,2024-10-21 05:27:58.306000,55.0,62,71
1769,143,33,100,2024-10-21 05:27:58.306000,69.0,87,53
1770,144,166,100,2024-10-21 05:27:58.306000,85.0,56,89
1771,144,12,100,2024-10-21 05:27:58.306000,94.0,58,61
1772,144,20,100,2024-10-21 05:27:58.306000,51.0,81,80
1773,144,13,100,2024-10-21 05:27:58.306000,68.0,89,73
1774,144,17,100,2024-10-21 05:27:58.306000,56.0,51,96
1775,144,176,100,2024-10-21 05:27:58.306000,62.0,84,81
1776,144,23,100,2024-10-21 05:27:58.306000,55.0,73,69
1777,144,8,100,2024-10-21 05:27:58.306000,72.0,51,80
1778,144,200,100,2024-10-21 05:27:58.306000,86.0,91,87
1779,144,80,100,2024-10-21 05:27:58.306000,85.0,55,81
1780,144,43,100,2024-10-21 05:27:58.306000,91.0,76,74
1781,145,166,100,2024-10-21 05:27:58.306000,97.0,81,50
1782,145,12,100,2024-10-21 05:27:58.306000,60.0,99,81
1783,145,20,100,2024-10-21 05:27:58.306000,84.0,61,55
1784,145,13,100,2024-10-21 05:27:58.306000,56.0,77,65
1785,145,17,100,2024-10-21 05:27:58.306000,93.0,58,92
1786,145,188,100,2024-10-21 05:27:58.306000,85.0,95,93
1787,145,7,100,2024-10-21 05:27:58.306000,74.0,56,94
1788,145,46,100,2024-10-21 05:27:58.306000,81.0,72,77
1789,145,96,100,2024-10-21 05:27:58.306000,72.0,88,84
1790,145,176,100,2024-10-21 05:27:58.306000,75.0,67,65
1791,146,166,100,2024-10-21 05:27:58.306000,64.0,59,94
1792,146,13,100,2024-10-21 05:27:58.306000,78.0,69,58
1793,146,17,100,2024-10-21 05:27:58.306000,88.0,50,96
1794,146,20,100,2024-10-21 05:27:58.306000,92.0,58,69
1795,146,128,100,2024-10-21 05:27:58.306000,93.0,63,93
1796,146,52,100,2024-10-21 05:27:58.306000,64.0,74,90
1797,146,8,100,2024-10-21 05:27:58.306000,52.0,78,82
1798,146,84,100,2024-10-21 05:27:58.306000,66.0,52,73
1799,146,107,100,2024-10-21 05:27:58.306000,80.0,78,80
1800,146,132,100,2024-10-21 05:27:58.306000,95.0,60,65
1801,146,36,100,2024-10-21 05:27:58.306000,64.0,62,78
1802,146,33,100,2024-10-21 05:27:58.306000,63.0,54,83
1803,146,42,100,2024-10-21 05:27:58.306000,79.0,82,66
1804,147,17,100,2024-10-21 05:27:58.306000,77.0,67,92
1805,147,13,100,2024-10-21 05:27:58.306000,91.0,55,69
1806,147,166,100,2024-10-21 05:27:58.306000,99.0,95,66
1807,147,20,100,2024-10-21 05:27:58.306000,96.0,86,93
1808,147,12,100,2024-10-21 05:27:58.306000,85.0,54,70
1809,147,114,100,2024-10-21 05:27:58.306000,79.0,72,67
1810,147,77,100,2024-10-21 05:27:58.306000,64.0,53,67
1811,147,101,100,2024-10-21 05:27:58.306000,64.0,88,89
1812,147,176,100,2024-10-21 05:27:58.306000,73.0,55,58
1813,147,66,100,2024-10-21 05:27:58.306000,63.0,84,92
1814,148,17,100,2024-10-21 05:27:58.306000,74.0,92,67
1815,148,13,100,2024-10-21 05:27:58.306000,52.0,72,59
1816,148,12,100,2024-10-21 05:27:58.306000,75.0,83,72
1817,148,20,100,2024-10-21 05:27:58.306000,86.0,57,69
1818,148,166,100,2024-10-21 05:27:58.306000,64.0,80,69
1819,148,126,100,2024-10-21 05:27:58.306000,82.0,87,76
1820,148,8,100,2024-10-21 05:27:58.306000,65.0,67,53
1821,148,50,100,2024-10-21 05:27:58.306000,100.0,66,78
1822,148,4,100,2024-10-21 05:27:58.306000,57.0,56,81
1823,148,196,100,2024-10-21 05:27:58.306000,68.0,64,80
1824,149,13,100,2024-10-21 05:27:58.306000,66.0,92,95
1825,149,20,100,2024-10-21 05:27:58.306000,66.0,91,99
1826,149,12,100,2024-10-21 05:27:58.306000,94.0,55,52
1827,149,166,100,2024-10-21 05:27:58.306000,84.0,99,77
1828,149,17,100,2024-10-21 05:27:58.306000,72.0,97,50
1829,149,89,100,2024-10-21 05:27:58.306000,56.0,52,88
1830,149,118,100,2024-10-21 05:27:58.306000,95.0,85,57
1831,149,66,100,2024-10-21 05:27:58.306000,98.0,85,67
1832,149,106,100,2024-10-21 05:27:58.306000,68.0,73,64
1833,149,30,100,2024-10-21 05:27:58.306000,86.0,64,63
1834,149,178,100,2024-10-21 05:27:58.306000,93.0,54,59
1835,149,74,100,2024-10-21 05:27:58.306000,62.0,54,99
1836,150,166,100,2024-10-21 05:27:58.306000,61.0,97,61
1837,150,12,100,2024-10-21 05:27:58.306000,71.0,72,62
1838,150,13,100,2024-10-21 05:27:58.306000,64.0,61,76
1839,150,20,100,2024-10-21 05:27:58.306000,61.0,56,86
1840,150,17,100,2024-10-21 05:27:58.306000,63.0,60,73
1841,150,72,100,2024-10-21 05:27:58.306000,65.0,81,99
1842,150,164,100,2024-10-21 05:27:58.306000,68.0,90,67
1843,150,53,100,2024-10-21 05:27:58.306000,61.0,74,62
1844,150,169,100,2024-10-21 05:27:58.306000,98.0,67,82
1845,150,14,100,2024-10-21 05:27:58.306000,89.0,64,93
1846,150,155,100,2024-10-21 05:27:58.306000,84.0,93,68
1847,150,44,100,2024-10-21 05:27:58.306000,96.0,68,80
1848,150,115,100,2024-10-21 05:27:58.306000,86.0,79,65
1849,150,153,100,2024-10-21 05:27:58.306000,52.0,92,60
1850,150,66,100,2024-10-21 05:27:58.306000,75.0,85,73
1851,151,12,100,2024-10-21 05:27:58.306000,89.0,91,51
1852,151,20,100,2024-10-21 05:27:58.306000,71.0,93,59
1853,151,17,100,2024-10-21 05:27:58.306000,70.0,79,66
1854,151,166,100,2024-10-21 05:27:58.306000,97.0,93,58
1855,151,13,100,2024-10-21 05:27:58.306000,74.0,97,91
1856,151,117,100,2024-10-21 05:27:58.306000,66.0,71,81
1857,151,177,100,2024-10-21 05:27:58.306000,82.0,80,91
1858,151,144,100,2024-10-21 05:27:58.306000,87.0,61,59
1859,151,194,100,2024-10-21 05:27:58.306000,56.0,73,78
1860,151,24,100,2024-10-21 05:27:58.306000,51.0,61,58
1861,151,22,100,2024-10-21 05:27:58.306000,83.0,54,64
1862,151,42,100,2024-10-21 05:27:58.306000,59.0,80,99
1863,151,45,100,2024-10-21 05:27:58.306000,54.0,60,75
1864,151,164,100,2024-10-21 05:27:58.306000,65.0,77,53
1865,151,200,100,2024-10-21 05:27:58.306000,84.0,96,79
1866,152,13,100,2024-10-21 05:27:58.306000,51.0,90,92
1867,152,166,100,2024-10-21 05:27:58.306000,52.0,75,82
1868,152,12,100,2024-10-21 05:27:58.306000,66.0,75,92
1869,152,17,100,2024-10-21 05:27:58.306000,82.0,92,57
1870,152,20,100,2024-10-21 05:27:58.307000,56.0,60,85
1871,152,170,100,2024-10-21 05:27:58.307000,95.0,69,77
1872,152,196,100,2024-10-21 05:27:58.307000,89.0,93,63
1873,152,114,100,2024-10-21 05:27:58.307000,91.0,71,52
1874,152,75,100,2024-10-21 05:27:58.307000,76.0,59,96
1875,152,193,100,2024-10-21 05:27:58.307000,95.0,78,66
1876,152,41,100,2024-10-21 05:27:58.307000,84.0,73,79
1877,152,96,100,2024-10-21 05:27:58.307000,93.0,76,95
1878,152,139,100,2024-10-21 05:27:58.307000,53.0,62,82
1879,153,12,100,2024-10-21 05:27:58.307000,87.0,98,67
1880,153,13,100,2024-10-21 05:27:58.307000,83.0,80,71
1881,153,17,100,2024-10-21 05:27:58.307000,57.0,58,64
1882,153,20,100,2024-10-21 05:27:58.307000,80.0,73,57
1883,153,166,100,2024-10-21 05:27:58.307000,71.0,74,68
1884,153,153,100,2024-10-21 05:27:58.307000,100.0,99,64
1885,153,111,100,2024-10-21 05:27:58.307000,77.0,62,94
1886,153,60,100,2024-10-21 05:27:58.307000,64.0,81,57
1887,153,196,100,2024-10-21 05:27:58.307000,94.0,57,87
1888,153,175,100,2024-10-21 05:27:58.307000,64.0,50,84
1889,153,182,100,2024-10-21 05:27:58.307000,63.0,58,92
1890,153,169,100,2024-10-21 05:27:58.307000,54.0,99,93
1891,154,166,100,2024-10-21 05:27:58.307000,95.0,63,75
1892,154,20,100,2024-10-21 05:27:58.307000,78.0,86,51
1893,154,12,100,2024-10-21 05:27:58.307000,54.0,71,67
1894,154,13,100,2024-10-21 05:27:58.307000,70.0,85,67
1895,154,17,100,2024-10-21 05:27:58.307000,50.0,59,59
1896,154,97,100,2024-10-21 05:27:58.307000,99.0,59,85
1897,154,135,100,2024-10-21 05:27:58.307000,86.0,72,93
1898,154,40,100,2024-10-21 05:27:58.307000,91.0,68,69
1899,154,120,100,2024-10-21 05:27:58.307000,76.0,55,76
1900,154,66,100,2024-10-21 05:27:58.307000,70.0,94,50
1901,155,13,100,2024-10-21 05:27:58.307000,51.0,76,79
1902,155,12,100,2024-10-21 05:27:58.307000,68.0,59,66
1903,155,17,100,2024-10-21 05:27:58.307000,51.0,79,63
1904,155,20,100,2024-10-21 05:27:58.307000,91.0,71,66
1905,155,62,100,2024-10-21 05:27:58.307000,73.0,55,59
1906,155,101,100,2024-10-21 05:27:58.307000,77.0,70,52
1907,155,49,100,2024-10-21 05:27:58.307000,81.0,95,80
1908,155,151,100,2024-10-21 05:27:58.307000,92.0,80,81
1909,155,141,100,2024-10-21 05:27:58.307000,63.0,73,65
1910,155,8,100,2024-10-21 05:27:58.307000,96.0,86,92
1911,155,175,100,2024-10-21 05:27:58.307000,61.0,51,87
1912,155,132,100,2024-10-21 05:27:58.307000,81.0,76,62
1913,155,50,100,2024-10-21 05:27:58.307000,76.0,57,57
1914,155,136,100,2024-10-21 05:27:58.307000,95.0,98,51
1915,155,140,100,2024-10-21 05:27:58.307000,87.0,81,93
1916,156,17,100,2024-10-21 05:27:58.307000,75.0,90,96
1917,156,166,100,2024-10-21 05:27:58.307000,63.0,82,63
1918,156,20,100,2024-10-21 05:27:58.307000,73.0,80,96
1919,156,12,100,2024-10-21 05:27:58.307000,92.0,66,98
1920,156,13,100,2024-10-21 05:27:58.307000,50.0,83,94
1921,156,86,100,2024-10-21 05:27:58.307000,89.0,62,53
1922,156,106,100,2024-10-21 05:27:58.307000,91.0,67,72
1923,156,97,100,2024-10-21 05:27:58.307000,92.0,69,67
1924,156,1,100,2024-10-21 05:27:58.307000,78.0,92,88
1925,156,23,100,2024-10-21 05:27:58.307000,89.0,95,95
1926,157,17,100,2024-10-21 05:27:58.307000,71.0,69,66
1927,157,13,100,2024-10-21 05:27:58.307000,68.0,69,57
1928,157,166,100,2024-10-21 05:27:58.307000,66.0,53,98
1929,157,12,100,2024-10-21 05:27:58.307000,65.0,62,52
1930,157,20,100,2024-10-21 05:27:58.307000,52.0,56,87
1931,157,50,100,2024-10-21 05:27:58.307000,78.0,88,89
1932,157,92,100,2024-10-21 05:27:58.307000,56.0,63,83
1933,157,82,100,2024-10-21 05:27:58.307000,52.0,60,65
1934,157,89,100,2024-10-21 05:27:58.307000,87.0,55,78
1935,157,134,100,2024-10-21 05:27:58.307000,59.0,82,60
1936,157,188,100,2024-10-21 05:27:58.307000,72.0,98,90
1937,157,126,100,2024-10-21 05:27:58.307000,97.0,69,62
1938,157,170,100,2024-10-21 05:27:58.307000,97.0,97,83
1939,157,148,100,2024-10-21 05:27:58.307000,65.0,77,93
1940,158,20,100,2024-10-21 05:27:58.307000,95.0,87,50
1941,158,13,100,2024-10-21 05:27:58.307000,72.0,75,99
1942,158,12,100,2024-10-21 05:27:58.307000,85.0,97,61
1943,158,166,100,2024-10-21 05:27:58.307000,73.0,68,57
1944,158,17,100,2024-10-21 05:27:58.307000,66.0,74,68
1945,158,123,100,2024-10-21 05:27:58.307000,81.0,56,92
1946,158,114,100,2024-10-21 05:27:58.307000,81.0,79,71
1947,158,4,100,2024-10-21 05:27:58.307000,80.0,92,89
1948,158,124,100,2024-10-21 05:27:58.307000,86.0,82,64
1949,158,46,100,2024-10-21 05:27:58.307000,96.0,89,83
1950,158,189,100,2024-10-21 05:27:58.307000,99.0,75,97
1951,158,28,100,2024-10-21 05:27:58.307000,86.0,61,58
1952,158,88,100,2024-10-21 05:27:58.307000,66.0,75,63
1953,158,23,100,2024-10-21 05:27:58.307000,77.0,92,92
1954,159,20,100,2024-10-21 05:27:58.307000,71.0,54,98
1955,159,166,100,2024-10-21 05:27:58.307000,99.0,63,65
1956,159,17,100,2024-10-21 05:27:58.307000,91.0,79,83
1957,159,12,100,2024-10-21 05:27:58.307000,92.0,62,63
1958,159,13,100,2024-10-21 05:27:58.307000,93.0,60,61
1959,159,125,100,2024-10-21 05:27:58.307000,68.0,54,59
1960,159,172,100,2024-10-21 05:27:58.307000,66.0,88,88
1961,159,192,100,2024-10-21 05:27:58.307000,59.0,55,53
1962,159,18,100,2024-10-21 05:27:58.307000,100.0,60,79
1963,159,79,100,2024-10-21 05:27:58.307000,52.0,92,98
1964,159,2,100,2024-10-21 05:27:58.307000,95.0,75,97
1965,160,20,100,2024-10-21 05:27:58.307000,55.0,72,79
1966,160,13,100,2024-10-21 05:27:58.307000,58.0,53,87
1967,160,17,100,2024-10-21 05:27:58.307000,80.0,78,66
1968,160,166,100,2024-10-21 05:27:58.307000,54.0,62,61
1969,160,12,100,2024-10-21 05:27:58.307000,99.0,91,65
1970,160,119,100,2024-10-21 05:27:58.307000,74.0,52,50
1971,160,159,100,2024-10-21 05:27:58.307000,58.0,81,97
1972,160,14,100,2024-10-21 05:27:58.307000,96.0,64,100
1973,160,138,100,2024-10-21 05:27:58.307000,95.0,66,82
1974,160,58,100,2024-10-21 05:27:58.307000,90.0,52,74
1975,160,151,100,2024-10-21 05:27:58.307000,57.0,65,73
1976,161,166,100,2024-10-21 05:27:58.307000,53.0,74,70
1977,161,20,100,2024-10-21 05:27:58.307000,66.0,64,87
1978,161,17,100,2024-10-21 05:27:58.307000,97.0,85,80
1979,161,13,100,2024-10-21 05:27:58.307000,90.0,75,77
1980,161,61,100,2024-10-21 05:27:58.307000,74.0,63,84
1981,161,48,100,2024-10-21 05:27:58.307000,77.0,87,99
1982,161,148,100,2024-10-21 05:27:58.307000,72.0,74,96
1983,161,77,100,2024-10-21 05:27:58.307000,95.0,50,80
1984,161,187,100,2024-10-21 05:27:58.307000,76.0,95,54
1985,161,35,100,2024-10-21 05:27:58.307000,96.0,99,91
1986,161,26,100,2024-10-21 05:27:58.307000,77.0,63,67
1987,161,200,100,2024-10-21 05:27:58.307000,81.0,70,80
1988,162,17,100,2024-10-21 05:27:58.307000,72.0,68,52
1989,162,12,100,2024-10-21 05:27:58.307000,87.0,53,98
1990,162,20,100,2024-10-21 05:27:58.307000,91.0,87,61
1991,162,166,100,2024-10-21 05:27:58.307000,96.0,100,97
1992,162,13,100,2024-10-21 05:27:58.307000,84.0,57,61
1993,162,111,100,2024-10-21 05:27:58.307000,73.0,76,50
1994,162,86,100,2024-10-21 05:27:58.307000,64.0,100,52
1995,162,165,100,2024-10-21 05:27:58.307000,56.0,81,89
1996,162,11,100,2024-10-21 05:27:58.307000,86.0,99,89
1997,162,70,100,2024-10-21 05:27:58.307000,95.0,53,93
1998,162,154,100,2024-10-21 05:27:58.307000,68.0,51,81
1999,162,61,100,2024-10-21 05:27:58.307000,54.0,71,97
2000,162,134,100,2024-10-21 05:27:58.307000,74.0,71,76
2001,162,25,100,2024-10-21 05:27:58.307000,85.0,83,83
2002,163,12,100,2024-10-21 05:27:58.307000,69.0,85,65
2003,163,20,100,2024-10-21 05:27:58.307000,53.0,92,81
2004,163,13,100,2024-10-21 05:27:58.307000,59.0,53,100
2005,163,166,100,2024-10-21 05:27:58.307000,87.0,99,59
2006,163,17,100,2024-10-21 05:27:58.307000,85.0,85,95
2007,163,34,100,2024-10-21 05:27:58.307000,70.0,54,58
2008,163,167,100,2024-10-21 05:27:58.307000,91.0,70,56
2009,163,88,100,2024-10-21 05:27:58.307000,57.0,54,64
2010,163,118,100,2024-10-21 05:27:58.307000,83.0,94,74
2011,163,115,100,2024-10-21 05:27:58.307000,86.0,63,84
2012,163,158,100,2024-10-21 05:27:58.307000,73.0,66,88
2013,163,171,100,2024-10-21 05:27:58.307000,80.0,73,85
2014,164,166,100,2024-10-21 05:27:58.307000,59.0,51,67
2015,164,20,100,2024-10-21 05:27:58.307000,56.0,80,90
2016,164,17,100,2024-10-21 05:27:58.307000,60.0,72,89
2017,164,12,100,2024-10-21 05:27:58.307000,53.0,51,68
2018,164,13,100,2024-10-21 05:27:58.307000,51.0,61,95
2019,164,125,100,2024-10-21 05:27:58.307000,54.0,99,78
2020,164,57,100,2024-10-21 05:27:58.307000,78.0,81,66
2021,164,177,100,2024-10-21 05:27:58.307000,92.0,98,90
2022,164,159,100,2024-10-21 05:27:58.307000,80.0,54,88
2023,164,7,100,2024-10-21 05:27:58.307000,74.0,79,88
2024,164,144,100,2024-10-21 05:27:58.307000,82.0,84,83
2025,164,9,100,2024-10-21 05:27:58.307000,50.0,86,98
2026,165,166,100,2024-10-21 05:27:58.307000,56.0,64,71
2027,165,17,100,2024-10-21 05:27:58.307000,81.0,50,82
2028,165,13,100,2024-10-21 05:27:58.307000,85.0,95,74
2029,165,20,100,2024-10-21 05:27:58.307000,88.0,52,63
2030,165,193,100,2024-10-21 05:27:58.308000,80.0,83,53
2031,165,28,100,2024-10-21 05:27:58.308000,80.0,72,93
2032,165,47,100,2024-10-21 05:27:58.308000,96.0,82,58
2033,165,41,100,2024-10-21 05:27:58.308000,51.0,88,87
2034,165,44,100,2024-10-21 05:27:58.308000,82.0,90,60
2035,165,70,100,2024-10-21 05:27:58.308000,79.0,97,73
2036,165,169,100,2024-10-21 05:27:58.308000,79.0,91,63
2037,165,7,100,2024-10-21 05:27:58.308000,95.0,70,74
2038,165,50,100,2024-10-21 05:27:58.308000,69.0,70,96
2039,166,17,100,2024-10-21 05:27:58.308000,94.0,74,100
2040,166,166,100,2024-10-21 05:27:58.308000,63.0,65,60
2041,166,20,100,2024-10-21 05:27:58.308000,98.0,80,67
2042,166,13,100,2024-10-21 05:27:58.308000,81.0,59,66
2043,166,12,100,2024-10-21 05:27:58.308000,66.0,77,74
2044,166,163,100,2024-10-21 05:27:58.308000,99.0,53,94
2045,166,167,100,2024-10-21 05:27:58.308000,89.0,65,92
2046,166,49,100,2024-10-21 05:27:58.308000,94.0,81,51
2047,166,122,100,2024-10-21 05:27:58.308000,66.0,79,78
2048,166,137,100,2024-10-21 05:27:58.308000,75.0,74,66
2049,166,109,100,2024-10-21 05:27:58.308000,83.0,69,62
2050,166,79,100,2024-10-21 05:27:58.308000,95.0,95,62
2051,166,148,100,2024-10-21 05:27:58.308000,100.0,85,52
2052,166,121,100,2024-10-21 05:27:58.308000,67.0,61,74
2053,167,20,100,2024-10-21 05:27:58.308000,62.0,86,76
2054,167,17,100,2024-10-21 05:27:58.308000,76.0,99,99
2055,167,166,100,2024-10-21 05:27:58.308000,81.0,64,50
2056,167,13,100,2024-10-21 05:27:58.308000,98.0,53,82
2057,167,12,100,2024-10-21 05:27:58.308000,95.0,86,91
2058,167,48,100,2024-10-21 05:27:58.308000,97.0,70,78
2059,167,177,100,2024-10-21 05:27:58.308000,78.0,93,56
2060,167,15,100,2024-10-21 05:27:58.308000,57.0,69,67
2061,167,27,100,2024-10-21 05:27:58.308000,54.0,61,90
2062,167,101,100,2024-10-21 05:27:58.308000,59.0,57,67
2063,167,89,100,2024-10-21 05:27:58.308000,53.0,84,68
2064,167,83,100,2024-10-21 05:27:58.308000,88.0,63,54
2065,167,43,100,2024-10-21 05:27:58.308000,79.0,59,75
2066,167,3,100,2024-10-21 05:27:58.308000,100.0,53,58
2067,167,64,100,2024-10-21 05:27:58.308000,98.0,56,85
2068,168,20,100,2024-10-21 05:27:58.308000,68.0,83,83
2069,168,12,100,2024-10-21 05:27:58.308000,94.0,95,88
2070,168,166,100,2024-10-21 05:27:58.308000,90.0,58,80
2071,168,13,100,2024-10-21 05:27:58.308000,64.0,74,63
2072,168,17,100,2024-10-21 05:27:58.308000,81.0,98,81
2073,168,58,100,2024-10-21 05:27:58.308000,99.0,100,56
2074,168,22,100,2024-10-21 05:27:58.308000,54.0,66,92
2075,168,99,100,2024-10-21 05:27:58.308000,56.0,100,50
2076,168,139,100,2024-10-21 05:27:58.308000,82.0,93,66
2077,168,90,100,2024-10-21 05:27:58.308000,75.0,60,64
2078,168,44,100,2024-10-21 05:27:58.308000,80.0,79,70
2079,168,130,100,2024-10-21 05:27:58.308000,70.0,50,57
2080,168,94,100,2024-10-21 05:27:58.308000,93.0,63,98
2081,168,56,100,2024-10-21 05:27:58.308000,79.0,56,89
2082,169,20,100,2024-10-21 05:27:58.308000,69.0,72,94
2083,169,13,100,2024-10-21 05:27:58.308000,75.0,94,85
2084,169,17,100,2024-10-21 05:27:58.308000,72.0,86,71
2085,169,166,100,2024-10-21 05:27:58.308000,96.0,93,57
2086,169,62,100,2024-10-21 05:27:58.308000,86.0,95,96
2087,169,106,100,2024-10-21 05:27:58.308000,67.0,59,75
2088,169,151,100,2024-10-21 05:27:58.308000,90.0,98,66
2089,169,142,100,2024-10-21 05:27:58.308000,68.0,78,87
2090,169,139,100,2024-10-21 05:27:58.308000,76.0,66,58
2091,169,16,100,2024-10-21 05:27:58.308000,90.0,58,69
2092,169,12,100,2024-10-21 05:27:58.308000,59.0,61,90
2093,169,4,100,2024-10-21 05:27:58.308000,57.0,51,87
2094,169,113,100,2024-10-21 05:27:58.308000,51.0,87,80
2095,169,126,100,2024-10-21 05:27:58.308000,70.0,97,58
2096,169,158,100,2024-10-21 05:27:58.308000,54.0,60,57
2097,170,17,100,2024-10-21 05:27:58.308000,75.0,80,89
2098,170,13,100,2024-10-21 05:27:58.308000,96.0,74,50
2099,170,166,100,2024-10-21 05:27:58.308000,70.0,64,70
2100,170,12,100,2024-10-21 05:27:58.308000,82.0,62,68
2101,170,42,100,2024-10-21 05:27:58.308000,71.0,88,81
2102,170,68,100,2024-10-21 05:27:58.308000,64.0,51,93
2103,170,110,100,2024-10-21 05:27:58.308000,74.0,72,56
2104,170,1,100,2024-10-21 05:27:58.308000,76.0,72,87
2105,170,151,100,2024-10-21 05:27:58.308000,74.0,77,86
2106,170,72,100,2024-10-21 05:27:58.308000,75.0,66,60
2107,170,116,100,2024-10-21 05:27:58.308000,54.0,65,97
2108,170,200,100,2024-10-21 05:27:58.308000,99.0,54,77
2109,170,61,100,2024-10-21 05:27:58.308000,73.0,74,57
2110,170,171,100,2024-10-21 05:27:58.308000,91.0,97,99
2111,170,181,100,2024-10-21 05:27:58.308000,62.0,55,91
2112,171,17,100,2024-10-21 05:27:58.308000,63.0,95,81
2113,171,12,100,2024-10-21 05:27:58.308000,84.0,73,72
2114,171,13,100,2024-10-21 05:27:58.308000,98.0,54,97
2115,171,20,100,2024-10-21 05:27:58.308000,54.0,86,52
2116,171,166,100,2024-10-21 05:27:58.308000,75.0,89,60
2117,171,40,100,2024-10-21 05:27:58.308000,81.0,65,56
2118,171,52,100,2024-10-21 05:27:58.308000,83.0,98,81
2119,171,94,100,2024-10-21 05:27:58.308000,54.0,80,57
2120,171,16,100,2024-10-21 05:27:58.308000,67.0,71,76
2121,171,69,100,2024-10-21 05:27:58.308000,67.0,79,80
2122,171,170,100,2024-10-21 05:27:58.308000,53.0,61,70
2123,171,121,100,2024-10-21 05:27:58.308000,98.0,74,96
2124,171,144,100,2024-10-21 05:27:58.308000,55.0,70,91
2125,172,12,100,2024-10-21 05:27:58.308000,84.0,91,61
2126,172,13,100,2024-10-21 05:27:58.308000,56.0,50,51
2127,172,17,100,2024-10-21 05:27:58.308000,97.0,53,73
2128,172,166,100,2024-10-21 05:27:58.308000,69.0,98,94
2129,172,20,100,2024-10-21 05:27:58.308000,62.0,62,63
2130,172,182,100,2024-10-21 05:27:58.308000,56.0,100,54
2131,172,200,100,2024-10-21 05:27:58.308000,97.0,71,90
2132,172,169,100,2024-10-21 05:27:58.308000,70.0,73,95
2133,172,173,100,2024-10-21 05:27:58.308000,62.0,80,84
2134,172,83,100,2024-10-21 05:27:58.308000,60.0,73,59
2135,172,40,100,2024-10-21 05:27:58.308000,61.0,88,97
2136,172,15,100,2024-10-21 05:27:58.308000,81.0,77,62
2137,172,41,100,2024-10-21 05:27:58.308000,91.0,92,78
2138,173,13,100,2024-10-21 05:27:58.308000,88.0,65,87
2139,173,20,100,2024-10-21 05:27:58.308000,51.0,57,94
2140,173,166,100,2024-10-21 05:27:58.308000,91.0,72,83
2141,173,12,100,2024-10-21 05:27:58.308000,71.0,83,100
2142,173,17,100,2024-10-21 05:27:58.308000,74.0,60,68
2143,173,132,100,2024-10-21 05:27:58.308000,72.0,94,53
2144,173,83,100,2024-10-21 05:27:58.308000,80.0,86,63
2145,173,58,100,2024-10-21 05:27:58.308000,73.0,91,54
2146,173,14,100,2024-10-21 05:27:58.308000,77.0,61,97
2147,173,82,100,2024-10-21 05:27:58.308000,59.0,63,68
2148,173,121,100,2024-10-21 05:27:58.308000,92.0,84,63
2149,174,12,100,2024-10-21 05:27:58.308000,59.0,67,63
2150,174,166,100,2024-10-21 05:27:58.308000,55.0,59,88
2151,174,17,100,2024-10-21 05:27:58.308000,68.0,66,89
2152,174,20,100,2024-10-21 05:27:58.308000,69.0,89,89
2153,174,10,100,2024-10-21 05:27:58.308000,89.0,81,67
2154,174,142,100,2024-10-21 05:27:58.308000,84.0,99,62
2155,174,88,100,2024-10-21 05:27:58.308000,54.0,91,53
2156,174,47,100,2024-10-21 05:27:58.308000,74.0,64,82
2157,174,172,100,2024-10-21 05:27:58.308000,55.0,71,82
2158,174,24,100,2024-10-21 05:27:58.308000,84.0,73,78
2159,174,170,100,2024-10-21 05:27:58.308000,80.0,68,53
2160,174,84,100,2024-10-21 05:27:58.308000,72.0,75,72
2161,174,40,100,2024-10-21 05:27:58.308000,86.0,90,99
2162,175,13,100,2024-10-21 05:27:58.308000,62.0,53,51
2163,175,17,100,2024-10-21 05:27:58.308000,56.0,76,73
2164,175,166,100,2024-10-21 05:27:58.308000,72.0,74,78
2165,175,20,100,2024-10-21 05:27:58.308000,80.0,83,52
2166,175,12,100,2024-10-21 05:27:58.308000,98.0,70,62
2167,175,102,100,2024-10-21 05:27:58.308000,65.0,53,86
2168,175,160,100,2024-10-21 05:27:58.308000,98.0,96,85
2169,175,3,100,2024-10-21 05:27:58.308000,57.0,74,91
2170,175,108,100,2024-10-21 05:27:58.308000,71.0,97,81
2171,175,154,100,2024-10-21 05:27:58.308000,58.0,57,80
2172,175,129,100,2024-10-21 05:27:58.308000,94.0,84,65
2173,176,17,100,2024-10-21 05:27:58.308000,100.0,54,60
2174,176,13,100,2024-10-21 05:27:58.308000,78.0,60,86
2175,176,20,100,2024-10-21 05:27:58.308000,56.0,81,91
2176,176,12,100,2024-10-21 05:27:58.308000,70.0,68,86
2177,176,166,100,2024-10-21 05:27:58.308000,51.0,64,59
2178,176,192,100,2024-10-21 05:27:58.308000,73.0,94,66
2179,176,45,100,2024-10-21 05:27:58.308000,67.0,64,50
2180,176,48,100,2024-10-21 05:27:58.308000,70.0,56,84
2181,176,169,100,2024-10-21 05:27:58.308000,73.0,60,51
2182,176,67,100,2024-10-21 05:27:58.308000,64.0,55,58
2183,176,55,100,2024-10-21 05:27:58.308000,71.0,62,54
2184,176,109,100,2024-10-21 05:27:58.308000,53.0,69,84
2185,176,188,100,2024-10-21 05:27:58.308000,91.0,54,57
2186,176,182,100,2024-10-21 05:27:58.308000,53.0,69,98
2187,176,96,100,2024-10-21 05:27:58.308000,75.0,92,59
2188,177,20,100,2024-10-21 05:27:58.308000,58.0,64,83
2189,177,17,100,2024-10-21 05:27:58.308000,96.0,72,89
2190,177,12,100,2024-10-21 05:27:58.308000,70.0,70,100
2191,177,13,100,2024-10-21 05:27:58.308000,79.0,58,96
2192,177,166,100,2024-10-21 05:27:58.308000,80.0,73,67
2193,177,66,100,2024-10-21 05:27:58.308000,96.0,53,76
2194,177,38,100,2024-10-21 05:27:58.309000,82.0,57,97
2195,177,103,100,2024-10-21 05:27:58.309000,64.0,81,75
2196,177,8,100,2024-10-21 05:27:58.309000,58.0,95,82
2197,177,79,100,2024-10-21 05:27:58.309000,91.0,83,54
2198,177,50,100,2024-10-21 05:27:58.309000,85.0,91,95
2199,177,137,100,2024-10-21 05:27:58.309000,60.0,64,90
2200,178,13,100,2024-10-21 05:27:58.309000,66.0,97,87
2201,178,12,100,2024-10-21 05:27:58.309000,60.0,79,83
2202,178,17,100,2024-10-21 05:27:58.309000,54.0,82,62
2203,178,20,100,2024-10-21 05:27:58.309000,89.0,60,93
2204,178,166,100,2024-10-21 05:27:58.309000,87.0,51,72
2205,178,95,100,2024-10-21 05:27:58.309000,55.0,98,82
2206,178,62,100,2024-10-21 05:27:58.309000,80.0,66,84
2207,178,28,100,2024-10-21 05:27:58.309000,94.0,60,65
2208,178,133,100,2024-10-21 05:27:58.309000,70.0,100,65
2209,178,190,100,2024-10-21 05:27:58.309000,57.0,73,56
2210,178,135,100,2024-10-21 05:27:58.309000,55.0,97,78
2211,179,166,100,2024-10-21 05:27:58.309000,97.0,78,68
2212,179,20,100,2024-10-21 05:27:58.309000,73.0,67,89
2213,179,13,100,2024-10-21 05:27:58.309000,78.0,83,91
2214,179,12,100,2024-10-21 05:27:58.309000,61.0,60,80
2215,179,17,100,2024-10-21 05:27:58.309000,86.0,97,86
2216,179,135,100,2024-10-21 05:27:58.309000,90.0,72,100
2217,179,181,100,2024-10-21 05:27:58.309000,76.0,67,83
2218,179,88,100,2024-10-21 05:27:58.309000,100.0,98,83
2219,179,162,100,2024-10-21 05:27:58.309000,78.0,56,91
2220,179,170,100,2024-10-21 05:27:58.309000,87.0,93,59
2221,179,101,100,2024-10-21 05:27:58.309000,91.0,56,73
2222,179,33,100,2024-10-21 05:27:58.309000,98.0,78,50
2223,179,6,100,2024-10-21 05:27:58.309000,52.0,52,74
2224,180,17,100,2024-10-21 05:27:58.309000,100.0,65,77
2225,180,13,100,2024-10-21 05:27:58.309000,79.0,90,95
2226,180,20,100,2024-10-21 05:27:58.309000,76.0,89,92
2227,180,166,100,2024-10-21 05:27:58.309000,79.0,81,54
2228,180,12,100,2024-10-21 05:27:58.309000,50.0,60,64
2229,180,171,100,2024-10-21 05:27:58.309000,95.0,76,50
2230,180,130,100,2024-10-21 05:27:58.309000,95.0,60,59
2231,180,68,100,2024-10-21 05:27:58.309000,54.0,76,78
2232,180,98,100,2024-10-21 05:27:58.309000,58.0,73,55
2233,180,9,100,2024-10-21 05:27:58.309000,84.0,92,81
2234,181,166,100,2024-10-21 05:27:58.309000,52.0,88,90
2235,181,13,100,2024-10-21 05:27:58.309000,82.0,59,86
2236,181,17,100,2024-10-21 05:27:58.309000,50.0,78,80
2237,181,20,100,2024-10-21 05:27:58.309000,92.0,64,87
2238,181,12,100,2024-10-21 05:27:58.309000,56.0,79,71
2239,181,97,100,2024-10-21 05:27:58.309000,78.0,87,87
2240,181,4,100,2024-10-21 05:27:58.309000,99.0,96,83
2241,181,89,100,2024-10-21 05:27:58.309000,50.0,78,56
2242,181,171,100,2024-10-21 05:27:58.309000,74.0,70,82
2243,181,125,100,2024-10-21 05:27:58.309000,93.0,65,58
2244,181,48,100,2024-10-21 05:27:58.309000,93.0,79,80
2245,181,16,100,2024-10-21 05:27:58.309000,72.0,52,63
2246,181,177,100,2024-10-21 05:27:58.309000,55.0,94,91
2247,181,51,100,2024-10-21 05:27:58.309000,72.0,70,91
2248,182,20,100,2024-10-21 05:27:58.309000,95.0,79,56
2249,182,13,100,2024-10-21 05:27:58.309000,99.0,70,83
2250,182,166,100,2024-10-21 05:27:58.309000,70.0,66,78
2251,182,17,100,2024-10-21 05:27:58.309000,65.0,94,86
2252,182,12,100,2024-10-21 05:27:58.309000,56.0,79,89
2253,182,193,100,2024-10-21 05:27:58.309000,84.0,100,67
2254,182,96,100,2024-10-21 05:27:58.309000,62.0,92,88
2255,182,182,100,2024-10-21 05:27:58.309000,83.0,58,80
2256,182,108,100,2024-10-21 05:27:58.309000,51.0,58,96
2257,182,156,100,2024-10-21 05:27:58.309000,69.0,65,60
2258,182,40,100,2024-10-21 05:27:58.309000,78.0,98,68
2259,183,17,100,2024-10-21 05:27:58.309000,71.0,93,62
2260,183,13,100,2024-10-21 05:27:58.309000,84.0,87,96
2261,183,20,100,2024-10-21 05:27:58.309000,99.0,61,95
2262,183,12,100,2024-10-21 05:27:58.309000,63.0,68,65
2263,183,166,100,2024-10-21 05:27:58.309000,68.0,58,69
2264,183,135,100,2024-10-21 05:27:58.309000,98.0,94,96
2265,183,104,100,2024-10-21 05:27:58.309000,83.0,88,71
2266,183,22,100,2024-10-21 05:27:58.309000,66.0,54,64
2267,183,155,100,2024-10-21 05:27:58.309000,69.0,94,94
2268,183,95,100,2024-10-21 05:27:58.309000,71.0,72,89
2269,184,12,100,2024-10-21 05:27:58.309000,96.0,55,54
2270,184,20,100,2024-10-21 05:27:58.309000,57.0,80,95
2271,184,13,100,2024-10-21 05:27:58.309000,87.0,94,97
2272,184,17,100,2024-10-21 05:27:58.309000,58.0,61,72
2273,184,166,100,2024-10-21 05:27:58.309000,78.0,55,79
2274,184,38,100,2024-10-21 05:27:58.309000,78.0,75,83
2275,184,150,100,2024-10-21 05:27:58.309000,78.0,85,76
2276,184,6,100,2024-10-21 05:27:58.309000,98.0,66,55
2277,184,49,100,2024-10-21 05:27:58.309000,73.0,71,70
2278,184,191,100,2024-10-21 05:27:58.309000,91.0,62,71
2279,184,15,100,2024-10-21 05:27:58.309000,85.0,54,83
2280,184,125,100,2024-10-21 05:27:58.309000,51.0,65,90
2281,184,168,100,2024-10-21 05:27:58.309000,71.0,90,62
2282,185,166,100,2024-10-21 05:27:58.309000,83.0,86,50
2283,185,20,100,2024-10-21 05:27:58.309000,69.0,70,70
2284,185,12,100,2024-10-21 05:27:58.309000,67.0,51,67
2285,185,13,100,2024-10-21 05:27:58.309000,70.0,82,60
2286,185,141,100,2024-10-21 05:27:58.309000,67.0,78,76
2287,185,33,100,2024-10-21 05:27:58.309000,52.0,92,65
2288,185,4,100,2024-10-21 05:27:58.309000,71.0,96,71
2289,185,96,100,2024-10-21 05:27:58.309000,88.0,69,76
2290,185,144,100,2024-10-21 05:27:58.309000,72.0,74,95
2291,185,64,100,2024-10-21 05:27:58.309000,89.0,56,72
2292,185,174,100,2024-10-21 05:27:58.309000,79.0,63,70
2293,185,148,100,2024-10-21 05:27:58.309000,69.0,54,89
2294,186,166,100,2024-10-21 05:27:58.309000,69.0,96,88
2295,186,20,100,2024-10-21 05:27:58.309000,87.0,52,88
2296,186,13,100,2024-10-21 05:27:58.309000,81.0,53,79
2297,186,12,100,2024-10-21 05:27:58.309000,76.0,78,80
2298,186,190,100,2024-10-21 05:27:58.309000,80.0,74,53
2299,186,157,100,2024-10-21 05:27:58.309000,98.0,62,96
2300,186,28,100,2024-10-21 05:27:58.309000,64.0,98,99
2301,186,121,100,2024-10-21 05:27:58.309000,84.0,96,53
2302,186,151,100,2024-10-21 05:27:58.309000,96.0,58,71
2303,186,97,100,2024-10-21 05:27:58.309000,95.0,98,93
2304,186,169,100,2024-10-21 05:27:58.309000,53.0,81,96
2305,186,8,100,2024-10-21 05:27:58.309000,67.0,85,59
2306,186,32,100,2024-10-21 05:27:58.309000,96.0,83,64
2307,186,73,100,2024-10-21 05:27:58.309000,74.0,59,72
2308,186,98,100,2024-10-21 05:27:58.309000,72.0,94,62
2309,187,20,100,2024-10-21 05:27:58.309000,57.0,74,50
2310,187,13,100,2024-10-21 05:27:58.309000,97.0,60,96
2311,187,166,100,2024-10-21 05:27:58.309000,55.0,94,69
2312,187,17,100,2024-10-21 05:27:58.309000,55.0,51,70
2313,187,12,100,2024-10-21 05:27:58.309000,67.0,63,56
2314,187,72,100,2024-10-21 05:27:58.309000,86.0,72,82
2315,187,69,100,2024-10-21 05:27:58.309000,60.0,98,86
2316,187,175,100,2024-10-21 05:27:58.309000,87.0,66,83
2317,187,30,100,2024-10-21 05:27:58.309000,80.0,80,72
2318,187,189,100,2024-10-21 05:27:58.309000,68.0,60,94
2319,187,48,100,2024-10-21 05:27:58.309000,65.0,51,75
2320,187,171,100,2024-10-21 05:27:58.309000,71.0,63,96
2321,187,167,100,2024-10-21 05:27:58.309000,50.0,66,53
2322,188,13,100,2024-10-21 05:27:58.309000,100.0,53,58
2323,188,17,100,2024-10-21 05:27:58.309000,91.0,81,58
2324,188,12,100,2024-10-21 05:27:58.309000,93.0,82,65
2325,188,20,100,2024-10-21 05:27:58.309000,88.0,90,64
2326,188,166,100,2024-10-21 05:27:58.309000,71.0,76,89
2327,188,177,100,2024-10-21 05:27:58.309000,60.0,56,94
2328,188,162,100,2024-10-21 05:27:58.309000,95.0,60,87
2329,188,140,100,2024-10-21 05:27:58.309000,68.0,100,50
2330,188,36,100,2024-10-21 05:27:58.309000,53.0,99,78
2331,188,44,100,2024-10-21 05:27:58.309000,58.0,64,86
2332,188,106,100,2024-10-21 05:27:58.309000,99.0,69,84
2333,188,113,100,2024-10-21 05:27:58.309000,80.0,68,59
2334,189,17,100,2024-10-21 05:27:58.309000,89.0,54,72
2335,189,12,100,2024-10-21 05:27:58.309000,51.0,76,78
2336,189,20,100,2024-10-21 05:27:58.309000,75.0,71,79
2337,189,13,100,2024-10-21 05:27:58.309000,89.0,67,54
2338,189,161,100,2024-10-21 05:27:58.309000,67.0,97,62
2339,189,112,100,2024-10-21 05:27:58.309000,94.0,54,72
2340,189,54,100,2024-10-21 05:27:58.309000,95.0,51,98
2341,189,19,100,2024-10-21 05:27:58.309000,51.0,58,69
2342,189,62,100,2024-10-21 05:27:58.309000,88.0,98,50
2343,189,111,100,2024-10-21 05:27:58.309000,87.0,62,70
2344,189,38,100,2024-10-21 05:27:58.309000,60.0,62,65
2345,189,181,100,2024-10-21 05:27:58.309000,51.0,75,88
2346,189,41,100,2024-10-21 05:27:58.309000,92.0,67,58
2347,190,13,100,2024-10-21 05:27:58.309000,80.0,85,89
2348,190,12,100,2024-10-21 05:27:58.309000,89.0,84,97
2349,190,17,100,2024-10-21 05:27:58.309000,83.0,76,56
2350,190,166,100,2024-10-21 05:27:58.310000,92.0,60,66
2351,190,20,100,2024-10-21 05:27:58.310000,79.0,61,66
2352,190,33,100,2024-10-21 05:27:58.310000,88.0,89,62
2353,190,156,100,2024-10-21 05:27:58.310000,98.0,87,66
2354,190,46,100,2024-10-21 05:27:58.310000,75.0,55,88
2355,190,146,100,2024-10-21 05:27:58.310000,70.0,74,58
2356,190,147,100,2024-10-21 05:27:58.310000,99.0,98,63
2357,190,40,100,2024-10-21 05:27:58.310000,84.0,89,93
2358,190,65,100,2024-10-21 05:27:58.310000,56.0,81,59
2359,190,39,100,2024-10-21 05:27:58.310000,95.0,58,86
2360,190,192,100,2024-10-21 05:27:58.310000,58.0,70,83
2361,191,20,100,2024-10-21 05:27:58.310000,80.0,84,62
2362,191,13,100,2024-10-21 05:27:58.310000,69.0,90,94
2363,191,12,100,2024-10-21 05:27:58.310000,82.0,72,78
2364,191,166,100,2024-10-21 05:27:58.310000,74.0,55,52
2365,191,17,100,2024-10-21 05:27:58.310000,69.0,100,65
2366,191,146,100,2024-10-21 05:27:58.310000,78.0,76,60
2367,191,59,100,2024-10-21 05:27:58.310000,79.0,96,50
2368,191,43,100,2024-10-21 05:27:58.310000,77.0,77,73
2369,191,66,100,2024-10-21 05:27:58.310000,74.0,83,50
2370,191,79,100,2024-10-21 05:27:58.310000,57.0,81,54
2371,191,101,100,2024-10-21 05:27:58.310000,61.0,98,77
2372,191,1,100,2024-10-21 05:27:58.310000,56.0,59,88
2373,192,20,100,2024-10-21 05:27:58.310000,61.0,57,97
2374,192,166,100,2024-10-21 05:27:58.310000,99.0,55,98
2375,192,12,100,2024-10-21 05:27:58.310000,93.0,53,72
2376,192,17,100,2024-10-21 05:27:58.310000,98.0,98,95
2377,192,13,100,2024-10-21 05:27:58.310000,94.0,69,67
2378,192,107,100,2024-10-21 05:27:58.310000,73.0,56,60
2379,192,28,100,2024-10-21 05:27:58.310000,99.0,90,82
2380,192,161,100,2024-10-21 05:27:58.310000,56.0,99,84
2381,192,61,100,2024-10-21 05:27:58.310000,61.0,73,54
2382,192,33,100,2024-10-21 05:27:58.310000,93.0,75,84
2383,192,43,100,2024-10-21 05:27:58.310000,81.0,92,87
2384,192,73,100,2024-10-21 05:27:58.310000,53.0,58,56
2385,192,52,100,2024-10-21 05:27:58.310000,72.0,89,63
2386,192,69,100,2024-10-21 05:27:58.310000,85.0,68,55
2387,192,64,100,2024-10-21 05:27:58.310000,78.0,98,60
2388,193,20,100,2024-10-21 05:27:58.310000,91.0,90,82
2389,193,17,100,2024-10-21 05:27:58.310000,82.0,97,50
2390,193,166,100,2024-10-21 05:27:58.310000,62.0,99,76
2391,193,12,100,2024-10-21 05:27:58.310000,63.0,98,56
2392,193,13,100,2024-10-21 05:27:58.310000,66.0,61,50
2393,193,113,100,2024-10-21 05:27:58.310000,98.0,66,50
2394,193,4,100,2024-10-21 05:27:58.310000,64.0,79,94
2395,193,129,100,2024-10-21 05:27:58.310000,91.0,67,62
2396,193,14,100,2024-10-21 05:27:58.310000,95.0,58,82
2397,193,139,100,2024-10-21 05:27:58.310000,53.0,66,59
2398,193,169,100,2024-10-21 05:27:58.310000,65.0,82,51
2399,193,123,100,2024-10-21 05:27:58.310000,86.0,52,99
2400,193,127,100,2024-10-21 05:27:58.310000,81.0,79,50
2401,193,149,100,2024-10-21 05:27:58.310000,85.0,94,57
2402,193,147,100,2024-10-21 05:27:58.310000,90.0,67,91
2403,194,17,100,2024-10-21 05:27:58.310000,77.0,54,52
2404,194,166,100,2024-10-21 05:27:58.310000,75.0,58,79
2405,194,20,100,2024-10-21 05:27:58.310000,53.0,90,57
2406,194,12,100,2024-10-21 05:27:58.310000,63.0,93,96
2407,194,13,100,2024-10-21 05:27:58.310000,68.0,56,59
2408,194,122,100,2024-10-21 05:27:58.310000,57.0,98,80
2409,194,85,100,2024-10-21 05:27:58.310000,98.0,99,71
2410,194,34,100,2024-10-21 05:27:58.310000,59.0,83,73
2411,194,175,100,2024-10-21 05:27:58.310000,51.0,56,82
2412,194,186,100,2024-10-21 05:27:58.310000,64.0,59,80
2413,194,123,100,2024-10-21 05:27:58.310000,85.0,91,73
2414,194,151,100,2024-10-21 05:27:58.310000,77.0,54,60
2415,194,135,100,2024-10-21 05:27:58.310000,66.0,67,51
2416,194,148,100,2024-10-21 05:27:58.310000,96.0,97,56
2417,195,12,100,2024-10-21 05:27:58.310000,98.0,66,74
2418,195,166,100,2024-10-21 05:27:58.310000,69.0,65,84
2419,195,20,100,2024-10-21 05:27:58.310000,75.0,98,84
2420,195,13,100,2024-10-21 05:27:58.310000,79.0,57,83
2421,195,17,100,2024-10-21 05:27:58.310000,54.0,67,97
2422,195,93,100,2024-10-21 05:27:58.310000,86.0,64,65
2423,195,39,100,2024-10-21 05:27:58.310000,59.0,96,91
2424,195,28,100,2024-10-21 05:27:58.310000,75.0,71,50
2425,195,94,100,2024-10-21 05:27:58.310000,69.0,54,97
2426,195,31,100,2024-10-21 05:27:58.310000,63.0,85,65
2427,195,22,100,2024-10-21 05:27:58.310000,83.0,58,75
2428,195,111,100,2024-10-21 05:27:58.310000,87.0,60,70
2429,195,143,100,2024-10-21 05:27:58.310000,93.0,60,54
2430,195,153,100,2024-10-21 05:27:58.310000,65.0,54,68
2431,195,200,100,2024-10-21 05:27:58.310000,65.0,54,66
2432,196,17,100,2024-10-21 05:27:58.310000,74.0,94,69
2433,196,12,100,2024-10-21 05:27:58.310000,71.0,90,57
2434,196,13,100,2024-10-21 05:27:58.310000,55.0,86,75
2435,196,166,100,2024-10-21 05:27:58.310000,96.0,50,55
2436,196,20,100,2024-10-21 05:27:58.310000,92.0,86,60
2437,196,154,100,2024-10-21 05:27:58.310000,81.0,93,61
2438,196,146,100,2024-10-21 05:27:58.310000,76.0,59,94
2439,196,179,100,2024-10-21 05:27:58.310000,92.0,86,70
2440,196,24,100,2024-10-21 05:27:58.310000,96.0,94,77
2441,196,194,100,2024-10-21 05:27:58.310000,100.0,87,69
2442,196,90,100,2024-10-21 05:27:58.310000,87.0,88,84
2443,196,165,100,2024-10-21 05:27:58.310000,66.0,51,72
2444,197,166,100,2024-10-21 05:27:58.310000,52.0,93,97
2445,197,20,100,2024-10-21 05:27:58.310000,60.0,85,64
2446,197,17,100,2024-10-21 05:27:58.310000,80.0,78,62
2447,197,13,100,2024-10-21 05:27:58.310000,70.0,71,52
2448,197,12,100,2024-10-21 05:27:58.310000,78.0,83,56
2449,197,77,100,2024-10-21 05:27:58.310000,60.0,91,74
2450,197,111,100,2024-10-21 05:27:58.310000,84.0,50,63
2451,197,148,100,2024-10-21 05:27:58.310000,77.0,88,82
2452,197,25,100,2024-10-21 05:27:58.310000,60.0,82,100
2453,197,177,100,2024-10-21 05:27:58.310000,76.0,54,75
2454,197,127,100,2024-10-21 05:27:58.310000,76.0,100,85
2455,197,179,100,2024-10-21 05:27:58.310000,77.0,85,86
2456,198,13,100,2024-10-21 05:27:58.310000,83.0,94,56
2457,198,17,100,2024-10-21 05:27:58.310000,60.0,98,99
2458,198,20,100,2024-10-21 05:27:58.310000,64.0,71,87
2459,198,12,100,2024-10-21 05:27:58.310000,64.0,74,62
2460,198,166,100,2024-10-21 05:27:58.310000,100.0,76,84
2461,198,128,100,2024-10-21 05:27:58.310000,99.0,84,69
2462,198,73,100,2024-10-21 05:27:58.310000,62.0,68,90
2463,198,122,100,2024-10-21 05:27:58.310000,83.0,74,57
2464,198,49,100,2024-10-21 05:27:58.310000,59.0,100,61
2465,198,161,100,2024-10-21 05:27:58.310000,52.0,86,67
2466,198,165,100,2024-10-21 05:27:58.310000,73.0,78,76
2467,199,17,100,2024-10-21 05:27:58.310000,52.0,96,56
2468,199,20,100,2024-10-21 05:27:58.310000,99.0,73,70
2469,199,12,100,2024-10-21 05:27:58.310000,56.0,84,69
2470,199,13,100,2024-10-21 05:27:58.310000,66.0,79,60
2471,199,166,100,2024-10-21 05:27:58.310000,59.0,76,96
2472,199,51,100,2024-10-21 05:27:58.310000,77.0,92,50
2473,199,134,100,2024-10-21 05:27:58.310000,78.0,90,74
2474,199,192,100,2024-10-21 05:27:58.310000,62.0,71,72
2475,199,32,100,2024-10-21 05:27:58.310000,87.0,67,77
2476,199,114,100,2024-10-21 05:27:58.310000,78.0,58,55
2477,199,39,100,2024-10-21 05:27:58.310000,94.0,69,86
2478,199,48,100,2024-10-21 05:27:58.310000,89.0,79,62
2479,199,185,100,2024-10-21 05:27:58.310000,98.0,88,52
2480,199,74,100,2024-10-21 05:27:58.310000,86.0,99,60
2481,200,166,100,2024-10-21 05:27:58.310000,80.0,67,54
2482,200,17,100,2024-10-21 05:27:58.310000,88.0,98,58
2483,200,13,100,2024-10-21 05:27:58.310000,70.0,67,51
2484,200,20,100,2024-10-21 05:27:58.310000,64.0,61,80
2485,200,12,100,2024-10-21 05:27:58.310000,54.0,100,93
2486,200,69,100,2024-10-21 05:27:58.310000,60.0,90,67
2487,200,141,100,2024-10-21 05:27:58.310000,65.0,64,100
2488,200,22,100,2024-10-21 05:27:58.310000,76.0,73,98
2489,200,55,100,2024-10-21 05:27:58.310000,57.0,63,75
2490,200,15,100,2024-10-21 05:27:58.310000,53.0,70,61
2491,200,40,100,2024-10-21 05:27:58.310000,61.0,96,77
2492,200,94,100,2024-10-21 05:27:58.310000,92.0,69,75
2493,201,12,100,2024-10-21 05:27:58.310000,78.0,59,98
2494,201,166,100,2024-10-21 05:27:58.310000,70.0,63,82
2495,201,20,100,2024-10-21 05:27:58.310000,79.0,61,86
2496,201,13,100,2024-10-21 05:27:58.310000,60.0,98,81
2497,201,17,100,2024-10-21 05:27:58.310000,95.0,53,71
2498,201,176,100,2024-10-21 05:27:58.310000,61.0,84,61
2499,201,170,100,2024-10-21 05:27:58.310000,83.0,95,56
2500,201,74,100,2024-10-21 05:27:58.310000,76.0,82,99
2501,201,88,100,2024-10-21 05:27:58.310000,89.0,57,90
2502,201,116,100,2024-10-21 05:27:58.310000,85.0,83,94
2503,202,12,100,2024-10-21 05:27:58.310000,100.0,68,82
2504,202,13,100,2024-10-21 05:27:58.310000,75.0,99,88
2505,202,166,100,2024-10-21 05:27:58.310000,94.0,88,62
2506,202,17,100,2024-10-21 05:27:58.310000,60.0,63,99
2507,202,20,100,2024-10-21 05:27:58.311000,62.0,67,61
2508,202,102,100,2024-10-21 05:27:58.311000,94.0,71,85
2509,202,99,100,2024-10-21 05:27:58.311000,55.0,100,64
2510,202,196,100,2024-10-21 05:27:58.311000,62.0,72,96
2511,202,67,100,2024-10-21 05:27:58.311000,79.0,84,71
2512,202,43,100,2024-10-21 05:27:58.311000,87.0,85,55
2513,202,190,100,2024-10-21 05:27:58.311000,53.0,75,64
2514,202,125,100,2024-10-21 05:27:58.311000,87.0,66,79
2515,203,13,100,2024-10-21 05:27:58.311000,61.0,69,93
2516,203,17,100,2024-10-21 05:27:58.311000,98.0,80,90
2517,203,20,100,2024-10-21 05:27:58.311000,87.0,79,97
2518,203,12,100,2024-10-21 05:27:58.311000,66.0,64,62
2519,203,166,100,2024-10-21 05:27:58.311000,95.0,89,79
2520,203,31,100,2024-10-21 05:27:58.311000,51.0,71,59
2521,203,7,100,2024-10-21 05:27:58.311000,76.0,70,90
2522,203,46,100,2024-10-21 05:27:58.311000,69.0,66,64
2523,203,125,100,2024-10-21 05:27:58.311000,93.0,90,79
2524,203,103,100,2024-10-21 05:27:58.311000,74.0,59,58
2525,203,60,100,2024-10-21 05:27:58.311000,87.0,81,80
2526,203,194,100,2024-10-21 05:27:58.311000,58.0,99,71
2527,203,4,100,2024-10-21 05:27:58.311000,87.0,83,99
2528,203,113,100,2024-10-21 05:27:58.311000,51.0,60,65
2529,204,17,100,2024-10-21 05:27:58.311000,86.0,60,67
2530,204,13,100,2024-10-21 05:27:58.311000,81.0,88,71
2531,204,20,100,2024-10-21 05:27:58.311000,66.0,100,93
2532,204,166,100,2024-10-21 05:27:58.311000,76.0,77,64
2533,204,12,100,2024-10-21 05:27:58.311000,70.0,84,54
2534,204,31,100,2024-10-21 05:27:58.311000,88.0,72,59
2535,204,173,100,2024-10-21 05:27:58.311000,78.0,84,87
2536,204,131,100,2024-10-21 05:27:58.311000,97.0,100,58
2537,204,159,100,2024-10-21 05:27:58.311000,55.0,70,87
2538,204,84,100,2024-10-21 05:27:58.311000,88.0,92,51
2539,205,17,100,2024-10-21 05:27:58.311000,83.0,85,63
2540,205,166,100,2024-10-21 05:27:58.311000,56.0,79,69
2541,205,13,100,2024-10-21 05:27:58.311000,98.0,95,53
2542,205,12,100,2024-10-21 05:27:58.311000,69.0,54,72
2543,205,101,100,2024-10-21 05:27:58.311000,93.0,88,65
2544,205,133,100,2024-10-21 05:27:58.311000,61.0,80,80
2545,205,29,100,2024-10-21 05:27:58.311000,76.0,63,89
2546,205,183,100,2024-10-21 05:27:58.311000,75.0,63,61
2547,205,121,100,2024-10-21 05:27:58.311000,87.0,100,62
2548,205,99,100,2024-10-21 05:27:58.311000,58.0,95,50
2549,206,12,100,2024-10-21 05:27:58.311000,98.0,85,94
2550,206,13,100,2024-10-21 05:27:58.311000,85.0,58,89
2551,206,166,100,2024-10-21 05:27:58.311000,84.0,92,81
2552,206,17,100,2024-10-21 05:27:58.311000,100.0,84,93
2553,206,20,100,2024-10-21 05:27:58.311000,88.0,70,56
2554,206,41,100,2024-10-21 05:27:58.311000,56.0,71,96
2555,206,194,100,2024-10-21 05:27:58.311000,85.0,89,76
2556,206,31,100,2024-10-21 05:27:58.311000,84.0,91,91
2557,206,192,100,2024-10-21 05:27:58.311000,52.0,55,75
2558,206,160,100,2024-10-21 05:27:58.311000,51.0,79,76
2559,206,107,100,2024-10-21 05:27:58.311000,77.0,90,96
2560,206,78,100,2024-10-21 05:27:58.311000,99.0,100,69
2561,206,70,100,2024-10-21 05:27:58.311000,59.0,58,99
2562,206,170,100,2024-10-21 05:27:58.311000,83.0,74,60
2563,206,43,100,2024-10-21 05:27:58.311000,68.0,73,90
2564,207,12,100,2024-10-21 05:27:58.311000,57.0,59,83
2565,207,13,100,2024-10-21 05:27:58.311000,65.0,60,58
2566,207,17,100,2024-10-21 05:27:58.311000,72.0,68,82
2567,207,166,100,2024-10-21 05:27:58.311000,88.0,61,93
2568,207,20,100,2024-10-21 05:27:58.311000,80.0,89,87
2569,207,178,100,2024-10-21 05:27:58.311000,94.0,54,100
2570,207,133,100,2024-10-21 05:27:58.311000,63.0,69,65
2571,207,77,100,2024-10-21 05:27:58.311000,74.0,71,98
2572,207,118,100,2024-10-21 05:27:58.311000,53.0,88,89
2573,207,53,100,2024-10-21 05:27:58.311000,78.0,78,74
2574,207,170,100,2024-10-21 05:27:58.311000,82.0,75,51
2575,207,30,100,2024-10-21 05:27:58.311000,99.0,51,96
2576,208,17,100,2024-10-21 05:27:58.311000,73.0,69,87
2577,208,12,100,2024-10-21 05:27:58.311000,95.0,82,97
2578,208,166,100,2024-10-21 05:27:58.311000,52.0,52,66
2579,208,13,100,2024-10-21 05:27:58.311000,77.0,63,67
2580,208,39,100,2024-10-21 05:27:58.311000,86.0,98,50
2581,208,35,100,2024-10-21 05:27:58.311000,95.0,78,71
2582,208,141,100,2024-10-21 05:27:58.311000,91.0,78,71
2583,208,193,100,2024-10-21 05:27:58.311000,92.0,91,91
2584,208,89,100,2024-10-21 05:27:58.311000,97.0,58,81
2585,208,4,100,2024-10-21 05:27:58.311000,82.0,98,76
2586,209,17,100,2024-10-21 05:27:58.311000,82.0,52,60
2587,209,12,100,2024-10-21 05:27:58.311000,94.0,66,76
2588,209,13,100,2024-10-21 05:27:58.311000,53.0,66,64
2589,209,166,100,2024-10-21 05:27:58.311000,76.0,97,77
2590,209,20,100,2024-10-21 05:27:58.311000,90.0,86,65
2591,209,45,100,2024-10-21 05:27:58.311000,59.0,53,50
2592,209,81,100,2024-10-21 05:27:58.311000,72.0,63,95
2593,209,180,100,2024-10-21 05:27:58.311000,62.0,60,71
2594,209,116,100,2024-10-21 05:27:58.311000,100.0,99,55
2595,209,190,100,2024-10-21 05:27:58.311000,95.0,54,81
2596,209,106,100,2024-10-21 05:27:58.311000,57.0,59,95
2597,209,37,100,2024-10-21 05:27:58.311000,68.0,98,65
2598,210,166,100,2024-10-21 05:27:58.311000,54.0,83,56
2599,210,12,100,2024-10-21 05:27:58.311000,77.0,58,95
2600,210,13,100,2024-10-21 05:27:58.311000,88.0,88,92
2601,210,17,100,2024-10-21 05:27:58.311000,72.0,61,97
2602,210,20,100,2024-10-21 05:27:58.311000,62.0,88,63
2603,210,173,100,2024-10-21 05:27:58.311000,72.0,91,65
2604,210,91,100,2024-10-21 05:27:58.311000,71.0,80,81
2605,210,108,100,2024-10-21 05:27:58.311000,63.0,84,87
2606,210,194,100,2024-10-21 05:27:58.311000,91.0,87,64
2607,210,16,100,2024-10-21 05:27:58.311000,57.0,64,96
2608,210,156,100,2024-10-21 05:27:58.311000,53.0,73,91
2609,211,13,100,2024-10-21 05:27:58.311000,59.0,59,96
2610,211,17,100,2024-10-21 05:27:58.311000,79.0,89,97
2611,211,20,100,2024-10-21 05:27:58.311000,54.0,54,88
2612,211,12,100,2024-10-21 05:27:58.311000,61.0,52,68
2613,211,166,100,2024-10-21 05:27:58.311000,87.0,77,54
2614,211,100,100,2024-10-21 05:27:58.311000,54.0,67,89
2615,211,97,100,2024-10-21 05:27:58.311000,56.0,97,77
2616,211,177,100,2024-10-21 05:27:58.311000,92.0,66,97
2617,211,106,100,2024-10-21 05:27:58.311000,93.0,83,90
2618,211,45,100,2024-10-21 05:27:58.311000,87.0,95,66
2619,211,54,100,2024-10-21 05:27:58.311000,74.0,66,56
2620,211,67,100,2024-10-21 05:27:58.311000,82.0,76,74
2621,211,131,100,2024-10-21 05:27:58.311000,94.0,79,65
2622,211,112,100,2024-10-21 05:27:58.311000,56.0,80,93
2623,212,12,100,2024-10-21 05:27:58.311000,72.0,52,98
2624,212,13,100,2024-10-21 05:27:58.311000,52.0,64,57
2625,212,17,100,2024-10-21 05:27:58.311000,69.0,73,53
2626,212,20,100,2024-10-21 05:27:58.311000,78.0,59,84
2627,212,157,100,2024-10-21 05:27:58.311000,79.0,64,90
2628,212,108,100,2024-10-21 05:27:58.311000,62.0,72,63
2629,212,80,100,2024-10-21 05:27:58.311000,59.0,68,97
2630,212,142,100,2024-10-21 05:27:58.311000,70.0,66,68
2631,212,109,100,2024-10-21 05:27:58.311000,77.0,54,83
2632,212,113,100,2024-10-21 05:27:58.311000,85.0,71,83
2633,212,173,100,2024-10-21 05:27:58.311000,63.0,73,99
2634,212,115,100,2024-10-21 05:27:58.311000,52.0,65,54
2635,212,36,100,2024-10-21 05:27:58.311000,63.0,57,71
2636,213,20,100,2024-10-21 05:27:58.311000,75.0,76,87
2637,213,17,100,2024-10-21 05:27:58.311000,73.0,86,94
2638,213,12,100,2024-10-21 05:27:58.311000,65.0,71,65
2639,213,166,100,2024-10-21 05:27:58.311000,89.0,98,91
2640,213,13,100,2024-10-21 05:27:58.311000,61.0,80,87
2641,213,144,100,2024-10-21 05:27:58.311000,58.0,78,90
2642,213,119,100,2024-10-21 05:27:58.311000,75.0,52,51
2643,213,85,100,2024-10-21 05:27:58.311000,97.0,51,77
2644,213,171,100,2024-10-21 05:27:58.311000,54.0,67,95
2645,213,135,100,2024-10-21 05:27:58.311000,96.0,84,67
2646,213,74,100,2024-10-21 05:27:58.311000,50.0,52,92
2647,213,177,100,2024-10-21 05:27:58.311000,56.0,60,83
2648,213,89,100,2024-10-21 05:27:58.311000,75.0,70,56
2649,214,12,100,2024-10-21 05:27:58.311000,92.0,65,71
2650,214,17,100,2024-10-21 05:27:58.311000,92.0,74,63
2651,214,20,100,2024-10-21 05:27:58.311000,90.0,78,99
2652,214,13,100,2024-10-21 05:27:58.311000,74.0,91,74
2653,214,166,100,2024-10-21 05:27:58.311000,52.0,56,83
2654,214,1,100,2024-10-21 05:27:58.311000,65.0,81,85
2655,214,106,100,2024-10-21 05:27:58.311000,92.0,67,80
2656,214,193,100,2024-10-21 05:27:58.312000,92.0,66,87
2657,214,53,100,2024-10-21 05:27:58.312000,53.0,92,73
2658,214,102,100,2024-10-21 05:27:58.312000,92.0,65,96
2659,214,87,100,2024-10-21 05:27:58.312000,70.0,73,64
2660,215,166,100,2024-10-21 05:27:58.312000,100.0,83,89
2661,215,12,100,2024-10-21 05:27:58.312000,88.0,81,88
2662,215,17,100,2024-10-21 05:27:58.312000,65.0,61,86
2663,215,20,100,2024-10-21 05:27:58.312000,97.0,62,78
2664,215,13,100,2024-10-21 05:27:58.312000,68.0,62,93
2665,215,50,100,2024-10-21 05:27:58.312000,59.0,63,50
2666,215,179,100,2024-10-21 05:27:58.312000,90.0,99,77
2667,215,107,100,2024-10-21 05:27:58.312000,78.0,56,98
2668,215,196,100,2024-10-21 05:27:58.312000,50.0,71,81
2669,215,171,100,2024-10-21 05:27:58.312000,59.0,82,60
2670,215,35,100,2024-10-21 05:27:58.312000,83.0,70,70
2671,215,119,100,2024-10-21 05:27:58.312000,74.0,89,91
2672,215,153,100,2024-10-21 05:27:58.312000,93.0,67,75
2673,216,12,100,2024-10-21 05:27:58.312000,59.0,60,70
2674,216,13,100,2024-10-21 05:27:58.312000,53.0,66,73
2675,216,17,100,2024-10-21 05:27:58.312000,61.0,57,82
2676,216,166,100,2024-10-21 05:27:58.312000,76.0,90,73
2677,216,20,100,2024-10-21 05:27:58.312000,85.0,58,50
2678,216,77,100,2024-10-21 05:27:58.312000,54.0,81,61
2679,216,126,100,2024-10-21 05:27:58.312000,64.0,98,100
2680,216,121,100,2024-10-21 05:27:58.312000,70.0,63,82
2681,216,61,100,2024-10-21 05:27:58.312000,58.0,71,86
2682,216,190,100,2024-10-21 05:27:58.312000,54.0,59,89
2683,216,30,100,2024-10-21 05:27:58.312000,54.0,73,99
2684,216,184,100,2024-10-21 05:27:58.312000,92.0,97,84
2685,216,167,100,2024-10-21 05:27:58.312000,79.0,74,51
2686,216,168,100,2024-10-21 05:27:58.312000,65.0,95,51
2687,216,88,100,2024-10-21 05:27:58.312000,88.0,54,72
2688,217,13,100,2024-10-21 05:27:58.312000,93.0,54,84
2689,217,12,100,2024-10-21 05:27:58.312000,68.0,74,97
2690,217,17,100,2024-10-21 05:27:58.312000,84.0,90,65
2691,217,20,100,2024-10-21 05:27:58.312000,98.0,54,89
2692,217,166,100,2024-10-21 05:27:58.312000,78.0,50,70
2693,217,21,100,2024-10-21 05:27:58.312000,73.0,93,61
2694,217,126,100,2024-10-21 05:27:58.312000,65.0,80,55
2695,217,101,100,2024-10-21 05:27:58.312000,54.0,86,67
2696,217,73,100,2024-10-21 05:27:58.312000,70.0,84,57
2697,217,18,100,2024-10-21 05:27:58.312000,56.0,67,99
2698,217,63,100,2024-10-21 05:27:58.312000,95.0,91,79
2699,217,118,100,2024-10-21 05:27:58.312000,66.0,66,85
2700,217,109,100,2024-10-21 05:27:58.312000,56.0,85,60
2701,217,39,100,2024-10-21 05:27:58.312000,62.0,61,88
2702,218,17,100,2024-10-21 05:27:58.312000,88.0,72,56
2703,218,12,100,2024-10-21 05:27:58.312000,97.0,63,57
2704,218,13,100,2024-10-21 05:27:58.312000,99.0,52,54
2705,218,20,100,2024-10-21 05:27:58.312000,67.0,58,72
2706,218,166,100,2024-10-21 05:27:58.312000,57.0,50,86
2707,218,76,100,2024-10-21 05:27:58.312000,85.0,83,99
2708,218,126,100,2024-10-21 05:27:58.312000,67.0,74,51
2709,218,4,100,2024-10-21 05:27:58.312000,81.0,70,87
2710,218,132,100,2024-10-21 05:27:58.312000,97.0,73,81
2711,218,61,100,2024-10-21 05:27:58.312000,64.0,60,59
2712,219,166,100,2024-10-21 05:27:58.312000,66.0,55,65
2713,219,13,100,2024-10-21 05:27:58.312000,71.0,67,66
2714,219,12,100,2024-10-21 05:27:58.312000,63.0,88,83
2715,219,20,100,2024-10-21 05:27:58.312000,63.0,94,53
2716,219,57,100,2024-10-21 05:27:58.312000,100.0,76,95
2717,219,63,100,2024-10-21 05:27:58.312000,71.0,53,88
2718,219,158,100,2024-10-21 05:27:58.312000,87.0,90,64
2719,219,50,100,2024-10-21 05:27:58.312000,83.0,74,51
2720,219,96,100,2024-10-21 05:27:58.312000,75.0,92,72
2721,219,86,100,2024-10-21 05:27:58.312000,52.0,60,64
2722,220,13,100,2024-10-21 05:27:58.312000,98.0,54,66
2723,220,20,100,2024-10-21 05:27:58.312000,59.0,85,57
2724,220,166,100,2024-10-21 05:27:58.312000,78.0,63,71
2725,220,12,100,2024-10-21 05:27:58.312000,80.0,67,97
2726,220,17,100,2024-10-21 05:27:58.312000,73.0,66,64
2727,220,106,100,2024-10-21 05:27:58.312000,58.0,96,76
2728,220,186,100,2024-10-21 05:27:58.312000,67.0,94,93
2729,220,134,100,2024-10-21 05:27:58.312000,72.0,82,85
2730,220,89,100,2024-10-21 05:27:58.312000,83.0,83,65
2731,220,24,100,2024-10-21 05:27:58.312000,74.0,90,80
2732,220,46,100,2024-10-21 05:27:58.312000,83.0,98,65
2733,220,178,100,2024-10-21 05:27:58.312000,87.0,68,61
2734,220,49,100,2024-10-21 05:27:58.312000,53.0,54,73
2735,220,3,100,2024-10-21 05:27:58.312000,58.0,83,80
2736,220,51,100,2024-10-21 05:27:58.312000,82.0,72,54
2737,221,166,100,2024-10-21 05:27:58.312000,70.0,84,77
2738,221,20,100,2024-10-21 05:27:58.312000,96.0,81,84
2739,221,12,100,2024-10-21 05:27:58.312000,62.0,54,92
2740,221,17,100,2024-10-21 05:27:58.312000,94.0,68,63
2741,221,13,100,2024-10-21 05:27:58.312000,81.0,52,82
2742,221,177,100,2024-10-21 05:27:58.312000,86.0,70,87
2743,221,79,100,2024-10-21 05:27:58.312000,51.0,53,89
2744,221,63,100,2024-10-21 05:27:58.312000,65.0,84,78
2745,221,133,100,2024-10-21 05:27:58.312000,98.0,92,94
2746,221,118,100,2024-10-21 05:27:58.312000,53.0,98,74
2747,222,13,100,2024-10-21 05:27:58.312000,73.0,72,63
2748,222,20,100,2024-10-21 05:27:58.312000,87.0,55,97
2749,222,166,100,2024-10-21 05:27:58.312000,66.0,63,98
2750,222,17,100,2024-10-21 05:27:58.312000,87.0,59,52
2751,222,12,100,2024-10-21 05:27:58.312000,73.0,84,92
2752,222,23,100,2024-10-21 05:27:58.312000,80.0,89,79
2753,222,155,100,2024-10-21 05:27:58.312000,83.0,67,74
2754,222,156,100,2024-10-21 05:27:58.312000,60.0,79,53
2755,222,118,100,2024-10-21 05:27:58.312000,74.0,92,92
2756,222,180,100,2024-10-21 05:27:58.312000,80.0,76,76
2757,222,18,100,2024-10-21 05:27:58.312000,89.0,94,85
2758,222,193,100,2024-10-21 05:27:58.312000,68.0,74,77
2759,222,84,100,2024-10-21 05:27:58.312000,60.0,92,94
2760,222,2,100,2024-10-21 05:27:58.312000,50.0,75,70
2761,222,29,100,2024-10-21 05:27:58.312000,59.0,85,53
2762,223,13,100,2024-10-21 05:27:58.312000,70.0,97,64
2763,223,12,100,2024-10-21 05:27:58.312000,57.0,84,53
2764,223,17,100,2024-10-21 05:27:58.312000,75.0,68,97
2765,223,20,100,2024-10-21 05:27:58.312000,85.0,63,62
2766,223,166,100,2024-10-21 05:27:58.312000,80.0,80,91
2767,223,21,100,2024-10-21 05:27:58.312000,80.0,68,91
2768,223,190,100,2024-10-21 05:27:58.312000,87.0,87,92
2769,223,154,100,2024-10-21 05:27:58.312000,85.0,74,83
2770,223,70,100,2024-10-21 05:27:58.312000,59.0,94,100
2771,223,62,100,2024-10-21 05:27:58.312000,52.0,95,85
2772,223,156,100,2024-10-21 05:27:58.312000,56.0,63,50
2773,223,134,100,2024-10-21 05:27:58.312000,70.0,73,54
2774,223,88,100,2024-10-21 05:27:58.312000,94.0,66,65
2775,224,20,100,2024-10-21 05:27:58.312000,99.0,51,70
2776,224,17,100,2024-10-21 05:27:58.312000,99.0,89,75
2777,224,166,100,2024-10-21 05:27:58.312000,65.0,65,57
2778,224,13,100,2024-10-21 05:27:58.312000,64.0,73,91
2779,224,12,100,2024-10-21 05:27:58.312000,52.0,87,54
2780,224,172,100,2024-10-21 05:27:58.312000,86.0,97,79
2781,224,62,100,2024-10-21 05:27:58.312000,95.0,54,75
2782,224,31,100,2024-10-21 05:27:58.312000,64.0,66,89
2783,224,193,100,2024-10-21 05:27:58.312000,61.0,92,79
2784,224,24,100,2024-10-21 05:27:58.312000,68.0,88,72
2785,224,95,100,2024-10-21 05:27:58.312000,62.0,77,50
2786,224,122,100,2024-10-21 05:27:58.312000,76.0,68,73
2787,225,20,100,2024-10-21 05:27:58.312000,58.0,55,90
2788,225,12,100,2024-10-21 05:27:58.312000,58.0,91,63
2789,225,17,100,2024-10-21 05:27:58.312000,98.0,91,84
2790,225,166,100,2024-10-21 05:27:58.312000,59.0,90,69
2791,225,13,100,2024-10-21 05:27:58.312000,53.0,73,57
2792,225,129,100,2024-10-21 05:27:58.312000,88.0,98,79
2793,225,46,100,2024-10-21 05:27:58.312000,74.0,76,73
2794,225,139,100,2024-10-21 05:27:58.312000,90.0,56,93
2795,225,178,100,2024-10-21 05:27:58.312000,61.0,99,97
2796,225,111,100,2024-10-21 05:27:58.312000,88.0,74,80
2797,226,166,100,2024-10-21 05:27:58.312000,69.0,59,70
2798,226,13,100,2024-10-21 05:27:58.312000,96.0,64,99
2799,226,12,100,2024-10-21 05:27:58.312000,95.0,97,60
2800,226,17,100,2024-10-21 05:27:58.312000,80.0,70,93
2801,226,91,100,2024-10-21 05:27:58.312000,86.0,92,91
2802,226,132,100,2024-10-21 05:27:58.312000,62.0,86,90
2803,226,43,100,2024-10-21 05:27:58.312000,91.0,61,86
2804,226,119,100,2024-10-21 05:27:58.312000,84.0,64,100
2805,226,130,100,2024-10-21 05:27:58.312000,82.0,52,64
2806,226,18,100,2024-10-21 05:27:58.312000,64.0,91,100
2807,226,34,100,2024-10-21 05:27:58.312000,64.0,91,67
2808,227,13,100,2024-10-21 05:27:58.313000,58.0,94,78
2809,227,20,100,2024-10-21 05:27:58.313000,98.0,54,87
2810,227,166,100,2024-10-21 05:27:58.313000,72.0,52,93
2811,227,12,100,2024-10-21 05:27:58.313000,84.0,95,59
2812,227,17,100,2024-10-21 05:27:58.313000,68.0,85,82
2813,227,93,100,2024-10-21 05:27:58.313000,77.0,87,65
2814,227,149,100,2024-10-21 05:27:58.313000,77.0,69,62
2815,227,60,100,2024-10-21 05:27:58.313000,77.0,83,68
2816,227,78,100,2024-10-21 05:27:58.313000,94.0,61,92
2817,227,18,100,2024-10-21 05:27:58.313000,89.0,67,73
2818,227,108,100,2024-10-21 05:27:58.313000,73.0,96,76
2819,227,148,100,2024-10-21 05:27:58.313000,100.0,51,76
2820,227,63,100,2024-10-21 05:27:58.313000,66.0,66,91
2821,227,1,100,2024-10-21 05:27:58.313000,58.0,60,65
2822,227,146,100,2024-10-21 05:27:58.313000,100.0,72,83
2823,228,166,100,2024-10-21 05:27:58.313000,74.0,72,87
2824,228,20,100,2024-10-21 05:27:58.313000,89.0,66,73
2825,228,17,100,2024-10-21 05:27:58.313000,97.0,81,85
2826,228,13,100,2024-10-21 05:27:58.313000,80.0,99,87
2827,228,66,100,2024-10-21 05:27:58.313000,67.0,92,82
2828,228,56,100,2024-10-21 05:27:58.313000,58.0,56,90
2829,228,127,100,2024-10-21 05:27:58.313000,55.0,96,84
2830,228,134,100,2024-10-21 05:27:58.313000,58.0,86,60
2831,228,69,100,2024-10-21 05:27:58.313000,86.0,65,69
2832,228,185,100,2024-10-21 05:27:58.313000,85.0,90,65
2833,228,4,100,2024-10-21 05:27:58.313000,59.0,74,71
2834,228,114,100,2024-10-21 05:27:58.313000,97.0,100,66
2835,229,17,100,2024-10-21 05:27:58.313000,94.0,96,87
2836,229,166,100,2024-10-21 05:27:58.313000,84.0,53,64
2837,229,20,100,2024-10-21 05:27:58.313000,80.0,51,68
2838,229,13,100,2024-10-21 05:27:58.313000,75.0,92,65
2839,229,12,100,2024-10-21 05:27:58.313000,70.0,92,60
2840,229,134,100,2024-10-21 05:27:58.313000,96.0,91,63
2841,229,23,100,2024-10-21 05:27:58.313000,99.0,71,52
2842,229,137,100,2024-10-21 05:27:58.313000,88.0,80,100
2843,229,22,100,2024-10-21 05:27:58.313000,66.0,78,81
2844,229,55,100,2024-10-21 05:27:58.313000,92.0,92,80
2845,229,190,100,2024-10-21 05:27:58.313000,56.0,66,81
2846,229,76,100,2024-10-21 05:27:58.313000,100.0,68,55
2847,229,93,100,2024-10-21 05:27:58.313000,75.0,70,66
2848,229,48,100,2024-10-21 05:27:58.313000,50.0,100,65
2849,229,53,100,2024-10-21 05:27:58.313000,79.0,66,82
2850,230,13,100,2024-10-21 05:27:58.313000,96.0,73,56
2851,230,17,100,2024-10-21 05:27:58.313000,59.0,62,82
2852,230,20,100,2024-10-21 05:27:58.313000,58.0,58,59
2853,230,166,100,2024-10-21 05:27:58.313000,69.0,65,85
2854,230,12,100,2024-10-21 05:27:58.313000,87.0,62,100
2855,230,186,100,2024-10-21 05:27:58.313000,75.0,62,86
2856,230,3,100,2024-10-21 05:27:58.313000,58.0,84,83
2857,230,56,100,2024-10-21 05:27:58.313000,69.0,82,64
2858,230,78,100,2024-10-21 05:27:58.313000,56.0,58,94
2859,230,178,100,2024-10-21 05:27:58.313000,82.0,88,67
2860,230,190,100,2024-10-21 05:27:58.313000,62.0,82,99
2861,230,122,100,2024-10-21 05:27:58.313000,99.0,86,73
2862,230,90,100,2024-10-21 05:27:58.313000,94.0,56,55
2863,230,60,100,2024-10-21 05:27:58.313000,92.0,80,76
2864,231,17,100,2024-10-21 05:27:58.313000,51.0,52,98
2865,231,13,100,2024-10-21 05:27:58.313000,66.0,93,76
2866,231,166,100,2024-10-21 05:27:58.313000,98.0,65,70
2867,231,20,100,2024-10-21 05:27:58.313000,64.0,62,72
2868,231,12,100,2024-10-21 05:27:58.313000,72.0,58,76
2869,231,126,100,2024-10-21 05:27:58.313000,67.0,90,81
2870,231,52,100,2024-10-21 05:27:58.313000,99.0,97,84
2871,231,198,100,2024-10-21 05:27:58.313000,53.0,73,84
2872,231,51,100,2024-10-21 05:27:58.313000,53.0,80,60
2873,231,118,100,2024-10-21 05:27:58.313000,69.0,94,74
2874,231,23,100,2024-10-21 05:27:58.313000,77.0,91,100
2875,231,192,100,2024-10-21 05:27:58.313000,67.0,54,79
2876,231,37,100,2024-10-21 05:27:58.313000,73.0,83,73
2877,231,136,100,2024-10-21 05:27:58.313000,100.0,94,65
2878,232,17,100,2024-10-21 05:27:58.313000,61.0,65,67
2879,232,166,100,2024-10-21 05:27:58.313000,71.0,63,77
2880,232,13,100,2024-10-21 05:27:58.313000,53.0,52,82
2881,232,20,100,2024-10-21 05:27:58.313000,55.0,54,97
2882,232,12,100,2024-10-21 05:27:58.313000,100.0,94,59
2883,232,143,100,2024-10-21 05:27:58.313000,51.0,87,99
2884,232,58,100,2024-10-21 05:27:58.313000,82.0,74,93
2885,232,135,100,2024-10-21 05:27:58.313000,50.0,61,68
2886,232,128,100,2024-10-21 05:27:58.313000,66.0,96,64
2887,232,184,100,2024-10-21 05:27:58.313000,69.0,75,75
2888,232,151,100,2024-10-21 05:27:58.313000,65.0,92,86
2889,232,64,100,2024-10-21 05:27:58.313000,74.0,61,81
2890,232,90,100,2024-10-21 05:27:58.313000,78.0,62,95
2891,233,166,100,2024-10-21 05:27:58.313000,66.0,78,80
2892,233,17,100,2024-10-21 05:27:58.313000,60.0,71,76
2893,233,13,100,2024-10-21 05:27:58.313000,89.0,71,83
2894,233,12,100,2024-10-21 05:27:58.313000,88.0,59,74
2895,233,20,100,2024-10-21 05:27:58.313000,68.0,97,50
2896,233,159,100,2024-10-21 05:27:58.313000,73.0,82,93
2897,233,21,100,2024-10-21 05:27:58.313000,91.0,72,56
2898,233,131,100,2024-10-21 05:27:58.313000,65.0,83,99
2899,233,111,100,2024-10-21 05:27:58.313000,75.0,67,99
2900,233,162,100,2024-10-21 05:27:58.313000,93.0,60,81
2901,233,63,100,2024-10-21 05:27:58.313000,57.0,85,52
2902,233,90,100,2024-10-21 05:27:58.313000,86.0,68,96
2903,233,76,100,2024-10-21 05:27:58.313000,94.0,63,89
2904,233,75,100,2024-10-21 05:27:58.313000,87.0,99,64
2905,234,17,100,2024-10-21 05:27:58.313000,65.0,53,99
2906,234,166,100,2024-10-21 05:27:58.313000,50.0,70,75
2907,234,12,100,2024-10-21 05:27:58.313000,80.0,79,60
2908,234,13,100,2024-10-21 05:27:58.313000,96.0,82,57
2909,234,20,100,2024-10-21 05:27:58.313000,70.0,94,56
2910,234,151,100,2024-10-21 05:27:58.313000,91.0,72,98
2911,234,57,100,2024-10-21 05:27:58.313000,84.0,99,65
2912,234,153,100,2024-10-21 05:27:58.313000,100.0,75,83
2913,234,99,100,2024-10-21 05:27:58.313000,90.0,51,90
2914,234,92,100,2024-10-21 05:27:58.313000,76.0,61,91
2915,234,115,100,2024-10-21 05:27:58.313000,70.0,94,67
2916,234,177,100,2024-10-21 05:27:58.313000,85.0,95,75
2917,234,25,100,2024-10-21 05:27:58.313000,66.0,78,80
2918,235,20,100,2024-10-21 05:27:58.313000,57.0,87,99
2919,235,13,100,2024-10-21 05:27:58.313000,89.0,85,65
2920,235,12,100,2024-10-21 05:27:58.313000,58.0,78,91
2921,235,17,100,2024-10-21 05:27:58.313000,94.0,84,59
2922,235,166,100,2024-10-21 05:27:58.313000,85.0,50,88
2923,235,37,100,2024-10-21 05:27:58.313000,87.0,59,74
2924,235,25,100,2024-10-21 05:27:58.313000,72.0,53,77
2925,235,81,100,2024-10-21 05:27:58.313000,92.0,51,68
2926,235,80,100,2024-10-21 05:27:58.313000,88.0,85,91
2927,235,59,100,2024-10-21 05:27:58.313000,85.0,78,65
2928,235,83,100,2024-10-21 05:27:58.313000,55.0,99,99
2929,235,98,100,2024-10-21 05:27:58.313000,99.0,65,55
2930,235,183,100,2024-10-21 05:27:58.313000,71.0,57,58
2931,235,141,100,2024-10-21 05:27:58.313000,98.0,53,96
2932,236,20,100,2024-10-21 05:27:58.313000,77.0,72,99
2933,236,12,100,2024-10-21 05:27:58.313000,80.0,72,74
2934,236,17,100,2024-10-21 05:27:58.313000,90.0,59,82
2935,236,13,100,2024-10-21 05:27:58.313000,95.0,76,72
2936,236,166,100,2024-10-21 05:27:58.313000,96.0,95,74
2937,236,147,100,2024-10-21 05:27:58.313000,74.0,88,81
2938,236,11,100,2024-10-21 05:27:58.313000,76.0,57,65
2939,236,191,100,2024-10-21 05:27:58.313000,82.0,67,87
2940,236,47,100,2024-10-21 05:27:58.313000,81.0,60,62
2941,236,154,100,2024-10-21 05:27:58.313000,60.0,93,56
2942,236,186,100,2024-10-21 05:27:58.313000,90.0,93,67
2943,236,25,100,2024-10-21 05:27:58.313000,53.0,88,91
2944,236,21,100,2024-10-21 05:27:58.313000,96.0,59,67
2945,236,139,100,2024-10-21 05:27:58.313000,65.0,62,66
2946,236,27,100,2024-10-21 05:27:58.313000,94.0,87,59
2947,237,17,100,2024-10-21 05:27:58.313000,62.0,76,55
2948,237,12,100,2024-10-21 05:27:58.313000,89.0,50,91
2949,237,13,100,2024-10-21 05:27:58.313000,63.0,91,77
2950,237,166,100,2024-10-21 05:27:58.313000,52.0,69,70
2951,237,20,100,2024-10-21 05:27:58.313000,69.0,86,85
2952,237,155,100,2024-10-21 05:27:58.313000,80.0,98,65
2953,237,32,100,2024-10-21 05:27:58.313000,96.0,68,94
2954,237,125,100,2024-10-21 05:27:58.313000,81.0,89,75
2955,237,169,100,2024-10-21 05:27:58.313000,75.0,64,69
2956,237,122,100,2024-10-21 05:27:58.313000,50.0,63,97
2957,237,175,100,2024-10-21 05:27:58.313000,95.0,60,99
2958,237,115,100,2024-10-21 05:27:58.313000,77.0,86,87
2959,237,192,100,2024-10-21 05:27:58.313000,98.0,87,85
2960,237,174,100,2024-10-21 05:27:58.313000,89.0,73,61
2961,238,13,100,2024-10-21 05:27:58.313000,91.0,66,58
2962,238,12,100,2024-10-21 05:27:58.313000,82.0,89,90
2963,238,17,100,2024-10-21 05:27:58.313000,78.0,97,64
2964,238,166,100,2024-10-21 05:27:58.313000,64.0,87,92
2965,238,20,100,2024-10-21 05:27:58.313000,97.0,71,86
2966,238,102,100,2024-10-21 05:27:58.313000,82.0,78,53
2967,238,87,100,2024-10-21 05:27:58.313000,54.0,64,99
2968,238,122,100,2024-10-21 05:27:58.313000,50.0,71,94
2969,238,27,100,2024-10-21 05:27:58.313000,87.0,50,85
2970,238,103,100,2024-10-21 05:27:58.314000,89.0,82,86
2971,238,56,100,2024-10-21 05:27:58.314000,86.0,68,93
2972,238,100,100,2024-10-21 05:27:58.314000,62.0,77,88
2973,238,124,100,2024-10-21 05:27:58.314000,84.0,76,58
2974,238,153,100,2024-10-21 05:27:58.314000,71.0,82,71
2975,239,12,100,2024-10-21 05:27:58.314000,53.0,57,79
2976,239,166,100,2024-10-21 05:27:58.314000,75.0,69,83
2977,239,20,100,2024-10-21 05:27:58.314000,55.0,87,57
2978,239,13,100,2024-10-21 05:27:58.314000,73.0,90,83
2979,239,17,100,2024-10-21 05:27:58.314000,78.0,92,62
2980,239,90,100,2024-10-21 05:27:58.314000,72.0,58,73
2981,239,112,100,2024-10-21 05:27:58.314000,68.0,60,95
2982,239,62,100,2024-10-21 05:27:58.314000,55.0,91,88
2983,239,187,100,2024-10-21 05:27:58.314000,50.0,100,91
2984,239,28,100,2024-10-21 05:27:58.314000,97.0,53,81
2985,239,113,100,2024-10-21 05:27:58.314000,64.0,74,75
2986,239,199,100,2024-10-21 05:27:58.314000,85.0,80,92
2987,240,13,100,2024-10-21 05:27:58.314000,80.0,65,52
2988,240,20,100,2024-10-21 05:27:58.314000,89.0,79,94
2989,240,166,100,2024-10-21 05:27:58.314000,68.0,66,69
2990,240,17,100,2024-10-21 05:27:58.314000,92.0,86,87
2991,240,12,100,2024-10-21 05:27:58.314000,81.0,69,50
2992,240,139,100,2024-10-21 05:27:58.314000,68.0,96,57
2993,240,113,100,2024-10-21 05:27:58.314000,77.0,90,56
2994,240,75,100,2024-10-21 05:27:58.314000,62.0,85,51
2995,240,103,100,2024-10-21 05:27:58.314000,74.0,78,91
2996,240,46,100,2024-10-21 05:27:58.314000,84.0,68,92
2997,240,112,100,2024-10-21 05:27:58.314000,60.0,55,95
2998,240,150,100,2024-10-21 05:27:58.314000,55.0,57,96
2999,241,13,100,2024-10-21 05:27:58.314000,65.0,64,66
3000,241,20,100,2024-10-21 05:27:58.314000,86.0,73,95
3001,241,166,100,2024-10-21 05:27:58.314000,63.0,88,81
3002,241,12,100,2024-10-21 05:27:58.314000,81.0,95,56
3003,241,17,100,2024-10-21 05:27:58.314000,76.0,81,99
3004,241,103,100,2024-10-21 05:27:58.314000,71.0,91,85
3005,241,28,100,2024-10-21 05:27:58.314000,75.0,88,97
3006,241,104,100,2024-10-21 05:27:58.314000,68.0,61,73
3007,241,57,100,2024-10-21 05:27:58.314000,80.0,58,51
3008,241,133,100,2024-10-21 05:27:58.314000,73.0,71,70
3009,241,74,100,2024-10-21 05:27:58.314000,99.0,97,52
3010,242,12,100,2024-10-21 05:27:58.314000,51.0,78,60
3011,242,13,100,2024-10-21 05:27:58.314000,94.0,56,62
3012,242,20,100,2024-10-21 05:27:58.314000,86.0,65,52
3013,242,17,100,2024-10-21 05:27:58.314000,93.0,71,92
3014,242,166,100,2024-10-21 05:27:58.314000,69.0,56,88
3015,242,59,100,2024-10-21 05:27:58.314000,90.0,93,78
3016,242,83,100,2024-10-21 05:27:58.314000,66.0,63,76
3017,242,177,100,2024-10-21 05:27:58.314000,60.0,88,79
3018,242,101,100,2024-10-21 05:27:58.314000,58.0,97,62
3019,242,27,100,2024-10-21 05:27:58.314000,99.0,65,56
3020,243,13,100,2024-10-21 05:27:58.314000,67.0,65,100
3021,243,166,100,2024-10-21 05:27:58.314000,94.0,67,100
3022,243,17,100,2024-10-21 05:27:58.314000,72.0,61,63
3023,243,12,100,2024-10-21 05:27:58.314000,65.0,99,52
3024,243,1,100,2024-10-21 05:27:58.314000,94.0,80,84
3025,243,108,100,2024-10-21 05:27:58.314000,77.0,86,62
3026,243,43,100,2024-10-21 05:27:58.314000,96.0,74,83
3027,243,38,100,2024-10-21 05:27:58.314000,91.0,70,95
3028,243,33,100,2024-10-21 05:27:58.314000,72.0,91,87
3029,243,128,100,2024-10-21 05:27:58.314000,63.0,71,70
3030,243,191,100,2024-10-21 05:27:58.314000,70.0,78,50
3031,243,94,100,2024-10-21 05:27:58.314000,61.0,90,96
3032,243,119,100,2024-10-21 05:27:58.314000,60.0,62,79
3033,243,187,100,2024-10-21 05:27:58.314000,82.0,68,76
3034,243,89,100,2024-10-21 05:27:58.314000,64.0,90,82
3035,244,166,100,2024-10-21 05:27:58.314000,66.0,55,89
3036,244,12,100,2024-10-21 05:27:58.314000,95.0,56,62
3037,244,20,100,2024-10-21 05:27:58.314000,96.0,76,75
3038,244,17,100,2024-10-21 05:27:58.314000,77.0,98,62
3039,244,13,100,2024-10-21 05:27:58.314000,67.0,60,59
3040,244,85,100,2024-10-21 05:27:58.314000,79.0,64,78
3041,244,116,100,2024-10-21 05:27:58.314000,64.0,59,64
3042,244,198,100,2024-10-21 05:27:58.314000,92.0,52,67
3043,244,6,100,2024-10-21 05:27:58.314000,79.0,97,78
3044,244,107,100,2024-10-21 05:27:58.314000,89.0,84,68
3045,244,105,100,2024-10-21 05:27:58.314000,92.0,97,52
3046,244,16,100,2024-10-21 05:27:58.314000,93.0,64,95
3047,244,56,100,2024-10-21 05:27:58.314000,89.0,55,63
3048,245,12,100,2024-10-21 05:27:58.314000,76.0,85,54
3049,245,13,100,2024-10-21 05:27:58.314000,59.0,96,52
3050,245,20,100,2024-10-21 05:27:58.314000,97.0,86,100
3051,245,17,100,2024-10-21 05:27:58.314000,81.0,93,59
3052,245,166,100,2024-10-21 05:27:58.314000,76.0,84,68
3053,245,163,100,2024-10-21 05:27:58.314000,73.0,100,55
3054,245,8,100,2024-10-21 05:27:58.314000,96.0,92,96
3055,245,140,100,2024-10-21 05:27:58.314000,86.0,77,82
3056,245,177,100,2024-10-21 05:27:58.314000,78.0,97,74
3057,245,197,100,2024-10-21 05:27:58.314000,53.0,61,96
3058,245,88,100,2024-10-21 05:27:58.314000,95.0,59,50
3059,245,62,100,2024-10-21 05:27:58.314000,64.0,74,96
3060,245,149,100,2024-10-21 05:27:58.314000,71.0,61,70
3061,245,108,100,2024-10-21 05:27:58.314000,75.0,54,56
3062,246,12,100,2024-10-21 05:27:58.314000,57.0,82,65
3063,246,166,100,2024-10-21 05:27:58.314000,91.0,96,53
3064,246,17,100,2024-10-21 05:27:58.314000,70.0,66,98
3065,246,20,100,2024-10-21 05:27:58.314000,53.0,83,58
3066,246,13,100,2024-10-21 05:27:58.314000,72.0,90,74
3067,246,38,100,2024-10-21 05:27:58.314000,84.0,76,55
3068,246,150,100,2024-10-21 05:27:58.314000,97.0,84,68
3069,246,157,100,2024-10-21 05:27:58.314000,94.0,54,72
3070,246,62,100,2024-10-21 05:27:58.314000,100.0,53,96
3071,246,185,100,2024-10-21 05:27:58.314000,70.0,75,58
3072,247,17,100,2024-10-21 05:27:58.314000,55.0,89,89
3073,247,20,100,2024-10-21 05:27:58.314000,87.0,99,76
3074,247,13,100,2024-10-21 05:27:58.314000,84.0,93,100
3075,247,166,100,2024-10-21 05:27:58.314000,58.0,93,95
3076,247,12,100,2024-10-21 05:27:58.314000,50.0,67,70
3077,247,133,100,2024-10-21 05:27:58.314000,85.0,85,52
3078,247,125,100,2024-10-21 05:27:58.314000,80.0,79,97
3079,247,188,100,2024-10-21 05:27:58.314000,71.0,77,95
3080,247,121,100,2024-10-21 05:27:58.314000,94.0,82,66
3081,247,24,100,2024-10-21 05:27:58.314000,86.0,85,51
3082,247,110,100,2024-10-21 05:27:58.314000,65.0,100,65
3083,247,152,100,2024-10-21 05:27:58.314000,81.0,68,51
3084,247,50,100,2024-10-21 05:27:58.314000,91.0,68,79
3085,247,135,100,2024-10-21 05:27:58.314000,71.0,66,92
3086,247,138,100,2024-10-21 05:27:58.314000,64.0,95,94
3087,248,20,100,2024-10-21 05:27:58.314000,91.0,77,90
3088,248,12,100,2024-10-21 05:27:58.314000,51.0,78,54
3089,248,13,100,2024-10-21 05:27:58.314000,58.0,56,64
3090,248,166,100,2024-10-21 05:27:58.314000,72.0,85,99
3091,248,17,100,2024-10-21 05:27:58.314000,65.0,60,98
3092,248,104,100,2024-10-21 05:27:58.314000,60.0,94,83
3093,248,156,100,2024-10-21 05:27:58.314000,82.0,85,63
3094,248,161,100,2024-10-21 05:27:58.314000,84.0,51,89
3095,248,16,100,2024-10-21 05:27:58.314000,77.0,50,88
3096,248,97,100,2024-10-21 05:27:58.314000,61.0,63,91
3097,248,147,100,2024-10-21 05:27:58.314000,59.0,96,56
3098,248,188,100,2024-10-21 05:27:58.314000,89.0,61,96
3099,248,125,100,2024-10-21 05:27:58.314000,95.0,63,80
3100,248,200,100,2024-10-21 05:27:58.314000,74.0,65,59
3101,248,196,100,2024-10-21 05:27:58.314000,57.0,95,88
3102,249,17,100,2024-10-21 05:27:58.314000,60.0,69,53
3103,249,12,100,2024-10-21 05:27:58.314000,52.0,60,83
3104,249,166,100,2024-10-21 05:27:58.314000,82.0,70,71
3105,249,20,100,2024-10-21 05:27:58.314000,65.0,59,95
3106,249,13,100,2024-10-21 05:27:58.314000,65.0,64,62
3107,249,187,100,2024-10-21 05:27:58.314000,85.0,99,64
3108,249,68,100,2024-10-21 05:27:58.314000,100.0,95,70
3109,249,181,100,2024-10-21 05:27:58.314000,94.0,73,51
3110,249,137,100,2024-10-21 05:27:58.314000,63.0,74,54
3111,249,52,100,2024-10-21 05:27:58.314000,55.0,70,51
3112,249,151,100,2024-10-21 05:27:58.314000,94.0,64,62
3113,250,13,100,2024-10-21 05:27:58.314000,67.0,94,89
3114,250,20,100,2024-10-21 05:27:58.314000,73.0,59,91
3115,250,17,100,2024-10-21 05:27:58.314000,72.0,53,77
3116,250,12,100,2024-10-21 05:27:58.314000,96.0,99,75
3117,250,166,100,2024-10-21 05:27:58.314000,94.0,72,64
3118,250,156,100,2024-10-21 05:27:58.314000,64.0,72,74
3119,250,170,100,2024-10-21 05:27:58.314000,73.0,95,92
3120,250,181,100,2024-10-21 05:27:58.314000,65.0,63,83
3121,250,77,100,2024-10-21 05:27:58.314000,79.0,90,52
3122,250,44,100,2024-10-21 05:27:58.314000,71.0,100,58
3123,250,180,100,2024-10-21 05:27:58.314000,81.0,71,50
3124,250,45,100,2024-10-21 05:27:58.314000,94.0,53,92
3125,250,79,100,2024-10-21 05:27:58.314000,65.0,57,81
3126,250,145,100,2024-10-21 05:27:58.314000,95.0,61,82
3127,251,17,100,2024-10-21 05:27:58.314000,53.0,71,68
3128,251,166,100,2024-10-21 05:27:58.314000,90.0,76,57
3129,251,12,100,2024-10-21 05:27:58.315000,73.0,97,88
3130,251,13,100,2024-10-21 05:27:58.315000,89.0,78,80
3131,251,20,100,2024-10-21 05:27:58.315000,83.0,55,74
3132,251,153,100,2024-10-21 05:27:58.315000,97.0,100,98
3133,251,185,100,2024-10-21 05:27:58.315000,53.0,74,64
3134,251,54,100,2024-10-21 05:27:58.315000,83.0,63,89
3135,251,179,100,2024-10-21 05:27:58.315000,100.0,78,89
3136,251,136,100,2024-10-21 05:27:58.315000,88.0,51,63
3137,251,197,100,2024-10-21 05:27:58.315000,89.0,81,69
3138,252,13,100,2024-10-21 05:27:58.315000,83.0,64,62
3139,252,166,100,2024-10-21 05:27:58.315000,86.0,74,86
3140,252,20,100,2024-10-21 05:27:58.315000,65.0,59,98
3141,252,12,100,2024-10-21 05:27:58.315000,62.0,91,76
3142,252,155,100,2024-10-21 05:27:58.315000,82.0,64,73
3143,252,168,100,2024-10-21 05:27:58.315000,52.0,87,53
3144,252,85,100,2024-10-21 05:27:58.315000,91.0,65,69
3145,252,116,100,2024-10-21 05:27:58.315000,97.0,57,80
3146,252,134,100,2024-10-21 05:27:58.315000,80.0,70,87
3147,252,127,100,2024-10-21 05:27:58.315000,99.0,55,61
3148,253,166,100,2024-10-21 05:27:58.315000,83.0,69,98
3149,253,20,100,2024-10-21 05:27:58.315000,79.0,70,57
3150,253,12,100,2024-10-21 05:27:58.315000,64.0,89,75
3151,253,13,100,2024-10-21 05:27:58.315000,65.0,91,68
3152,253,78,100,2024-10-21 05:27:58.315000,60.0,55,52
3153,253,67,100,2024-10-21 05:27:58.315000,94.0,85,68
3154,253,188,100,2024-10-21 05:27:58.315000,64.0,60,69
3155,253,58,100,2024-10-21 05:27:58.315000,66.0,81,93
3156,253,167,100,2024-10-21 05:27:58.315000,54.0,72,97
3157,253,75,100,2024-10-21 05:27:58.315000,59.0,84,97
3158,253,25,100,2024-10-21 05:27:58.315000,97.0,87,52
3159,253,84,100,2024-10-21 05:27:58.315000,56.0,64,82
3160,253,5,100,2024-10-21 05:27:58.315000,93.0,85,50
3161,253,181,100,2024-10-21 05:27:58.315000,100.0,71,60
3162,254,13,100,2024-10-21 05:27:58.315000,76.0,95,99
3163,254,20,100,2024-10-21 05:27:58.315000,93.0,83,80
3164,254,12,100,2024-10-21 05:27:58.315000,91.0,82,63
3165,254,166,100,2024-10-21 05:27:58.315000,56.0,61,52
3166,254,17,100,2024-10-21 05:27:58.315000,59.0,83,80
3167,254,76,100,2024-10-21 05:27:58.315000,58.0,100,70
3168,254,200,100,2024-10-21 05:27:58.315000,67.0,73,96
3169,254,31,100,2024-10-21 05:27:58.315000,95.0,93,81
3170,254,123,100,2024-10-21 05:27:58.315000,67.0,84,69
3171,254,139,100,2024-10-21 05:27:58.315000,81.0,95,82
3172,254,141,100,2024-10-21 05:27:58.315000,57.0,92,79
3173,255,13,100,2024-10-21 05:27:58.315000,64.0,61,94
3174,255,20,100,2024-10-21 05:27:58.315000,74.0,100,52
3175,255,166,100,2024-10-21 05:27:58.315000,67.0,98,74
3176,255,17,100,2024-10-21 05:27:58.315000,92.0,62,90
3177,255,12,100,2024-10-21 05:27:58.315000,97.0,73,53
3178,255,44,100,2024-10-21 05:27:58.315000,59.0,85,65
3179,255,35,100,2024-10-21 05:27:58.315000,83.0,90,51
3180,255,100,100,2024-10-21 05:27:58.315000,93.0,52,75
3181,255,147,100,2024-10-21 05:27:58.315000,53.0,88,56
3182,255,96,100,2024-10-21 05:27:58.315000,55.0,65,93
3183,255,165,100,2024-10-21 05:27:58.315000,100.0,58,82
3184,255,157,100,2024-10-21 05:27:58.315000,67.0,69,84
3185,255,141,100,2024-10-21 05:27:58.315000,87.0,82,95
3186,256,17,100,2024-10-21 05:27:58.315000,98.0,75,88
3187,256,13,100,2024-10-21 05:27:58.315000,62.0,89,95
3188,256,12,100,2024-10-21 05:27:58.315000,66.0,59,93
3189,256,20,100,2024-10-21 05:27:58.315000,94.0,86,100
3190,256,166,100,2024-10-21 05:27:58.315000,50.0,62,92
3191,256,11,100,2024-10-21 05:27:58.315000,78.0,91,76
3192,256,91,100,2024-10-21 05:27:58.315000,81.0,81,75
3193,256,94,100,2024-10-21 05:27:58.315000,79.0,56,83
3194,256,154,100,2024-10-21 05:27:58.315000,90.0,97,69
3195,256,138,100,2024-10-21 05:27:58.315000,68.0,63,56
3196,256,38,100,2024-10-21 05:27:58.315000,91.0,59,92
3197,256,199,100,2024-10-21 05:27:58.315000,99.0,86,98
3198,256,103,100,2024-10-21 05:27:58.315000,53.0,70,71
3199,256,160,100,2024-10-21 05:27:58.315000,94.0,69,94
3200,257,166,100,2024-10-21 05:27:58.315000,96.0,76,87
3201,257,12,100,2024-10-21 05:27:58.315000,75.0,86,97
3202,257,20,100,2024-10-21 05:27:58.315000,78.0,93,51
3203,257,17,100,2024-10-21 05:27:58.315000,98.0,61,55
3204,257,13,100,2024-10-21 05:27:58.315000,96.0,61,51
3205,257,174,100,2024-10-21 05:27:58.315000,93.0,85,80
3206,257,176,100,2024-10-21 05:27:58.315000,89.0,54,72
3207,257,6,100,2024-10-21 05:27:58.315000,55.0,81,90
3208,257,160,100,2024-10-21 05:27:58.315000,50.0,79,91
3209,257,122,100,2024-10-21 05:27:58.315000,57.0,74,95
3210,257,126,100,2024-10-21 05:27:58.315000,71.0,55,64
3211,257,2,100,2024-10-21 05:27:58.315000,89.0,78,62
3212,258,20,100,2024-10-21 05:27:58.315000,57.0,79,96
3213,258,166,100,2024-10-21 05:27:58.315000,89.0,67,81
3214,258,13,100,2024-10-21 05:27:58.315000,87.0,98,53
3215,258,12,100,2024-10-21 05:27:58.315000,80.0,63,90
3216,258,17,100,2024-10-21 05:27:58.315000,51.0,85,88
3217,258,188,100,2024-10-21 05:27:58.315000,83.0,94,77
3218,258,32,100,2024-10-21 05:27:58.315000,50.0,83,83
3219,258,145,100,2024-10-21 05:27:58.315000,62.0,52,50
3220,258,183,100,2024-10-21 05:27:58.315000,86.0,64,64
3221,258,192,100,2024-10-21 05:27:58.315000,73.0,87,58
3222,258,7,100,2024-10-21 05:27:58.315000,54.0,76,99
3223,258,144,100,2024-10-21 05:27:58.315000,58.0,88,59
3224,259,12,100,2024-10-21 05:27:58.315000,75.0,53,78
3225,259,13,100,2024-10-21 05:27:58.315000,84.0,64,69
3226,259,166,100,2024-10-21 05:27:58.315000,98.0,82,97
3227,259,17,100,2024-10-21 05:27:58.315000,98.0,74,54
3228,259,20,100,2024-10-21 05:27:58.315000,78.0,63,94
3229,259,51,100,2024-10-21 05:27:58.315000,62.0,82,86
3230,259,26,100,2024-10-21 05:27:58.315000,95.0,100,76
3231,259,15,100,2024-10-21 05:27:58.315000,100.0,99,94
3232,259,189,100,2024-10-21 05:27:58.315000,85.0,52,88
3233,259,44,100,2024-10-21 05:27:58.315000,84.0,83,61
3234,259,131,100,2024-10-21 05:27:58.315000,54.0,70,83
3235,259,94,100,2024-10-21 05:27:58.315000,68.0,52,92
3236,259,32,100,2024-10-21 05:27:58.315000,99.0,57,87
3237,259,174,100,2024-10-21 05:27:58.315000,58.0,94,86
3238,259,54,100,2024-10-21 05:27:58.315000,93.0,97,96
3239,260,12,100,2024-10-21 05:27:58.315000,52.0,74,54
3240,260,166,100,2024-10-21 05:27:58.315000,99.0,70,84
3241,260,13,100,2024-10-21 05:27:58.315000,90.0,92,91
3242,260,17,100,2024-10-21 05:27:58.315000,63.0,60,66
3243,260,20,100,2024-10-21 05:27:58.315000,50.0,50,52
3244,260,182,100,2024-10-21 05:27:58.315000,93.0,79,91
3245,260,172,100,2024-10-21 05:27:58.315000,88.0,55,62
3246,260,64,100,2024-10-21 05:27:58.315000,63.0,51,64
3247,260,68,100,2024-10-21 05:27:58.315000,74.0,92,97
3248,260,19,100,2024-10-21 05:27:58.315000,73.0,79,56
3249,260,156,100,2024-10-21 05:27:58.315000,100.0,74,91
3250,260,36,100,2024-10-21 05:27:58.315000,59.0,70,61
3251,260,94,100,2024-10-21 05:27:58.315000,57.0,70,70
3252,260,150,100,2024-10-21 05:27:58.315000,73.0,99,100
3253,260,179,100,2024-10-21 05:27:58.315000,62.0,58,71
3254,261,13,100,2024-10-21 05:27:58.315000,97.0,51,71
3255,261,17,100,2024-10-21 05:27:58.315000,63.0,74,57
3256,261,166,100,2024-10-21 05:27:58.315000,93.0,77,76
3257,261,20,100,2024-10-21 05:27:58.315000,54.0,86,53
3258,261,12,100,2024-10-21 05:27:58.315000,52.0,91,86
3259,261,23,100,2024-10-21 05:27:58.315000,87.0,69,55
3260,261,51,100,2024-10-21 05:27:58.315000,71.0,71,62
3261,261,126,100,2024-10-21 05:27:58.315000,89.0,73,87
3262,261,165,100,2024-10-21 05:27:58.315000,86.0,96,51
3263,261,179,100,2024-10-21 05:27:58.315000,68.0,75,98
3264,261,101,100,2024-10-21 05:27:58.315000,57.0,54,98
3265,261,159,100,2024-10-21 05:27:58.315000,83.0,77,53
3266,261,162,100,2024-10-21 05:27:58.315000,52.0,94,78
3267,261,42,100,2024-10-21 05:27:58.315000,85.0,72,96
3268,261,132,100,2024-10-21 05:27:58.315000,85.0,80,74
3269,262,17,100,2024-10-21 05:27:58.315000,64.0,71,54
3270,262,20,100,2024-10-21 05:27:58.315000,87.0,69,77
3271,262,13,100,2024-10-21 05:27:58.315000,55.0,85,71
3272,262,12,100,2024-10-21 05:27:58.315000,86.0,64,95
3273,262,166,100,2024-10-21 05:27:58.315000,84.0,52,61
3274,262,177,100,2024-10-21 05:27:58.315000,98.0,50,69
3275,262,115,100,2024-10-21 05:27:58.315000,65.0,69,81
3276,262,84,100,2024-10-21 05:27:58.315000,61.0,88,68
3277,262,149,100,2024-10-21 05:27:58.315000,83.0,53,98
3278,262,100,100,2024-10-21 05:27:58.315000,68.0,94,55
3279,262,159,100,2024-10-21 05:27:58.315000,52.0,94,55
3280,262,195,100,2024-10-21 05:27:58.315000,85.0,62,64
3281,262,94,100,2024-10-21 05:27:58.315000,91.0,71,92
3282,262,198,100,2024-10-21 05:27:58.315000,70.0,80,67
3283,263,166,100,2024-10-21 05:27:58.315000,75.0,83,60
3284,263,17,100,2024-10-21 05:27:58.315000,58.0,50,68
3285,263,20,100,2024-10-21 05:27:58.315000,77.0,88,90
3286,263,13,100,2024-10-21 05:27:58.315000,86.0,74,74
3287,263,12,100,2024-10-21 05:27:58.315000,54.0,89,78
3288,263,24,100,2024-10-21 05:27:58.315000,74.0,88,86
3289,263,142,100,2024-10-21 05:27:58.315000,88.0,57,56
3290,263,64,100,2024-10-21 05:27:58.315000,95.0,64,55
3291,263,113,100,2024-10-21 05:27:58.315000,93.0,100,65
3292,263,184,100,2024-10-21 05:27:58.315000,85.0,68,95
3293,264,13,100,2024-10-21 05:27:58.316000,66.0,67,59
3294,264,20,100,2024-10-21 05:27:58.316000,54.0,59,55
3295,264,17,100,2024-10-21 05:27:58.316000,61.0,57,79
3296,264,12,100,2024-10-21 05:27:58.316000,52.0,74,89
3297,264,166,100,2024-10-21 05:27:58.316000,85.0,74,86
3298,264,76,100,2024-10-21 05:27:58.316000,67.0,80,95
3299,264,59,100,2024-10-21 05:27:58.316000,68.0,93,61
3300,264,181,100,2024-10-21 05:27:58.316000,63.0,85,98
3301,264,22,100,2024-10-21 05:27:58.316000,89.0,78,68
3302,264,95,100,2024-10-21 05:27:58.316000,75.0,55,76
3303,264,8,100,2024-10-21 05:27:58.316000,53.0,50,74
3304,264,85,100,2024-10-21 05:27:58.316000,51.0,74,88
3305,264,158,100,2024-10-21 05:27:58.316000,74.0,56,56
3306,264,186,100,2024-10-21 05:27:58.316000,52.0,88,92
3307,265,20,100,2024-10-21 05:27:58.316000,97.0,94,79
3308,265,12,100,2024-10-21 05:27:58.316000,66.0,59,96
3309,265,166,100,2024-10-21 05:27:58.316000,87.0,79,97
3310,265,13,100,2024-10-21 05:27:58.316000,94.0,90,74
3311,265,17,100,2024-10-21 05:27:58.316000,50.0,93,63
3312,265,121,100,2024-10-21 05:27:58.316000,73.0,74,78
3313,265,161,100,2024-10-21 05:27:58.316000,67.0,71,80
3314,265,147,100,2024-10-21 05:27:58.316000,100.0,73,78
3315,265,160,100,2024-10-21 05:27:58.316000,96.0,70,63
3316,265,49,100,2024-10-21 05:27:58.316000,56.0,97,90
3317,265,45,100,2024-10-21 05:27:58.316000,71.0,62,71
3318,265,101,100,2024-10-21 05:27:58.316000,61.0,81,75
3319,266,20,100,2024-10-21 05:27:58.316000,86.0,66,88
3320,266,166,100,2024-10-21 05:27:58.316000,80.0,72,88
3321,266,12,100,2024-10-21 05:27:58.316000,54.0,58,93
3322,266,17,100,2024-10-21 05:27:58.316000,55.0,59,67
3323,266,13,100,2024-10-21 05:27:58.316000,97.0,69,83
3324,266,108,100,2024-10-21 05:27:58.316000,77.0,56,73
3325,266,163,100,2024-10-21 05:27:58.316000,91.0,69,88
3326,266,83,100,2024-10-21 05:27:58.316000,61.0,56,82
3327,266,11,100,2024-10-21 05:27:58.316000,79.0,91,99
3328,266,81,100,2024-10-21 05:27:58.316000,96.0,83,57
3329,266,101,100,2024-10-21 05:27:58.316000,72.0,81,83
3330,266,67,100,2024-10-21 05:27:58.316000,57.0,97,53
3331,266,36,100,2024-10-21 05:27:58.316000,68.0,94,75
3332,266,77,100,2024-10-21 05:27:58.316000,50.0,88,54
3333,266,138,100,2024-10-21 05:27:58.316000,70.0,73,88
3334,267,166,100,2024-10-21 05:27:58.316000,84.0,59,85
3335,267,17,100,2024-10-21 05:27:58.316000,90.0,51,66
3336,267,13,100,2024-10-21 05:27:58.316000,64.0,50,63
3337,267,20,100,2024-10-21 05:27:58.316000,50.0,80,57
3338,267,12,100,2024-10-21 05:27:58.316000,72.0,87,75
3339,267,28,100,2024-10-21 05:27:58.316000,90.0,78,97
3340,267,66,100,2024-10-21 05:27:58.316000,88.0,57,89
3341,267,154,100,2024-10-21 05:27:58.316000,62.0,85,72
3342,267,137,100,2024-10-21 05:27:58.316000,50.0,60,55
3343,267,187,100,2024-10-21 05:27:58.316000,73.0,65,95
3344,267,115,100,2024-10-21 05:27:58.316000,91.0,74,53
3345,267,50,100,2024-10-21 05:27:58.316000,55.0,66,95
3346,267,81,100,2024-10-21 05:27:58.316000,70.0,74,98
3347,267,9,100,2024-10-21 05:27:58.316000,96.0,86,53
3348,267,175,100,2024-10-21 05:27:58.316000,90.0,68,80
3349,268,20,100,2024-10-21 05:27:58.316000,81.0,99,50
3350,268,13,100,2024-10-21 05:27:58.316000,82.0,92,89
3351,268,17,100,2024-10-21 05:27:58.316000,78.0,88,84
3352,268,12,100,2024-10-21 05:27:58.316000,86.0,56,73
3353,268,166,100,2024-10-21 05:27:58.316000,100.0,66,78
3354,268,16,100,2024-10-21 05:27:58.316000,93.0,51,85
3355,268,115,100,2024-10-21 05:27:58.316000,63.0,72,95
3356,268,126,100,2024-10-21 05:27:58.316000,65.0,80,68
3357,268,113,100,2024-10-21 05:27:58.316000,87.0,87,99
3358,268,14,100,2024-10-21 05:27:58.316000,69.0,93,70
3359,268,60,100,2024-10-21 05:27:58.316000,61.0,78,58
3360,268,109,100,2024-10-21 05:27:58.316000,100.0,64,85
3361,268,159,100,2024-10-21 05:27:58.316000,80.0,89,71
3362,269,13,100,2024-10-21 05:27:58.316000,95.0,51,51
3363,269,17,100,2024-10-21 05:27:58.316000,60.0,55,97
3364,269,12,100,2024-10-21 05:27:58.316000,76.0,90,94
3365,269,20,100,2024-10-21 05:27:58.316000,70.0,59,100
3366,269,166,100,2024-10-21 05:27:58.316000,70.0,95,50
3367,269,131,100,2024-10-21 05:27:58.316000,89.0,86,94
3368,269,15,100,2024-10-21 05:27:58.316000,62.0,99,50
3369,269,110,100,2024-10-21 05:27:58.316000,74.0,78,93
3370,269,63,100,2024-10-21 05:27:58.316000,80.0,68,60
3371,269,14,100,2024-10-21 05:27:58.316000,60.0,63,86
3372,270,12,100,2024-10-21 05:27:58.316000,78.0,84,69
3373,270,166,100,2024-10-21 05:27:58.316000,70.0,64,96
3374,270,20,100,2024-10-21 05:27:58.316000,63.0,94,75
3375,270,17,100,2024-10-21 05:27:58.316000,76.0,73,98
3376,270,13,100,2024-10-21 05:27:58.316000,54.0,95,87
3377,270,26,100,2024-10-21 05:27:58.316000,61.0,81,80
3378,270,62,100,2024-10-21 05:27:58.316000,80.0,90,96
3379,270,84,100,2024-10-21 05:27:58.316000,65.0,78,62
3380,270,80,100,2024-10-21 05:27:58.316000,81.0,84,62
3381,270,69,100,2024-10-21 05:27:58.316000,74.0,71,80
3382,270,111,100,2024-10-21 05:27:58.316000,50.0,73,64
3383,270,175,100,2024-10-21 05:27:58.316000,54.0,85,57
3384,270,86,100,2024-10-21 05:27:58.316000,78.0,59,72
3385,270,23,100,2024-10-21 05:27:58.316000,78.0,76,57
3386,270,180,100,2024-10-21 05:27:58.316000,83.0,54,58
3387,271,13,100,2024-10-21 05:27:58.316000,67.0,56,88
3388,271,166,100,2024-10-21 05:27:58.316000,98.0,87,70
3389,271,17,100,2024-10-21 05:27:58.316000,88.0,75,89
3390,271,20,100,2024-10-21 05:27:58.316000,95.0,64,86
3391,271,12,100,2024-10-21 05:27:58.316000,85.0,95,84
3392,271,186,100,2024-10-21 05:27:58.316000,61.0,66,83
3393,271,43,100,2024-10-21 05:27:58.316000,97.0,74,62
3394,271,197,100,2024-10-21 05:27:58.316000,67.0,94,73
3395,271,153,100,2024-10-21 05:27:58.316000,77.0,89,70
3396,271,60,100,2024-10-21 05:27:58.316000,86.0,52,69
3397,272,20,100,2024-10-21 05:27:58.316000,53.0,61,86
3398,272,13,100,2024-10-21 05:27:58.316000,93.0,93,58
3399,272,17,100,2024-10-21 05:27:58.316000,50.0,79,74
3400,272,166,100,2024-10-21 05:27:58.316000,59.0,92,90
3401,272,12,100,2024-10-21 05:27:58.316000,81.0,78,58
3402,272,42,100,2024-10-21 05:27:58.316000,94.0,84,68
3403,272,27,100,2024-10-21 05:27:58.316000,80.0,85,61
3404,272,6,100,2024-10-21 05:27:58.316000,86.0,75,94
3405,272,26,100,2024-10-21 05:27:58.316000,100.0,74,96
3406,272,62,100,2024-10-21 05:27:58.316000,95.0,92,58
3407,272,161,100,2024-10-21 05:27:58.316000,90.0,78,95
3408,272,50,100,2024-10-21 05:27:58.316000,84.0,75,81
3409,273,20,100,2024-10-21 05:27:58.316000,62.0,94,57
3410,273,12,100,2024-10-21 05:27:58.316000,50.0,60,53
3411,273,17,100,2024-10-21 05:27:58.316000,62.0,85,50
3412,273,166,100,2024-10-21 05:27:58.316000,93.0,70,66
3413,273,127,100,2024-10-21 05:27:58.316000,94.0,80,97
3414,273,21,100,2024-10-21 05:27:58.316000,64.0,73,70
3415,273,157,100,2024-10-21 05:27:58.316000,90.0,64,68
3416,273,44,100,2024-10-21 05:27:58.316000,65.0,74,61
3417,273,83,100,2024-10-21 05:27:58.316000,96.0,72,76
3418,273,177,100,2024-10-21 05:27:58.316000,96.0,56,65
3419,273,61,100,2024-10-21 05:27:58.316000,94.0,59,85
3420,273,152,100,2024-10-21 05:27:58.316000,77.0,59,74
3421,273,78,100,2024-10-21 05:27:58.316000,51.0,64,68
3422,274,13,100,2024-10-21 05:27:58.316000,95.0,79,91
3423,274,17,100,2024-10-21 05:27:58.316000,64.0,60,97
3424,274,20,100,2024-10-21 05:27:58.316000,84.0,53,51
3425,274,166,100,2024-10-21 05:27:58.316000,65.0,67,88
3426,274,12,100,2024-10-21 05:27:58.316000,50.0,88,95
3427,274,81,100,2024-10-21 05:27:58.316000,97.0,53,94
3428,274,16,100,2024-10-21 05:27:58.316000,95.0,85,68
3429,274,155,100,2024-10-21 05:27:58.316000,51.0,92,89
3430,274,191,100,2024-10-21 05:27:58.316000,60.0,96,72
3431,274,18,100,2024-10-21 05:27:58.316000,75.0,99,58
3432,274,163,100,2024-10-21 05:27:58.316000,85.0,78,53
3433,274,148,100,2024-10-21 05:27:58.316000,64.0,88,58
3434,274,182,100,2024-10-21 05:27:58.316000,92.0,52,73
3435,275,20,100,2024-10-21 05:27:58.316000,66.0,71,81
3436,275,12,100,2024-10-21 05:27:58.316000,87.0,63,78
3437,275,17,100,2024-10-21 05:27:58.316000,66.0,66,68
3438,275,166,100,2024-10-21 05:27:58.316000,92.0,91,52
3439,275,13,100,2024-10-21 05:27:58.316000,93.0,68,59
3440,275,200,100,2024-10-21 05:27:58.316000,53.0,68,63
3441,275,26,100,2024-10-21 05:27:58.316000,72.0,69,92
3442,275,87,100,2024-10-21 05:27:58.316000,70.0,51,73
3443,275,114,100,2024-10-21 05:27:58.316000,70.0,74,69
3444,275,73,100,2024-10-21 05:27:58.316000,69.0,90,90
3445,275,23,100,2024-10-21 05:27:58.316000,64.0,60,83
3446,275,43,100,2024-10-21 05:27:58.316000,70.0,68,69
3447,276,166,100,2024-10-21 05:27:58.316000,64.0,99,88
3448,276,17,100,2024-10-21 05:27:58.316000,96.0,56,85
3449,276,12,100,2024-10-21 05:27:58.316000,100.0,88,98
3450,276,13,100,2024-10-21 05:27:58.316000,83.0,53,89
3451,276,20,100,2024-10-21 05:27:58.316000,56.0,67,85
3452,276,32,100,2024-10-21 05:27:58.316000,78.0,54,68
3453,276,165,100,2024-10-21 05:27:58.316000,68.0,82,72
3454,276,81,100,2024-10-21 05:27:58.316000,88.0,58,93
3455,276,162,100,2024-10-21 05:27:58.316000,70.0,67,65
3456,276,18,100,2024-10-21 05:27:58.316000,70.0,95,99
3457,276,169,100,2024-10-21 05:27:58.316000,54.0,72,71
3458,276,100,100,2024-10-21 05:27:58.316000,75.0,69,79
3459,276,64,100,2024-10-21 05:27:58.317000,77.0,80,68
3460,277,17,100,2024-10-21 05:27:58.317000,98.0,66,77
3461,277,166,100,2024-10-21 05:27:58.317000,81.0,88,79
3462,277,13,100,2024-10-21 05:27:58.317000,97.0,78,83
3463,277,12,100,2024-10-21 05:27:58.317000,66.0,65,86
3464,277,20,100,2024-10-21 05:27:58.317000,57.0,66,63
3465,277,35,100,2024-10-21 05:27:58.317000,67.0,76,74
3466,277,25,100,2024-10-21 05:27:58.317000,96.0,78,68
3467,277,99,100,2024-10-21 05:27:58.317000,97.0,59,87
3468,277,80,100,2024-10-21 05:27:58.317000,86.0,81,99
3469,277,179,100,2024-10-21 05:27:58.317000,78.0,58,62
3470,277,141,100,2024-10-21 05:27:58.317000,89.0,76,65
3471,277,108,100,2024-10-21 05:27:58.317000,68.0,76,93
3472,277,101,100,2024-10-21 05:27:58.317000,72.0,92,79
3473,277,40,100,2024-10-21 05:27:58.317000,59.0,83,82
3474,277,110,100,2024-10-21 05:27:58.317000,73.0,76,85
3475,278,13,100,2024-10-21 05:27:58.317000,63.0,53,96
3476,278,20,100,2024-10-21 05:27:58.317000,67.0,85,92
3477,278,17,100,2024-10-21 05:27:58.317000,94.0,85,64
3478,278,12,100,2024-10-21 05:27:58.317000,75.0,94,75
3479,278,166,100,2024-10-21 05:27:58.317000,98.0,77,88
3480,278,28,100,2024-10-21 05:27:58.317000,56.0,72,87
3481,278,98,100,2024-10-21 05:27:58.317000,64.0,84,74
3482,278,160,100,2024-10-21 05:27:58.317000,66.0,97,77
3483,278,171,100,2024-10-21 05:27:58.317000,50.0,94,99
3484,278,27,100,2024-10-21 05:27:58.317000,57.0,94,91
3485,278,45,100,2024-10-21 05:27:58.317000,70.0,74,97
3486,278,72,100,2024-10-21 05:27:58.317000,62.0,68,73
3487,278,191,100,2024-10-21 05:27:58.317000,94.0,100,73
3488,279,20,100,2024-10-21 05:27:58.317000,93.0,77,70
3489,279,12,100,2024-10-21 05:27:58.317000,89.0,58,96
3490,279,166,100,2024-10-21 05:27:58.317000,89.0,63,99
3491,279,13,100,2024-10-21 05:27:58.317000,77.0,91,56
3492,279,17,100,2024-10-21 05:27:58.317000,55.0,75,97
3493,279,57,100,2024-10-21 05:27:58.317000,61.0,82,70
3494,279,6,100,2024-10-21 05:27:58.317000,82.0,95,90
3495,279,180,100,2024-10-21 05:27:58.317000,74.0,87,95
3496,279,86,100,2024-10-21 05:27:58.317000,81.0,55,75
3497,279,66,100,2024-10-21 05:27:58.317000,83.0,60,74
3498,280,20,100,2024-10-21 05:27:58.317000,85.0,65,81
3499,280,12,100,2024-10-21 05:27:58.317000,93.0,69,86
3500,280,13,100,2024-10-21 05:27:58.317000,97.0,52,54
3501,280,166,100,2024-10-21 05:27:58.317000,68.0,61,94
3502,280,17,100,2024-10-21 05:27:58.317000,64.0,56,100
3503,280,66,100,2024-10-21 05:27:58.317000,56.0,51,51
3504,280,199,100,2024-10-21 05:27:58.317000,53.0,96,91
3505,280,152,100,2024-10-21 05:27:58.317000,79.0,99,59
3506,280,98,100,2024-10-21 05:27:58.317000,52.0,74,54
3507,280,6,100,2024-10-21 05:27:58.317000,68.0,63,91
3508,280,164,100,2024-10-21 05:27:58.317000,74.0,88,53
3509,280,40,100,2024-10-21 05:27:58.317000,93.0,100,97
3510,280,88,100,2024-10-21 05:27:58.317000,86.0,94,90
3511,280,84,100,2024-10-21 05:27:58.317000,67.0,80,68
3512,280,161,100,2024-10-21 05:27:58.317000,62.0,96,88
3513,281,17,100,2024-10-21 05:27:58.317000,54.0,94,55
3514,281,13,100,2024-10-21 05:27:58.317000,58.0,55,54
3515,281,12,100,2024-10-21 05:27:58.317000,75.0,93,50
3516,281,166,100,2024-10-21 05:27:58.317000,92.0,86,80
3517,281,20,100,2024-10-21 05:27:58.317000,58.0,89,53
3518,281,124,100,2024-10-21 05:27:58.317000,95.0,56,98
3519,281,183,100,2024-10-21 05:27:58.317000,99.0,91,82
3520,281,26,100,2024-10-21 05:27:58.317000,64.0,67,50
3521,281,172,100,2024-10-21 05:27:58.317000,76.0,100,79
3522,281,100,100,2024-10-21 05:27:58.317000,94.0,91,76
3523,281,37,100,2024-10-21 05:27:58.317000,55.0,85,62
3524,282,12,100,2024-10-21 05:27:58.317000,78.0,74,66
3525,282,17,100,2024-10-21 05:27:58.317000,98.0,73,69
3526,282,20,100,2024-10-21 05:27:58.317000,84.0,99,97
3527,282,166,100,2024-10-21 05:27:58.317000,69.0,60,99
3528,282,13,100,2024-10-21 05:27:58.317000,66.0,75,85
3529,282,45,100,2024-10-21 05:27:58.317000,51.0,64,84
3530,282,9,100,2024-10-21 05:27:58.317000,50.0,64,80
3531,282,175,100,2024-10-21 05:27:58.317000,97.0,79,69
3532,282,139,100,2024-10-21 05:27:58.317000,97.0,66,67
3533,282,82,100,2024-10-21 05:27:58.317000,96.0,93,78
3534,282,151,100,2024-10-21 05:27:58.317000,55.0,98,96
3535,282,11,100,2024-10-21 05:27:58.317000,93.0,94,93
3536,283,20,100,2024-10-21 05:27:58.317000,76.0,68,82
3537,283,13,100,2024-10-21 05:27:58.317000,64.0,60,73
3538,283,17,100,2024-10-21 05:27:58.317000,84.0,70,58
3539,283,12,100,2024-10-21 05:27:58.317000,85.0,75,66
3540,283,166,100,2024-10-21 05:27:58.317000,84.0,87,64
3541,283,74,100,2024-10-21 05:27:58.317000,57.0,60,51
3542,283,66,100,2024-10-21 05:27:58.317000,99.0,68,50
3543,283,67,100,2024-10-21 05:27:58.317000,67.0,92,73
3544,283,76,100,2024-10-21 05:27:58.317000,87.0,65,52
3545,283,140,100,2024-10-21 05:27:58.317000,92.0,60,70
3546,283,135,100,2024-10-21 05:27:58.317000,99.0,82,69
3547,283,189,100,2024-10-21 05:27:58.317000,59.0,54,94
3548,283,34,100,2024-10-21 05:27:58.317000,77.0,70,66
3549,284,166,100,2024-10-21 05:27:58.317000,67.0,91,90
3550,284,17,100,2024-10-21 05:27:58.317000,92.0,79,82
3551,284,13,100,2024-10-21 05:27:58.317000,89.0,96,77
3552,284,20,100,2024-10-21 05:27:58.317000,56.0,84,87
3553,284,12,100,2024-10-21 05:27:58.317000,66.0,55,52
3554,284,60,100,2024-10-21 05:27:58.317000,86.0,95,95
3555,284,2,100,2024-10-21 05:27:58.317000,81.0,51,100
3556,284,18,100,2024-10-21 05:27:58.317000,62.0,58,85
3557,284,172,100,2024-10-21 05:27:58.317000,51.0,52,67
3558,284,151,100,2024-10-21 05:27:58.317000,81.0,79,61
3559,284,63,100,2024-10-21 05:27:58.317000,77.0,60,83
3560,284,180,100,2024-10-21 05:27:58.317000,56.0,89,80
3561,285,20,100,2024-10-21 05:27:58.317000,84.0,70,50
3562,285,13,100,2024-10-21 05:27:58.317000,73.0,68,89
3563,285,166,100,2024-10-21 05:27:58.317000,70.0,64,95
3564,285,17,100,2024-10-21 05:27:58.317000,72.0,79,53
3565,285,12,100,2024-10-21 05:27:58.317000,81.0,95,83
3566,285,155,100,2024-10-21 05:27:58.317000,64.0,50,98
3567,285,186,100,2024-10-21 05:27:58.317000,65.0,55,95
3568,285,167,100,2024-10-21 05:27:58.317000,92.0,53,50
3569,285,59,100,2024-10-21 05:27:58.317000,68.0,88,82
3570,285,81,100,2024-10-21 05:27:58.317000,75.0,87,50
3571,285,85,100,2024-10-21 05:27:58.317000,82.0,74,73
3572,285,122,100,2024-10-21 05:27:58.317000,94.0,98,74
3573,285,67,100,2024-10-21 05:27:58.317000,88.0,93,98
3574,285,144,100,2024-10-21 05:27:58.317000,71.0,60,78
3575,285,64,100,2024-10-21 05:27:58.317000,57.0,57,55
3576,286,20,100,2024-10-21 05:27:58.317000,67.0,52,92
3577,286,13,100,2024-10-21 05:27:58.317000,50.0,100,81
3578,286,17,100,2024-10-21 05:27:58.317000,84.0,78,52
3579,286,166,100,2024-10-21 05:27:58.317000,65.0,76,55
3580,286,12,100,2024-10-21 05:27:58.317000,64.0,97,79
3581,286,176,100,2024-10-21 05:27:58.317000,80.0,59,81
3582,286,183,100,2024-10-21 05:27:58.317000,97.0,64,63
3583,286,195,100,2024-10-21 05:27:58.317000,59.0,95,74
3584,286,107,100,2024-10-21 05:27:58.317000,59.0,83,56
3585,286,85,100,2024-10-21 05:27:58.317000,56.0,52,79
3586,287,13,100,2024-10-21 05:27:58.317000,89.0,71,58
3587,287,166,100,2024-10-21 05:27:58.317000,94.0,59,86
3588,287,17,100,2024-10-21 05:27:58.317000,93.0,72,100
3589,287,20,100,2024-10-21 05:27:58.317000,56.0,89,76
3590,287,12,100,2024-10-21 05:27:58.317000,83.0,85,85
3591,287,76,100,2024-10-21 05:27:58.317000,78.0,53,85
3592,287,60,100,2024-10-21 05:27:58.317000,94.0,69,73
3593,287,18,100,2024-10-21 05:27:58.317000,96.0,61,52
3594,287,4,100,2024-10-21 05:27:58.317000,57.0,54,77
3595,287,133,100,2024-10-21 05:27:58.317000,65.0,95,50
3596,287,194,100,2024-10-21 05:27:58.317000,89.0,77,79
3597,287,81,100,2024-10-21 05:27:58.317000,86.0,81,93
3598,287,163,100,2024-10-21 05:27:58.317000,100.0,99,76
3599,288,13,100,2024-10-21 05:27:58.317000,62.0,73,74
3600,288,17,100,2024-10-21 05:27:58.317000,54.0,55,62
3601,288,166,100,2024-10-21 05:27:58.317000,77.0,82,80
3602,288,20,100,2024-10-21 05:27:58.317000,100.0,65,86
3603,288,12,100,2024-10-21 05:27:58.317000,61.0,88,59
3604,288,124,100,2024-10-21 05:27:58.317000,50.0,82,60
3605,288,129,100,2024-10-21 05:27:58.317000,85.0,91,60
3606,288,193,100,2024-10-21 05:27:58.317000,67.0,67,78
3607,288,118,100,2024-10-21 05:27:58.317000,78.0,66,68
3608,288,103,100,2024-10-21 05:27:58.317000,79.0,93,78
3609,288,120,100,2024-10-21 05:27:58.317000,60.0,94,86
3610,288,23,100,2024-10-21 05:27:58.317000,76.0,98,72
3611,288,31,100,2024-10-21 05:27:58.317000,65.0,85,69
3612,289,20,100,2024-10-21 05:27:58.317000,53.0,94,79
3613,289,17,100,2024-10-21 05:27:58.317000,65.0,69,91
3614,289,12,100,2024-10-21 05:27:58.317000,95.0,76,100
3615,289,166,100,2024-10-21 05:27:58.317000,55.0,80,62
3616,289,13,100,2024-10-21 05:27:58.317000,100.0,98,79
3617,289,5,100,2024-10-21 05:27:58.317000,71.0,57,76
3618,289,8,100,2024-10-21 05:27:58.317000,95.0,97,58
3619,289,155,100,2024-10-21 05:27:58.317000,91.0,81,82
3620,289,172,100,2024-10-21 05:27:58.317000,55.0,65,56
3621,289,79,100,2024-10-21 05:27:58.317000,77.0,80,78
3622,289,119,100,2024-10-21 05:27:58.317000,83.0,98,89
3623,289,140,100,2024-10-21 05:27:58.318000,73.0,60,50
3624,289,115,100,2024-10-21 05:27:58.318000,93.0,73,98
3625,290,17,100,2024-10-21 05:27:58.318000,74.0,86,63
3626,290,166,100,2024-10-21 05:27:58.318000,96.0,62,55
3627,290,20,100,2024-10-21 05:27:58.318000,77.0,60,91
3628,290,12,100,2024-10-21 05:27:58.318000,53.0,66,98
3629,290,199,100,2024-10-21 05:27:58.318000,70.0,78,95
3630,290,151,100,2024-10-21 05:27:58.318000,80.0,57,90
3631,290,125,100,2024-10-21 05:27:58.318000,65.0,96,64
3632,290,153,100,2024-10-21 05:27:58.318000,70.0,80,82
3633,290,142,100,2024-10-21 05:27:58.318000,98.0,59,53
3634,290,67,100,2024-10-21 05:27:58.318000,51.0,63,95
3635,290,130,100,2024-10-21 05:27:58.318000,56.0,72,79
3636,290,101,100,2024-10-21 05:27:58.318000,52.0,52,66
3637,291,166,100,2024-10-21 05:27:58.318000,71.0,87,62
3638,291,20,100,2024-10-21 05:27:58.318000,100.0,88,76
3639,291,17,100,2024-10-21 05:27:58.318000,60.0,75,61
3640,291,12,100,2024-10-21 05:27:58.318000,59.0,100,82
3641,291,142,100,2024-10-21 05:27:58.318000,65.0,72,91
3642,291,165,100,2024-10-21 05:27:58.318000,62.0,52,60
3643,291,77,100,2024-10-21 05:27:58.318000,57.0,80,68
3644,291,190,100,2024-10-21 05:27:58.318000,83.0,91,64
3645,291,92,100,2024-10-21 05:27:58.318000,60.0,72,69
3646,291,19,100,2024-10-21 05:27:58.318000,60.0,79,70
3647,291,63,100,2024-10-21 05:27:58.318000,65.0,54,93
3648,291,74,100,2024-10-21 05:27:58.318000,93.0,91,60
3649,292,13,100,2024-10-21 05:27:58.318000,96.0,100,63
3650,292,166,100,2024-10-21 05:27:58.318000,70.0,86,69
3651,292,17,100,2024-10-21 05:27:58.318000,100.0,77,92
3652,292,20,100,2024-10-21 05:27:58.318000,82.0,55,80
3653,292,12,100,2024-10-21 05:27:58.318000,66.0,55,61
3654,292,176,100,2024-10-21 05:27:58.318000,74.0,75,85
3655,292,174,100,2024-10-21 05:27:58.318000,50.0,90,100
3656,292,71,100,2024-10-21 05:27:58.318000,63.0,53,84
3657,292,64,100,2024-10-21 05:27:58.318000,50.0,80,88
3658,292,150,100,2024-10-21 05:27:58.318000,84.0,70,50
3659,292,30,100,2024-10-21 05:27:58.318000,50.0,82,79
3660,293,166,100,2024-10-21 05:27:58.318000,63.0,98,78
3661,293,12,100,2024-10-21 05:27:58.318000,53.0,51,85
3662,293,17,100,2024-10-21 05:27:58.318000,93.0,50,97
3663,293,13,100,2024-10-21 05:27:58.318000,61.0,64,82
3664,293,20,100,2024-10-21 05:27:58.318000,97.0,66,94
3665,293,143,100,2024-10-21 05:27:58.318000,80.0,53,92
3666,293,96,100,2024-10-21 05:27:58.318000,86.0,68,78
3667,293,155,100,2024-10-21 05:27:58.318000,75.0,59,61
3668,293,142,100,2024-10-21 05:27:58.318000,60.0,93,90
3669,293,23,100,2024-10-21 05:27:58.318000,53.0,52,61
3670,293,78,100,2024-10-21 05:27:58.318000,65.0,58,76
3671,293,192,100,2024-10-21 05:27:58.318000,86.0,79,67
3672,293,34,100,2024-10-21 05:27:58.318000,81.0,87,96
3673,293,82,100,2024-10-21 05:27:58.318000,63.0,77,89
3674,293,160,100,2024-10-21 05:27:58.318000,97.0,96,66
3675,294,12,100,2024-10-21 05:27:58.318000,92.0,80,56
3676,294,13,100,2024-10-21 05:27:58.318000,76.0,99,69
3677,294,17,100,2024-10-21 05:27:58.318000,77.0,61,51
3678,294,166,100,2024-10-21 05:27:58.318000,91.0,94,72
3679,294,20,100,2024-10-21 05:27:58.318000,77.0,98,100
3680,294,56,100,2024-10-21 05:27:58.318000,76.0,76,76
3681,294,55,100,2024-10-21 05:27:58.318000,62.0,85,57
3682,294,60,100,2024-10-21 05:27:58.318000,71.0,51,61
3683,294,129,100,2024-10-21 05:27:58.318000,99.0,66,92
3684,294,28,100,2024-10-21 05:27:58.318000,75.0,63,80
3685,294,188,100,2024-10-21 05:27:58.318000,100.0,91,77
3686,294,145,100,2024-10-21 05:27:58.318000,96.0,59,75
3687,295,12,100,2024-10-21 05:27:58.318000,73.0,97,55
3688,295,13,100,2024-10-21 05:27:58.318000,77.0,87,68
3689,295,17,100,2024-10-21 05:27:58.318000,78.0,55,93
3690,295,20,100,2024-10-21 05:27:58.318000,51.0,100,63
3691,295,166,100,2024-10-21 05:27:58.318000,93.0,84,63
3692,295,180,100,2024-10-21 05:27:58.318000,53.0,74,92
3693,295,80,100,2024-10-21 05:27:58.318000,58.0,90,90
3694,295,58,100,2024-10-21 05:27:58.318000,93.0,85,60
3695,295,152,100,2024-10-21 05:27:58.318000,56.0,72,55
3696,295,2,100,2024-10-21 05:27:58.318000,62.0,54,95
3697,295,137,100,2024-10-21 05:27:58.318000,77.0,81,79
3698,295,68,100,2024-10-21 05:27:58.318000,71.0,72,97
3699,295,31,100,2024-10-21 05:27:58.318000,54.0,69,89
3700,295,125,100,2024-10-21 05:27:58.318000,64.0,79,51
3701,295,15,100,2024-10-21 05:27:58.318000,55.0,79,99
3702,296,17,100,2024-10-21 05:27:58.318000,73.0,85,71
3703,296,166,100,2024-10-21 05:27:58.318000,78.0,80,77
3704,296,13,100,2024-10-21 05:27:58.318000,52.0,52,91
3705,296,20,100,2024-10-21 05:27:58.318000,97.0,62,64
3706,296,12,100,2024-10-21 05:27:58.318000,81.0,68,86
3707,296,7,100,2024-10-21 05:27:58.318000,61.0,78,58
3708,296,29,100,2024-10-21 05:27:58.318000,61.0,51,58
3709,296,52,100,2024-10-21 05:27:58.318000,51.0,81,100
3710,296,62,100,2024-10-21 05:27:58.318000,71.0,72,72
3711,296,142,100,2024-10-21 05:27:58.318000,78.0,70,74
3712,296,53,100,2024-10-21 05:27:58.318000,71.0,99,93
3713,297,17,100,2024-10-21 05:27:58.318000,54.0,77,85
3714,297,13,100,2024-10-21 05:27:58.318000,85.0,77,56
3715,297,20,100,2024-10-21 05:27:58.318000,77.0,56,98
3716,297,166,100,2024-10-21 05:27:58.318000,96.0,87,62
3717,297,12,100,2024-10-21 05:27:58.318000,93.0,91,80
3718,297,69,100,2024-10-21 05:27:58.318000,79.0,85,70
3719,297,143,100,2024-10-21 05:27:58.318000,90.0,66,57
3720,297,54,100,2024-10-21 05:27:58.318000,93.0,84,56
3721,297,67,100,2024-10-21 05:27:58.318000,95.0,74,59
3722,297,61,100,2024-10-21 05:27:58.318000,99.0,98,64
3723,297,36,100,2024-10-21 05:27:58.318000,100.0,92,54
3724,297,191,100,2024-10-21 05:27:58.318000,90.0,61,58
3725,297,14,100,2024-10-21 05:27:58.318000,74.0,97,100
3726,297,6,100,2024-10-21 05:27:58.318000,98.0,84,72
3727,298,17,100,2024-10-21 05:27:58.318000,100.0,60,62
3728,298,12,100,2024-10-21 05:27:58.318000,70.0,71,85
3729,298,166,100,2024-10-21 05:27:58.318000,88.0,89,98
3730,298,20,100,2024-10-21 05:27:58.318000,82.0,53,60
3731,298,13,100,2024-10-21 05:27:58.318000,69.0,70,99
3732,298,33,100,2024-10-21 05:27:58.318000,67.0,59,89
3733,298,35,100,2024-10-21 05:27:58.318000,63.0,57,100
3734,298,55,100,2024-10-21 05:27:58.318000,64.0,73,97
3735,298,14,100,2024-10-21 05:27:58.318000,58.0,82,50
3736,298,195,100,2024-10-21 05:27:58.318000,94.0,60,60
3737,298,108,100,2024-10-21 05:27:58.318000,80.0,69,60
3738,298,107,100,2024-10-21 05:27:58.318000,76.0,88,72
3739,298,29,100,2024-10-21 05:27:58.318000,83.0,54,90
3740,298,87,100,2024-10-21 05:27:58.318000,92.0,65,59
3741,298,70,100,2024-10-21 05:27:58.318000,69.0,90,95
3742,299,12,100,2024-10-21 05:27:58.318000,96.0,53,98
3743,299,20,100,2024-10-21 05:27:58.318000,63.0,68,79
3744,299,166,100,2024-10-21 05:27:58.318000,80.0,73,94
3745,299,13,100,2024-10-21 05:27:58.318000,79.0,88,72
3746,299,17,100,2024-10-21 05:27:58.318000,68.0,96,98
3747,299,188,100,2024-10-21 05:27:58.318000,63.0,98,82
3748,299,168,100,2024-10-21 05:27:58.318000,70.0,99,60
3749,299,58,100,2024-10-21 05:27:58.318000,50.0,52,81
3750,299,96,100,2024-10-21 05:27:58.318000,54.0,83,78
3751,299,151,100,2024-10-21 05:27:58.318000,54.0,64,97
3752,299,131,100,2024-10-21 05:27:58.318000,55.0,50,72
3753,300,20,100,2024-10-21 05:27:58.318000,76.0,61,54
3754,300,12,100,2024-10-21 05:27:58.318000,61.0,94,87
3755,300,166,100,2024-10-21 05:27:58.318000,91.0,58,99
3756,300,17,100,2024-10-21 05:27:58.318000,86.0,79,71
3757,300,13,100,2024-10-21 05:27:58.318000,76.0,50,59
3758,300,117,100,2024-10-21 05:27:58.318000,76.0,97,68
3759,300,1,100,2024-10-21 05:27:58.318000,85.0,66,63
3760,300,61,100,2024-10-21 05:27:58.318000,56.0,93,87
3761,300,48,100,2024-10-21 05:27:58.318000,85.0,55,99
3762,300,51,100,2024-10-21 05:27:58.318000,81.0,62,59
3763,300,186,100,2024-10-21 05:27:58.318000,97.0,89,76
3764,300,59,100,2024-10-21 05:27:58.318000,64.0,68,55
3765,300,32,100,2024-10-21 05:27:58.318000,99.0,75,93
3766,301,20,100,2024-10-21 05:27:58.318000,93.0,54,90
3767,301,12,100,2024-10-21 05:27:58.318000,97.0,76,82
3768,301,13,100,2024-10-21 05:27:58.318000,83.0,93,74
3769,301,166,100,2024-10-21 05:27:58.318000,94.0,96,55
3770,301,17,100,2024-10-21 05:27:58.318000,99.0,82,100
3771,301,47,100,2024-10-21 05:27:58.318000,91.0,73,97
3772,301,180,100,2024-10-21 05:27:58.318000,99.0,67,88
3773,301,128,100,2024-10-21 05:27:58.318000,55.0,85,55
3774,301,84,100,2024-10-21 05:27:58.318000,83.0,59,94
3775,301,152,100,2024-10-21 05:27:58.318000,92.0,80,79
3776,301,140,100,2024-10-21 05:27:58.318000,64.0,84,78
3777,302,13,100,2024-10-21 05:27:58.318000,71.0,94,99
3778,302,17,100,2024-10-21 05:27:58.318000,72.0,73,97
3779,302,12,100,2024-10-21 05:27:58.318000,51.0,74,51
3780,302,166,100,2024-10-21 05:27:58.318000,93.0,57,63
3781,302,20,100,2024-10-21 05:27:58.318000,77.0,78,96
3782,302,98,100,2024-10-21 05:27:58.318000,54.0,52,93
3783,302,81,100,2024-10-21 05:27:58.318000,91.0,54,82
3784,302,93,100,2024-10-21 05:27:58.318000,70.0,84,96
3785,302,57,100,2024-10-21 05:27:58.318000,57.0,74,66
3786,302,111,100,2024-10-21 05:27:58.318000,84.0,54,84
3787,302,131,100,2024-10-21 05:27:58.318000,89.0,65,93
3788,302,185,100,2024-10-21 05:27:58.319000,90.0,76,57
3789,302,52,100,2024-10-21 05:27:58.319000,72.0,82,51
3790,302,113,100,2024-10-21 05:27:58.319000,72.0,55,76
3791,302,30,100,2024-10-21 05:27:58.319000,86.0,82,66
3792,303,17,100,2024-10-21 05:27:58.319000,53.0,72,90
3793,303,166,100,2024-10-21 05:27:58.319000,62.0,62,62
3794,303,12,100,2024-10-21 05:27:58.319000,98.0,75,52
3795,303,20,100,2024-10-21 05:27:58.319000,73.0,66,50
3796,303,90,100,2024-10-21 05:27:58.319000,52.0,61,80
3797,303,89,100,2024-10-21 05:27:58.319000,91.0,56,50
3798,303,183,100,2024-10-21 05:27:58.319000,86.0,76,89
3799,303,144,100,2024-10-21 05:27:58.319000,97.0,65,56
3800,303,130,100,2024-10-21 05:27:58.319000,81.0,81,81
3801,303,171,100,2024-10-21 05:27:58.319000,90.0,60,76
3802,303,63,100,2024-10-21 05:27:58.319000,60.0,58,65
3803,303,143,100,2024-10-21 05:27:58.319000,97.0,68,84
3804,303,107,100,2024-10-21 05:27:58.319000,93.0,84,100
3805,304,166,100,2024-10-21 05:27:58.319000,66.0,95,71
3806,304,13,100,2024-10-21 05:27:58.319000,77.0,69,52
3807,304,20,100,2024-10-21 05:27:58.319000,82.0,78,85
3808,304,17,100,2024-10-21 05:27:58.319000,91.0,73,86
3809,304,12,100,2024-10-21 05:27:58.319000,53.0,57,54
3810,304,72,100,2024-10-21 05:27:58.319000,65.0,93,66
3811,304,52,100,2024-10-21 05:27:58.319000,67.0,93,57
3812,304,167,100,2024-10-21 05:27:58.319000,92.0,86,83
3813,304,26,100,2024-10-21 05:27:58.319000,98.0,56,96
3814,304,124,100,2024-10-21 05:27:58.319000,57.0,96,60
3815,304,18,100,2024-10-21 05:27:58.319000,53.0,84,75
3816,305,20,100,2024-10-21 05:27:58.319000,94.0,50,67
3817,305,13,100,2024-10-21 05:27:58.319000,90.0,55,61
3818,305,12,100,2024-10-21 05:27:58.319000,64.0,75,59
3819,305,17,100,2024-10-21 05:27:58.319000,93.0,67,51
3820,305,166,100,2024-10-21 05:27:58.319000,69.0,54,54
3821,305,137,100,2024-10-21 05:27:58.319000,60.0,77,90
3822,305,158,100,2024-10-21 05:27:58.319000,86.0,100,87
3823,305,55,100,2024-10-21 05:27:58.319000,65.0,59,98
3824,305,141,100,2024-10-21 05:27:58.319000,90.0,92,52
3825,305,10,100,2024-10-21 05:27:58.319000,93.0,78,89
3826,305,179,100,2024-10-21 05:27:58.319000,98.0,59,57
3827,305,90,100,2024-10-21 05:27:58.319000,50.0,59,94
3828,305,167,100,2024-10-21 05:27:58.319000,52.0,77,64
3829,306,17,100,2024-10-21 05:27:58.319000,64.0,64,95
3830,306,13,100,2024-10-21 05:27:58.319000,92.0,71,58
3831,306,166,100,2024-10-21 05:27:58.319000,86.0,86,58
3832,306,20,100,2024-10-21 05:27:58.319000,53.0,50,91
3833,306,12,100,2024-10-21 05:27:58.319000,94.0,68,75
3834,306,188,100,2024-10-21 05:27:58.319000,94.0,69,73
3835,306,82,100,2024-10-21 05:27:58.319000,64.0,92,61
3836,306,73,100,2024-10-21 05:27:58.319000,54.0,50,62
3837,306,185,100,2024-10-21 05:27:58.319000,93.0,89,63
3838,306,23,100,2024-10-21 05:27:58.319000,68.0,71,94
3839,307,13,100,2024-10-21 05:27:58.319000,85.0,98,51
3840,307,166,100,2024-10-21 05:27:58.319000,53.0,60,98
3841,307,12,100,2024-10-21 05:27:58.319000,92.0,62,94
3842,307,17,100,2024-10-21 05:27:58.319000,65.0,70,57
3843,307,20,100,2024-10-21 05:27:58.319000,87.0,52,74
3844,307,100,100,2024-10-21 05:27:58.319000,81.0,60,57
3845,307,128,100,2024-10-21 05:27:58.319000,62.0,62,54
3846,307,103,100,2024-10-21 05:27:58.319000,54.0,95,60
3847,307,58,100,2024-10-21 05:27:58.319000,50.0,93,69
3848,307,87,100,2024-10-21 05:27:58.319000,58.0,60,63
3849,307,50,100,2024-10-21 05:27:58.319000,53.0,88,52
3850,307,163,100,2024-10-21 05:27:58.319000,53.0,93,58
3851,307,80,100,2024-10-21 05:27:58.319000,62.0,95,50
3852,307,152,100,2024-10-21 05:27:58.319000,94.0,65,93
3853,308,13,100,2024-10-21 05:27:58.319000,70.0,76,50
3854,308,20,100,2024-10-21 05:27:58.319000,74.0,69,95
3855,308,17,100,2024-10-21 05:27:58.319000,51.0,79,54
3856,308,166,100,2024-10-21 05:27:58.319000,89.0,59,84
3857,308,12,100,2024-10-21 05:27:58.319000,82.0,57,61
3858,308,66,100,2024-10-21 05:27:58.319000,53.0,65,56
3859,308,29,100,2024-10-21 05:27:58.319000,76.0,53,69
3860,308,172,100,2024-10-21 05:27:58.319000,86.0,92,70
3861,308,125,100,2024-10-21 05:27:58.319000,64.0,79,63
3862,308,42,100,2024-10-21 05:27:58.319000,90.0,72,100
3863,308,4,100,2024-10-21 05:27:58.319000,52.0,69,95
3864,308,184,100,2024-10-21 05:27:58.319000,97.0,100,69
3865,308,171,100,2024-10-21 05:27:58.319000,79.0,82,51
3866,309,166,100,2024-10-21 05:27:58.319000,94.0,50,59
3867,309,20,100,2024-10-21 05:27:58.319000,93.0,97,87
3868,309,12,100,2024-10-21 05:27:58.319000,82.0,82,63
3869,309,17,100,2024-10-21 05:27:58.319000,65.0,79,62
3870,309,13,100,2024-10-21 05:27:58.319000,74.0,71,78
3871,309,183,100,2024-10-21 05:27:58.319000,68.0,58,51
3872,309,144,100,2024-10-21 05:27:58.319000,77.0,98,53
3873,309,106,100,2024-10-21 05:27:58.319000,57.0,62,79
3874,309,6,100,2024-10-21 05:27:58.319000,84.0,86,62
3875,309,158,100,2024-10-21 05:27:58.319000,94.0,88,84
3876,309,108,100,2024-10-21 05:27:58.319000,60.0,93,88
3877,309,187,100,2024-10-21 05:27:58.319000,84.0,100,77
3878,310,20,100,2024-10-21 05:27:58.319000,94.0,66,52
3879,310,12,100,2024-10-21 05:27:58.319000,82.0,92,65
3880,310,17,100,2024-10-21 05:27:58.319000,95.0,66,70
3881,310,13,100,2024-10-21 05:27:58.319000,96.0,61,66
3882,310,166,100,2024-10-21 05:27:58.319000,70.0,61,97
3883,310,196,100,2024-10-21 05:27:58.319000,84.0,66,54
3884,310,32,100,2024-10-21 05:27:58.319000,74.0,93,97
3885,310,186,100,2024-10-21 05:27:58.319000,51.0,95,98
3886,310,86,100,2024-10-21 05:27:58.319000,83.0,79,60
3887,310,89,100,2024-10-21 05:27:58.319000,51.0,67,67
3888,310,9,100,2024-10-21 05:27:58.319000,54.0,53,100
3889,310,115,100,2024-10-21 05:27:58.319000,96.0,76,99
3890,310,121,100,2024-10-21 05:27:58.319000,74.0,72,69
3891,310,141,100,2024-10-21 05:27:58.319000,79.0,94,97
3892,311,20,100,2024-10-21 05:27:58.319000,61.0,55,61
3893,311,12,100,2024-10-21 05:27:58.319000,78.0,69,87
3894,311,166,100,2024-10-21 05:27:58.319000,57.0,90,71
3895,311,13,100,2024-10-21 05:27:58.319000,95.0,81,81
3896,311,17,100,2024-10-21 05:27:58.319000,67.0,93,74
3897,311,156,100,2024-10-21 05:27:58.319000,93.0,91,59
3898,311,42,100,2024-10-21 05:27:58.319000,83.0,50,57
3899,311,177,100,2024-10-21 05:27:58.319000,84.0,58,96
3900,311,28,100,2024-10-21 05:27:58.319000,62.0,74,90
3901,311,192,100,2024-10-21 05:27:58.319000,88.0,65,95
3902,312,12,100,2024-10-21 05:27:58.319000,95.0,100,53
3903,312,20,100,2024-10-21 05:27:58.319000,95.0,89,57
3904,312,166,100,2024-10-21 05:27:58.319000,76.0,92,99
3905,312,13,100,2024-10-21 05:27:58.319000,52.0,85,90
3906,312,17,100,2024-10-21 05:27:58.319000,73.0,97,80
3907,312,126,100,2024-10-21 05:27:58.319000,92.0,76,98
3908,312,121,100,2024-10-21 05:27:58.319000,98.0,73,67
3909,312,191,100,2024-10-21 05:27:58.319000,79.0,65,71
3910,312,91,100,2024-10-21 05:27:58.319000,52.0,50,88
3911,312,71,100,2024-10-21 05:27:58.319000,99.0,88,73
3912,312,94,100,2024-10-21 05:27:58.319000,86.0,56,50
3913,313,12,100,2024-10-21 05:27:58.319000,66.0,83,50
3914,313,13,100,2024-10-21 05:27:58.319000,77.0,61,93
3915,313,166,100,2024-10-21 05:27:58.319000,82.0,78,63
3916,313,20,100,2024-10-21 05:27:58.319000,50.0,57,61
3917,313,17,100,2024-10-21 05:27:58.319000,93.0,73,61
3918,313,68,100,2024-10-21 05:27:58.319000,78.0,62,84
3919,313,172,100,2024-10-21 05:27:58.319000,95.0,100,56
3920,313,165,100,2024-10-21 05:27:58.319000,95.0,98,69
3921,313,38,100,2024-10-21 05:27:58.319000,93.0,67,91
3922,313,190,100,2024-10-21 05:27:58.319000,74.0,54,67
3923,313,99,100,2024-10-21 05:27:58.319000,56.0,69,67
3924,313,90,100,2024-10-21 05:27:58.319000,92.0,83,61
3925,313,53,100,2024-10-21 05:27:58.319000,97.0,88,75
3926,313,105,100,2024-10-21 05:27:58.319000,50.0,80,54
3927,313,2,100,2024-10-21 05:27:58.319000,81.0,63,64
3928,314,13,100,2024-10-21 05:27:58.319000,100.0,72,85
3929,314,166,100,2024-10-21 05:27:58.319000,72.0,100,99
3930,314,20,100,2024-10-21 05:27:58.319000,88.0,82,57
3931,314,17,100,2024-10-21 05:27:58.319000,63.0,98,88
3932,314,12,100,2024-10-21 05:27:58.319000,76.0,50,74
3933,314,81,100,2024-10-21 05:27:58.319000,50.0,71,77
3934,314,113,100,2024-10-21 05:27:58.319000,97.0,88,52
3935,314,167,100,2024-10-21 05:27:58.319000,59.0,88,82
3936,314,78,100,2024-10-21 05:27:58.319000,79.0,93,50
3937,314,139,100,2024-10-21 05:27:58.319000,93.0,100,53
3938,314,182,100,2024-10-21 05:27:58.319000,53.0,88,71
3939,314,188,100,2024-10-21 05:27:58.319000,82.0,80,50
3940,315,12,100,2024-10-21 05:27:58.319000,79.0,98,96
3941,315,17,100,2024-10-21 05:27:58.319000,95.0,76,81
3942,315,13,100,2024-10-21 05:27:58.319000,95.0,67,53
3943,315,20,100,2024-10-21 05:27:58.319000,93.0,84,96
3944,315,166,100,2024-10-21 05:27:58.319000,92.0,89,84
3945,315,161,100,2024-10-21 05:27:58.319000,64.0,72,89
3946,315,142,100,2024-10-21 05:27:58.319000,80.0,73,89
3947,315,134,100,2024-10-21 05:27:58.319000,81.0,85,59
3948,315,80,100,2024-10-21 05:27:58.319000,91.0,51,70
3949,315,137,100,2024-10-21 05:27:58.319000,58.0,62,100
3950,315,131,100,2024-10-21 05:27:58.319000,50.0,80,73
3951,316,166,100,2024-10-21 05:27:58.320000,77.0,91,76
3952,316,20,100,2024-10-21 05:27:58.320000,73.0,93,70
3953,316,13,100,2024-10-21 05:27:58.320000,94.0,58,70
3954,316,12,100,2024-10-21 05:27:58.320000,86.0,77,63
3955,316,17,100,2024-10-21 05:27:58.320000,55.0,56,90
3956,316,134,100,2024-10-21 05:27:58.320000,54.0,89,60
3957,316,161,100,2024-10-21 05:27:58.320000,70.0,76,97
3958,316,182,100,2024-10-21 05:27:58.320000,78.0,54,80
3959,316,102,100,2024-10-21 05:27:58.320000,57.0,76,85
3960,316,73,100,2024-10-21 05:27:58.320000,99.0,93,80
3961,316,152,100,2024-10-21 05:27:58.320000,73.0,88,51
3962,316,145,100,2024-10-21 05:27:58.320000,55.0,67,84
3963,316,52,100,2024-10-21 05:27:58.320000,73.0,74,71
3964,316,150,100,2024-10-21 05:27:58.320000,50.0,86,99
3965,316,56,100,2024-10-21 05:27:58.320000,88.0,99,54
3966,317,12,100,2024-10-21 05:27:58.320000,65.0,96,66
3967,317,166,100,2024-10-21 05:27:58.320000,59.0,98,94
3968,317,17,100,2024-10-21 05:27:58.320000,94.0,54,98
3969,317,13,100,2024-10-21 05:27:58.320000,65.0,81,83
3970,317,20,100,2024-10-21 05:27:58.320000,88.0,72,73
3971,317,78,100,2024-10-21 05:27:58.320000,89.0,85,83
3972,317,119,100,2024-10-21 05:27:58.320000,77.0,94,80
3973,317,193,100,2024-10-21 05:27:58.320000,56.0,76,78
3974,317,169,100,2024-10-21 05:27:58.320000,67.0,61,89
3975,317,197,100,2024-10-21 05:27:58.320000,88.0,50,98
3976,317,54,100,2024-10-21 05:27:58.320000,59.0,86,80
3977,317,147,100,2024-10-21 05:27:58.320000,50.0,54,64
3978,317,159,100,2024-10-21 05:27:58.320000,100.0,96,92
3979,318,13,100,2024-10-21 05:27:58.320000,76.0,69,64
3980,318,17,100,2024-10-21 05:27:58.320000,66.0,78,81
3981,318,20,100,2024-10-21 05:27:58.320000,72.0,68,70
3982,318,12,100,2024-10-21 05:27:58.320000,64.0,75,92
3983,318,166,100,2024-10-21 05:27:58.320000,72.0,51,82
3984,318,73,100,2024-10-21 05:27:58.320000,70.0,68,60
3985,318,70,100,2024-10-21 05:27:58.320000,89.0,62,84
3986,318,59,100,2024-10-21 05:27:58.320000,96.0,74,82
3987,318,68,100,2024-10-21 05:27:58.320000,80.0,59,98
3988,318,108,100,2024-10-21 05:27:58.320000,98.0,85,63
3989,319,17,100,2024-10-21 05:27:58.320000,96.0,78,97
3990,319,13,100,2024-10-21 05:27:58.320000,51.0,98,64
3991,319,166,100,2024-10-21 05:27:58.320000,78.0,89,81
3992,319,12,100,2024-10-21 05:27:58.320000,87.0,87,87
3993,319,20,100,2024-10-21 05:27:58.320000,50.0,79,66
3994,319,139,100,2024-10-21 05:27:58.320000,67.0,70,91
3995,319,103,100,2024-10-21 05:27:58.320000,53.0,56,79
3996,319,83,100,2024-10-21 05:27:58.320000,71.0,88,74
3997,319,63,100,2024-10-21 05:27:58.320000,72.0,69,98
3998,319,75,100,2024-10-21 05:27:58.320000,64.0,88,51
3999,319,144,100,2024-10-21 05:27:58.320000,95.0,83,78
4000,319,131,100,2024-10-21 05:27:58.320000,55.0,99,63
4001,319,9,100,2024-10-21 05:27:58.320000,77.0,81,58
4002,319,100,100,2024-10-21 05:27:58.320000,85.0,96,96
4003,319,90,100,2024-10-21 05:27:58.320000,57.0,94,62
4004,320,20,100,2024-10-21 05:27:58.320000,60.0,72,86
4005,320,12,100,2024-10-21 05:27:58.320000,83.0,72,70
4006,320,166,100,2024-10-21 05:27:58.320000,80.0,82,53
4007,320,13,100,2024-10-21 05:27:58.320000,92.0,95,79
4008,320,17,100,2024-10-21 05:27:58.320000,55.0,92,94
4009,320,41,100,2024-10-21 05:27:58.320000,84.0,100,69
4010,320,66,100,2024-10-21 05:27:58.320000,78.0,67,92
4011,320,120,100,2024-10-21 05:27:58.320000,87.0,59,62
4012,320,123,100,2024-10-21 05:27:58.320000,78.0,59,72
4013,320,88,100,2024-10-21 05:27:58.320000,68.0,63,79
4014,320,192,100,2024-10-21 05:27:58.320000,83.0,88,66
4015,321,20,100,2024-10-21 05:27:58.320000,59.0,53,71
4016,321,12,100,2024-10-21 05:27:58.320000,91.0,92,91
4017,321,13,100,2024-10-21 05:27:58.320000,93.0,66,63
4018,321,17,100,2024-10-21 05:27:58.320000,87.0,91,93
4019,321,166,100,2024-10-21 05:27:58.320000,50.0,62,97
4020,321,4,100,2024-10-21 05:27:58.320000,60.0,97,78
4021,321,63,100,2024-10-21 05:27:58.320000,63.0,90,92
4022,321,180,100,2024-10-21 05:27:58.320000,60.0,64,86
4023,321,127,100,2024-10-21 05:27:58.320000,90.0,55,92
4024,321,8,100,2024-10-21 05:27:58.320000,91.0,80,51
4025,322,13,100,2024-10-21 05:27:58.320000,58.0,96,56
4026,322,17,100,2024-10-21 05:27:58.320000,100.0,51,84
4027,322,12,100,2024-10-21 05:27:58.320000,73.0,96,90
4028,322,166,100,2024-10-21 05:27:58.320000,61.0,51,52
4029,322,20,100,2024-10-21 05:27:58.320000,82.0,94,76
4030,322,66,100,2024-10-21 05:27:58.320000,89.0,54,88
4031,322,70,100,2024-10-21 05:27:58.320000,86.0,54,64
4032,322,179,100,2024-10-21 05:27:58.320000,100.0,85,67
4033,322,163,100,2024-10-21 05:27:58.320000,81.0,84,72
4034,322,51,100,2024-10-21 05:27:58.320000,66.0,63,99
4035,322,138,100,2024-10-21 05:27:58.320000,85.0,53,92
4036,322,178,100,2024-10-21 05:27:58.320000,72.0,93,75
4037,322,27,100,2024-10-21 05:27:58.320000,97.0,58,81
4038,322,36,100,2024-10-21 05:27:58.320000,99.0,55,89
4039,323,20,100,2024-10-21 05:27:58.320000,55.0,86,62
4040,323,17,100,2024-10-21 05:27:58.320000,70.0,87,61
4041,323,13,100,2024-10-21 05:27:58.320000,88.0,99,95
4042,323,166,100,2024-10-21 05:27:58.320000,60.0,98,79
4043,323,12,100,2024-10-21 05:27:58.320000,61.0,68,59
4044,323,54,100,2024-10-21 05:27:58.320000,68.0,54,72
4045,323,86,100,2024-10-21 05:27:58.320000,58.0,62,97
4046,323,168,100,2024-10-21 05:27:58.320000,56.0,95,57
4047,323,57,100,2024-10-21 05:27:58.320000,68.0,66,81
4048,323,22,100,2024-10-21 05:27:58.320000,55.0,73,62
4049,323,198,100,2024-10-21 05:27:58.320000,77.0,65,62
4050,323,149,100,2024-10-21 05:27:58.320000,76.0,51,61
4051,324,17,100,2024-10-21 05:27:58.320000,100.0,93,87
4052,324,20,100,2024-10-21 05:27:58.320000,76.0,66,98
4053,324,166,100,2024-10-21 05:27:58.320000,61.0,66,92
4054,324,13,100,2024-10-21 05:27:58.320000,83.0,92,53
4055,324,12,100,2024-10-21 05:27:58.320000,69.0,61,50
4056,324,185,100,2024-10-21 05:27:58.320000,51.0,60,100
4057,324,18,100,2024-10-21 05:27:58.320000,77.0,68,59
4058,324,100,100,2024-10-21 05:27:58.320000,83.0,92,86
4059,324,181,100,2024-10-21 05:27:58.320000,67.0,98,60
4060,324,15,100,2024-10-21 05:27:58.320000,88.0,63,70
4061,324,161,100,2024-10-21 05:27:58.320000,59.0,95,98
4062,324,31,100,2024-10-21 05:27:58.320000,90.0,74,76
4063,324,142,100,2024-10-21 05:27:58.320000,86.0,58,61
4064,324,93,100,2024-10-21 05:27:58.320000,82.0,96,83
4065,324,55,100,2024-10-21 05:27:58.320000,60.0,90,86
4066,325,12,100,2024-10-21 05:27:58.320000,70.0,73,86
4067,325,20,100,2024-10-21 05:27:58.320000,55.0,51,86
4068,325,13,100,2024-10-21 05:27:58.320000,75.0,97,58
4069,325,17,100,2024-10-21 05:27:58.320000,73.0,90,58
4070,325,187,100,2024-10-21 05:27:58.320000,100.0,98,74
4071,325,21,100,2024-10-21 05:27:58.320000,77.0,99,66
4072,325,90,100,2024-10-21 05:27:58.320000,52.0,97,66
4073,325,38,100,2024-10-21 05:27:58.320000,73.0,88,98
4074,325,135,100,2024-10-21 05:27:58.320000,98.0,84,88
4075,325,119,100,2024-10-21 05:27:58.320000,75.0,63,86
4076,325,188,100,2024-10-21 05:27:58.320000,72.0,81,64
4077,325,97,100,2024-10-21 05:27:58.320000,72.0,52,71
4078,325,142,100,2024-10-21 05:27:58.320000,87.0,85,74
4079,325,71,100,2024-10-21 05:27:58.320000,85.0,86,86
4080,325,134,100,2024-10-21 05:27:58.320000,55.0,87,61
4081,326,166,100,2024-10-21 05:27:58.320000,67.0,69,98
4082,326,17,100,2024-10-21 05:27:58.320000,97.0,78,76
4083,326,12,100,2024-10-21 05:27:58.320000,91.0,99,88
4084,326,20,100,2024-10-21 05:27:58.320000,59.0,70,88
4085,326,13,100,2024-10-21 05:27:58.320000,81.0,57,51
4086,326,38,100,2024-10-21 05:27:58.320000,100.0,90,76
4087,326,119,100,2024-10-21 05:27:58.320000,83.0,57,100
4088,326,65,100,2024-10-21 05:27:58.320000,77.0,65,63
4089,326,157,100,2024-10-21 05:27:58.320000,80.0,53,71
4090,326,141,100,2024-10-21 05:27:58.320000,86.0,80,75
4091,326,42,100,2024-10-21 05:27:58.320000,98.0,73,60
4092,327,20,100,2024-10-21 05:27:58.320000,75.0,54,82
4093,327,17,100,2024-10-21 05:27:58.320000,96.0,73,80
4094,327,166,100,2024-10-21 05:27:58.320000,74.0,90,76
4095,327,12,100,2024-10-21 05:27:58.320000,97.0,65,51
4096,327,13,100,2024-10-21 05:27:58.320000,70.0,58,68
4097,327,22,100,2024-10-21 05:27:58.320000,63.0,86,99
4098,327,94,100,2024-10-21 05:27:58.320000,94.0,86,98
4099,327,152,100,2024-10-21 05:27:58.320000,56.0,82,88
4100,327,157,100,2024-10-21 05:27:58.320000,76.0,59,59
4101,327,121,100,2024-10-21 05:27:58.320000,79.0,93,89
4102,327,135,100,2024-10-21 05:27:58.320000,68.0,62,76
4103,327,92,100,2024-10-21 05:27:58.320000,84.0,76,75
4104,327,125,100,2024-10-21 05:27:58.320000,55.0,76,53
4105,328,20,100,2024-10-21 05:27:58.320000,59.0,66,58
4106,328,12,100,2024-10-21 05:27:58.320000,90.0,51,72
4107,328,17,100,2024-10-21 05:27:58.320000,81.0,84,69
4108,328,166,100,2024-10-21 05:27:58.320000,70.0,93,51
4109,328,157,100,2024-10-21 05:27:58.320000,66.0,51,69
4110,328,128,100,2024-10-21 05:27:58.320000,83.0,81,93
4111,328,192,100,2024-10-21 05:27:58.320000,98.0,91,90
4112,328,22,100,2024-10-21 05:27:58.320000,55.0,62,66
4113,328,78,100,2024-10-21 05:27:58.320000,59.0,55,94
4114,328,163,100,2024-10-21 05:27:58.320000,75.0,92,54
4115,328,173,100,2024-10-21 05:27:58.320000,51.0,54,54
4116,329,13,100,2024-10-21 05:27:58.321000,50.0,75,69
4117,329,166,100,2024-10-21 05:27:58.321000,90.0,95,85
4118,329,20,100,2024-10-21 05:27:58.321000,77.0,65,95
4119,329,12,100,2024-10-21 05:27:58.321000,68.0,66,85
4120,329,17,100,2024-10-21 05:27:58.321000,54.0,57,87
4121,329,113,100,2024-10-21 05:27:58.321000,95.0,75,57
4122,329,123,100,2024-10-21 05:27:58.321000,63.0,68,85
4123,329,179,100,2024-10-21 05:27:58.321000,98.0,59,99
4124,329,107,100,2024-10-21 05:27:58.321000,79.0,67,93
4125,329,7,100,2024-10-21 05:27:58.321000,65.0,92,88
4126,329,63,100,2024-10-21 05:27:58.321000,69.0,98,85
4127,329,88,100,2024-10-21 05:27:58.321000,88.0,70,99
4128,330,17,100,2024-10-21 05:27:58.321000,97.0,55,100
4129,330,166,100,2024-10-21 05:27:58.321000,100.0,78,94
4130,330,12,100,2024-10-21 05:27:58.321000,94.0,70,96
4131,330,13,100,2024-10-21 05:27:58.321000,67.0,90,53
4132,330,184,100,2024-10-21 05:27:58.321000,50.0,62,88
4133,330,15,100,2024-10-21 05:27:58.321000,98.0,79,81
4134,330,28,100,2024-10-21 05:27:58.321000,80.0,61,88
4135,330,108,100,2024-10-21 05:27:58.321000,54.0,61,99
4136,330,75,100,2024-10-21 05:27:58.321000,85.0,68,50
4137,330,119,100,2024-10-21 05:27:58.321000,82.0,69,52
4138,331,12,100,2024-10-21 05:27:58.321000,66.0,61,80
4139,331,20,100,2024-10-21 05:27:58.321000,99.0,78,99
4140,331,166,100,2024-10-21 05:27:58.321000,96.0,70,66
4141,331,13,100,2024-10-21 05:27:58.321000,64.0,92,59
4142,331,156,100,2024-10-21 05:27:58.321000,88.0,94,96
4143,331,60,100,2024-10-21 05:27:58.321000,64.0,82,96
4144,331,16,100,2024-10-21 05:27:58.321000,75.0,79,73
4145,331,170,100,2024-10-21 05:27:58.321000,54.0,96,78
4146,331,62,100,2024-10-21 05:27:58.321000,69.0,79,54
4147,331,135,100,2024-10-21 05:27:58.321000,99.0,94,70
4148,331,58,100,2024-10-21 05:27:58.321000,84.0,82,57
4149,332,13,100,2024-10-21 05:27:58.321000,95.0,76,63
4150,332,12,100,2024-10-21 05:27:58.321000,84.0,85,84
4151,332,166,100,2024-10-21 05:27:58.321000,83.0,55,98
4152,332,20,100,2024-10-21 05:27:58.321000,95.0,52,98
4153,332,17,100,2024-10-21 05:27:58.321000,81.0,60,100
4154,332,104,100,2024-10-21 05:27:58.321000,78.0,61,62
4155,332,200,100,2024-10-21 05:27:58.321000,89.0,52,70
4156,332,25,100,2024-10-21 05:27:58.321000,98.0,89,72
4157,332,30,100,2024-10-21 05:27:58.321000,96.0,96,60
4158,332,182,100,2024-10-21 05:27:58.321000,95.0,97,88
4159,333,17,100,2024-10-21 05:27:58.321000,96.0,65,66
4160,333,12,100,2024-10-21 05:27:58.321000,90.0,64,93
4161,333,20,100,2024-10-21 05:27:58.321000,72.0,68,72
4162,333,166,100,2024-10-21 05:27:58.321000,63.0,67,64
4163,333,13,100,2024-10-21 05:27:58.321000,58.0,55,98
4164,333,8,100,2024-10-21 05:27:58.321000,80.0,58,71
4165,333,45,100,2024-10-21 05:27:58.321000,87.0,54,81
4166,333,40,100,2024-10-21 05:27:58.321000,64.0,72,92
4167,333,22,100,2024-10-21 05:27:58.321000,75.0,67,98
4168,333,47,100,2024-10-21 05:27:58.321000,91.0,78,78
4169,333,100,100,2024-10-21 05:27:58.321000,99.0,94,92
4170,333,60,100,2024-10-21 05:27:58.321000,75.0,63,81
4171,334,13,100,2024-10-21 05:27:58.321000,56.0,70,74
4172,334,20,100,2024-10-21 05:27:58.321000,82.0,86,58
4173,334,166,100,2024-10-21 05:27:58.321000,61.0,54,55
4174,334,12,100,2024-10-21 05:27:58.321000,64.0,60,60
4175,334,17,100,2024-10-21 05:27:58.321000,99.0,53,99
4176,334,135,100,2024-10-21 05:27:58.321000,89.0,65,86
4177,334,126,100,2024-10-21 05:27:58.321000,57.0,67,92
4178,334,125,100,2024-10-21 05:27:58.321000,88.0,91,81
4179,334,95,100,2024-10-21 05:27:58.321000,97.0,52,55
4180,334,81,100,2024-10-21 05:27:58.321000,55.0,95,86
4181,335,13,100,2024-10-21 05:27:58.321000,98.0,87,88
4182,335,12,100,2024-10-21 05:27:58.321000,72.0,98,79
4183,335,17,100,2024-10-21 05:27:58.321000,86.0,71,97
4184,335,166,100,2024-10-21 05:27:58.321000,84.0,74,93
4185,335,20,100,2024-10-21 05:27:58.321000,77.0,56,85
4186,335,167,100,2024-10-21 05:27:58.321000,61.0,98,63
4187,335,34,100,2024-10-21 05:27:58.321000,82.0,66,63
4188,335,77,100,2024-10-21 05:27:58.321000,86.0,63,57
4189,335,178,100,2024-10-21 05:27:58.321000,61.0,76,72
4190,335,96,100,2024-10-21 05:27:58.321000,89.0,93,57
4191,336,166,100,2024-10-21 05:27:58.321000,84.0,96,92
4192,336,12,100,2024-10-21 05:27:58.321000,64.0,81,60
4193,336,20,100,2024-10-21 05:27:58.321000,92.0,88,62
4194,336,13,100,2024-10-21 05:27:58.321000,92.0,63,81
4195,336,17,100,2024-10-21 05:27:58.321000,77.0,69,94
4196,336,140,100,2024-10-21 05:27:58.321000,92.0,53,51
4197,336,188,100,2024-10-21 05:27:58.321000,97.0,68,55
4198,336,173,100,2024-10-21 05:27:58.321000,89.0,71,56
4199,336,198,100,2024-10-21 05:27:58.321000,73.0,54,62
4200,336,35,100,2024-10-21 05:27:58.321000,73.0,63,75
4201,336,110,100,2024-10-21 05:27:58.321000,86.0,67,68
4202,336,104,100,2024-10-21 05:27:58.321000,79.0,55,78
4203,336,144,100,2024-10-21 05:27:58.321000,53.0,54,60
4204,337,166,100,2024-10-21 05:27:58.321000,83.0,99,56
4205,337,12,100,2024-10-21 05:27:58.321000,65.0,91,83
4206,337,13,100,2024-10-21 05:27:58.321000,98.0,86,60
4207,337,17,100,2024-10-21 05:27:58.321000,67.0,56,85
4208,337,20,100,2024-10-21 05:27:58.321000,55.0,91,57
4209,337,23,100,2024-10-21 05:27:58.321000,60.0,94,53
4210,337,180,100,2024-10-21 05:27:58.321000,50.0,59,66
4211,337,171,100,2024-10-21 05:27:58.321000,70.0,62,84
4212,337,24,100,2024-10-21 05:27:58.321000,95.0,61,65
4213,337,147,100,2024-10-21 05:27:58.321000,92.0,82,89
4214,337,83,100,2024-10-21 05:27:58.321000,88.0,73,68
4215,338,20,100,2024-10-21 05:27:58.321000,93.0,99,78
4216,338,17,100,2024-10-21 05:27:58.321000,55.0,58,89
4217,338,13,100,2024-10-21 05:27:58.321000,68.0,93,67
4218,338,166,100,2024-10-21 05:27:58.321000,91.0,89,83
4219,338,12,100,2024-10-21 05:27:58.321000,78.0,73,86
4220,338,186,100,2024-10-21 05:27:58.321000,59.0,96,74
4221,338,31,100,2024-10-21 05:27:58.321000,71.0,59,70
4222,338,32,100,2024-10-21 05:27:58.321000,58.0,99,53
4223,338,172,100,2024-10-21 05:27:58.321000,92.0,68,93
4224,338,25,100,2024-10-21 05:27:58.321000,87.0,51,75
4225,339,13,100,2024-10-21 05:27:58.321000,90.0,54,53
4226,339,166,100,2024-10-21 05:27:58.321000,97.0,90,88
4227,339,20,100,2024-10-21 05:27:58.321000,60.0,52,59
4228,339,12,100,2024-10-21 05:27:58.321000,75.0,69,65
4229,339,17,100,2024-10-21 05:27:58.321000,86.0,93,54
4230,339,171,100,2024-10-21 05:27:58.321000,57.0,80,70
4231,339,120,100,2024-10-21 05:27:58.321000,99.0,95,74
4232,339,184,100,2024-10-21 05:27:58.321000,76.0,74,58
4233,339,140,100,2024-10-21 05:27:58.321000,87.0,54,57
4234,339,83,100,2024-10-21 05:27:58.321000,57.0,72,51
4235,339,112,100,2024-10-21 05:27:58.321000,87.0,88,56
4236,340,12,100,2024-10-21 05:27:58.321000,51.0,77,66
4237,340,13,100,2024-10-21 05:27:58.321000,69.0,60,57
4238,340,166,100,2024-10-21 05:27:58.321000,76.0,50,75
4239,340,17,100,2024-10-21 05:27:58.321000,65.0,82,88
4240,340,20,100,2024-10-21 05:27:58.321000,62.0,75,68
4241,340,182,100,2024-10-21 05:27:58.321000,52.0,69,81
4242,340,67,100,2024-10-21 05:27:58.321000,72.0,91,85
4243,340,100,100,2024-10-21 05:27:58.321000,50.0,87,62
4244,340,22,100,2024-10-21 05:27:58.321000,63.0,95,99
4245,340,138,100,2024-10-21 05:27:58.321000,79.0,54,85
4246,340,127,100,2024-10-21 05:27:58.321000,57.0,99,74
4247,341,166,100,2024-10-21 05:27:58.321000,65.0,90,57
4248,341,13,100,2024-10-21 05:27:58.321000,81.0,96,97
4249,341,20,100,2024-10-21 05:27:58.321000,77.0,72,74
4250,341,12,100,2024-10-21 05:27:58.321000,74.0,83,55
4251,341,17,100,2024-10-21 05:27:58.321000,59.0,71,85
4252,341,72,100,2024-10-21 05:27:58.321000,69.0,51,76
4253,341,70,100,2024-10-21 05:27:58.321000,84.0,83,86
4254,341,105,100,2024-10-21 05:27:58.321000,96.0,77,89
4255,341,46,100,2024-10-21 05:27:58.321000,80.0,57,96
4256,341,101,100,2024-10-21 05:27:58.321000,65.0,98,75
4257,341,128,100,2024-10-21 05:27:58.321000,76.0,81,75
4258,341,9,100,2024-10-21 05:27:58.321000,59.0,77,92
4259,341,180,100,2024-10-21 05:27:58.321000,63.0,97,79
4260,341,139,100,2024-10-21 05:27:58.321000,51.0,58,69
4261,341,80,100,2024-10-21 05:27:58.321000,77.0,62,65
4262,342,12,100,2024-10-21 05:27:58.321000,70.0,65,53
4263,342,20,100,2024-10-21 05:27:58.321000,71.0,90,52
4264,342,13,100,2024-10-21 05:27:58.321000,60.0,72,54
4265,342,166,100,2024-10-21 05:27:58.321000,76.0,77,98
4266,342,177,100,2024-10-21 05:27:58.321000,61.0,85,97
4267,342,32,100,2024-10-21 05:27:58.321000,51.0,91,68
4268,342,71,100,2024-10-21 05:27:58.321000,91.0,94,64
4269,342,116,100,2024-10-21 05:27:58.321000,93.0,82,96
4270,342,107,100,2024-10-21 05:27:58.321000,81.0,59,57
4271,342,65,100,2024-10-21 05:27:58.321000,96.0,90,100
4272,342,102,100,2024-10-21 05:27:58.321000,69.0,62,73
4273,342,84,100,2024-10-21 05:27:58.321000,72.0,74,93
4274,343,20,100,2024-10-21 05:27:58.322000,91.0,93,74
4275,343,166,100,2024-10-21 05:27:58.322000,52.0,65,84
4276,343,17,100,2024-10-21 05:27:58.322000,73.0,70,69
4277,343,13,100,2024-10-21 05:27:58.322000,95.0,61,100
4278,343,12,100,2024-10-21 05:27:58.322000,89.0,68,66
4279,343,18,100,2024-10-21 05:27:58.322000,78.0,82,78
4280,343,124,100,2024-10-21 05:27:58.322000,97.0,74,67
4281,343,52,100,2024-10-21 05:27:58.322000,86.0,52,90
4282,343,172,100,2024-10-21 05:27:58.322000,100.0,56,90
4283,343,164,100,2024-10-21 05:27:58.322000,89.0,61,50
4284,343,23,100,2024-10-21 05:27:58.322000,89.0,100,77
4285,343,34,100,2024-10-21 05:27:58.322000,63.0,92,83
4286,343,138,100,2024-10-21 05:27:58.322000,57.0,77,67
4287,343,95,100,2024-10-21 05:27:58.322000,64.0,92,78
4288,343,142,100,2024-10-21 05:27:58.322000,79.0,84,96
4289,344,13,100,2024-10-21 05:27:58.322000,51.0,79,75
4290,344,12,100,2024-10-21 05:27:58.322000,56.0,90,74
4291,344,17,100,2024-10-21 05:27:58.322000,66.0,99,76
4292,344,20,100,2024-10-21 05:27:58.322000,75.0,100,53
4293,344,166,100,2024-10-21 05:27:58.322000,73.0,99,97
4294,344,128,100,2024-10-21 05:27:58.322000,52.0,74,68
4295,344,156,100,2024-10-21 05:27:58.322000,53.0,85,50
4296,344,90,100,2024-10-21 05:27:58.322000,57.0,98,60
4297,344,154,100,2024-10-21 05:27:58.322000,74.0,100,54
4298,344,60,100,2024-10-21 05:27:58.322000,83.0,73,52
4299,344,176,100,2024-10-21 05:27:58.322000,75.0,94,90
4300,344,155,100,2024-10-21 05:27:58.322000,84.0,53,63
4301,344,135,100,2024-10-21 05:27:58.322000,94.0,97,60
4302,345,166,100,2024-10-21 05:27:58.322000,100.0,73,83
4303,345,13,100,2024-10-21 05:27:58.322000,92.0,57,72
4304,345,17,100,2024-10-21 05:27:58.322000,72.0,60,95
4305,345,20,100,2024-10-21 05:27:58.322000,99.0,93,66
4306,345,12,100,2024-10-21 05:27:58.322000,64.0,63,100
4307,345,39,100,2024-10-21 05:27:58.322000,94.0,53,61
4308,345,161,100,2024-10-21 05:27:58.322000,98.0,94,65
4309,345,143,100,2024-10-21 05:27:58.322000,71.0,59,88
4310,345,95,100,2024-10-21 05:27:58.322000,76.0,90,93
4311,345,134,100,2024-10-21 05:27:58.322000,83.0,99,64
4312,345,154,100,2024-10-21 05:27:58.322000,75.0,92,73
4313,345,195,100,2024-10-21 05:27:58.322000,93.0,77,92
4314,345,23,100,2024-10-21 05:27:58.322000,64.0,69,88
4315,345,78,100,2024-10-21 05:27:58.322000,52.0,58,70
4316,345,57,100,2024-10-21 05:27:58.322000,83.0,83,56
4317,346,17,100,2024-10-21 05:27:58.322000,52.0,83,72
4318,346,20,100,2024-10-21 05:27:58.322000,97.0,94,95
4319,346,166,100,2024-10-21 05:27:58.322000,96.0,94,94
4320,346,13,100,2024-10-21 05:27:58.322000,53.0,62,58
4321,346,76,100,2024-10-21 05:27:58.322000,79.0,60,79
4322,346,160,100,2024-10-21 05:27:58.322000,64.0,86,99
4323,346,186,100,2024-10-21 05:27:58.322000,78.0,68,76
4324,346,145,100,2024-10-21 05:27:58.322000,56.0,87,64
4325,346,104,100,2024-10-21 05:27:58.322000,58.0,50,57
4326,346,47,100,2024-10-21 05:27:58.322000,95.0,100,88
4327,346,14,100,2024-10-21 05:27:58.322000,56.0,94,94
4328,346,93,100,2024-10-21 05:27:58.322000,88.0,78,100
4329,347,20,100,2024-10-21 05:27:58.322000,80.0,86,93
4330,347,12,100,2024-10-21 05:27:58.322000,76.0,97,65
4331,347,166,100,2024-10-21 05:27:58.322000,61.0,97,71
4332,347,17,100,2024-10-21 05:27:58.322000,82.0,67,90
4333,347,13,100,2024-10-21 05:27:58.322000,94.0,96,59
4334,347,80,100,2024-10-21 05:27:58.322000,91.0,85,74
4335,347,146,100,2024-10-21 05:27:58.322000,77.0,95,64
4336,347,84,100,2024-10-21 05:27:58.322000,79.0,91,53
4337,347,107,100,2024-10-21 05:27:58.322000,59.0,62,51
4338,347,81,100,2024-10-21 05:27:58.322000,82.0,93,94
4339,348,166,100,2024-10-21 05:27:58.322000,62.0,83,79
4340,348,12,100,2024-10-21 05:27:58.322000,54.0,89,83
4341,348,20,100,2024-10-21 05:27:58.322000,55.0,67,60
4342,348,13,100,2024-10-21 05:27:58.322000,70.0,96,52
4343,348,17,100,2024-10-21 05:27:58.322000,81.0,94,60
4344,348,91,100,2024-10-21 05:27:58.322000,64.0,67,78
4345,348,179,100,2024-10-21 05:27:58.322000,66.0,80,81
4346,348,184,100,2024-10-21 05:27:58.322000,62.0,76,52
4347,348,196,100,2024-10-21 05:27:58.322000,75.0,53,82
4348,348,88,100,2024-10-21 05:27:58.322000,63.0,67,51
4349,349,20,100,2024-10-21 05:27:58.322000,77.0,55,86
4350,349,166,100,2024-10-21 05:27:58.322000,64.0,95,54
4351,349,17,100,2024-10-21 05:27:58.322000,83.0,54,57
4352,349,13,100,2024-10-21 05:27:58.322000,99.0,58,69
4353,349,12,100,2024-10-21 05:27:58.322000,84.0,64,83
4354,349,102,100,2024-10-21 05:27:58.322000,58.0,59,95
4355,349,156,100,2024-10-21 05:27:58.322000,89.0,99,97
4356,349,122,100,2024-10-21 05:27:58.322000,62.0,78,77
4357,349,113,100,2024-10-21 05:27:58.322000,65.0,50,87
4358,349,173,100,2024-10-21 05:27:58.322000,91.0,98,84
4359,349,154,100,2024-10-21 05:27:58.322000,54.0,64,68
4360,349,37,100,2024-10-21 05:27:58.322000,70.0,59,96
4361,349,81,100,2024-10-21 05:27:58.322000,52.0,83,98
4362,349,184,100,2024-10-21 05:27:58.322000,80.0,62,95
4363,350,17,100,2024-10-21 05:27:58.322000,76.0,85,96
4364,350,13,100,2024-10-21 05:27:58.322000,98.0,79,68
4365,350,20,100,2024-10-21 05:27:58.322000,53.0,69,71
4366,350,166,100,2024-10-21 05:27:58.322000,79.0,76,98
4367,350,12,100,2024-10-21 05:27:58.322000,50.0,81,74
4368,350,70,100,2024-10-21 05:27:58.322000,96.0,91,97
4369,350,170,100,2024-10-21 05:27:58.322000,89.0,72,63
4370,350,132,100,2024-10-21 05:27:58.322000,71.0,50,96
4371,350,120,100,2024-10-21 05:27:58.322000,57.0,95,98
4372,350,95,100,2024-10-21 05:27:58.322000,88.0,75,94
4373,351,17,100,2024-10-21 05:27:58.322000,61.0,83,80
4374,351,166,100,2024-10-21 05:27:58.322000,86.0,66,52
4375,351,20,100,2024-10-21 05:27:58.322000,59.0,69,63
4376,351,13,100,2024-10-21 05:27:58.322000,90.0,96,98
4377,351,12,100,2024-10-21 05:27:58.322000,93.0,93,54
4378,351,135,100,2024-10-21 05:27:58.322000,76.0,70,65
4379,351,104,100,2024-10-21 05:27:58.322000,59.0,72,96
4380,351,39,100,2024-10-21 05:27:58.322000,67.0,71,69
4381,351,146,100,2024-10-21 05:27:58.322000,63.0,69,93
4382,351,71,100,2024-10-21 05:27:58.322000,71.0,55,93
4383,351,58,100,2024-10-21 05:27:58.322000,96.0,66,98
4384,352,12,100,2024-10-21 05:27:58.322000,75.0,82,93
4385,352,17,100,2024-10-21 05:27:58.322000,71.0,83,50
4386,352,20,100,2024-10-21 05:27:58.322000,71.0,95,68
4387,352,166,100,2024-10-21 05:27:58.322000,51.0,73,65
4388,352,13,100,2024-10-21 05:27:58.322000,79.0,58,100
4389,352,70,100,2024-10-21 05:27:58.322000,50.0,79,54
4390,352,52,100,2024-10-21 05:27:58.322000,67.0,87,98
4391,352,87,100,2024-10-21 05:27:58.322000,83.0,68,89
4392,352,71,100,2024-10-21 05:27:58.322000,71.0,87,53
4393,352,78,100,2024-10-21 05:27:58.322000,56.0,73,63
4394,352,155,100,2024-10-21 05:27:58.322000,56.0,51,65
4395,352,89,100,2024-10-21 05:27:58.322000,76.0,51,86
4396,353,17,100,2024-10-21 05:27:58.322000,66.0,58,69
4397,353,13,100,2024-10-21 05:27:58.322000,62.0,82,56
4398,353,12,100,2024-10-21 05:27:58.322000,74.0,100,51
4399,353,20,100,2024-10-21 05:27:58.322000,50.0,63,77
4400,353,166,100,2024-10-21 05:27:58.322000,87.0,85,65
4401,353,97,100,2024-10-21 05:27:58.322000,73.0,93,84
4402,353,61,100,2024-10-21 05:27:58.322000,63.0,69,75
4403,353,164,100,2024-10-21 05:27:58.322000,76.0,67,73
4404,353,79,100,2024-10-21 05:27:58.322000,71.0,71,60
4405,353,57,100,2024-10-21 05:27:58.322000,73.0,78,84
4406,353,179,100,2024-10-21 05:27:58.322000,90.0,71,51
4407,353,37,100,2024-10-21 05:27:58.322000,75.0,56,60
4408,353,65,100,2024-10-21 05:27:58.322000,90.0,78,72
4409,353,120,100,2024-10-21 05:27:58.322000,99.0,59,50
4410,353,151,100,2024-10-21 05:27:58.322000,75.0,99,82
4411,354,13,100,2024-10-21 05:27:58.322000,62.0,72,84
4412,354,12,100,2024-10-21 05:27:58.322000,67.0,70,74
4413,354,17,100,2024-10-21 05:27:58.322000,88.0,75,88
4414,354,166,100,2024-10-21 05:27:58.322000,52.0,98,76
4415,354,124,100,2024-10-21 05:27:58.322000,82.0,93,68
4416,354,9,100,2024-10-21 05:27:58.322000,61.0,92,68
4417,354,48,100,2024-10-21 05:27:58.322000,87.0,96,86
4418,354,94,100,2024-10-21 05:27:58.322000,85.0,64,67
4419,354,111,100,2024-10-21 05:27:58.322000,50.0,96,60
4420,354,146,100,2024-10-21 05:27:58.322000,67.0,58,63
4421,354,196,100,2024-10-21 05:27:58.322000,79.0,82,91
4422,354,51,100,2024-10-21 05:27:58.322000,87.0,69,66
4423,355,20,100,2024-10-21 05:27:58.322000,68.0,91,63
4424,355,13,100,2024-10-21 05:27:58.322000,51.0,87,100
4425,355,12,100,2024-10-21 05:27:58.322000,66.0,57,70
4426,355,17,100,2024-10-21 05:27:58.322000,75.0,68,73
4427,355,166,100,2024-10-21 05:27:58.322000,95.0,84,96
4428,355,122,100,2024-10-21 05:27:58.322000,55.0,59,94
4429,355,168,100,2024-10-21 05:27:58.322000,91.0,53,86
4430,355,117,100,2024-10-21 05:27:58.322000,98.0,52,93
4431,355,58,100,2024-10-21 05:27:58.322000,82.0,82,59
4432,355,80,100,2024-10-21 05:27:58.322000,69.0,74,92
4433,355,44,100,2024-10-21 05:27:58.322000,54.0,73,90
4434,355,28,100,2024-10-21 05:27:58.322000,82.0,68,73
4435,355,196,100,2024-10-21 05:27:58.322000,63.0,74,84
4436,355,131,100,2024-10-21 05:27:58.322000,97.0,79,98
4437,356,12,100,2024-10-21 05:27:58.323000,63.0,91,60
4438,356,13,100,2024-10-21 05:27:58.323000,87.0,96,94
4439,356,17,100,2024-10-21 05:27:58.323000,50.0,88,99
4440,356,20,100,2024-10-21 05:27:58.323000,56.0,92,60
4441,356,166,100,2024-10-21 05:27:58.323000,78.0,86,72
4442,356,119,100,2024-10-21 05:27:58.323000,66.0,67,94
4443,356,159,100,2024-10-21 05:27:58.323000,74.0,96,50
4444,356,154,100,2024-10-21 05:27:58.323000,98.0,78,73
4445,356,136,100,2024-10-21 05:27:58.323000,97.0,73,71
4446,356,95,100,2024-10-21 05:27:58.323000,64.0,94,70
4447,356,182,100,2024-10-21 05:27:58.323000,50.0,76,91
4448,356,135,100,2024-10-21 05:27:58.323000,81.0,63,96
4449,357,13,100,2024-10-21 05:27:58.323000,51.0,89,63
4450,357,12,100,2024-10-21 05:27:58.323000,98.0,91,97
4451,357,20,100,2024-10-21 05:27:58.323000,96.0,55,68
4452,357,166,100,2024-10-21 05:27:58.323000,100.0,86,55
4453,357,17,100,2024-10-21 05:27:58.323000,67.0,93,94
4454,357,49,100,2024-10-21 05:27:58.323000,91.0,92,91
4455,357,81,100,2024-10-21 05:27:58.323000,71.0,57,55
4456,357,105,100,2024-10-21 05:27:58.323000,66.0,55,82
4457,357,110,100,2024-10-21 05:27:58.323000,72.0,86,90
4458,357,171,100,2024-10-21 05:27:58.323000,60.0,92,57
4459,357,177,100,2024-10-21 05:27:58.323000,85.0,70,66
4460,357,183,100,2024-10-21 05:27:58.323000,73.0,70,55
4461,357,98,100,2024-10-21 05:27:58.323000,67.0,74,69
4462,357,57,100,2024-10-21 05:27:58.323000,69.0,83,87
4463,357,96,100,2024-10-21 05:27:58.323000,83.0,73,64
4464,358,166,100,2024-10-21 05:27:58.323000,80.0,95,87
4465,358,20,100,2024-10-21 05:27:58.323000,94.0,72,86
4466,358,17,100,2024-10-21 05:27:58.323000,77.0,72,59
4467,358,12,100,2024-10-21 05:27:58.323000,87.0,50,74
4468,358,13,100,2024-10-21 05:27:58.323000,66.0,65,63
4469,358,50,100,2024-10-21 05:27:58.323000,63.0,74,86
4470,358,157,100,2024-10-21 05:27:58.323000,78.0,69,56
4471,358,97,100,2024-10-21 05:27:58.323000,99.0,62,70
4472,358,18,100,2024-10-21 05:27:58.323000,98.0,68,84
4473,358,34,100,2024-10-21 05:27:58.323000,98.0,62,74
4474,358,133,100,2024-10-21 05:27:58.323000,93.0,71,77
4475,359,13,100,2024-10-21 05:27:58.323000,94.0,80,94
4476,359,20,100,2024-10-21 05:27:58.323000,50.0,58,81
4477,359,166,100,2024-10-21 05:27:58.323000,81.0,89,60
4478,359,17,100,2024-10-21 05:27:58.323000,85.0,77,76
4479,359,12,100,2024-10-21 05:27:58.323000,94.0,53,82
4480,359,155,100,2024-10-21 05:27:58.323000,84.0,91,51
4481,359,149,100,2024-10-21 05:27:58.323000,100.0,89,61
4482,359,196,100,2024-10-21 05:27:58.323000,72.0,53,96
4483,359,185,100,2024-10-21 05:27:58.323000,64.0,100,97
4484,359,136,100,2024-10-21 05:27:58.323000,87.0,72,60
4485,359,23,100,2024-10-21 05:27:58.323000,81.0,63,76
4486,360,13,100,2024-10-21 05:27:58.323000,69.0,64,74
4487,360,12,100,2024-10-21 05:27:58.323000,62.0,65,51
4488,360,17,100,2024-10-21 05:27:58.323000,83.0,93,61
4489,360,166,100,2024-10-21 05:27:58.323000,63.0,72,92
4490,360,20,100,2024-10-21 05:27:58.323000,94.0,76,66
4491,360,121,100,2024-10-21 05:27:58.323000,55.0,88,72
4492,360,111,100,2024-10-21 05:27:58.323000,85.0,56,96
4493,360,74,100,2024-10-21 05:27:58.323000,60.0,97,54
4494,360,168,100,2024-10-21 05:27:58.323000,63.0,59,83
4495,360,69,100,2024-10-21 05:27:58.323000,55.0,70,58
4496,360,7,100,2024-10-21 05:27:58.323000,80.0,85,54
4497,360,161,100,2024-10-21 05:27:58.323000,77.0,94,52
4498,360,102,100,2024-10-21 05:27:58.323000,67.0,78,60
4499,360,48,100,2024-10-21 05:27:58.323000,85.0,72,95
4500,360,26,100,2024-10-21 05:27:58.323000,74.0,75,99
4501,361,17,100,2024-10-21 05:27:58.323000,98.0,82,99
4502,361,166,100,2024-10-21 05:27:58.323000,95.0,73,70
4503,361,12,100,2024-10-21 05:27:58.323000,98.0,76,63
4504,361,13,100,2024-10-21 05:27:58.323000,91.0,57,85
4505,361,20,100,2024-10-21 05:27:58.323000,59.0,59,83
4506,361,6,100,2024-10-21 05:27:58.323000,71.0,82,50
4507,361,48,100,2024-10-21 05:27:58.323000,91.0,90,88
4508,361,105,100,2024-10-21 05:27:58.323000,83.0,77,85
4509,361,189,100,2024-10-21 05:27:58.323000,73.0,71,58
4510,361,198,100,2024-10-21 05:27:58.323000,50.0,60,79
4511,362,166,100,2024-10-21 05:27:58.323000,72.0,75,65
4512,362,20,100,2024-10-21 05:27:58.323000,91.0,94,94
4513,362,17,100,2024-10-21 05:27:58.323000,85.0,86,54
4514,362,13,100,2024-10-21 05:27:58.323000,83.0,64,82
4515,362,12,100,2024-10-21 05:27:58.323000,97.0,73,65
4516,362,31,100,2024-10-21 05:27:58.323000,82.0,70,54
4517,362,111,100,2024-10-21 05:27:58.323000,55.0,83,83
4518,362,159,100,2024-10-21 05:27:58.323000,77.0,70,84
4519,362,191,100,2024-10-21 05:27:58.323000,55.0,92,74
4520,362,38,100,2024-10-21 05:27:58.323000,67.0,78,50
4521,362,33,100,2024-10-21 05:27:58.323000,89.0,98,61
4522,362,69,100,2024-10-21 05:27:58.323000,97.0,89,60
4523,363,20,100,2024-10-21 05:27:58.323000,95.0,60,67
4524,363,166,100,2024-10-21 05:27:58.323000,68.0,89,73
4525,363,17,100,2024-10-21 05:27:58.323000,79.0,63,100
4526,363,13,100,2024-10-21 05:27:58.323000,62.0,100,75
4527,363,12,100,2024-10-21 05:27:58.323000,62.0,94,90
4528,363,157,100,2024-10-21 05:27:58.323000,79.0,55,89
4529,363,39,100,2024-10-21 05:27:58.323000,56.0,56,84
4530,363,92,100,2024-10-21 05:27:58.323000,62.0,95,79
4531,363,58,100,2024-10-21 05:27:58.323000,62.0,63,76
4532,363,65,100,2024-10-21 05:27:58.323000,79.0,63,93
4533,363,174,100,2024-10-21 05:27:58.323000,98.0,99,97
4534,363,68,100,2024-10-21 05:27:58.323000,66.0,74,69
4535,363,177,100,2024-10-21 05:27:58.323000,74.0,100,79
4536,363,148,100,2024-10-21 05:27:58.323000,98.0,74,67
4537,364,166,100,2024-10-21 05:27:58.323000,99.0,95,84
4538,364,20,100,2024-10-21 05:27:58.323000,56.0,92,89
4539,364,12,100,2024-10-21 05:27:58.323000,63.0,75,89
4540,364,17,100,2024-10-21 05:27:58.323000,53.0,97,78
4541,364,13,100,2024-10-21 05:27:58.323000,56.0,53,74
4542,364,87,100,2024-10-21 05:27:58.323000,54.0,100,80
4543,364,149,100,2024-10-21 05:27:58.323000,91.0,99,51
4544,364,90,100,2024-10-21 05:27:58.323000,85.0,82,85
4545,364,146,100,2024-10-21 05:27:58.323000,73.0,65,55
4546,364,7,100,2024-10-21 05:27:58.323000,99.0,98,94
4547,364,45,100,2024-10-21 05:27:58.323000,76.0,52,67
4548,364,110,100,2024-10-21 05:27:58.323000,85.0,64,50
4549,364,91,100,2024-10-21 05:27:58.323000,94.0,69,82
4550,364,97,100,2024-10-21 05:27:58.323000,52.0,77,72
4551,365,166,100,2024-10-21 05:27:58.323000,64.0,83,84
4552,365,20,100,2024-10-21 05:27:58.323000,76.0,71,82
4553,365,12,100,2024-10-21 05:27:58.323000,99.0,67,59
4554,365,17,100,2024-10-21 05:27:58.323000,57.0,92,69
4555,365,13,100,2024-10-21 05:27:58.323000,77.0,77,97
4556,365,163,100,2024-10-21 05:27:58.323000,58.0,52,73
4557,365,79,100,2024-10-21 05:27:58.323000,57.0,67,50
4558,365,102,100,2024-10-21 05:27:58.323000,87.0,75,96
4559,365,161,100,2024-10-21 05:27:58.323000,51.0,76,50
4560,365,91,100,2024-10-21 05:27:58.323000,67.0,64,92
4561,365,153,100,2024-10-21 05:27:58.323000,53.0,91,69
4562,366,13,100,2024-10-21 05:27:58.323000,57.0,84,64
4563,366,20,100,2024-10-21 05:27:58.323000,63.0,98,97
4564,366,166,100,2024-10-21 05:27:58.323000,88.0,55,91
4565,366,12,100,2024-10-21 05:27:58.323000,85.0,82,100
4566,366,33,100,2024-10-21 05:27:58.323000,63.0,72,72
4567,366,175,100,2024-10-21 05:27:58.323000,70.0,70,87
4568,366,19,100,2024-10-21 05:27:58.323000,77.0,97,50
4569,366,101,100,2024-10-21 05:27:58.323000,81.0,85,60
4570,366,36,100,2024-10-21 05:27:58.323000,67.0,70,64
4571,366,62,100,2024-10-21 05:27:58.323000,80.0,50,97
4572,366,105,100,2024-10-21 05:27:58.323000,79.0,55,66
4573,366,21,100,2024-10-21 05:27:58.323000,70.0,51,63
4574,367,20,100,2024-10-21 05:27:58.323000,60.0,60,65
4575,367,166,100,2024-10-21 05:27:58.323000,92.0,54,67
4576,367,12,100,2024-10-21 05:27:58.323000,73.0,90,84
4577,367,13,100,2024-10-21 05:27:58.323000,99.0,67,50
4578,367,17,100,2024-10-21 05:27:58.323000,75.0,59,79
4579,367,148,100,2024-10-21 05:27:58.323000,83.0,50,95
4580,367,155,100,2024-10-21 05:27:58.323000,80.0,58,76
4581,367,150,100,2024-10-21 05:27:58.323000,84.0,63,96
4582,367,57,100,2024-10-21 05:27:58.323000,75.0,52,98
4583,367,154,100,2024-10-21 05:27:58.323000,68.0,59,62
4584,367,98,100,2024-10-21 05:27:58.323000,99.0,67,88
4585,367,183,100,2024-10-21 05:27:58.323000,57.0,90,94
4586,367,182,100,2024-10-21 05:27:58.323000,82.0,54,55
4587,367,80,100,2024-10-21 05:27:58.323000,82.0,81,52
4588,368,12,100,2024-10-21 05:27:58.323000,72.0,69,87
4589,368,17,100,2024-10-21 05:27:58.323000,95.0,83,85
4590,368,20,100,2024-10-21 05:27:58.323000,59.0,97,55
4591,368,166,100,2024-10-21 05:27:58.323000,67.0,69,95
4592,368,13,100,2024-10-21 05:27:58.323000,51.0,86,53
4593,368,179,100,2024-10-21 05:27:58.323000,79.0,71,79
4594,368,89,100,2024-10-21 05:27:58.323000,74.0,94,87
4595,368,186,100,2024-10-21 05:27:58.323000,75.0,76,64
4596,368,31,100,2024-10-21 05:27:58.323000,68.0,68,90
4597,368,178,100,2024-10-21 05:27:58.323000,57.0,96,66
4598,368,104,100,2024-10-21 05:27:58.324000,56.0,96,93
4599,368,11,100,2024-10-21 05:27:58.324000,77.0,65,92
4600,369,166,100,2024-10-21 05:27:58.324000,68.0,76,56
4601,369,12,100,2024-10-21 05:27:58.324000,66.0,64,50
4602,369,17,100,2024-10-21 05:27:58.324000,66.0,58,94
4603,369,13,100,2024-10-21 05:27:58.324000,97.0,82,90
4604,369,20,100,2024-10-21 05:27:58.324000,79.0,60,62
4605,369,83,100,2024-10-21 05:27:58.324000,96.0,78,58
4606,369,50,100,2024-10-21 05:27:58.324000,79.0,63,58
4607,369,199,100,2024-10-21 05:27:58.324000,85.0,60,93
4608,369,99,100,2024-10-21 05:27:58.324000,74.0,62,73
4609,369,38,100,2024-10-21 05:27:58.324000,68.0,70,67
4610,369,56,100,2024-10-21 05:27:58.324000,55.0,51,60
4611,370,166,100,2024-10-21 05:27:58.324000,81.0,84,88
4612,370,20,100,2024-10-21 05:27:58.324000,75.0,79,52
4613,370,12,100,2024-10-21 05:27:58.324000,89.0,67,57
4614,370,13,100,2024-10-21 05:27:58.324000,60.0,80,50
4615,370,28,100,2024-10-21 05:27:58.324000,82.0,73,70
4616,370,131,100,2024-10-21 05:27:58.324000,84.0,53,63
4617,370,124,100,2024-10-21 05:27:58.324000,73.0,84,52
4618,370,133,100,2024-10-21 05:27:58.324000,95.0,58,78
4619,370,174,100,2024-10-21 05:27:58.324000,85.0,84,68
4620,370,156,100,2024-10-21 05:27:58.324000,93.0,74,73
4621,370,81,100,2024-10-21 05:27:58.324000,61.0,93,53
4622,371,20,100,2024-10-21 05:27:58.324000,76.0,70,66
4623,371,166,100,2024-10-21 05:27:58.324000,63.0,96,53
4624,371,12,100,2024-10-21 05:27:58.324000,75.0,67,84
4625,371,13,100,2024-10-21 05:27:58.324000,92.0,92,65
4626,371,17,100,2024-10-21 05:27:58.324000,80.0,53,98
4627,371,81,100,2024-10-21 05:27:58.324000,78.0,68,82
4628,371,100,100,2024-10-21 05:27:58.324000,86.0,100,91
4629,371,131,100,2024-10-21 05:27:58.324000,53.0,65,87
4630,371,42,100,2024-10-21 05:27:58.324000,87.0,74,90
4631,371,98,100,2024-10-21 05:27:58.324000,98.0,52,59
4632,372,20,100,2024-10-21 05:27:58.324000,97.0,93,78
4633,372,12,100,2024-10-21 05:27:58.324000,68.0,51,89
4634,372,166,100,2024-10-21 05:27:58.324000,50.0,73,85
4635,372,13,100,2024-10-21 05:27:58.324000,51.0,94,69
4636,372,17,100,2024-10-21 05:27:58.324000,55.0,99,77
4637,372,156,100,2024-10-21 05:27:58.324000,80.0,93,95
4638,372,138,100,2024-10-21 05:27:58.324000,100.0,81,91
4639,372,87,100,2024-10-21 05:27:58.324000,84.0,95,75
4640,372,184,100,2024-10-21 05:27:58.324000,81.0,89,71
4641,372,167,100,2024-10-21 05:27:58.324000,93.0,98,79
4642,372,22,100,2024-10-21 05:27:58.324000,95.0,91,94
4643,372,113,100,2024-10-21 05:27:58.324000,95.0,90,69
4644,373,12,100,2024-10-21 05:27:58.324000,74.0,71,93
4645,373,166,100,2024-10-21 05:27:58.324000,52.0,75,66
4646,373,13,100,2024-10-21 05:27:58.324000,78.0,53,76
4647,373,20,100,2024-10-21 05:27:58.324000,98.0,87,76
4648,373,17,100,2024-10-21 05:27:58.324000,94.0,75,94
4649,373,109,100,2024-10-21 05:27:58.324000,75.0,59,100
4650,373,86,100,2024-10-21 05:27:58.324000,84.0,90,84
4651,373,75,100,2024-10-21 05:27:58.324000,51.0,74,52
4652,373,108,100,2024-10-21 05:27:58.324000,57.0,88,89
4653,373,143,100,2024-10-21 05:27:58.324000,92.0,57,53
4654,373,144,100,2024-10-21 05:27:58.324000,94.0,88,60
4655,373,194,100,2024-10-21 05:27:58.324000,73.0,56,64
4656,373,141,100,2024-10-21 05:27:58.324000,82.0,87,83
4657,373,89,100,2024-10-21 05:27:58.324000,81.0,51,62
4658,374,20,100,2024-10-21 05:27:58.324000,56.0,54,65
4659,374,13,100,2024-10-21 05:27:58.324000,72.0,78,98
4660,374,17,100,2024-10-21 05:27:58.324000,61.0,86,55
4661,374,12,100,2024-10-21 05:27:58.324000,60.0,63,54
4662,374,166,100,2024-10-21 05:27:58.324000,88.0,70,80
4663,374,63,100,2024-10-21 05:27:58.324000,67.0,85,85
4664,374,194,100,2024-10-21 05:27:58.324000,91.0,60,86
4665,374,104,100,2024-10-21 05:27:58.324000,55.0,61,91
4666,374,16,100,2024-10-21 05:27:58.324000,65.0,58,100
4667,374,168,100,2024-10-21 05:27:58.324000,62.0,57,63
4668,374,101,100,2024-10-21 05:27:58.324000,57.0,69,86
4669,374,4,100,2024-10-21 05:27:58.324000,72.0,80,64
4670,375,12,100,2024-10-21 05:27:58.324000,78.0,68,84
4671,375,13,100,2024-10-21 05:27:58.324000,53.0,70,92
4672,375,20,100,2024-10-21 05:27:58.324000,60.0,61,81
4673,375,17,100,2024-10-21 05:27:58.324000,92.0,60,85
4674,375,166,100,2024-10-21 05:27:58.324000,99.0,74,78
4675,375,24,100,2024-10-21 05:27:58.324000,91.0,65,93
4676,375,181,100,2024-10-21 05:27:58.324000,85.0,62,54
4677,375,178,100,2024-10-21 05:27:58.324000,54.0,69,60
4678,375,11,100,2024-10-21 05:27:58.324000,90.0,51,56
4679,375,130,100,2024-10-21 05:27:58.324000,56.0,72,97
4680,375,22,100,2024-10-21 05:27:58.324000,89.0,52,56
4681,376,20,100,2024-10-21 05:27:58.324000,86.0,84,53
4682,376,17,100,2024-10-21 05:27:58.324000,83.0,81,83
4683,376,12,100,2024-10-21 05:27:58.324000,87.0,88,71
4684,376,13,100,2024-10-21 05:27:58.324000,91.0,59,64
4685,376,166,100,2024-10-21 05:27:58.324000,64.0,55,58
4686,376,197,100,2024-10-21 05:27:58.324000,91.0,97,55
4687,376,190,100,2024-10-21 05:27:58.324000,93.0,80,80
4688,376,115,100,2024-10-21 05:27:58.324000,87.0,50,60
4689,376,127,100,2024-10-21 05:27:58.324000,79.0,51,59
4690,376,155,100,2024-10-21 05:27:58.324000,78.0,81,55
4691,376,48,100,2024-10-21 05:27:58.324000,81.0,55,63
4692,376,19,100,2024-10-21 05:27:58.324000,73.0,90,89
4693,376,136,100,2024-10-21 05:27:58.324000,58.0,90,74
4694,376,95,100,2024-10-21 05:27:58.324000,67.0,80,64
4695,377,20,100,2024-10-21 05:27:58.324000,67.0,82,87
4696,377,12,100,2024-10-21 05:27:58.324000,68.0,61,52
4697,377,17,100,2024-10-21 05:27:58.324000,88.0,84,77
4698,377,13,100,2024-10-21 05:27:58.324000,67.0,84,71
4699,377,166,100,2024-10-21 05:27:58.324000,77.0,75,52
4700,377,184,100,2024-10-21 05:27:58.324000,62.0,99,90
4701,377,139,100,2024-10-21 05:27:58.324000,74.0,75,80
4702,377,23,100,2024-10-21 05:27:58.324000,88.0,83,77
4703,377,103,100,2024-10-21 05:27:58.324000,83.0,57,65
4704,377,69,100,2024-10-21 05:27:58.324000,74.0,95,66
4705,377,161,100,2024-10-21 05:27:58.324000,84.0,92,96
4706,377,172,100,2024-10-21 05:27:58.324000,78.0,67,91
4707,377,48,100,2024-10-21 05:27:58.324000,100.0,65,99
4708,377,72,100,2024-10-21 05:27:58.324000,77.0,63,95
4709,377,151,100,2024-10-21 05:27:58.324000,83.0,64,93
4710,378,166,100,2024-10-21 05:27:58.324000,66.0,56,98
4711,378,20,100,2024-10-21 05:27:58.324000,79.0,57,97
4712,378,13,100,2024-10-21 05:27:58.324000,56.0,55,92
4713,378,17,100,2024-10-21 05:27:58.324000,80.0,90,93
4714,378,12,100,2024-10-21 05:27:58.324000,51.0,53,58
4715,378,171,100,2024-10-21 05:27:58.324000,76.0,67,90
4716,378,83,100,2024-10-21 05:27:58.324000,74.0,64,58
4717,378,145,100,2024-10-21 05:27:58.324000,77.0,72,68
4718,378,16,100,2024-10-21 05:27:58.324000,61.0,62,77
4719,378,197,100,2024-10-21 05:27:58.324000,61.0,96,100
4720,378,35,100,2024-10-21 05:27:58.324000,79.0,58,82
4721,378,23,100,2024-10-21 05:27:58.324000,69.0,67,97
4722,378,59,100,2024-10-21 05:27:58.324000,55.0,51,65
4723,378,45,100,2024-10-21 05:27:58.324000,59.0,69,85
4724,378,40,100,2024-10-21 05:27:58.324000,68.0,73,94
4725,379,20,100,2024-10-21 05:27:58.324000,52.0,55,93
4726,379,166,100,2024-10-21 05:27:58.324000,50.0,51,84
4727,379,12,100,2024-10-21 05:27:58.324000,89.0,90,96
4728,379,17,100,2024-10-21 05:27:58.324000,85.0,61,84
4729,379,13,100,2024-10-21 05:27:58.324000,68.0,66,70
4730,379,126,100,2024-10-21 05:27:58.324000,70.0,77,81
4731,379,33,100,2024-10-21 05:27:58.324000,62.0,94,85
4732,379,141,100,2024-10-21 05:27:58.324000,80.0,94,72
4733,379,1,100,2024-10-21 05:27:58.324000,53.0,55,82
4734,379,97,100,2024-10-21 05:27:58.324000,64.0,99,81
4735,380,166,100,2024-10-21 05:27:58.324000,62.0,70,72
4736,380,13,100,2024-10-21 05:27:58.324000,99.0,75,81
4737,380,20,100,2024-10-21 05:27:58.324000,57.0,98,65
4738,380,17,100,2024-10-21 05:27:58.324000,51.0,64,76
4739,380,12,100,2024-10-21 05:27:58.324000,63.0,91,64
4740,380,31,100,2024-10-21 05:27:58.324000,53.0,78,88
4741,380,145,100,2024-10-21 05:27:58.324000,90.0,92,100
4742,380,134,100,2024-10-21 05:27:58.324000,87.0,84,60
4743,380,98,100,2024-10-21 05:27:58.324000,87.0,58,94
4744,380,94,100,2024-10-21 05:27:58.324000,64.0,72,64
4745,380,47,100,2024-10-21 05:27:58.324000,91.0,51,79
4746,380,58,100,2024-10-21 05:27:58.324000,66.0,89,87
4747,381,17,100,2024-10-21 05:27:58.324000,52.0,97,71
4748,381,12,100,2024-10-21 05:27:58.324000,90.0,50,66
4749,381,13,100,2024-10-21 05:27:58.324000,77.0,57,61
4750,381,20,100,2024-10-21 05:27:58.324000,56.0,61,79
4751,381,166,100,2024-10-21 05:27:58.324000,56.0,89,94
4752,381,148,100,2024-10-21 05:27:58.324000,100.0,69,95
4753,381,36,100,2024-10-21 05:27:58.324000,94.0,61,91
4754,381,132,100,2024-10-21 05:27:58.324000,83.0,80,70
4755,381,190,100,2024-10-21 05:27:58.324000,80.0,81,63
4756,381,14,100,2024-10-21 05:27:58.324000,60.0,85,63
4757,382,166,100,2024-10-21 05:27:58.325000,67.0,60,61
4758,382,20,100,2024-10-21 05:27:58.325000,86.0,89,93
4759,382,12,100,2024-10-21 05:27:58.325000,61.0,100,78
4760,382,13,100,2024-10-21 05:27:58.325000,76.0,55,88
4761,382,190,100,2024-10-21 05:27:58.325000,70.0,57,52
4762,382,195,100,2024-10-21 05:27:58.325000,78.0,51,97
4763,382,113,100,2024-10-21 05:27:58.325000,63.0,51,67
4764,382,123,100,2024-10-21 05:27:58.325000,85.0,88,98
4765,382,163,100,2024-10-21 05:27:58.325000,55.0,83,54
4766,382,189,100,2024-10-21 05:27:58.325000,78.0,95,66
4767,382,92,100,2024-10-21 05:27:58.325000,85.0,86,91
4768,383,20,100,2024-10-21 05:27:58.325000,96.0,70,96
4769,383,17,100,2024-10-21 05:27:58.325000,61.0,89,60
4770,383,12,100,2024-10-21 05:27:58.325000,97.0,93,58
4771,383,166,100,2024-10-21 05:27:58.325000,91.0,99,53
4772,383,13,100,2024-10-21 05:27:58.325000,73.0,94,66
4773,383,88,100,2024-10-21 05:27:58.325000,76.0,83,59
4774,383,117,100,2024-10-21 05:27:58.325000,65.0,92,81
4775,383,91,100,2024-10-21 05:27:58.325000,84.0,50,92
4776,383,62,100,2024-10-21 05:27:58.325000,66.0,86,99
4777,383,157,100,2024-10-21 05:27:58.325000,78.0,79,84
4778,383,71,100,2024-10-21 05:27:58.325000,51.0,70,78
4779,383,192,100,2024-10-21 05:27:58.325000,63.0,98,95
4780,383,44,100,2024-10-21 05:27:58.325000,88.0,55,71
4781,383,113,100,2024-10-21 05:27:58.325000,77.0,69,60
4782,384,12,100,2024-10-21 05:27:58.325000,64.0,63,78
4783,384,20,100,2024-10-21 05:27:58.325000,77.0,63,73
4784,384,17,100,2024-10-21 05:27:58.325000,85.0,80,51
4785,384,13,100,2024-10-21 05:27:58.325000,72.0,79,60
4786,384,166,100,2024-10-21 05:27:58.325000,99.0,98,64
4787,384,120,100,2024-10-21 05:27:58.325000,94.0,78,79
4788,384,113,100,2024-10-21 05:27:58.325000,77.0,67,59
4789,384,137,100,2024-10-21 05:27:58.325000,52.0,62,56
4790,384,71,100,2024-10-21 05:27:58.325000,75.0,59,54
4791,384,100,100,2024-10-21 05:27:58.325000,63.0,60,84
4792,384,9,100,2024-10-21 05:27:58.325000,68.0,81,74
4793,385,13,100,2024-10-21 05:27:58.325000,78.0,88,50
4794,385,12,100,2024-10-21 05:27:58.325000,60.0,72,66
4795,385,17,100,2024-10-21 05:27:58.325000,61.0,73,97
4796,385,20,100,2024-10-21 05:27:58.325000,85.0,93,70
4797,385,166,100,2024-10-21 05:27:58.325000,75.0,69,64
4798,385,68,100,2024-10-21 05:27:58.325000,68.0,50,68
4799,385,1,100,2024-10-21 05:27:58.325000,58.0,58,57
4800,385,40,100,2024-10-21 05:27:58.325000,57.0,97,100
4801,385,59,100,2024-10-21 05:27:58.325000,97.0,94,63
4802,385,170,100,2024-10-21 05:27:58.325000,97.0,76,55
4803,385,26,100,2024-10-21 05:27:58.325000,96.0,84,52
4804,385,132,100,2024-10-21 05:27:58.325000,73.0,91,88
4805,386,13,100,2024-10-21 05:27:58.325000,69.0,67,67
4806,386,17,100,2024-10-21 05:27:58.325000,75.0,86,85
4807,386,12,100,2024-10-21 05:27:58.325000,83.0,51,93
4808,386,166,100,2024-10-21 05:27:58.325000,63.0,92,72
4809,386,20,100,2024-10-21 05:27:58.325000,74.0,60,77
4810,386,164,100,2024-10-21 05:27:58.325000,81.0,85,75
4811,386,183,100,2024-10-21 05:27:58.325000,51.0,59,66
4812,386,114,100,2024-10-21 05:27:58.325000,64.0,85,87
4813,386,185,100,2024-10-21 05:27:58.325000,96.0,80,69
4814,386,74,100,2024-10-21 05:27:58.325000,85.0,79,92
4815,386,19,100,2024-10-21 05:27:58.325000,77.0,82,52
4816,386,56,100,2024-10-21 05:27:58.325000,74.0,72,85
4817,386,149,100,2024-10-21 05:27:58.325000,75.0,77,68
4818,386,188,100,2024-10-21 05:27:58.325000,91.0,55,79
4819,386,82,100,2024-10-21 05:27:58.325000,98.0,56,95
4820,387,20,100,2024-10-21 05:27:58.325000,87.0,68,52
4821,387,13,100,2024-10-21 05:27:58.325000,85.0,79,61
4822,387,166,100,2024-10-21 05:27:58.325000,96.0,85,60
4823,387,12,100,2024-10-21 05:27:58.325000,97.0,99,68
4824,387,17,100,2024-10-21 05:27:58.325000,64.0,74,58
4825,387,87,100,2024-10-21 05:27:58.325000,89.0,94,54
4826,387,148,100,2024-10-21 05:27:58.325000,94.0,76,81
4827,387,8,100,2024-10-21 05:27:58.325000,93.0,73,81
4828,387,175,100,2024-10-21 05:27:58.325000,79.0,77,53
4829,387,113,100,2024-10-21 05:27:58.325000,84.0,64,51
4830,387,77,100,2024-10-21 05:27:58.325000,95.0,94,92
4831,387,146,100,2024-10-21 05:27:58.325000,96.0,76,83
4832,387,5,100,2024-10-21 05:27:58.325000,72.0,65,96
4833,387,62,100,2024-10-21 05:27:58.325000,87.0,65,94
4834,388,20,100,2024-10-21 05:27:58.325000,50.0,91,58
4835,388,13,100,2024-10-21 05:27:58.325000,90.0,78,50
4836,388,17,100,2024-10-21 05:27:58.325000,51.0,74,95
4837,388,12,100,2024-10-21 05:27:58.325000,53.0,67,85
4838,388,166,100,2024-10-21 05:27:58.325000,61.0,89,52
4839,388,134,100,2024-10-21 05:27:58.325000,71.0,94,56
4840,388,86,100,2024-10-21 05:27:58.325000,93.0,82,69
4841,388,157,100,2024-10-21 05:27:58.325000,98.0,77,81
4842,388,5,100,2024-10-21 05:27:58.325000,79.0,68,76
4843,388,31,100,2024-10-21 05:27:58.325000,61.0,82,74
4844,388,128,100,2024-10-21 05:27:58.325000,85.0,63,70
4845,388,36,100,2024-10-21 05:27:58.325000,66.0,82,99
4846,388,22,100,2024-10-21 05:27:58.325000,68.0,81,89
4847,388,19,100,2024-10-21 05:27:58.325000,51.0,53,58
4848,388,83,100,2024-10-21 05:27:58.325000,50.0,61,81
4849,389,17,100,2024-10-21 05:27:58.325000,59.0,61,84
4850,389,166,100,2024-10-21 05:27:58.325000,76.0,89,74
4851,389,13,100,2024-10-21 05:27:58.325000,56.0,55,76
4852,389,12,100,2024-10-21 05:27:58.325000,77.0,58,64
4853,389,20,100,2024-10-21 05:27:58.325000,88.0,55,57
4854,389,125,100,2024-10-21 05:27:58.325000,84.0,77,59
4855,389,193,100,2024-10-21 05:27:58.325000,89.0,89,74
4856,389,73,100,2024-10-21 05:27:58.325000,89.0,92,99
4857,389,155,100,2024-10-21 05:27:58.325000,51.0,80,62
4858,389,115,100,2024-10-21 05:27:58.325000,88.0,54,64
4859,389,189,100,2024-10-21 05:27:58.325000,93.0,52,89
4860,389,66,100,2024-10-21 05:27:58.325000,93.0,84,56
4861,389,116,100,2024-10-21 05:27:58.325000,54.0,56,90
4862,390,166,100,2024-10-21 05:27:58.325000,56.0,72,95
4863,390,20,100,2024-10-21 05:27:58.325000,51.0,61,84
4864,390,12,100,2024-10-21 05:27:58.325000,92.0,71,93
4865,390,17,100,2024-10-21 05:27:58.325000,73.0,82,79
4866,390,13,100,2024-10-21 05:27:58.325000,69.0,68,67
4867,390,31,100,2024-10-21 05:27:58.325000,55.0,83,55
4868,390,102,100,2024-10-21 05:27:58.325000,100.0,66,81
4869,390,58,100,2024-10-21 05:27:58.325000,92.0,56,58
4870,390,177,100,2024-10-21 05:27:58.325000,89.0,82,84
4871,390,119,100,2024-10-21 05:27:58.325000,71.0,91,83
4872,390,25,100,2024-10-21 05:27:58.325000,79.0,99,91
4873,390,191,100,2024-10-21 05:27:58.325000,98.0,67,50
4874,390,88,100,2024-10-21 05:27:58.325000,93.0,77,69
4875,390,73,100,2024-10-21 05:27:58.325000,93.0,70,65
4876,390,138,100,2024-10-21 05:27:58.325000,54.0,58,91
4877,391,166,100,2024-10-21 05:27:58.325000,64.0,87,83
4878,391,13,100,2024-10-21 05:27:58.325000,72.0,57,90
4879,391,17,100,2024-10-21 05:27:58.325000,63.0,58,95
4880,391,20,100,2024-10-21 05:27:58.325000,78.0,97,54
4881,391,180,100,2024-10-21 05:27:58.325000,65.0,60,82
4882,391,6,100,2024-10-21 05:27:58.325000,68.0,79,87
4883,391,92,100,2024-10-21 05:27:58.325000,68.0,54,84
4884,391,165,100,2024-10-21 05:27:58.325000,78.0,54,96
4885,391,43,100,2024-10-21 05:27:58.325000,54.0,72,65
4886,391,87,100,2024-10-21 05:27:58.325000,96.0,68,84
4887,391,72,100,2024-10-21 05:27:58.325000,84.0,52,87
4888,391,102,100,2024-10-21 05:27:58.325000,73.0,78,88
4889,391,44,100,2024-10-21 05:27:58.325000,75.0,56,83
4890,391,131,100,2024-10-21 05:27:58.325000,90.0,58,99
4891,392,13,100,2024-10-21 05:27:58.325000,59.0,55,59
4892,392,12,100,2024-10-21 05:27:58.325000,69.0,71,85
4893,392,17,100,2024-10-21 05:27:58.325000,54.0,99,55
4894,392,166,100,2024-10-21 05:27:58.325000,90.0,62,59
4895,392,20,100,2024-10-21 05:27:58.325000,90.0,50,79
4896,392,64,100,2024-10-21 05:27:58.325000,54.0,69,51
4897,392,152,100,2024-10-21 05:27:58.325000,67.0,54,54
4898,392,98,100,2024-10-21 05:27:58.325000,90.0,98,60
4899,392,158,100,2024-10-21 05:27:58.325000,82.0,65,55
4900,392,57,100,2024-10-21 05:27:58.325000,99.0,97,97
4901,392,104,100,2024-10-21 05:27:58.325000,80.0,74,96
4902,392,181,100,2024-10-21 05:27:58.325000,61.0,58,62
4903,392,33,100,2024-10-21 05:27:58.325000,80.0,83,82
4904,392,165,100,2024-10-21 05:27:58.325000,51.0,69,71
4905,392,65,100,2024-10-21 05:27:58.325000,89.0,54,57
4906,393,13,100,2024-10-21 05:27:58.325000,66.0,64,86
4907,393,20,100,2024-10-21 05:27:58.325000,83.0,80,69
4908,393,17,100,2024-10-21 05:27:58.325000,79.0,72,66
4909,393,12,100,2024-10-21 05:27:58.325000,62.0,71,71
4910,393,49,100,2024-10-21 05:27:58.325000,58.0,73,52
4911,393,41,100,2024-10-21 05:27:58.325000,80.0,94,88
4912,393,193,100,2024-10-21 05:27:58.325000,52.0,98,81
4913,393,60,100,2024-10-21 05:27:58.325000,74.0,74,56
4914,393,185,100,2024-10-21 05:27:58.325000,89.0,60,60
4915,393,101,100,2024-10-21 05:27:58.325000,77.0,69,90
4916,393,128,100,2024-10-21 05:27:58.325000,66.0,89,68
4917,393,36,100,2024-10-21 05:27:58.325000,69.0,51,52
4918,393,65,100,2024-10-21 05:27:58.325000,51.0,82,51
4919,393,170,100,2024-10-21 05:27:58.325000,70.0,96,71
4920,394,12,100,2024-10-21 05:27:58.325000,100.0,77,66
4921,394,20,100,2024-10-21 05:27:58.325000,55.0,92,100
4922,394,166,100,2024-10-21 05:27:58.325000,78.0,51,93
4923,394,13,100,2024-10-21 05:27:58.325000,72.0,83,76
4924,394,17,100,2024-10-21 05:27:58.325000,98.0,88,67
4925,394,19,100,2024-10-21 05:27:58.326000,73.0,89,64
4926,394,72,100,2024-10-21 05:27:58.326000,87.0,52,57
4927,394,197,100,2024-10-21 05:27:58.326000,92.0,77,96
4928,394,160,100,2024-10-21 05:27:58.326000,66.0,86,99
4929,394,108,100,2024-10-21 05:27:58.326000,74.0,52,98
4930,394,128,100,2024-10-21 05:27:58.326000,62.0,84,57
4931,394,80,100,2024-10-21 05:27:58.326000,89.0,77,51
4932,394,91,100,2024-10-21 05:27:58.326000,82.0,98,72
4933,394,40,100,2024-10-21 05:27:58.326000,96.0,72,53
4934,395,17,100,2024-10-21 05:27:58.326000,57.0,77,66
4935,395,13,100,2024-10-21 05:27:58.326000,60.0,79,81
4936,395,20,100,2024-10-21 05:27:58.326000,71.0,69,81
4937,395,166,100,2024-10-21 05:27:58.326000,84.0,58,64
4938,395,12,100,2024-10-21 05:27:58.326000,75.0,68,94
4939,395,141,100,2024-10-21 05:27:58.326000,79.0,64,80
4940,395,164,100,2024-10-21 05:27:58.326000,51.0,84,81
4941,395,55,100,2024-10-21 05:27:58.326000,64.0,95,97
4942,395,88,100,2024-10-21 05:27:58.326000,66.0,76,72
4943,395,19,100,2024-10-21 05:27:58.326000,92.0,54,72
4944,395,61,100,2024-10-21 05:27:58.326000,79.0,99,67
4945,395,152,100,2024-10-21 05:27:58.326000,64.0,56,92
4946,395,150,100,2024-10-21 05:27:58.326000,72.0,68,59
4947,395,126,100,2024-10-21 05:27:58.326000,83.0,62,88
4948,395,170,100,2024-10-21 05:27:58.326000,76.0,80,69
4949,396,13,100,2024-10-21 05:27:58.326000,65.0,50,86
4950,396,20,100,2024-10-21 05:27:58.326000,66.0,85,81
4951,396,166,100,2024-10-21 05:27:58.326000,50.0,76,71
4952,396,12,100,2024-10-21 05:27:58.326000,73.0,52,77
4953,396,17,100,2024-10-21 05:27:58.326000,88.0,88,94
4954,396,64,100,2024-10-21 05:27:58.326000,79.0,52,65
4955,396,173,100,2024-10-21 05:27:58.326000,87.0,77,81
4956,396,143,100,2024-10-21 05:27:58.326000,66.0,98,73
4957,396,169,100,2024-10-21 05:27:58.326000,96.0,67,82
4958,396,117,100,2024-10-21 05:27:58.326000,53.0,94,57
4959,397,17,100,2024-10-21 05:27:58.326000,76.0,84,55
4960,397,20,100,2024-10-21 05:27:58.326000,74.0,69,75
4961,397,166,100,2024-10-21 05:27:58.326000,74.0,59,52
4962,397,13,100,2024-10-21 05:27:58.326000,84.0,67,71
4963,397,12,100,2024-10-21 05:27:58.326000,83.0,67,85
4964,397,163,100,2024-10-21 05:27:58.326000,99.0,51,94
4965,397,68,100,2024-10-21 05:27:58.326000,100.0,93,59
4966,397,114,100,2024-10-21 05:27:58.326000,64.0,74,86
4967,397,159,100,2024-10-21 05:27:58.326000,76.0,77,58
4968,397,193,100,2024-10-21 05:27:58.326000,67.0,100,98
4969,398,20,100,2024-10-21 05:27:58.326000,85.0,86,76
4970,398,166,100,2024-10-21 05:27:58.326000,78.0,81,76
4971,398,12,100,2024-10-21 05:27:58.326000,91.0,62,52
4972,398,17,100,2024-10-21 05:27:58.326000,97.0,97,99
4973,398,13,100,2024-10-21 05:27:58.326000,56.0,97,63
4974,398,193,100,2024-10-21 05:27:58.326000,97.0,91,84
4975,398,91,100,2024-10-21 05:27:58.326000,95.0,87,52
4976,398,23,100,2024-10-21 05:27:58.326000,56.0,88,51
4977,398,130,100,2024-10-21 05:27:58.326000,51.0,75,61
4978,398,158,100,2024-10-21 05:27:58.326000,71.0,82,93
4979,398,26,100,2024-10-21 05:27:58.326000,60.0,99,62
4980,398,28,100,2024-10-21 05:27:58.326000,89.0,56,82
4981,398,8,100,2024-10-21 05:27:58.326000,94.0,94,59
4982,398,148,100,2024-10-21 05:27:58.326000,95.0,85,67
4983,399,20,100,2024-10-21 05:27:58.326000,74.0,93,56
4984,399,12,100,2024-10-21 05:27:58.326000,96.0,93,54
4985,399,13,100,2024-10-21 05:27:58.326000,99.0,52,66
4986,399,17,100,2024-10-21 05:27:58.326000,80.0,59,78
4987,399,166,100,2024-10-21 05:27:58.326000,55.0,55,87
4988,399,18,100,2024-10-21 05:27:58.326000,83.0,64,50
4989,399,49,100,2024-10-21 05:27:58.326000,75.0,100,79
4990,399,53,100,2024-10-21 05:27:58.326000,52.0,95,60
4991,399,54,100,2024-10-21 05:27:58.326000,56.0,74,87
4992,399,28,100,2024-10-21 05:27:58.326000,86.0,68,97
4993,399,129,100,2024-10-21 05:27:58.326000,80.0,74,69
4994,400,17,100,2024-10-21 05:27:58.326000,64.0,97,94
4995,400,166,100,2024-10-21 05:27:58.326000,77.0,62,75
4996,400,13,100,2024-10-21 05:27:58.326000,64.0,67,76
4997,400,12,100,2024-10-21 05:27:58.326000,88.0,99,93
4998,400,20,100,2024-10-21 05:27:58.326000,83.0,96,73
4999,400,104,100,2024-10-21 05:27:58.326000,90.0,81,69
5000,400,3,100,2024-10-21 05:27:58.326000,53.0,83,70
5001,400,61,100,2024-10-21 05:27:58.326000,81.0,69,69
5002,400,66,100,2024-10-21 05:27:58.326000,66.0,53,63
5003,400,177,100,2024-10-21 05:27:58.326000,96.0,56,76
5004,401,17,100,2024-10-21 05:27:58.326000,75.0,90,86
5005,401,20,100,2024-10-21 05:27:58.326000,72.0,74,78
5006,401,12,100,2024-10-21 05:27:58.326000,84.0,98,76
5007,401,13,100,2024-10-21 05:27:58.326000,73.0,85,64
5008,401,115,100,2024-10-21 05:27:58.326000,51.0,95,93
5009,401,33,100,2024-10-21 05:27:58.326000,66.0,78,99
5010,401,90,100,2024-10-21 05:27:58.326000,68.0,68,62
5011,401,136,100,2024-10-21 05:27:58.326000,64.0,59,89
5012,401,183,100,2024-10-21 05:27:58.326000,59.0,76,87
5013,401,193,100,2024-10-21 05:27:58.326000,92.0,55,91
5014,401,30,100,2024-10-21 05:27:58.326000,98.0,52,68
5015,401,48,100,2024-10-21 05:27:58.326000,91.0,66,87
5016,402,17,100,2024-10-21 05:27:58.326000,61.0,72,54
5017,402,12,100,2024-10-21 05:27:58.326000,80.0,64,67
5018,402,166,100,2024-10-21 05:27:58.326000,84.0,50,53
5019,402,13,100,2024-10-21 05:27:58.326000,66.0,64,56
5020,402,20,100,2024-10-21 05:27:58.326000,61.0,80,91
5021,402,112,100,2024-10-21 05:27:58.326000,62.0,80,89
5022,402,49,100,2024-10-21 05:27:58.326000,54.0,94,77
5023,402,48,100,2024-10-21 05:27:58.326000,65.0,96,94
5024,402,65,100,2024-10-21 05:27:58.326000,57.0,72,74
5025,402,64,100,2024-10-21 05:27:58.326000,99.0,85,86
5026,403,12,100,2024-10-21 05:27:58.326000,74.0,53,96
5027,403,13,100,2024-10-21 05:27:58.326000,54.0,73,95
5028,403,166,100,2024-10-21 05:27:58.326000,70.0,88,77
5029,403,20,100,2024-10-21 05:27:58.326000,76.0,76,74
5030,403,17,100,2024-10-21 05:27:58.326000,76.0,87,83
5031,403,100,100,2024-10-21 05:27:58.326000,52.0,80,80
5032,403,118,100,2024-10-21 05:27:58.326000,57.0,97,75
5033,403,181,100,2024-10-21 05:27:58.326000,62.0,81,81
5034,403,167,100,2024-10-21 05:27:58.326000,67.0,63,67
5035,403,41,100,2024-10-21 05:27:58.326000,62.0,66,76
5036,403,63,100,2024-10-21 05:27:58.326000,81.0,51,93
5037,404,166,100,2024-10-21 05:27:58.326000,77.0,75,98
5038,404,17,100,2024-10-21 05:27:58.326000,63.0,57,66
5039,404,13,100,2024-10-21 05:27:58.326000,83.0,67,81
5040,404,12,100,2024-10-21 05:27:58.326000,82.0,54,63
5041,404,20,100,2024-10-21 05:27:58.326000,60.0,80,74
5042,404,81,100,2024-10-21 05:27:58.326000,57.0,59,55
5043,404,29,100,2024-10-21 05:27:58.326000,81.0,92,83
5044,404,59,100,2024-10-21 05:27:58.326000,71.0,80,76
5045,404,80,100,2024-10-21 05:27:58.326000,89.0,63,86
5046,404,34,100,2024-10-21 05:27:58.326000,52.0,62,53
5047,405,20,100,2024-10-21 05:27:58.326000,61.0,71,92
5048,405,166,100,2024-10-21 05:27:58.326000,93.0,55,83
5049,405,17,100,2024-10-21 05:27:58.326000,64.0,50,64
5050,405,13,100,2024-10-21 05:27:58.326000,55.0,84,98
5051,405,12,100,2024-10-21 05:27:58.326000,73.0,95,90
5052,405,109,100,2024-10-21 05:27:58.326000,61.0,95,63
5053,405,44,100,2024-10-21 05:27:58.326000,68.0,96,85
5054,405,27,100,2024-10-21 05:27:58.326000,88.0,51,99
5055,405,164,100,2024-10-21 05:27:58.326000,54.0,50,85
5056,405,101,100,2024-10-21 05:27:58.326000,88.0,80,67
5057,405,56,100,2024-10-21 05:27:58.326000,99.0,56,78
5058,405,122,100,2024-10-21 05:27:58.326000,67.0,99,67
5059,405,148,100,2024-10-21 05:27:58.326000,86.0,78,74
5060,405,82,100,2024-10-21 05:27:58.326000,59.0,58,77
5061,405,192,100,2024-10-21 05:27:58.326000,73.0,50,85
5062,406,20,100,2024-10-21 05:27:58.326000,66.0,54,58
5063,406,12,100,2024-10-21 05:27:58.326000,65.0,92,94
5064,406,13,100,2024-10-21 05:27:58.327000,84.0,57,87
5065,406,166,100,2024-10-21 05:27:58.327000,66.0,87,89
5066,406,73,100,2024-10-21 05:27:58.327000,76.0,72,60
5067,406,125,100,2024-10-21 05:27:58.327000,81.0,82,86
5068,406,95,100,2024-10-21 05:27:58.327000,100.0,72,92
5069,406,17,100,2024-10-21 05:27:58.327000,71.0,79,80
5070,406,151,100,2024-10-21 05:27:58.327000,54.0,85,73
5071,406,82,100,2024-10-21 05:27:58.327000,97.0,99,97
5072,406,167,100,2024-10-21 05:27:58.327000,83.0,74,86
5073,406,192,100,2024-10-21 05:27:58.327000,81.0,61,84
5074,406,39,100,2024-10-21 05:27:58.327000,97.0,93,81
5075,407,13,100,2024-10-21 05:27:58.327000,85.0,65,87
5076,407,166,100,2024-10-21 05:27:58.327000,67.0,63,77
5077,407,17,100,2024-10-21 05:27:58.327000,56.0,83,98
5078,407,12,100,2024-10-21 05:27:58.327000,91.0,99,87
5079,407,20,100,2024-10-21 05:27:58.327000,52.0,97,82
5080,407,83,100,2024-10-21 05:27:58.327000,96.0,96,90
5081,407,192,100,2024-10-21 05:27:58.327000,63.0,67,57
5082,407,19,100,2024-10-21 05:27:58.327000,63.0,97,89
5083,407,78,100,2024-10-21 05:27:58.327000,67.0,54,71
5084,407,181,100,2024-10-21 05:27:58.327000,73.0,71,66
5085,407,36,100,2024-10-21 05:27:58.327000,99.0,61,50
5086,407,126,100,2024-10-21 05:27:58.327000,70.0,73,84
5087,408,166,100,2024-10-21 05:27:58.327000,69.0,84,65
5088,408,20,100,2024-10-21 05:27:58.327000,82.0,98,55
5089,408,17,100,2024-10-21 05:27:58.327000,71.0,78,77
5090,408,13,100,2024-10-21 05:27:58.327000,71.0,80,82
5091,408,12,100,2024-10-21 05:27:58.327000,62.0,87,99
5092,408,6,100,2024-10-21 05:27:58.327000,89.0,91,70
5093,408,151,100,2024-10-21 05:27:58.327000,65.0,71,77
5094,408,125,100,2024-10-21 05:27:58.327000,54.0,68,95
5095,408,137,100,2024-10-21 05:27:58.327000,93.0,55,52
5096,408,44,100,2024-10-21 05:27:58.327000,95.0,92,75
5097,408,169,100,2024-10-21 05:27:58.327000,83.0,67,65
5098,408,124,100,2024-10-21 05:27:58.327000,80.0,90,80
5099,408,130,100,2024-10-21 05:27:58.327000,52.0,70,72
5100,409,17,100,2024-10-21 05:27:58.327000,61.0,51,50
5101,409,13,100,2024-10-21 05:27:58.327000,99.0,76,66
5102,409,166,100,2024-10-21 05:27:58.327000,96.0,95,72
5103,409,12,100,2024-10-21 05:27:58.327000,79.0,78,90
5104,409,20,100,2024-10-21 05:27:58.327000,69.0,92,80
5105,409,164,100,2024-10-21 05:27:58.327000,59.0,77,81
5106,409,102,100,2024-10-21 05:27:58.327000,78.0,96,69
5107,409,107,100,2024-10-21 05:27:58.327000,89.0,67,65
5108,409,76,100,2024-10-21 05:27:58.327000,90.0,55,58
5109,409,91,100,2024-10-21 05:27:58.327000,83.0,94,72
5110,409,92,100,2024-10-21 05:27:58.327000,87.0,62,98
5111,410,17,100,2024-10-21 05:27:58.327000,64.0,79,70
5112,410,20,100,2024-10-21 05:27:58.327000,68.0,100,60
5113,410,12,100,2024-10-21 05:27:58.327000,59.0,67,60
5114,410,166,100,2024-10-21 05:27:58.327000,58.0,99,82
5115,410,13,100,2024-10-21 05:27:58.327000,99.0,50,58
5116,410,3,100,2024-10-21 05:27:58.327000,72.0,61,51
5117,410,189,100,2024-10-21 05:27:58.327000,79.0,76,93
5118,410,115,100,2024-10-21 05:27:58.327000,85.0,83,77
5119,410,19,100,2024-10-21 05:27:58.327000,67.0,65,96
5120,410,173,100,2024-10-21 05:27:58.327000,79.0,50,74
5121,411,17,100,2024-10-21 05:27:58.327000,76.0,95,60
5122,411,12,100,2024-10-21 05:27:58.327000,66.0,56,87
5123,411,166,100,2024-10-21 05:27:58.327000,92.0,87,69
5124,411,20,100,2024-10-21 05:27:58.327000,88.0,86,90
5125,411,13,100,2024-10-21 05:27:58.327000,62.0,84,65
5126,411,43,100,2024-10-21 05:27:58.327000,66.0,93,74
5127,411,170,100,2024-10-21 05:27:58.327000,50.0,78,75
5128,411,108,100,2024-10-21 05:27:58.327000,74.0,76,95
5129,411,98,100,2024-10-21 05:27:58.327000,69.0,83,52
5130,411,116,100,2024-10-21 05:27:58.327000,74.0,53,58
5131,411,138,100,2024-10-21 05:27:58.327000,87.0,66,94
5132,412,13,100,2024-10-21 05:27:58.327000,59.0,53,61
5133,412,166,100,2024-10-21 05:27:58.327000,86.0,64,53
5134,412,17,100,2024-10-21 05:27:58.327000,53.0,75,98
5135,412,12,100,2024-10-21 05:27:58.327000,60.0,76,64
5136,412,20,100,2024-10-21 05:27:58.327000,93.0,68,90
5137,412,57,100,2024-10-21 05:27:58.327000,58.0,90,89
5138,412,117,100,2024-10-21 05:27:58.327000,75.0,93,57
5139,412,53,100,2024-10-21 05:27:58.327000,78.0,71,60
5140,412,89,100,2024-10-21 05:27:58.327000,91.0,85,94
5141,412,141,100,2024-10-21 05:27:58.327000,87.0,67,87
5142,412,93,100,2024-10-21 05:27:58.327000,78.0,68,97
5143,412,195,100,2024-10-21 05:27:58.327000,74.0,84,95
5144,413,17,100,2024-10-21 05:27:58.327000,94.0,96,90
5145,413,12,100,2024-10-21 05:27:58.327000,95.0,97,52
5146,413,20,100,2024-10-21 05:27:58.327000,100.0,68,88
5147,413,13,100,2024-10-21 05:27:58.327000,80.0,98,65
5148,413,30,100,2024-10-21 05:27:58.327000,81.0,71,53
5149,413,85,100,2024-10-21 05:27:58.327000,73.0,96,77
5150,413,195,100,2024-10-21 05:27:58.327000,96.0,74,75
5151,413,95,100,2024-10-21 05:27:58.327000,52.0,74,95
5152,413,78,100,2024-10-21 05:27:58.327000,54.0,66,86
5153,413,131,100,2024-10-21 05:27:58.327000,90.0,100,58
5154,413,157,100,2024-10-21 05:27:58.327000,97.0,71,93
5155,413,127,100,2024-10-21 05:27:58.327000,63.0,78,77
5156,413,144,100,2024-10-21 05:27:58.327000,96.0,71,66
5157,413,153,100,2024-10-21 05:27:58.327000,67.0,90,100
5158,414,13,100,2024-10-21 05:27:58.327000,98.0,61,63
5159,414,17,100,2024-10-21 05:27:58.327000,82.0,66,100
5160,414,12,100,2024-10-21 05:27:58.327000,59.0,84,53
5161,414,20,100,2024-10-21 05:27:58.327000,89.0,84,95
5162,414,166,100,2024-10-21 05:27:58.327000,95.0,63,57
5163,414,98,100,2024-10-21 05:27:58.327000,89.0,79,70
5164,414,118,100,2024-10-21 05:27:58.327000,87.0,64,83
5165,414,147,100,2024-10-21 05:27:58.327000,95.0,74,93
5166,414,39,100,2024-10-21 05:27:58.327000,84.0,99,84
5167,414,113,100,2024-10-21 05:27:58.327000,90.0,58,62
5168,414,11,100,2024-10-21 05:27:58.327000,95.0,84,96
5169,414,41,100,2024-10-21 05:27:58.327000,66.0,71,77
5170,415,12,100,2024-10-21 05:27:58.327000,94.0,61,51
5171,415,166,100,2024-10-21 05:27:58.327000,56.0,58,87
5172,415,17,100,2024-10-21 05:27:58.327000,88.0,83,52
5173,415,13,100,2024-10-21 05:27:58.327000,60.0,53,61
5174,415,20,100,2024-10-21 05:27:58.327000,83.0,78,84
5175,415,3,100,2024-10-21 05:27:58.327000,52.0,80,65
5176,415,91,100,2024-10-21 05:27:58.327000,85.0,57,74
5177,415,79,100,2024-10-21 05:27:58.327000,58.0,100,86
5178,415,84,100,2024-10-21 05:27:58.327000,50.0,54,57
5179,415,4,100,2024-10-21 05:27:58.327000,78.0,100,80
5180,415,100,100,2024-10-21 05:27:58.327000,100.0,56,55
5181,415,66,100,2024-10-21 05:27:58.327000,99.0,65,91
5182,415,124,100,2024-10-21 05:27:58.327000,57.0,68,84
5183,415,186,100,2024-10-21 05:27:58.327000,79.0,100,100
5184,416,12,100,2024-10-21 05:27:58.327000,84.0,52,68
5185,416,17,100,2024-10-21 05:27:58.327000,93.0,90,100
5186,416,13,100,2024-10-21 05:27:58.327000,61.0,57,85
5187,416,20,100,2024-10-21 05:27:58.327000,84.0,95,93
5188,416,166,100,2024-10-21 05:27:58.327000,91.0,75,83
5189,416,35,100,2024-10-21 05:27:58.327000,64.0,100,80
5190,416,167,100,2024-10-21 05:27:58.327000,95.0,90,57
5191,416,176,100,2024-10-21 05:27:58.327000,63.0,81,97
5192,416,15,100,2024-10-21 05:27:58.327000,100.0,91,68
5193,416,168,100,2024-10-21 05:27:58.327000,74.0,54,58
5194,416,9,100,2024-10-21 05:27:58.327000,54.0,70,59
5195,416,172,100,2024-10-21 05:27:58.327000,84.0,92,80
5196,416,116,100,2024-10-21 05:27:58.327000,56.0,62,53
5197,416,145,100,2024-10-21 05:27:58.327000,93.0,97,53
5198,417,13,100,2024-10-21 05:27:58.327000,52.0,86,83
5199,417,20,100,2024-10-21 05:27:58.327000,93.0,70,93
5200,417,12,100,2024-10-21 05:27:58.327000,85.0,67,76
5201,417,17,100,2024-10-21 05:27:58.327000,79.0,80,98
5202,417,166,100,2024-10-21 05:27:58.327000,95.0,91,62
5203,417,78,100,2024-10-21 05:27:58.327000,67.0,56,73
5204,417,56,100,2024-10-21 05:27:58.327000,84.0,59,89
5205,417,156,100,2024-10-21 05:27:58.327000,53.0,71,80
5206,417,115,100,2024-10-21 05:27:58.327000,72.0,77,65
5207,417,61,100,2024-10-21 05:27:58.327000,59.0,72,99
5208,417,129,100,2024-10-21 05:27:58.327000,79.0,59,84
5209,417,62,100,2024-10-21 05:27:58.327000,76.0,61,75
5210,417,135,100,2024-10-21 05:27:58.327000,60.0,68,90
5211,417,161,100,2024-10-21 05:27:58.327000,93.0,81,97
5212,417,53,100,2024-10-21 05:27:58.327000,53.0,86,90
5213,418,20,100,2024-10-21 05:27:58.327000,51.0,70,53
5214,418,13,100,2024-10-21 05:27:58.327000,50.0,66,53
5215,418,12,100,2024-10-21 05:27:58.327000,57.0,80,72
5216,418,17,100,2024-10-21 05:27:58.327000,77.0,95,77
5217,418,166,100,2024-10-21 05:27:58.327000,77.0,64,83
5218,418,121,100,2024-10-21 05:27:58.327000,72.0,70,93
5219,418,97,100,2024-10-21 05:27:58.328000,77.0,69,78
5220,418,154,100,2024-10-21 05:27:58.328000,75.0,99,94
5221,418,136,100,2024-10-21 05:27:58.328000,53.0,89,68
5222,418,100,100,2024-10-21 05:27:58.328000,79.0,91,95
5223,418,157,100,2024-10-21 05:27:58.328000,79.0,72,57
5224,418,94,100,2024-10-21 05:27:58.328000,52.0,58,66
5225,419,20,100,2024-10-21 05:27:58.328000,88.0,91,86
5226,419,13,100,2024-10-21 05:27:58.328000,95.0,82,96
5227,419,166,100,2024-10-21 05:27:58.328000,91.0,69,67
5228,419,17,100,2024-10-21 05:27:58.328000,73.0,67,75
5229,419,12,100,2024-10-21 05:27:58.328000,66.0,99,63
5230,419,136,100,2024-10-21 05:27:58.328000,61.0,59,96
5231,419,21,100,2024-10-21 05:27:58.328000,62.0,70,86
5232,419,138,100,2024-10-21 05:27:58.328000,87.0,76,80
5233,419,38,100,2024-10-21 05:27:58.328000,83.0,54,88
5234,419,110,100,2024-10-21 05:27:58.328000,76.0,53,75
5235,420,12,100,2024-10-21 05:27:58.328000,82.0,63,93
5236,420,166,100,2024-10-21 05:27:58.328000,54.0,72,98
5237,420,17,100,2024-10-21 05:27:58.328000,82.0,50,66
5238,420,13,100,2024-10-21 05:27:58.328000,92.0,58,67
5239,420,20,100,2024-10-21 05:27:58.328000,81.0,95,50
5240,420,161,100,2024-10-21 05:27:58.328000,64.0,51,78
5241,420,179,100,2024-10-21 05:27:58.328000,61.0,69,60
5242,420,44,100,2024-10-21 05:27:58.328000,64.0,63,96
5243,420,180,100,2024-10-21 05:27:58.328000,94.0,53,94
5244,420,90,100,2024-10-21 05:27:58.328000,79.0,76,99
5245,420,48,100,2024-10-21 05:27:58.328000,50.0,67,52
5246,420,109,100,2024-10-21 05:27:58.328000,82.0,86,69
5247,421,12,100,2024-10-21 05:27:58.328000,78.0,56,56
5248,421,166,100,2024-10-21 05:27:58.328000,63.0,96,58
5249,421,17,100,2024-10-21 05:27:58.328000,98.0,57,57
5250,421,20,100,2024-10-21 05:27:58.328000,75.0,61,72
5251,421,13,100,2024-10-21 05:27:58.328000,75.0,91,81
5252,421,133,100,2024-10-21 05:27:58.328000,91.0,59,62
5253,421,104,100,2024-10-21 05:27:58.328000,67.0,57,74
5254,421,169,100,2024-10-21 05:27:58.328000,92.0,68,55
5255,421,158,100,2024-10-21 05:27:58.328000,55.0,99,68
5256,421,86,100,2024-10-21 05:27:58.328000,82.0,94,99
5257,421,74,100,2024-10-21 05:27:58.328000,58.0,97,84
5258,422,17,100,2024-10-21 05:27:58.328000,73.0,62,73
5259,422,12,100,2024-10-21 05:27:58.328000,71.0,88,53
5260,422,13,100,2024-10-21 05:27:58.328000,88.0,72,66
5261,422,20,100,2024-10-21 05:27:58.328000,57.0,80,52
5262,422,77,100,2024-10-21 05:27:58.328000,85.0,84,73
5263,422,155,100,2024-10-21 05:27:58.328000,55.0,64,88
5264,422,18,100,2024-10-21 05:27:58.328000,62.0,57,84
5265,422,70,100,2024-10-21 05:27:58.328000,73.0,88,59
5266,422,199,100,2024-10-21 05:27:58.328000,95.0,82,54
5267,422,115,100,2024-10-21 05:27:58.328000,80.0,85,60
5268,422,66,100,2024-10-21 05:27:58.328000,59.0,84,63
5269,422,91,100,2024-10-21 05:27:58.328000,87.0,60,91
5270,422,78,100,2024-10-21 05:27:58.328000,94.0,78,88
5271,422,138,100,2024-10-21 05:27:58.328000,50.0,70,57
5272,422,200,100,2024-10-21 05:27:58.328000,94.0,57,77
5273,423,166,100,2024-10-21 05:27:58.328000,66.0,87,86
5274,423,13,100,2024-10-21 05:27:58.328000,79.0,55,64
5275,423,17,100,2024-10-21 05:27:58.328000,88.0,71,51
5276,423,20,100,2024-10-21 05:27:58.328000,81.0,69,71
5277,423,12,100,2024-10-21 05:27:58.328000,68.0,58,90
5278,423,101,100,2024-10-21 05:27:58.328000,60.0,74,83
5279,423,128,100,2024-10-21 05:27:58.328000,91.0,72,66
5280,423,188,100,2024-10-21 05:27:58.328000,79.0,87,59
5281,423,63,100,2024-10-21 05:27:58.328000,55.0,82,87
5282,423,147,100,2024-10-21 05:27:58.328000,73.0,80,78
5283,423,43,100,2024-10-21 05:27:58.328000,79.0,64,75
5284,423,126,100,2024-10-21 05:27:58.328000,66.0,83,68
5285,423,132,100,2024-10-21 05:27:58.328000,90.0,55,81
5286,423,140,100,2024-10-21 05:27:58.328000,59.0,64,67
5287,424,166,100,2024-10-21 05:27:58.328000,53.0,63,90
5288,424,20,100,2024-10-21 05:27:58.328000,58.0,82,56
5289,424,13,100,2024-10-21 05:27:58.328000,74.0,72,97
5290,424,12,100,2024-10-21 05:27:58.328000,56.0,88,80
5291,424,17,100,2024-10-21 05:27:58.328000,54.0,57,55
5292,424,39,100,2024-10-21 05:27:58.328000,82.0,62,76
5293,424,181,100,2024-10-21 05:27:58.328000,79.0,93,75
5294,424,88,100,2024-10-21 05:27:58.328000,55.0,78,57
5295,424,111,100,2024-10-21 05:27:58.328000,92.0,58,52
5296,424,117,100,2024-10-21 05:27:58.328000,94.0,90,61
5297,424,80,100,2024-10-21 05:27:58.328000,89.0,52,100
5298,424,54,100,2024-10-21 05:27:58.328000,61.0,74,78
5299,425,17,100,2024-10-21 05:27:58.328000,82.0,72,56
5300,425,13,100,2024-10-21 05:27:58.328000,88.0,68,56
5301,425,20,100,2024-10-21 05:27:58.328000,51.0,87,98
5302,425,166,100,2024-10-21 05:27:58.328000,63.0,96,81
5303,425,12,100,2024-10-21 05:27:58.328000,77.0,90,91
5304,425,106,100,2024-10-21 05:27:58.328000,79.0,99,85
5305,425,40,100,2024-10-21 05:27:58.328000,85.0,89,84
5306,425,171,100,2024-10-21 05:27:58.328000,98.0,90,69
5307,425,124,100,2024-10-21 05:27:58.328000,74.0,88,83
5308,425,148,100,2024-10-21 05:27:58.328000,79.0,70,56
5309,426,12,100,2024-10-21 05:27:58.328000,76.0,53,50
5310,426,13,100,2024-10-21 05:27:58.328000,87.0,95,50
5311,426,20,100,2024-10-21 05:27:58.328000,73.0,83,62
5312,426,17,100,2024-10-21 05:27:58.328000,80.0,66,72
5313,426,166,100,2024-10-21 05:27:58.328000,75.0,51,57
5314,426,77,100,2024-10-21 05:27:58.328000,88.0,87,79
5315,426,92,100,2024-10-21 05:27:58.328000,93.0,58,98
5316,426,8,100,2024-10-21 05:27:58.328000,51.0,69,57
5317,426,103,100,2024-10-21 05:27:58.328000,74.0,98,94
5318,426,169,100,2024-10-21 05:27:58.328000,77.0,53,63
5319,426,63,100,2024-10-21 05:27:58.328000,57.0,88,66
5320,426,113,100,2024-10-21 05:27:58.328000,85.0,99,66
5321,426,120,100,2024-10-21 05:27:58.328000,56.0,81,93
5322,426,172,100,2024-10-21 05:27:58.328000,58.0,79,88
5323,427,12,100,2024-10-21 05:27:58.328000,81.0,53,82
5324,427,13,100,2024-10-21 05:27:58.328000,65.0,87,53
5325,427,20,100,2024-10-21 05:27:58.328000,60.0,88,92
5326,427,166,100,2024-10-21 05:27:58.328000,51.0,56,62
5327,427,17,100,2024-10-21 05:27:58.328000,66.0,81,88
5328,427,176,100,2024-10-21 05:27:58.328000,77.0,92,66
5329,427,185,100,2024-10-21 05:27:58.328000,74.0,91,93
5330,427,56,100,2024-10-21 05:27:58.328000,79.0,51,75
5331,427,38,100,2024-10-21 05:27:58.328000,87.0,67,73
5332,427,66,100,2024-10-21 05:27:58.328000,94.0,91,53
5333,427,65,100,2024-10-21 05:27:58.328000,98.0,89,64
5334,427,82,100,2024-10-21 05:27:58.328000,75.0,62,60
5335,427,128,100,2024-10-21 05:27:58.328000,71.0,60,59
5336,427,199,100,2024-10-21 05:27:58.328000,99.0,93,60
5337,427,40,100,2024-10-21 05:27:58.328000,76.0,76,84
5338,428,166,100,2024-10-21 05:27:58.328000,78.0,60,50
5339,428,20,100,2024-10-21 05:27:58.328000,97.0,52,71
5340,428,13,100,2024-10-21 05:27:58.328000,84.0,94,91
5341,428,17,100,2024-10-21 05:27:58.328000,62.0,78,61
5342,428,12,100,2024-10-21 05:27:58.328000,69.0,98,61
5343,428,77,100,2024-10-21 05:27:58.328000,54.0,74,80
5344,428,48,100,2024-10-21 05:27:58.328000,65.0,79,50
5345,428,28,100,2024-10-21 05:27:58.328000,98.0,80,50
5346,428,38,100,2024-10-21 05:27:58.328000,61.0,86,51
5347,428,135,100,2024-10-21 05:27:58.328000,81.0,84,97
5348,428,21,100,2024-10-21 05:27:58.328000,96.0,66,77
5349,428,192,100,2024-10-21 05:27:58.328000,88.0,61,71
5350,428,105,100,2024-10-21 05:27:58.328000,66.0,76,90
5351,428,138,100,2024-10-21 05:27:58.328000,54.0,85,60
5352,429,166,100,2024-10-21 05:27:58.328000,81.0,95,98
5353,429,12,100,2024-10-21 05:27:58.328000,84.0,92,91
5354,429,20,100,2024-10-21 05:27:58.328000,74.0,54,67
5355,429,17,100,2024-10-21 05:27:58.328000,65.0,52,52
5356,429,13,100,2024-10-21 05:27:58.328000,59.0,100,56
5357,429,6,100,2024-10-21 05:27:58.328000,51.0,59,83
5358,429,46,100,2024-10-21 05:27:58.328000,83.0,71,50
5359,429,153,100,2024-10-21 05:27:58.328000,61.0,57,97
5360,429,94,100,2024-10-21 05:27:58.328000,92.0,96,59
5361,429,59,100,2024-10-21 05:27:58.328000,76.0,58,74
5362,429,167,100,2024-10-21 05:27:58.328000,93.0,88,71
5363,429,101,100,2024-10-21 05:27:58.328000,85.0,76,94
5364,429,21,100,2024-10-21 05:27:58.328000,54.0,58,85
5365,430,166,100,2024-10-21 05:27:58.328000,57.0,98,98
5366,430,13,100,2024-10-21 05:27:58.328000,72.0,77,82
5367,430,20,100,2024-10-21 05:27:58.328000,78.0,78,52
5368,430,17,100,2024-10-21 05:27:58.328000,59.0,62,51
5369,430,12,100,2024-10-21 05:27:58.328000,60.0,90,83
5370,430,1,100,2024-10-21 05:27:58.328000,81.0,54,62
5371,430,103,100,2024-10-21 05:27:58.328000,86.0,63,92
5372,430,110,100,2024-10-21 05:27:58.328000,70.0,66,78
5373,430,92,100,2024-10-21 05:27:58.328000,57.0,81,53
5374,430,88,100,2024-10-21 05:27:58.328000,89.0,73,78
5375,430,64,100,2024-10-21 05:27:58.328000,59.0,92,51
5376,430,46,100,2024-10-21 05:27:58.329000,69.0,80,68
5377,430,90,100,2024-10-21 05:27:58.329000,70.0,88,64
5378,430,50,100,2024-10-21 05:27:58.329000,93.0,63,95
5379,430,171,100,2024-10-21 05:27:58.329000,53.0,99,95
5380,431,20,100,2024-10-21 05:27:58.329000,96.0,63,60
5381,431,12,100,2024-10-21 05:27:58.329000,74.0,71,83
5382,431,166,100,2024-10-21 05:27:58.329000,69.0,70,66
5383,431,13,100,2024-10-21 05:27:58.329000,66.0,81,92
5384,431,17,100,2024-10-21 05:27:58.329000,65.0,50,81
5385,431,14,100,2024-10-21 05:27:58.329000,81.0,94,61
5386,431,165,100,2024-10-21 05:27:58.329000,81.0,92,68
5387,431,35,100,2024-10-21 05:27:58.329000,92.0,64,72
5388,431,175,100,2024-10-21 05:27:58.329000,61.0,71,59
5389,431,115,100,2024-10-21 05:27:58.329000,62.0,56,92
5390,431,58,100,2024-10-21 05:27:58.329000,78.0,93,56
5391,431,142,100,2024-10-21 05:27:58.329000,67.0,53,75
5392,431,2,100,2024-10-21 05:27:58.329000,88.0,64,72
5393,431,137,100,2024-10-21 05:27:58.329000,84.0,57,73
5394,431,162,100,2024-10-21 05:27:58.329000,83.0,50,93
5395,432,166,100,2024-10-21 05:27:58.329000,96.0,64,90
5396,432,13,100,2024-10-21 05:27:58.329000,55.0,90,50
5397,432,12,100,2024-10-21 05:27:58.329000,67.0,61,96
5398,432,20,100,2024-10-21 05:27:58.329000,80.0,91,95
5399,432,17,100,2024-10-21 05:27:58.329000,93.0,87,84
5400,432,139,100,2024-10-21 05:27:58.329000,82.0,75,83
5401,432,90,100,2024-10-21 05:27:58.329000,78.0,100,87
5402,432,16,100,2024-10-21 05:27:58.329000,61.0,57,52
5403,432,43,100,2024-10-21 05:27:58.329000,100.0,66,81
5404,432,35,100,2024-10-21 05:27:58.329000,51.0,94,53
5405,432,27,100,2024-10-21 05:27:58.329000,82.0,99,73
5406,432,190,100,2024-10-21 05:27:58.329000,98.0,64,100
5407,432,3,100,2024-10-21 05:27:58.329000,96.0,70,73
5408,432,80,100,2024-10-21 05:27:58.329000,58.0,83,59
5409,432,73,100,2024-10-21 05:27:58.329000,54.0,81,54
5410,433,13,100,2024-10-21 05:27:58.329000,53.0,83,65
5411,433,12,100,2024-10-21 05:27:58.329000,52.0,94,94
5412,433,17,100,2024-10-21 05:27:58.329000,94.0,77,88
5413,433,166,100,2024-10-21 05:27:58.329000,75.0,87,84
5414,433,20,100,2024-10-21 05:27:58.329000,91.0,52,80
5415,433,149,100,2024-10-21 05:27:58.329000,50.0,97,76
5416,433,179,100,2024-10-21 05:27:58.329000,73.0,68,84
5417,433,91,100,2024-10-21 05:27:58.329000,56.0,83,53
5418,433,107,100,2024-10-21 05:27:58.329000,93.0,71,51
5419,433,42,100,2024-10-21 05:27:58.329000,72.0,69,86
5420,433,114,100,2024-10-21 05:27:58.329000,85.0,63,86
5421,433,120,100,2024-10-21 05:27:58.329000,88.0,98,91
5422,433,29,100,2024-10-21 05:27:58.329000,53.0,59,96
5423,433,192,100,2024-10-21 05:27:58.329000,52.0,61,84
5424,434,166,100,2024-10-21 05:27:58.329000,81.0,50,94
5425,434,20,100,2024-10-21 05:27:58.329000,85.0,65,93
5426,434,12,100,2024-10-21 05:27:58.329000,82.0,76,56
5427,434,17,100,2024-10-21 05:27:58.329000,79.0,67,87
5428,434,13,100,2024-10-21 05:27:58.329000,85.0,98,53
5429,434,165,100,2024-10-21 05:27:58.329000,95.0,58,97
5430,434,196,100,2024-10-21 05:27:58.329000,98.0,99,84
5431,434,92,100,2024-10-21 05:27:58.329000,100.0,56,66
5432,434,28,100,2024-10-21 05:27:58.329000,74.0,76,55
5433,434,168,100,2024-10-21 05:27:58.329000,87.0,56,58
5434,434,174,100,2024-10-21 05:27:58.329000,87.0,54,62
5435,434,60,100,2024-10-21 05:27:58.329000,62.0,75,77
5436,434,21,100,2024-10-21 05:27:58.329000,77.0,86,87
5437,434,151,100,2024-10-21 05:27:58.329000,52.0,97,86
5438,434,103,100,2024-10-21 05:27:58.329000,50.0,71,81
5439,435,12,100,2024-10-21 05:27:58.329000,84.0,81,77
5440,435,13,100,2024-10-21 05:27:58.329000,75.0,61,92
5441,435,17,100,2024-10-21 05:27:58.329000,68.0,92,87
5442,435,20,100,2024-10-21 05:27:58.329000,59.0,51,61
5443,435,166,100,2024-10-21 05:27:58.329000,65.0,86,100
5444,435,4,100,2024-10-21 05:27:58.329000,98.0,62,52
5445,435,53,100,2024-10-21 05:27:58.329000,52.0,63,59
5446,435,165,100,2024-10-21 05:27:58.329000,92.0,50,68
5447,435,150,100,2024-10-21 05:27:58.329000,77.0,51,100
5448,435,184,100,2024-10-21 05:27:58.329000,71.0,61,92
5449,436,17,100,2024-10-21 05:27:58.329000,58.0,100,98
5450,436,166,100,2024-10-21 05:27:58.329000,85.0,62,53
5451,436,20,100,2024-10-21 05:27:58.329000,68.0,83,94
5452,436,12,100,2024-10-21 05:27:58.329000,61.0,77,75
5453,436,13,100,2024-10-21 05:27:58.329000,55.0,95,68
5454,436,196,100,2024-10-21 05:27:58.329000,84.0,65,82
5455,436,124,100,2024-10-21 05:27:58.329000,75.0,70,70
5456,436,130,100,2024-10-21 05:27:58.329000,97.0,74,69
5457,436,89,100,2024-10-21 05:27:58.329000,69.0,93,80
5458,436,125,100,2024-10-21 05:27:58.329000,50.0,94,94
5459,437,166,100,2024-10-21 05:27:58.329000,65.0,78,87
5460,437,13,100,2024-10-21 05:27:58.329000,51.0,79,77
5461,437,12,100,2024-10-21 05:27:58.329000,90.0,56,96
5462,437,20,100,2024-10-21 05:27:58.329000,79.0,60,84
5463,437,17,100,2024-10-21 05:27:58.329000,98.0,93,92
5464,437,171,100,2024-10-21 05:27:58.329000,68.0,98,72
5465,437,167,100,2024-10-21 05:27:58.329000,92.0,76,52
5466,437,51,100,2024-10-21 05:27:58.329000,81.0,51,97
5467,437,115,100,2024-10-21 05:27:58.329000,97.0,53,69
5468,437,159,100,2024-10-21 05:27:58.329000,59.0,80,74
5469,437,180,100,2024-10-21 05:27:58.329000,86.0,99,90
5470,437,176,100,2024-10-21 05:27:58.329000,65.0,65,80
5471,437,195,100,2024-10-21 05:27:58.329000,96.0,95,50
5472,437,130,100,2024-10-21 05:27:58.329000,62.0,95,93
5473,438,13,100,2024-10-21 05:27:58.329000,57.0,79,61
5474,438,12,100,2024-10-21 05:27:58.329000,68.0,92,55
5475,438,166,100,2024-10-21 05:27:58.329000,70.0,99,80
5476,438,17,100,2024-10-21 05:27:58.329000,70.0,65,73
5477,438,20,100,2024-10-21 05:27:58.329000,62.0,64,66
5478,438,167,100,2024-10-21 05:27:58.329000,91.0,61,81
5479,438,126,100,2024-10-21 05:27:58.329000,84.0,63,66
5480,438,195,100,2024-10-21 05:27:58.329000,83.0,54,96
5481,438,178,100,2024-10-21 05:27:58.329000,84.0,67,83
5482,438,8,100,2024-10-21 05:27:58.329000,50.0,51,70
5483,439,166,100,2024-10-21 05:27:58.329000,84.0,99,60
5484,439,13,100,2024-10-21 05:27:58.329000,63.0,52,89
5485,439,17,100,2024-10-21 05:27:58.329000,90.0,89,51
5486,439,20,100,2024-10-21 05:27:58.329000,100.0,82,57
5487,439,12,100,2024-10-21 05:27:58.329000,70.0,91,67
5488,439,167,100,2024-10-21 05:27:58.329000,52.0,71,98
5489,439,189,100,2024-10-21 05:27:58.329000,50.0,78,53
5490,439,180,100,2024-10-21 05:27:58.329000,79.0,83,93
5491,439,36,100,2024-10-21 05:27:58.329000,67.0,64,72
5492,439,21,100,2024-10-21 05:27:58.329000,98.0,61,92
5493,439,137,100,2024-10-21 05:27:58.329000,76.0,59,60
5494,439,63,100,2024-10-21 05:27:58.329000,83.0,51,63
5495,440,12,100,2024-10-21 05:27:58.329000,56.0,71,55
5496,440,17,100,2024-10-21 05:27:58.329000,74.0,96,84
5497,440,20,100,2024-10-21 05:27:58.329000,52.0,98,59
5498,440,13,100,2024-10-21 05:27:58.329000,92.0,62,67
5499,440,5,100,2024-10-21 05:27:58.329000,73.0,100,58
5500,440,154,100,2024-10-21 05:27:58.329000,58.0,80,69
5501,440,117,100,2024-10-21 05:27:58.329000,64.0,96,96
5502,440,83,100,2024-10-21 05:27:58.329000,61.0,72,64
5503,440,30,100,2024-10-21 05:27:58.329000,51.0,97,53
5504,440,165,100,2024-10-21 05:27:58.329000,66.0,86,75
5505,441,13,100,2024-10-21 05:27:58.329000,66.0,59,76
5506,441,166,100,2024-10-21 05:27:58.329000,53.0,77,75
5507,441,20,100,2024-10-21 05:27:58.329000,97.0,78,89
5508,441,12,100,2024-10-21 05:27:58.329000,52.0,94,94
5509,441,17,100,2024-10-21 05:27:58.329000,59.0,82,87
5510,441,1,100,2024-10-21 05:27:58.329000,79.0,92,96
5511,441,7,100,2024-10-21 05:27:58.329000,68.0,98,68
5512,441,146,100,2024-10-21 05:27:58.329000,100.0,69,64
5513,441,99,100,2024-10-21 05:27:58.329000,80.0,73,94
5514,441,162,100,2024-10-21 05:27:58.329000,64.0,81,83
5515,442,17,100,2024-10-21 05:27:58.329000,54.0,66,79
5516,442,13,100,2024-10-21 05:27:58.329000,84.0,59,93
5517,442,166,100,2024-10-21 05:27:58.329000,61.0,77,90
5518,442,12,100,2024-10-21 05:27:58.329000,62.0,71,54
5519,442,20,100,2024-10-21 05:27:58.329000,100.0,50,84
5520,442,178,100,2024-10-21 05:27:58.329000,99.0,63,90
5521,442,26,100,2024-10-21 05:27:58.329000,61.0,86,67
5522,442,129,100,2024-10-21 05:27:58.329000,81.0,69,93
5523,442,75,100,2024-10-21 05:27:58.329000,58.0,70,63
5524,442,46,100,2024-10-21 05:27:58.329000,90.0,75,67
5525,442,9,100,2024-10-21 05:27:58.330000,83.0,85,63
5526,442,143,100,2024-10-21 05:27:58.330000,64.0,92,72
5527,442,151,100,2024-10-21 05:27:58.330000,65.0,98,69
5528,442,61,100,2024-10-21 05:27:58.330000,52.0,80,87
5529,443,12,100,2024-10-21 05:27:58.330000,70.0,64,88
5530,443,166,100,2024-10-21 05:27:58.330000,55.0,72,91
5531,443,20,100,2024-10-21 05:27:58.330000,97.0,96,96
5532,443,13,100,2024-10-21 05:27:58.330000,57.0,61,92
5533,443,17,100,2024-10-21 05:27:58.330000,90.0,56,88
5534,443,55,100,2024-10-21 05:27:58.330000,99.0,53,73
5535,443,45,100,2024-10-21 05:27:58.330000,89.0,70,98
5536,443,30,100,2024-10-21 05:27:58.330000,60.0,68,50
5537,443,77,100,2024-10-21 05:27:58.330000,99.0,71,77
5538,443,60,100,2024-10-21 05:27:58.330000,55.0,96,57
5539,444,13,100,2024-10-21 05:27:58.330000,92.0,84,88
5540,444,20,100,2024-10-21 05:27:58.330000,72.0,87,56
5541,444,166,100,2024-10-21 05:27:58.330000,73.0,93,92
5542,444,17,100,2024-10-21 05:27:58.330000,80.0,63,58
5543,444,12,100,2024-10-21 05:27:58.330000,63.0,50,80
5544,444,51,100,2024-10-21 05:27:58.330000,99.0,95,88
5545,444,27,100,2024-10-21 05:27:58.330000,89.0,61,70
5546,444,111,100,2024-10-21 05:27:58.330000,78.0,81,82
5547,444,122,100,2024-10-21 05:27:58.330000,59.0,85,62
5548,444,89,100,2024-10-21 05:27:58.330000,95.0,52,95
5549,445,12,100,2024-10-21 05:27:58.330000,69.0,77,84
5550,445,13,100,2024-10-21 05:27:58.330000,54.0,93,65
5551,445,166,100,2024-10-21 05:27:58.330000,77.0,59,95
5552,445,20,100,2024-10-21 05:27:58.330000,68.0,52,52
5553,445,17,100,2024-10-21 05:27:58.330000,87.0,52,52
5554,445,29,100,2024-10-21 05:27:58.330000,65.0,76,65
5555,445,19,100,2024-10-21 05:27:58.330000,62.0,85,79
5556,445,35,100,2024-10-21 05:27:58.330000,60.0,96,69
5557,445,198,100,2024-10-21 05:27:58.330000,55.0,73,58
5558,445,71,100,2024-10-21 05:27:58.330000,73.0,79,55
5559,445,32,100,2024-10-21 05:27:58.330000,52.0,68,69
5560,445,3,100,2024-10-21 05:27:58.330000,52.0,76,85
5561,445,4,100,2024-10-21 05:27:58.330000,70.0,57,80
5562,445,177,100,2024-10-21 05:27:58.330000,96.0,61,53
5563,446,13,100,2024-10-21 05:27:58.330000,64.0,70,50
5564,446,17,100,2024-10-21 05:27:58.330000,68.0,54,80
5565,446,166,100,2024-10-21 05:27:58.330000,66.0,98,90
5566,446,20,100,2024-10-21 05:27:58.330000,85.0,81,92
5567,446,12,100,2024-10-21 05:27:58.330000,80.0,80,51
5568,446,5,100,2024-10-21 05:27:58.330000,89.0,84,85
5569,446,118,100,2024-10-21 05:27:58.330000,52.0,100,76
5570,446,114,100,2024-10-21 05:27:58.330000,86.0,70,83
5571,446,167,100,2024-10-21 05:27:58.330000,82.0,68,97
5572,446,149,100,2024-10-21 05:27:58.330000,90.0,88,100
5573,447,12,100,2024-10-21 05:27:58.330000,91.0,91,81
5574,447,13,100,2024-10-21 05:27:58.330000,79.0,54,74
5575,447,17,100,2024-10-21 05:27:58.330000,86.0,55,51
5576,447,166,100,2024-10-21 05:27:58.330000,59.0,80,93
5577,447,20,100,2024-10-21 05:27:58.330000,89.0,96,73
5578,447,116,100,2024-10-21 05:27:58.330000,65.0,87,61
5579,447,142,100,2024-10-21 05:27:58.330000,72.0,81,76
5580,447,152,100,2024-10-21 05:27:58.330000,54.0,78,60
5581,447,160,100,2024-10-21 05:27:58.330000,54.0,66,78
5582,447,6,100,2024-10-21 05:27:58.330000,62.0,78,91
5583,447,145,100,2024-10-21 05:27:58.330000,90.0,76,75
5584,447,54,100,2024-10-21 05:27:58.330000,84.0,82,100
5585,447,186,100,2024-10-21 05:27:58.330000,85.0,100,84
5586,447,191,100,2024-10-21 05:27:58.330000,67.0,53,98
5587,448,20,100,2024-10-21 05:27:58.330000,94.0,79,64
5588,448,13,100,2024-10-21 05:27:58.330000,57.0,63,62
5589,448,17,100,2024-10-21 05:27:58.330000,99.0,71,98
5590,448,166,100,2024-10-21 05:27:58.330000,67.0,88,84
5591,448,57,100,2024-10-21 05:27:58.330000,83.0,92,86
5592,448,56,100,2024-10-21 05:27:58.330000,84.0,99,99
5593,448,70,100,2024-10-21 05:27:58.330000,80.0,77,86
5594,448,141,100,2024-10-21 05:27:58.330000,84.0,73,76
5595,448,9,100,2024-10-21 05:27:58.330000,73.0,69,78
5596,448,33,100,2024-10-21 05:27:58.330000,99.0,73,77
5597,448,176,100,2024-10-21 05:27:58.330000,100.0,99,62
5598,449,166,100,2024-10-21 05:27:58.330000,59.0,70,63
5599,449,12,100,2024-10-21 05:27:58.330000,64.0,51,82
5600,449,20,100,2024-10-21 05:27:58.330000,84.0,67,56
5601,449,13,100,2024-10-21 05:27:58.330000,62.0,90,70
5602,449,17,100,2024-10-21 05:27:58.330000,57.0,79,50
5603,449,92,100,2024-10-21 05:27:58.330000,81.0,93,96
5604,449,192,100,2024-10-21 05:27:58.330000,98.0,91,100
5605,449,42,100,2024-10-21 05:27:58.330000,75.0,53,59
5606,449,93,100,2024-10-21 05:27:58.330000,99.0,96,71
5607,449,115,100,2024-10-21 05:27:58.330000,93.0,89,97
5608,449,183,100,2024-10-21 05:27:58.330000,72.0,94,56
5609,449,46,100,2024-10-21 05:27:58.330000,95.0,51,88
5610,449,6,100,2024-10-21 05:27:58.330000,72.0,52,75
5611,450,13,100,2024-10-21 05:27:58.330000,60.0,57,68
5612,450,17,100,2024-10-21 05:27:58.330000,85.0,72,88
5613,450,166,100,2024-10-21 05:27:58.330000,80.0,65,96
5614,450,20,100,2024-10-21 05:27:58.330000,84.0,64,86
5615,450,12,100,2024-10-21 05:27:58.330000,61.0,57,85
5616,450,176,100,2024-10-21 05:27:58.330000,63.0,97,98
5617,450,28,100,2024-10-21 05:27:58.330000,53.0,56,97
5618,450,60,100,2024-10-21 05:27:58.330000,63.0,56,64
5619,450,186,100,2024-10-21 05:27:58.330000,97.0,86,58
5620,450,139,100,2024-10-21 05:27:58.330000,84.0,65,58
5621,451,166,100,2024-10-21 05:27:58.330000,60.0,73,62
5622,451,17,100,2024-10-21 05:27:58.330000,80.0,71,63
5623,451,20,100,2024-10-21 05:27:58.330000,92.0,92,62
5624,451,12,100,2024-10-21 05:27:58.330000,78.0,76,100
5625,451,13,100,2024-10-21 05:27:58.330000,80.0,78,97
5626,451,172,100,2024-10-21 05:27:58.330000,53.0,58,93
5627,451,75,100,2024-10-21 05:27:58.330000,75.0,91,91
5628,451,193,100,2024-10-21 05:27:58.330000,68.0,73,73
5629,451,176,100,2024-10-21 05:27:58.330000,57.0,55,60
5630,451,148,100,2024-10-21 05:27:58.330000,99.0,51,89
5631,451,171,100,2024-10-21 05:27:58.330000,55.0,92,53
5632,451,39,100,2024-10-21 05:27:58.330000,77.0,96,99
5633,451,145,100,2024-10-21 05:27:58.330000,84.0,79,97
5634,452,12,100,2024-10-21 05:27:58.330000,53.0,67,52
5635,452,17,100,2024-10-21 05:27:58.330000,74.0,73,98
5636,452,13,100,2024-10-21 05:27:58.330000,69.0,78,85
5637,452,20,100,2024-10-21 05:27:58.330000,89.0,79,87
5638,452,166,100,2024-10-21 05:27:58.330000,96.0,88,57
5639,452,134,100,2024-10-21 05:27:58.330000,86.0,66,93
5640,452,191,100,2024-10-21 05:27:58.330000,90.0,81,58
5641,452,51,100,2024-10-21 05:27:58.330000,83.0,56,70
5642,452,184,100,2024-10-21 05:27:58.330000,81.0,97,63
5643,452,99,100,2024-10-21 05:27:58.330000,53.0,91,94
5644,452,68,100,2024-10-21 05:27:58.330000,84.0,100,55
5645,452,63,100,2024-10-21 05:27:58.330000,96.0,61,67
5646,453,166,100,2024-10-21 05:27:58.330000,55.0,96,87
5647,453,20,100,2024-10-21 05:27:58.330000,59.0,78,88
5648,453,12,100,2024-10-21 05:27:58.330000,60.0,73,100
5649,453,17,100,2024-10-21 05:27:58.330000,77.0,70,79
5650,453,13,100,2024-10-21 05:27:58.330000,83.0,73,56
5651,453,116,100,2024-10-21 05:27:58.330000,77.0,96,59
5652,453,169,100,2024-10-21 05:27:58.330000,88.0,75,89
5653,453,23,100,2024-10-21 05:27:58.330000,93.0,96,61
5654,453,64,100,2024-10-21 05:27:58.330000,89.0,68,68
5655,453,84,100,2024-10-21 05:27:58.330000,60.0,80,63
5656,453,24,100,2024-10-21 05:27:58.330000,83.0,81,92
5657,453,143,100,2024-10-21 05:27:58.330000,98.0,79,56
5658,453,106,100,2024-10-21 05:27:58.330000,53.0,61,84
5659,454,12,100,2024-10-21 05:27:58.330000,77.0,91,72
5660,454,13,100,2024-10-21 05:27:58.330000,65.0,86,86
5661,454,20,100,2024-10-21 05:27:58.330000,76.0,62,54
5662,454,166,100,2024-10-21 05:27:58.330000,94.0,84,61
5663,454,17,100,2024-10-21 05:27:58.330000,70.0,59,80
5664,454,156,100,2024-10-21 05:27:58.330000,68.0,87,75
5665,454,119,100,2024-10-21 05:27:58.330000,61.0,94,82
5666,454,151,100,2024-10-21 05:27:58.330000,51.0,81,51
5667,454,54,100,2024-10-21 05:27:58.330000,99.0,92,51
5668,454,102,100,2024-10-21 05:27:58.330000,90.0,72,53
5669,454,94,100,2024-10-21 05:27:58.330000,94.0,87,56
5670,454,178,100,2024-10-21 05:27:58.330000,85.0,53,93
5671,454,126,100,2024-10-21 05:27:58.330000,77.0,100,90
5672,454,198,100,2024-10-21 05:27:58.330000,100.0,74,77
5673,455,12,100,2024-10-21 05:27:58.330000,74.0,85,69
5674,455,13,100,2024-10-21 05:27:58.330000,54.0,73,65
5675,455,17,100,2024-10-21 05:27:58.330000,99.0,54,92
5676,455,166,100,2024-10-21 05:27:58.330000,95.0,79,82
5677,455,20,100,2024-10-21 05:27:58.330000,62.0,97,65
5678,455,130,100,2024-10-21 05:27:58.330000,88.0,91,69
5679,455,176,100,2024-10-21 05:27:58.330000,80.0,98,93
5680,455,6,100,2024-10-21 05:27:58.330000,67.0,77,62
5681,455,106,100,2024-10-21 05:27:58.330000,63.0,52,74
5682,455,46,100,2024-10-21 05:27:58.330000,98.0,72,88
5683,455,194,100,2024-10-21 05:27:58.330000,81.0,92,77
5684,455,78,100,2024-10-21 05:27:58.331000,84.0,50,99
5685,455,155,100,2024-10-21 05:27:58.331000,70.0,81,95
5686,456,20,100,2024-10-21 05:27:58.331000,71.0,96,89
5687,456,17,100,2024-10-21 05:27:58.331000,90.0,54,57
5688,456,12,100,2024-10-21 05:27:58.331000,75.0,96,74
5689,456,13,100,2024-10-21 05:27:58.331000,93.0,85,99
5690,456,166,100,2024-10-21 05:27:58.331000,81.0,69,83
5691,456,15,100,2024-10-21 05:27:58.331000,67.0,96,71
5692,456,140,100,2024-10-21 05:27:58.331000,93.0,97,93
5693,456,100,100,2024-10-21 05:27:58.331000,61.0,89,54
5694,456,114,100,2024-10-21 05:27:58.331000,63.0,55,72
5695,456,34,100,2024-10-21 05:27:58.331000,64.0,99,58
5696,456,40,100,2024-10-21 05:27:58.331000,67.0,60,86
5697,457,13,100,2024-10-21 05:27:58.331000,84.0,87,96
5698,457,12,100,2024-10-21 05:27:58.331000,85.0,70,80
5699,457,166,100,2024-10-21 05:27:58.331000,71.0,85,50
5700,457,17,100,2024-10-21 05:27:58.331000,59.0,83,71
5701,457,20,100,2024-10-21 05:27:58.331000,84.0,63,90
5702,457,124,100,2024-10-21 05:27:58.331000,97.0,96,58
5703,457,104,100,2024-10-21 05:27:58.331000,71.0,86,63
5704,457,171,100,2024-10-21 05:27:58.331000,84.0,79,76
5705,457,107,100,2024-10-21 05:27:58.331000,86.0,66,91
5706,457,172,100,2024-10-21 05:27:58.331000,68.0,83,54
5707,457,56,100,2024-10-21 05:27:58.331000,68.0,91,89
5708,457,72,100,2024-10-21 05:27:58.331000,94.0,69,63
5709,457,155,100,2024-10-21 05:27:58.331000,50.0,94,89
5710,457,71,100,2024-10-21 05:27:58.331000,82.0,56,95
5711,457,170,100,2024-10-21 05:27:58.331000,52.0,51,89
5712,458,166,100,2024-10-21 05:27:58.331000,72.0,74,76
5713,458,17,100,2024-10-21 05:27:58.331000,61.0,71,93
5714,458,12,100,2024-10-21 05:27:58.331000,86.0,79,76
5715,458,20,100,2024-10-21 05:27:58.331000,69.0,62,100
5716,458,13,100,2024-10-21 05:27:58.331000,65.0,56,95
5717,458,65,100,2024-10-21 05:27:58.331000,52.0,75,95
5718,458,100,100,2024-10-21 05:27:58.331000,100.0,81,72
5719,458,155,100,2024-10-21 05:27:58.331000,53.0,96,92
5720,458,7,100,2024-10-21 05:27:58.331000,98.0,94,50
5721,458,127,100,2024-10-21 05:27:58.331000,78.0,50,77
5722,458,51,100,2024-10-21 05:27:58.331000,74.0,72,100
5723,458,174,100,2024-10-21 05:27:58.331000,85.0,51,73
5724,458,69,100,2024-10-21 05:27:58.331000,76.0,94,94
5725,458,154,100,2024-10-21 05:27:58.331000,98.0,92,72
5726,459,166,100,2024-10-21 05:27:58.331000,95.0,71,78
5727,459,17,100,2024-10-21 05:27:58.331000,68.0,80,84
5728,459,13,100,2024-10-21 05:27:58.331000,74.0,69,56
5729,459,12,100,2024-10-21 05:27:58.331000,52.0,71,100
5730,459,20,100,2024-10-21 05:27:58.331000,76.0,58,80
5731,459,177,100,2024-10-21 05:27:58.331000,94.0,73,62
5732,459,24,100,2024-10-21 05:27:58.331000,57.0,87,59
5733,459,94,100,2024-10-21 05:27:58.331000,96.0,65,60
5734,459,108,100,2024-10-21 05:27:58.331000,68.0,95,95
5735,459,106,100,2024-10-21 05:27:58.331000,61.0,92,96
5736,460,166,100,2024-10-21 05:27:58.331000,62.0,71,72
5737,460,12,100,2024-10-21 05:27:58.331000,53.0,77,85
5738,460,17,100,2024-10-21 05:27:58.331000,57.0,90,71
5739,460,20,100,2024-10-21 05:27:58.331000,97.0,54,84
5740,460,13,100,2024-10-21 05:27:58.331000,85.0,53,95
5741,460,29,100,2024-10-21 05:27:58.331000,85.0,79,62
5742,460,135,100,2024-10-21 05:27:58.331000,58.0,64,79
5743,460,191,100,2024-10-21 05:27:58.331000,95.0,66,79
5744,460,99,100,2024-10-21 05:27:58.331000,72.0,91,73
5745,460,126,100,2024-10-21 05:27:58.331000,69.0,56,81
5746,460,82,100,2024-10-21 05:27:58.331000,51.0,97,86
5747,460,145,100,2024-10-21 05:27:58.331000,83.0,62,63
5748,460,156,100,2024-10-21 05:27:58.331000,61.0,94,73
5749,460,141,100,2024-10-21 05:27:58.331000,62.0,90,69
5750,460,110,100,2024-10-21 05:27:58.331000,91.0,52,99
5751,461,12,100,2024-10-21 05:27:58.331000,80.0,69,75
5752,461,17,100,2024-10-21 05:27:58.331000,98.0,81,93
5753,461,166,100,2024-10-21 05:27:58.331000,88.0,77,83
5754,461,13,100,2024-10-21 05:27:58.331000,92.0,89,100
5755,461,20,100,2024-10-21 05:27:58.331000,66.0,75,86
5756,461,14,100,2024-10-21 05:27:58.331000,97.0,73,82
5757,461,76,100,2024-10-21 05:27:58.331000,57.0,80,58
5758,461,138,100,2024-10-21 05:27:58.331000,61.0,60,70
5759,461,75,100,2024-10-21 05:27:58.331000,97.0,78,99
5760,461,124,100,2024-10-21 05:27:58.331000,96.0,88,59
5761,461,77,100,2024-10-21 05:27:58.331000,67.0,84,96
5762,461,44,100,2024-10-21 05:27:58.331000,59.0,73,66
5763,461,21,100,2024-10-21 05:27:58.331000,52.0,67,74
5764,461,32,100,2024-10-21 05:27:58.331000,87.0,100,69
5765,462,166,100,2024-10-21 05:27:58.331000,76.0,61,88
5766,462,12,100,2024-10-21 05:27:58.331000,89.0,78,70
5767,462,20,100,2024-10-21 05:27:58.331000,81.0,67,85
5768,462,17,100,2024-10-21 05:27:58.331000,100.0,90,50
5769,462,13,100,2024-10-21 05:27:58.331000,52.0,66,87
5770,462,154,100,2024-10-21 05:27:58.331000,57.0,83,82
5771,462,69,100,2024-10-21 05:27:58.331000,67.0,79,67
5772,462,190,100,2024-10-21 05:27:58.331000,98.0,93,61
5773,462,113,100,2024-10-21 05:27:58.331000,76.0,92,52
5774,462,169,100,2024-10-21 05:27:58.331000,52.0,58,50
5775,463,13,100,2024-10-21 05:27:58.331000,65.0,79,90
5776,463,17,100,2024-10-21 05:27:58.331000,79.0,98,71
5777,463,166,100,2024-10-21 05:27:58.331000,84.0,64,98
5778,463,12,100,2024-10-21 05:27:58.331000,92.0,77,83
5779,463,24,100,2024-10-21 05:27:58.331000,60.0,58,97
5780,463,100,100,2024-10-21 05:27:58.331000,51.0,65,85
5781,463,149,100,2024-10-21 05:27:58.331000,57.0,85,91
5782,463,180,100,2024-10-21 05:27:58.331000,69.0,84,88
5783,463,178,100,2024-10-21 05:27:58.331000,55.0,90,88
5784,463,14,100,2024-10-21 05:27:58.331000,84.0,72,100
5785,463,132,100,2024-10-21 05:27:58.331000,91.0,90,65
5786,463,56,100,2024-10-21 05:27:58.331000,91.0,75,58
5787,464,17,100,2024-10-21 05:27:58.331000,93.0,54,66
5788,464,166,100,2024-10-21 05:27:58.331000,82.0,99,77
5789,464,13,100,2024-10-21 05:27:58.331000,94.0,98,74
5790,464,20,100,2024-10-21 05:27:58.331000,72.0,71,75
5791,464,35,100,2024-10-21 05:27:58.331000,95.0,87,98
5792,464,145,100,2024-10-21 05:27:58.331000,76.0,68,75
5793,464,7,100,2024-10-21 05:27:58.331000,90.0,70,81
5794,464,70,100,2024-10-21 05:27:58.331000,81.0,65,90
5795,464,101,100,2024-10-21 05:27:58.331000,91.0,75,65
5796,464,55,100,2024-10-21 05:27:58.331000,79.0,91,68
5797,464,90,100,2024-10-21 05:27:58.331000,51.0,96,96
5798,464,75,100,2024-10-21 05:27:58.331000,85.0,77,56
5799,464,36,100,2024-10-21 05:27:58.331000,78.0,64,67
5800,464,146,100,2024-10-21 05:27:58.331000,84.0,73,91
5801,464,162,100,2024-10-21 05:27:58.331000,65.0,63,51
5802,465,17,100,2024-10-21 05:27:58.331000,76.0,59,72
5803,465,20,100,2024-10-21 05:27:58.331000,73.0,97,60
5804,465,13,100,2024-10-21 05:27:58.331000,50.0,51,70
5805,465,12,100,2024-10-21 05:27:58.331000,91.0,96,67
5806,465,166,100,2024-10-21 05:27:58.331000,86.0,78,86
5807,465,19,100,2024-10-21 05:27:58.331000,76.0,73,62
5808,465,64,100,2024-10-21 05:27:58.331000,53.0,72,58
5809,465,152,100,2024-10-21 05:27:58.331000,66.0,87,71
5810,465,143,100,2024-10-21 05:27:58.331000,98.0,75,88
5811,465,163,100,2024-10-21 05:27:58.331000,100.0,77,78
5812,465,85,100,2024-10-21 05:27:58.331000,91.0,60,69
5813,465,107,100,2024-10-21 05:27:58.331000,84.0,66,57
5814,465,198,100,2024-10-21 05:27:58.331000,51.0,71,51
5815,466,17,100,2024-10-21 05:27:58.331000,53.0,87,65
5816,466,12,100,2024-10-21 05:27:58.331000,68.0,83,79
5817,466,13,100,2024-10-21 05:27:58.331000,92.0,70,98
5818,466,166,100,2024-10-21 05:27:58.331000,56.0,67,86
5819,466,20,100,2024-10-21 05:27:58.331000,76.0,51,69
5820,466,25,100,2024-10-21 05:27:58.331000,90.0,72,65
5821,466,72,100,2024-10-21 05:27:58.331000,60.0,78,73
5822,466,38,100,2024-10-21 05:27:58.331000,50.0,66,90
5823,466,171,100,2024-10-21 05:27:58.331000,75.0,92,86
5824,466,36,100,2024-10-21 05:27:58.331000,75.0,85,52
5825,466,26,100,2024-10-21 05:27:58.331000,80.0,94,95
5826,466,30,100,2024-10-21 05:27:58.331000,78.0,95,90
5827,467,20,100,2024-10-21 05:27:58.331000,51.0,53,79
5828,467,13,100,2024-10-21 05:27:58.331000,67.0,76,87
5829,467,12,100,2024-10-21 05:27:58.331000,77.0,82,62
5830,467,166,100,2024-10-21 05:27:58.331000,78.0,77,98
5831,467,17,100,2024-10-21 05:27:58.331000,77.0,86,81
5832,467,189,100,2024-10-21 05:27:58.331000,88.0,96,81
5833,467,144,100,2024-10-21 05:27:58.331000,87.0,78,69
5834,467,24,100,2024-10-21 05:27:58.331000,71.0,74,65
5835,467,73,100,2024-10-21 05:27:58.331000,72.0,68,98
5836,467,117,100,2024-10-21 05:27:58.331000,67.0,51,80
5837,467,76,100,2024-10-21 05:27:58.331000,52.0,65,85
5838,467,112,100,2024-10-21 05:27:58.331000,84.0,65,53
5839,467,178,100,2024-10-21 05:27:58.331000,58.0,63,82
5840,467,98,100,2024-10-21 05:27:58.331000,60.0,72,77
5841,468,17,100,2024-10-21 05:27:58.331000,62.0,61,71
5842,468,20,100,2024-10-21 05:27:58.332000,72.0,74,95
5843,468,12,100,2024-10-21 05:27:58.332000,94.0,100,58
5844,468,166,100,2024-10-21 05:27:58.332000,89.0,54,92
5845,468,13,100,2024-10-21 05:27:58.332000,52.0,78,87
5846,468,173,100,2024-10-21 05:27:58.332000,50.0,85,61
5847,468,119,100,2024-10-21 05:27:58.332000,73.0,97,68
5848,468,111,100,2024-10-21 05:27:58.332000,50.0,74,64
5849,468,191,100,2024-10-21 05:27:58.332000,67.0,56,77
5850,468,101,100,2024-10-21 05:27:58.332000,55.0,53,100
5851,468,59,100,2024-10-21 05:27:58.332000,92.0,87,95
5852,469,20,100,2024-10-21 05:27:58.332000,97.0,96,56
5853,469,17,100,2024-10-21 05:27:58.332000,69.0,54,84
5854,469,13,100,2024-10-21 05:27:58.332000,82.0,98,91
5855,469,166,100,2024-10-21 05:27:58.332000,90.0,50,77
5856,469,12,100,2024-10-21 05:27:58.332000,58.0,93,70
5857,469,34,100,2024-10-21 05:27:58.332000,65.0,53,96
5858,469,180,100,2024-10-21 05:27:58.332000,79.0,57,91
5859,469,197,100,2024-10-21 05:27:58.332000,98.0,54,85
5860,469,37,100,2024-10-21 05:27:58.332000,57.0,90,80
5861,469,52,100,2024-10-21 05:27:58.332000,77.0,61,99
5862,469,14,100,2024-10-21 05:27:58.332000,59.0,59,65
5863,469,24,100,2024-10-21 05:27:58.332000,51.0,55,69
5864,469,21,100,2024-10-21 05:27:58.332000,80.0,93,64
5865,469,114,100,2024-10-21 05:27:58.332000,78.0,97,78
5866,470,17,100,2024-10-21 05:27:58.332000,72.0,81,99
5867,470,166,100,2024-10-21 05:27:58.332000,72.0,77,97
5868,470,12,100,2024-10-21 05:27:58.332000,92.0,87,69
5869,470,13,100,2024-10-21 05:27:58.332000,64.0,69,59
5870,470,20,100,2024-10-21 05:27:58.332000,73.0,100,59
5871,470,177,100,2024-10-21 05:27:58.332000,71.0,90,97
5872,470,172,100,2024-10-21 05:27:58.332000,98.0,64,98
5873,470,65,100,2024-10-21 05:27:58.332000,65.0,78,55
5874,470,14,100,2024-10-21 05:27:58.332000,69.0,84,85
5875,470,169,100,2024-10-21 05:27:58.332000,78.0,50,75
5876,471,166,100,2024-10-21 05:27:58.332000,63.0,82,51
5877,471,13,100,2024-10-21 05:27:58.332000,84.0,63,80
5878,471,20,100,2024-10-21 05:27:58.332000,65.0,50,51
5879,471,12,100,2024-10-21 05:27:58.332000,82.0,98,56
5880,471,17,100,2024-10-21 05:27:58.332000,50.0,68,92
5881,471,138,100,2024-10-21 05:27:58.332000,79.0,80,79
5882,471,182,100,2024-10-21 05:27:58.332000,96.0,59,90
5883,471,198,100,2024-10-21 05:27:58.332000,74.0,99,68
5884,471,58,100,2024-10-21 05:27:58.332000,82.0,80,90
5885,471,21,100,2024-10-21 05:27:58.332000,90.0,73,52
5886,471,197,100,2024-10-21 05:27:58.332000,91.0,65,96
5887,471,1,100,2024-10-21 05:27:58.332000,66.0,53,94
5888,471,18,100,2024-10-21 05:27:58.332000,67.0,50,66
5889,472,17,100,2024-10-21 05:27:58.332000,53.0,56,72
5890,472,20,100,2024-10-21 05:27:58.332000,83.0,89,62
5891,472,12,100,2024-10-21 05:27:58.332000,82.0,65,60
5892,472,13,100,2024-10-21 05:27:58.332000,93.0,70,51
5893,472,166,100,2024-10-21 05:27:58.332000,87.0,54,85
5894,472,187,100,2024-10-21 05:27:58.332000,97.0,66,64
5895,472,67,100,2024-10-21 05:27:58.332000,68.0,72,80
5896,472,27,100,2024-10-21 05:27:58.332000,65.0,71,89
5897,472,123,100,2024-10-21 05:27:58.332000,65.0,69,100
5898,472,37,100,2024-10-21 05:27:58.332000,66.0,88,53
5899,472,90,100,2024-10-21 05:27:58.332000,86.0,57,100
5900,472,86,100,2024-10-21 05:27:58.332000,52.0,57,88
5901,472,72,100,2024-10-21 05:27:58.332000,82.0,64,54
5902,472,196,100,2024-10-21 05:27:58.332000,100.0,85,100
5903,473,12,100,2024-10-21 05:27:58.332000,56.0,52,88
5904,473,166,100,2024-10-21 05:27:58.332000,66.0,60,53
5905,473,17,100,2024-10-21 05:27:58.332000,73.0,91,85
5906,473,20,100,2024-10-21 05:27:58.332000,93.0,54,75
5907,473,13,100,2024-10-21 05:27:58.332000,76.0,86,64
5908,473,48,100,2024-10-21 05:27:58.332000,71.0,99,93
5909,473,45,100,2024-10-21 05:27:58.332000,77.0,69,96
5910,473,108,100,2024-10-21 05:27:58.332000,79.0,80,87
5911,473,89,100,2024-10-21 05:27:58.332000,93.0,90,75
5912,473,115,100,2024-10-21 05:27:58.332000,53.0,80,50
5913,473,3,100,2024-10-21 05:27:58.332000,75.0,52,60
5914,473,15,100,2024-10-21 05:27:58.332000,65.0,66,83
5915,473,167,100,2024-10-21 05:27:58.332000,70.0,97,57
5916,473,187,100,2024-10-21 05:27:58.332000,50.0,63,51
5917,473,110,100,2024-10-21 05:27:58.332000,60.0,56,98
5918,474,13,100,2024-10-21 05:27:58.332000,74.0,94,97
5919,474,17,100,2024-10-21 05:27:58.332000,93.0,65,50
5920,474,20,100,2024-10-21 05:27:58.332000,95.0,72,86
5921,474,166,100,2024-10-21 05:27:58.332000,91.0,69,52
5922,474,12,100,2024-10-21 05:27:58.332000,85.0,64,72
5923,474,126,100,2024-10-21 05:27:58.332000,73.0,91,53
5924,474,156,100,2024-10-21 05:27:58.332000,64.0,52,80
5925,474,33,100,2024-10-21 05:27:58.332000,64.0,60,50
5926,474,26,100,2024-10-21 05:27:58.332000,88.0,75,87
5927,474,180,100,2024-10-21 05:27:58.332000,76.0,76,86
5928,474,87,100,2024-10-21 05:27:58.332000,81.0,73,79
5929,474,4,100,2024-10-21 05:27:58.332000,58.0,87,77
5930,475,13,100,2024-10-21 05:27:58.332000,61.0,74,92
5931,475,166,100,2024-10-21 05:27:58.332000,71.0,97,81
5932,475,20,100,2024-10-21 05:27:58.332000,87.0,91,96
5933,475,17,100,2024-10-21 05:27:58.332000,99.0,65,87
5934,475,12,100,2024-10-21 05:27:58.332000,86.0,54,60
5935,475,73,100,2024-10-21 05:27:58.332000,75.0,76,100
5936,475,24,100,2024-10-21 05:27:58.332000,57.0,83,80
5937,475,131,100,2024-10-21 05:27:58.332000,67.0,83,97
5938,475,96,100,2024-10-21 05:27:58.332000,67.0,99,83
5939,475,45,100,2024-10-21 05:27:58.332000,71.0,53,97
5940,475,161,100,2024-10-21 05:27:58.332000,83.0,56,88
5941,475,103,100,2024-10-21 05:27:58.332000,81.0,97,57
5942,475,177,100,2024-10-21 05:27:58.332000,64.0,99,60
5943,475,149,100,2024-10-21 05:27:58.332000,54.0,80,96
5944,476,12,100,2024-10-21 05:27:58.332000,59.0,85,58
5945,476,17,100,2024-10-21 05:27:58.332000,63.0,83,80
5946,476,166,100,2024-10-21 05:27:58.332000,95.0,96,53
5947,476,20,100,2024-10-21 05:27:58.332000,70.0,60,51
5948,476,13,100,2024-10-21 05:27:58.332000,74.0,66,61
5949,476,49,100,2024-10-21 05:27:58.332000,84.0,57,89
5950,476,51,100,2024-10-21 05:27:58.332000,99.0,77,68
5951,476,16,100,2024-10-21 05:27:58.332000,81.0,88,59
5952,476,157,100,2024-10-21 05:27:58.332000,83.0,75,93
5953,476,186,100,2024-10-21 05:27:58.332000,57.0,77,94
5954,477,13,100,2024-10-21 05:27:58.332000,98.0,74,95
5955,477,166,100,2024-10-21 05:27:58.332000,94.0,54,94
5956,477,20,100,2024-10-21 05:27:58.332000,53.0,67,68
5957,477,17,100,2024-10-21 05:27:58.332000,62.0,84,100
5958,477,12,100,2024-10-21 05:27:58.332000,59.0,74,100
5959,477,175,100,2024-10-21 05:27:58.332000,69.0,64,92
5960,477,147,100,2024-10-21 05:27:58.332000,94.0,55,88
5961,477,105,100,2024-10-21 05:27:58.332000,51.0,73,97
5962,477,88,100,2024-10-21 05:27:58.332000,94.0,63,87
5963,477,167,100,2024-10-21 05:27:58.332000,57.0,85,72
5964,477,37,100,2024-10-21 05:27:58.332000,100.0,100,56
5965,478,12,100,2024-10-21 05:27:58.332000,80.0,80,99
5966,478,17,100,2024-10-21 05:27:58.332000,93.0,91,79
5967,478,166,100,2024-10-21 05:27:58.332000,57.0,89,61
5968,478,13,100,2024-10-21 05:27:58.332000,93.0,94,52
5969,478,20,100,2024-10-21 05:27:58.332000,51.0,98,86
5970,478,161,100,2024-10-21 05:27:58.332000,70.0,72,60
5971,478,178,100,2024-10-21 05:27:58.332000,76.0,54,91
5972,478,136,100,2024-10-21 05:27:58.332000,74.0,96,93
5973,478,8,100,2024-10-21 05:27:58.332000,77.0,90,54
5974,478,49,100,2024-10-21 05:27:58.332000,75.0,67,89
5975,478,58,100,2024-10-21 05:27:58.332000,91.0,69,85
5976,478,121,100,2024-10-21 05:27:58.332000,85.0,75,95
5977,478,1,100,2024-10-21 05:27:58.332000,83.0,64,100
5978,479,166,100,2024-10-21 05:27:58.332000,56.0,95,95
5979,479,12,100,2024-10-21 05:27:58.332000,69.0,74,82
5980,479,13,100,2024-10-21 05:27:58.332000,61.0,54,94
5981,479,20,100,2024-10-21 05:27:58.332000,91.0,58,55
5982,479,17,100,2024-10-21 05:27:58.332000,98.0,100,63
5983,479,151,100,2024-10-21 05:27:58.332000,81.0,64,53
5984,479,157,100,2024-10-21 05:27:58.332000,98.0,99,94
5985,479,61,100,2024-10-21 05:27:58.332000,59.0,63,62
5986,479,56,100,2024-10-21 05:27:58.332000,95.0,80,57
5987,479,181,100,2024-10-21 05:27:58.332000,63.0,69,88
5988,479,183,100,2024-10-21 05:27:58.332000,96.0,82,90
5989,479,116,100,2024-10-21 05:27:58.332000,83.0,66,53
5990,479,193,100,2024-10-21 05:27:58.332000,74.0,72,52
5991,480,13,100,2024-10-21 05:27:58.332000,63.0,97,56
5992,480,17,100,2024-10-21 05:27:58.332000,85.0,66,77
5993,480,12,100,2024-10-21 05:27:58.332000,55.0,85,72
5994,480,166,100,2024-10-21 05:27:58.332000,61.0,91,58
5995,480,20,100,2024-10-21 05:27:58.332000,77.0,94,50
5996,480,184,100,2024-10-21 05:27:58.332000,74.0,88,100
5997,480,79,100,2024-10-21 05:27:58.332000,65.0,90,91
5998,480,163,100,2024-10-21 05:27:58.332000,76.0,83,98
5999,480,98,100,2024-10-21 05:27:58.332000,76.0,84,65
6000,480,40,100,2024-10-21 05:27:58.332000,65.0,67,70
6001,480,34,100,2024-10-21 05:27:58.332000,53.0,60,94
6002,480,62,100,2024-10-21 05:27:58.332000,94.0,64,61
6003,480,128,100,2024-10-21 05:27:58.332000,78.0,85,54
6004,481,12,100,2024-10-21 05:27:58.333000,74.0,98,71
6005,481,17,100,2024-10-21 05:27:58.333000,75.0,94,93
6006,481,13,100,2024-10-21 05:27:58.333000,57.0,52,84
6007,481,20,100,2024-10-21 05:27:58.333000,92.0,52,59
6008,481,166,100,2024-10-21 05:27:58.333000,96.0,83,60
6009,481,152,100,2024-10-21 05:27:58.333000,85.0,100,100
6010,481,151,100,2024-10-21 05:27:58.333000,71.0,82,76
6011,481,127,100,2024-10-21 05:27:58.333000,59.0,53,54
6012,481,146,100,2024-10-21 05:27:58.333000,93.0,88,69
6013,481,26,100,2024-10-21 05:27:58.333000,64.0,61,88
6014,481,37,100,2024-10-21 05:27:58.333000,51.0,100,69
6015,481,38,100,2024-10-21 05:27:58.333000,94.0,73,50
6016,481,64,100,2024-10-21 05:27:58.333000,79.0,88,83
6017,481,103,100,2024-10-21 05:27:58.333000,71.0,92,50
6018,481,87,100,2024-10-21 05:27:58.333000,77.0,98,73
6019,482,17,100,2024-10-21 05:27:58.333000,50.0,85,58
6020,482,12,100,2024-10-21 05:27:58.333000,85.0,88,67
6021,482,20,100,2024-10-21 05:27:58.333000,68.0,58,62
6022,482,166,100,2024-10-21 05:27:58.333000,62.0,91,59
6023,482,13,100,2024-10-21 05:27:58.333000,63.0,59,67
6024,482,34,100,2024-10-21 05:27:58.333000,52.0,97,58
6025,482,138,100,2024-10-21 05:27:58.333000,86.0,78,78
6026,482,107,100,2024-10-21 05:27:58.333000,50.0,60,73
6027,482,191,100,2024-10-21 05:27:58.333000,50.0,82,91
6028,482,77,100,2024-10-21 05:27:58.333000,75.0,68,52
6029,482,85,100,2024-10-21 05:27:58.333000,88.0,89,64
6030,483,12,100,2024-10-21 05:27:58.333000,85.0,85,66
6031,483,166,100,2024-10-21 05:27:58.333000,92.0,92,89
6032,483,13,100,2024-10-21 05:27:58.333000,67.0,71,95
6033,483,17,100,2024-10-21 05:27:58.333000,96.0,93,72
6034,483,20,100,2024-10-21 05:27:58.333000,79.0,59,93
6035,483,142,100,2024-10-21 05:27:58.333000,93.0,60,62
6036,483,64,100,2024-10-21 05:27:58.333000,80.0,73,75
6037,483,122,100,2024-10-21 05:27:58.333000,50.0,85,99
6038,483,137,100,2024-10-21 05:27:58.333000,60.0,70,75
6039,483,76,100,2024-10-21 05:27:58.333000,63.0,55,60
6040,483,179,100,2024-10-21 05:27:58.333000,87.0,76,68
6041,483,173,100,2024-10-21 05:27:58.333000,99.0,61,97
6042,483,192,100,2024-10-21 05:27:58.333000,88.0,77,69
6043,484,17,100,2024-10-21 05:27:58.333000,92.0,74,71
6044,484,13,100,2024-10-21 05:27:58.333000,61.0,68,98
6045,484,166,100,2024-10-21 05:27:58.333000,67.0,57,79
6046,484,12,100,2024-10-21 05:27:58.333000,80.0,73,73
6047,484,20,100,2024-10-21 05:27:58.333000,58.0,90,70
6048,484,69,100,2024-10-21 05:27:58.333000,79.0,88,74
6049,484,120,100,2024-10-21 05:27:58.333000,82.0,64,55
6050,484,23,100,2024-10-21 05:27:58.333000,57.0,50,92
6051,484,103,100,2024-10-21 05:27:58.333000,91.0,86,88
6052,484,175,100,2024-10-21 05:27:58.333000,64.0,95,78
6053,484,46,100,2024-10-21 05:27:58.333000,50.0,100,92
6054,484,121,100,2024-10-21 05:27:58.333000,85.0,69,53
6055,484,16,100,2024-10-21 05:27:58.333000,76.0,76,58
6056,484,68,100,2024-10-21 05:27:58.333000,82.0,87,67
6057,484,139,100,2024-10-21 05:27:58.333000,91.0,98,60
6058,485,17,100,2024-10-21 05:27:58.333000,75.0,80,100
6059,485,20,100,2024-10-21 05:27:58.333000,53.0,86,97
6060,485,13,100,2024-10-21 05:27:58.333000,54.0,77,94
6061,485,12,100,2024-10-21 05:27:58.333000,59.0,98,66
6062,485,166,100,2024-10-21 05:27:58.333000,69.0,94,85
6063,485,88,100,2024-10-21 05:27:58.333000,88.0,52,94
6064,485,72,100,2024-10-21 05:27:58.333000,56.0,77,54
6065,485,142,100,2024-10-21 05:27:58.333000,92.0,80,84
6066,485,85,100,2024-10-21 05:27:58.333000,68.0,78,65
6067,485,6,100,2024-10-21 05:27:58.333000,84.0,94,84
6068,485,196,100,2024-10-21 05:27:58.333000,52.0,79,62
6069,485,48,100,2024-10-21 05:27:58.333000,95.0,58,75
6070,485,157,100,2024-10-21 05:27:58.333000,59.0,80,80
6071,486,166,100,2024-10-21 05:27:58.333000,82.0,79,77
6072,486,20,100,2024-10-21 05:27:58.333000,93.0,94,77
6073,486,12,100,2024-10-21 05:27:58.333000,74.0,90,97
6074,486,13,100,2024-10-21 05:27:58.333000,93.0,72,55
6075,486,17,100,2024-10-21 05:27:58.333000,79.0,81,97
6076,486,7,100,2024-10-21 05:27:58.333000,80.0,74,93
6077,486,21,100,2024-10-21 05:27:58.333000,87.0,80,62
6078,486,80,100,2024-10-21 05:27:58.333000,70.0,54,72
6079,486,128,100,2024-10-21 05:27:58.333000,88.0,99,78
6080,486,10,100,2024-10-21 05:27:58.333000,85.0,92,51
6081,486,194,100,2024-10-21 05:27:58.333000,70.0,74,86
6082,486,124,100,2024-10-21 05:27:58.333000,58.0,96,74
6083,486,103,100,2024-10-21 05:27:58.333000,50.0,77,63
6084,487,12,100,2024-10-21 05:27:58.333000,95.0,100,62
6085,487,13,100,2024-10-21 05:27:58.333000,57.0,87,79
6086,487,166,100,2024-10-21 05:27:58.333000,100.0,94,52
6087,487,20,100,2024-10-21 05:27:58.333000,66.0,75,69
6088,487,17,100,2024-10-21 05:27:58.333000,55.0,75,96
6089,487,36,100,2024-10-21 05:27:58.333000,67.0,57,52
6090,487,73,100,2024-10-21 05:27:58.333000,82.0,58,88
6091,487,142,100,2024-10-21 05:27:58.333000,68.0,76,94
6092,487,53,100,2024-10-21 05:27:58.333000,97.0,89,77
6093,487,5,100,2024-10-21 05:27:58.333000,54.0,89,67
6094,488,17,100,2024-10-21 05:27:58.333000,75.0,89,65
6095,488,13,100,2024-10-21 05:27:58.333000,71.0,67,89
6096,488,12,100,2024-10-21 05:27:58.333000,69.0,82,93
6097,488,166,100,2024-10-21 05:27:58.333000,55.0,63,70
6098,488,20,100,2024-10-21 05:27:58.333000,88.0,97,58
6099,488,115,100,2024-10-21 05:27:58.333000,72.0,86,58
6100,488,109,100,2024-10-21 05:27:58.333000,87.0,65,85
6101,488,149,100,2024-10-21 05:27:58.333000,56.0,93,53
6102,488,199,100,2024-10-21 05:27:58.333000,64.0,77,58
6103,488,88,100,2024-10-21 05:27:58.333000,90.0,74,63
6104,488,156,100,2024-10-21 05:27:58.333000,99.0,100,90
6105,489,12,100,2024-10-21 05:27:58.333000,94.0,74,50
6106,489,20,100,2024-10-21 05:27:58.333000,85.0,61,71
6107,489,13,100,2024-10-21 05:27:58.333000,87.0,96,50
6108,489,17,100,2024-10-21 05:27:58.333000,82.0,80,50
6109,489,166,100,2024-10-21 05:27:58.333000,82.0,74,80
6110,489,55,100,2024-10-21 05:27:58.333000,55.0,92,83
6111,489,151,100,2024-10-21 05:27:58.333000,66.0,52,55
6112,489,9,100,2024-10-21 05:27:58.333000,76.0,68,52
6113,489,174,100,2024-10-21 05:27:58.333000,92.0,92,55
6114,489,120,100,2024-10-21 05:27:58.333000,80.0,100,55
6115,489,104,100,2024-10-21 05:27:58.333000,75.0,72,65
6116,489,45,100,2024-10-21 05:27:58.333000,82.0,90,89
6117,489,96,100,2024-10-21 05:27:58.333000,100.0,93,52
6118,489,145,100,2024-10-21 05:27:58.333000,97.0,84,78
6119,490,13,100,2024-10-21 05:27:58.333000,60.0,66,94
6120,490,12,100,2024-10-21 05:27:58.333000,54.0,74,96
6121,490,166,100,2024-10-21 05:27:58.333000,94.0,90,95
6122,490,20,100,2024-10-21 05:27:58.333000,95.0,83,87
6123,490,17,100,2024-10-21 05:27:58.333000,75.0,59,83
6124,490,197,100,2024-10-21 05:27:58.333000,86.0,70,68
6125,490,198,100,2024-10-21 05:27:58.333000,71.0,82,83
6126,490,151,100,2024-10-21 05:27:58.333000,95.0,67,94
6127,490,178,100,2024-10-21 05:27:58.333000,58.0,54,82
6128,490,137,100,2024-10-21 05:27:58.333000,91.0,66,65
6129,490,127,100,2024-10-21 05:27:58.333000,64.0,91,78
6130,490,191,100,2024-10-21 05:27:58.333000,89.0,91,82
6131,490,150,100,2024-10-21 05:27:58.333000,98.0,89,84
6132,490,138,100,2024-10-21 05:27:58.333000,58.0,75,96
6133,490,161,100,2024-10-21 05:27:58.333000,92.0,86,60
6134,491,20,100,2024-10-21 05:27:58.333000,80.0,81,57
6135,491,166,100,2024-10-21 05:27:58.333000,62.0,67,52
6136,491,13,100,2024-10-21 05:27:58.333000,90.0,87,64
6137,491,12,100,2024-10-21 05:27:58.333000,97.0,84,74
6138,491,17,100,2024-10-21 05:27:58.333000,89.0,83,60
6139,491,150,100,2024-10-21 05:27:58.333000,66.0,78,54
6140,491,47,100,2024-10-21 05:27:58.333000,91.0,86,93
6141,491,9,100,2024-10-21 05:27:58.333000,72.0,91,92
6142,491,172,100,2024-10-21 05:27:58.333000,52.0,89,71
6143,491,85,100,2024-10-21 05:27:58.333000,98.0,74,65
6144,491,84,100,2024-10-21 05:27:58.333000,80.0,58,90
6145,491,26,100,2024-10-21 05:27:58.333000,81.0,84,59
6146,491,108,100,2024-10-21 05:27:58.333000,67.0,96,57
6147,492,17,100,2024-10-21 05:27:58.333000,51.0,87,61
6148,492,13,100,2024-10-21 05:27:58.333000,87.0,85,74
6149,492,166,100,2024-10-21 05:27:58.333000,57.0,90,85
6150,492,20,100,2024-10-21 05:27:58.333000,75.0,85,86
6151,492,12,100,2024-10-21 05:27:58.333000,75.0,84,89
6152,492,152,100,2024-10-21 05:27:58.333000,62.0,96,58
6153,492,65,100,2024-10-21 05:27:58.333000,63.0,84,63
6154,492,83,100,2024-10-21 05:27:58.333000,70.0,64,64
6155,492,1,100,2024-10-21 05:27:58.333000,98.0,63,57
6156,492,122,100,2024-10-21 05:27:58.333000,66.0,64,51
6157,492,42,100,2024-10-21 05:27:58.333000,59.0,72,89
6158,492,118,100,2024-10-21 05:27:58.333000,52.0,60,66
6159,492,174,100,2024-10-21 05:27:58.333000,53.0,91,64
6160,493,13,100,2024-10-21 05:27:58.334000,83.0,88,88
6161,493,166,100,2024-10-21 05:27:58.334000,74.0,64,90
6162,493,12,100,2024-10-21 05:27:58.334000,91.0,90,79
6163,493,20,100,2024-10-21 05:27:58.334000,79.0,53,86
6164,493,17,100,2024-10-21 05:27:58.334000,65.0,93,73
6165,493,196,100,2024-10-21 05:27:58.334000,96.0,51,53
6166,493,167,100,2024-10-21 05:27:58.334000,83.0,59,94
6167,493,198,100,2024-10-21 05:27:58.334000,96.0,60,67
6168,493,153,100,2024-10-21 05:27:58.334000,62.0,100,86
6169,493,111,100,2024-10-21 05:27:58.334000,76.0,80,51
6170,494,166,100,2024-10-21 05:27:58.334000,74.0,52,71
6171,494,17,100,2024-10-21 05:27:58.334000,93.0,81,65
6172,494,12,100,2024-10-21 05:27:58.334000,59.0,65,73
6173,494,20,100,2024-10-21 05:27:58.334000,67.0,78,78
6174,494,74,100,2024-10-21 05:27:58.334000,97.0,89,53
6175,494,178,100,2024-10-21 05:27:58.334000,95.0,82,64
6176,494,76,100,2024-10-21 05:27:58.334000,61.0,77,88
6177,494,81,100,2024-10-21 05:27:58.334000,70.0,60,69
6178,494,187,100,2024-10-21 05:27:58.334000,71.0,91,96
6179,494,46,100,2024-10-21 05:27:58.334000,100.0,71,79
6180,494,44,100,2024-10-21 05:27:58.334000,67.0,90,62
6181,494,56,100,2024-10-21 05:27:58.334000,60.0,74,76
6182,494,193,100,2024-10-21 05:27:58.334000,80.0,85,81
6183,495,17,100,2024-10-21 05:27:58.334000,71.0,98,86
6184,495,166,100,2024-10-21 05:27:58.334000,82.0,78,51
6185,495,13,100,2024-10-21 05:27:58.334000,96.0,60,52
6186,495,20,100,2024-10-21 05:27:58.334000,77.0,68,73
6187,495,12,100,2024-10-21 05:27:58.334000,67.0,58,92
6188,495,83,100,2024-10-21 05:27:58.334000,63.0,55,96
6189,495,77,100,2024-10-21 05:27:58.334000,86.0,89,97
6190,495,192,100,2024-10-21 05:27:58.334000,96.0,62,78
6191,495,86,100,2024-10-21 05:27:58.334000,90.0,77,51
6192,495,21,100,2024-10-21 05:27:58.334000,92.0,98,65
6193,495,37,100,2024-10-21 05:27:58.334000,85.0,50,96
6194,495,146,100,2024-10-21 05:27:58.334000,83.0,97,58
6195,496,166,100,2024-10-21 05:27:58.334000,82.0,94,66
6196,496,13,100,2024-10-21 05:27:58.334000,77.0,98,85
6197,496,17,100,2024-10-21 05:27:58.334000,96.0,88,83
6198,496,12,100,2024-10-21 05:27:58.334000,95.0,73,54
6199,496,20,100,2024-10-21 05:27:58.334000,83.0,77,80
6200,496,1,100,2024-10-21 05:27:58.334000,72.0,62,87
6201,496,21,100,2024-10-21 05:27:58.334000,65.0,50,95
6202,496,110,100,2024-10-21 05:27:58.334000,56.0,86,55
6203,496,172,100,2024-10-21 05:27:58.334000,95.0,90,62
6204,496,60,100,2024-10-21 05:27:58.334000,58.0,71,61
6205,496,120,100,2024-10-21 05:27:58.334000,75.0,86,63
6206,497,13,100,2024-10-21 05:27:58.334000,67.0,79,55
6207,497,12,100,2024-10-21 05:27:58.334000,98.0,51,59
6208,497,166,100,2024-10-21 05:27:58.334000,98.0,79,86
6209,497,17,100,2024-10-21 05:27:58.334000,82.0,86,72
6210,497,137,100,2024-10-21 05:27:58.334000,81.0,88,89
6211,497,174,100,2024-10-21 05:27:58.334000,71.0,89,55
6212,497,5,100,2024-10-21 05:27:58.334000,86.0,84,67
6213,497,176,100,2024-10-21 05:27:58.334000,81.0,55,93
6214,497,124,100,2024-10-21 05:27:58.334000,81.0,89,73
6215,497,92,100,2024-10-21 05:27:58.334000,50.0,64,75
6216,497,10,100,2024-10-21 05:27:58.334000,79.0,91,67
6217,497,155,100,2024-10-21 05:27:58.334000,52.0,72,53
6218,498,166,100,2024-10-21 05:27:58.334000,77.0,69,98
6219,498,13,100,2024-10-21 05:27:58.334000,90.0,61,93
6220,498,20,100,2024-10-21 05:27:58.334000,93.0,54,60
6221,498,12,100,2024-10-21 05:27:58.334000,51.0,84,89
6222,498,17,100,2024-10-21 05:27:58.334000,83.0,51,78
6223,498,142,100,2024-10-21 05:27:58.334000,62.0,92,78
6224,498,10,100,2024-10-21 05:27:58.334000,60.0,73,88
6225,498,133,100,2024-10-21 05:27:58.334000,94.0,65,84
6226,498,56,100,2024-10-21 05:27:58.334000,74.0,86,55
6227,498,200,100,2024-10-21 05:27:58.334000,87.0,86,93
6228,498,159,100,2024-10-21 05:27:58.334000,89.0,51,72
6229,498,105,100,2024-10-21 05:27:58.334000,55.0,92,99
6230,498,93,100,2024-10-21 05:27:58.334000,55.0,81,84
6231,498,21,100,2024-10-21 05:27:58.334000,94.0,67,85
6232,499,17,100,2024-10-21 05:27:58.334000,58.0,90,58
6233,499,20,100,2024-10-21 05:27:58.334000,79.0,68,54
6234,499,12,100,2024-10-21 05:27:58.334000,64.0,80,64
6235,499,166,100,2024-10-21 05:27:58.334000,60.0,64,94
6236,499,13,100,2024-10-21 05:27:58.334000,92.0,79,82
6237,499,138,100,2024-10-21 05:27:58.334000,88.0,95,99
6238,499,143,100,2024-10-21 05:27:58.334000,66.0,74,93
6239,499,117,100,2024-10-21 05:27:58.334000,78.0,81,97
6240,499,32,100,2024-10-21 05:27:58.334000,63.0,73,61
6241,499,102,100,2024-10-21 05:27:58.334000,70.0,97,70
6242,499,104,100,2024-10-21 05:27:58.334000,99.0,73,69
6243,499,43,100,2024-10-21 05:27:58.334000,96.0,57,94
6244,499,15,100,2024-10-21 05:27:58.334000,97.0,68,68
6245,499,8,100,2024-10-21 05:27:58.334000,88.0,69,83
6246,499,56,100,2024-10-21 05:27:58.334000,84.0,92,78
6247,500,12,100,2024-10-21 05:27:58.334000,98.0,65,88
6248,500,13,100,2024-10-21 05:27:58.334000,85.0,96,63
6249,500,20,100,2024-10-21 05:27:58.334000,96.0,65,67
6250,500,166,100,2024-10-21 05:27:58.334000,76.0,91,98
6251,500,17,100,2024-10-21 05:27:58.334000,57.0,60,82
6252,500,144,100,2024-10-21 05:27:58.334000,100.0,61,51
6253,500,60,100,2024-10-21 05:27:58.334000,74.0,64,89
6254,500,112,100,2024-10-21 05:27:58.334000,75.0,58,72
6255,500,87,100,2024-10-21 05:27:58.334000,88.0,90,50
6256,500,183,100,2024-10-21 05:27:58.334000,66.0,56,68
6257,500,48,100,2024-10-21 05:27:58.334000,55.0,78,69
6258,500,193,100,2024-10-21 05:27:58.334000,52.0,64,62
6259,500,151,100,2024-10-21 05:27:58.334000,79.0,92,56
6260,501,13,100,2024-10-21 05:27:58.334000,55.0,58,81
6261,501,12,100,2024-10-21 05:27:58.334000,94.0,96,73
6262,501,17,100,2024-10-21 05:27:58.334000,100.0,78,50
6263,501,20,100,2024-10-21 05:27:58.334000,96.0,60,75
6264,501,14,100,2024-10-21 05:27:58.334000,66.0,71,68
6265,501,41,100,2024-10-21 05:27:58.334000,89.0,55,69
6266,501,132,100,2024-10-21 05:27:58.334000,52.0,60,64
6267,501,197,100,2024-10-21 05:27:58.334000,57.0,96,77
6268,501,78,100,2024-10-21 05:27:58.334000,85.0,76,59
6269,501,35,100,2024-10-21 05:27:58.334000,95.0,59,82
6270,501,4,100,2024-10-21 05:27:58.334000,89.0,93,69
6271,502,17,100,2024-10-21 05:27:58.334000,98.0,54,87
6272,502,13,100,2024-10-21 05:27:58.334000,94.0,70,82
6273,502,12,100,2024-10-21 05:27:58.334000,81.0,89,89
6274,502,166,100,2024-10-21 05:27:58.334000,75.0,65,93
6275,502,20,100,2024-10-21 05:27:58.334000,94.0,91,100
6276,502,130,100,2024-10-21 05:27:58.334000,73.0,56,75
6277,502,100,100,2024-10-21 05:27:58.334000,98.0,53,62
6278,502,30,100,2024-10-21 05:27:58.334000,80.0,96,62
6279,502,43,100,2024-10-21 05:27:58.334000,85.0,56,52
6280,502,3,100,2024-10-21 05:27:58.334000,89.0,99,59
6281,502,29,100,2024-10-21 05:27:58.334000,72.0,96,79
6282,502,126,100,2024-10-21 05:27:58.334000,50.0,64,75
6283,503,17,100,2024-10-21 05:27:58.334000,56.0,70,86
6284,503,13,100,2024-10-21 05:27:58.334000,55.0,91,95
6285,503,12,100,2024-10-21 05:27:58.334000,78.0,61,61
6286,503,20,100,2024-10-21 05:27:58.334000,63.0,80,70
6287,503,166,100,2024-10-21 05:27:58.334000,58.0,86,90
6288,503,147,100,2024-10-21 05:27:58.334000,93.0,79,79
6289,503,110,100,2024-10-21 05:27:58.334000,92.0,78,50
6290,503,93,100,2024-10-21 05:27:58.334000,78.0,92,76
6291,503,39,100,2024-10-21 05:27:58.334000,79.0,72,95
6292,503,96,100,2024-10-21 05:27:58.334000,98.0,51,72
6293,504,13,100,2024-10-21 05:27:58.334000,71.0,99,61
6294,504,17,100,2024-10-21 05:27:58.334000,83.0,98,91
6295,504,166,100,2024-10-21 05:27:58.334000,69.0,68,67
6296,504,12,100,2024-10-21 05:27:58.334000,68.0,65,70
6297,504,20,100,2024-10-21 05:27:58.334000,51.0,51,58
6298,504,52,100,2024-10-21 05:27:58.334000,71.0,54,80
6299,504,99,100,2024-10-21 05:27:58.334000,83.0,70,90
6300,504,65,100,2024-10-21 05:27:58.334000,88.0,59,57
6301,504,37,100,2024-10-21 05:27:58.334000,58.0,98,56
6302,504,128,100,2024-10-21 05:27:58.334000,75.0,76,84
6303,504,76,100,2024-10-21 05:27:58.334000,81.0,98,78
6304,504,118,100,2024-10-21 05:27:58.334000,63.0,98,68
6305,504,11,100,2024-10-21 05:27:58.334000,86.0,85,89
6306,504,200,100,2024-10-21 05:27:58.334000,75.0,77,94
6307,504,71,100,2024-10-21 05:27:58.334000,86.0,52,75
6308,505,12,100,2024-10-21 05:27:58.334000,79.0,86,56
6309,505,20,100,2024-10-21 05:27:58.334000,59.0,81,87
6310,505,17,100,2024-10-21 05:27:58.334000,88.0,58,96
6311,505,166,100,2024-10-21 05:27:58.334000,87.0,56,57
6312,505,13,100,2024-10-21 05:27:58.334000,87.0,76,97
6313,505,160,100,2024-10-21 05:27:58.334000,54.0,55,57
6314,505,89,100,2024-10-21 05:27:58.334000,67.0,89,88
6315,505,86,100,2024-10-21 05:27:58.334000,90.0,81,62
6316,505,51,100,2024-10-21 05:27:58.334000,53.0,84,60
6317,505,33,100,2024-10-21 05:27:58.334000,76.0,65,65
6318,505,10,100,2024-10-21 05:27:58.334000,58.0,68,91
6319,506,17,100,2024-10-21 05:27:58.334000,54.0,63,93
6320,506,166,100,2024-10-21 05:27:58.334000,96.0,94,92
6321,506,20,100,2024-10-21 05:27:58.334000,90.0,77,79
6322,506,13,100,2024-10-21 05:27:58.335000,77.0,70,94
6323,506,12,100,2024-10-21 05:27:58.335000,92.0,64,57
6324,506,36,100,2024-10-21 05:27:58.335000,54.0,66,88
6325,506,106,100,2024-10-21 05:27:58.335000,99.0,52,85
6326,506,189,100,2024-10-21 05:27:58.335000,93.0,87,86
6327,506,118,100,2024-10-21 05:27:58.335000,73.0,59,82
6328,506,40,100,2024-10-21 05:27:58.335000,84.0,73,87
6329,507,13,100,2024-10-21 05:27:58.335000,58.0,73,68
6330,507,20,100,2024-10-21 05:27:58.335000,61.0,100,70
6331,507,166,100,2024-10-21 05:27:58.335000,72.0,54,64
6332,507,17,100,2024-10-21 05:27:58.335000,92.0,97,71
6333,507,12,100,2024-10-21 05:27:58.335000,78.0,89,75
6334,507,189,100,2024-10-21 05:27:58.335000,65.0,99,50
6335,507,68,100,2024-10-21 05:27:58.335000,89.0,83,52
6336,507,117,100,2024-10-21 05:27:58.335000,86.0,100,81
6337,507,34,100,2024-10-21 05:27:58.335000,62.0,64,97
6338,507,141,100,2024-10-21 05:27:58.335000,72.0,74,70
6339,507,94,100,2024-10-21 05:27:58.335000,74.0,87,82
6340,507,105,100,2024-10-21 05:27:58.335000,53.0,85,62
6341,507,181,100,2024-10-21 05:27:58.335000,96.0,76,73
6342,507,188,100,2024-10-21 05:27:58.335000,65.0,59,89
6343,508,20,100,2024-10-21 05:27:58.335000,83.0,68,77
6344,508,17,100,2024-10-21 05:27:58.335000,80.0,92,66
6345,508,12,100,2024-10-21 05:27:58.335000,60.0,61,98
6346,508,166,100,2024-10-21 05:27:58.335000,71.0,51,53
6347,508,13,100,2024-10-21 05:27:58.335000,84.0,94,67
6348,508,53,100,2024-10-21 05:27:58.335000,65.0,85,58
6349,508,125,100,2024-10-21 05:27:58.335000,87.0,54,77
6350,508,58,100,2024-10-21 05:27:58.335000,60.0,70,84
6351,508,16,100,2024-10-21 05:27:58.335000,67.0,76,85
6352,508,163,100,2024-10-21 05:27:58.335000,92.0,78,86
6353,508,180,100,2024-10-21 05:27:58.335000,94.0,98,56
6354,508,77,100,2024-10-21 05:27:58.335000,62.0,71,85
6355,508,118,100,2024-10-21 05:27:58.335000,82.0,87,94
6356,509,12,100,2024-10-21 05:27:58.335000,76.0,90,94
6357,509,17,100,2024-10-21 05:27:58.335000,52.0,100,87
6358,509,166,100,2024-10-21 05:27:58.335000,92.0,71,79
6359,509,13,100,2024-10-21 05:27:58.335000,86.0,81,91
6360,509,20,100,2024-10-21 05:27:58.335000,51.0,98,82
6361,509,164,100,2024-10-21 05:27:58.335000,100.0,59,52
6362,509,16,100,2024-10-21 05:27:58.335000,89.0,55,99
6363,509,99,100,2024-10-21 05:27:58.335000,60.0,73,58
6364,509,189,100,2024-10-21 05:27:58.335000,92.0,68,95
6365,509,86,100,2024-10-21 05:27:58.335000,62.0,75,98
6366,509,152,100,2024-10-21 05:27:58.335000,64.0,84,70
6367,509,91,100,2024-10-21 05:27:58.335000,63.0,76,89
6368,509,63,100,2024-10-21 05:27:58.335000,98.0,92,72
6369,509,70,100,2024-10-21 05:27:58.335000,67.0,84,99
6370,509,154,100,2024-10-21 05:27:58.335000,97.0,98,78
6371,510,166,100,2024-10-21 05:27:58.335000,94.0,59,61
6372,510,13,100,2024-10-21 05:27:58.335000,50.0,62,67
6373,510,17,100,2024-10-21 05:27:58.335000,51.0,56,61
6374,510,20,100,2024-10-21 05:27:58.335000,81.0,90,71
6375,510,190,100,2024-10-21 05:27:58.335000,61.0,57,98
6376,510,25,100,2024-10-21 05:27:58.335000,76.0,50,99
6377,510,40,100,2024-10-21 05:27:58.335000,50.0,72,91
6378,510,50,100,2024-10-21 05:27:58.335000,65.0,75,84
6379,510,61,100,2024-10-21 05:27:58.335000,58.0,69,51
6380,510,98,100,2024-10-21 05:27:58.335000,85.0,91,98
6381,510,76,100,2024-10-21 05:27:58.335000,55.0,64,58
6382,511,166,100,2024-10-21 05:27:58.335000,68.0,70,64
6383,511,13,100,2024-10-21 05:27:58.335000,60.0,83,70
6384,511,12,100,2024-10-21 05:27:58.335000,90.0,74,83
6385,511,17,100,2024-10-21 05:27:58.335000,97.0,62,72
6386,511,20,100,2024-10-21 05:27:58.335000,97.0,56,83
6387,511,144,100,2024-10-21 05:27:58.335000,94.0,73,69
6388,511,57,100,2024-10-21 05:27:58.335000,71.0,84,91
6389,511,137,100,2024-10-21 05:27:58.335000,88.0,91,68
6390,511,75,100,2024-10-21 05:27:58.335000,83.0,72,84
6391,511,46,100,2024-10-21 05:27:58.335000,63.0,52,65
6392,511,198,100,2024-10-21 05:27:58.335000,63.0,92,73
6393,511,90,100,2024-10-21 05:27:58.335000,69.0,83,81
6394,512,12,100,2024-10-21 05:27:58.335000,69.0,63,83
6395,512,20,100,2024-10-21 05:27:58.335000,50.0,61,55
6396,512,166,100,2024-10-21 05:27:58.335000,61.0,62,74
6397,512,17,100,2024-10-21 05:27:58.335000,96.0,96,53
6398,512,13,100,2024-10-21 05:27:58.335000,51.0,89,50
6399,512,62,100,2024-10-21 05:27:58.335000,78.0,61,75
6400,512,199,100,2024-10-21 05:27:58.335000,70.0,50,87
6401,512,108,100,2024-10-21 05:27:58.335000,56.0,66,79
6402,512,48,100,2024-10-21 05:27:58.335000,57.0,81,83
6403,512,31,100,2024-10-21 05:27:58.335000,52.0,100,63
6404,512,160,100,2024-10-21 05:27:58.335000,54.0,51,73
6405,512,175,100,2024-10-21 05:27:58.335000,72.0,85,50
6406,512,5,100,2024-10-21 05:27:58.335000,96.0,99,55
6407,512,109,100,2024-10-21 05:27:58.335000,78.0,73,99
6408,513,12,100,2024-10-21 05:27:58.335000,62.0,97,76
6409,513,166,100,2024-10-21 05:27:58.335000,78.0,58,65
6410,513,13,100,2024-10-21 05:27:58.335000,55.0,82,61
6411,513,17,100,2024-10-21 05:27:58.335000,78.0,63,85
6412,513,20,100,2024-10-21 05:27:58.335000,91.0,94,70
6413,513,183,100,2024-10-21 05:27:58.335000,85.0,86,87
6414,513,117,100,2024-10-21 05:27:58.335000,85.0,69,88
6415,513,188,100,2024-10-21 05:27:58.335000,61.0,58,98
6416,513,116,100,2024-10-21 05:27:58.335000,53.0,72,70
6417,513,42,100,2024-10-21 05:27:58.335000,81.0,70,83
6418,513,136,100,2024-10-21 05:27:58.335000,95.0,60,90
6419,513,186,100,2024-10-21 05:27:58.335000,53.0,92,69
6420,513,142,100,2024-10-21 05:27:58.335000,88.0,53,97
6421,513,29,100,2024-10-21 05:27:58.335000,69.0,99,60
6422,514,12,100,2024-10-21 05:27:58.335000,97.0,50,93
6423,514,13,100,2024-10-21 05:27:58.335000,57.0,98,69
6424,514,166,100,2024-10-21 05:27:58.335000,79.0,92,85
6425,514,20,100,2024-10-21 05:27:58.335000,82.0,68,63
6426,514,17,100,2024-10-21 05:27:58.335000,80.0,66,74
6427,514,51,100,2024-10-21 05:27:58.335000,95.0,89,97
6428,514,130,100,2024-10-21 05:27:58.335000,84.0,87,54
6429,514,52,100,2024-10-21 05:27:58.335000,52.0,82,57
6430,514,67,100,2024-10-21 05:27:58.335000,89.0,84,60
6431,514,135,100,2024-10-21 05:27:58.335000,64.0,54,59
6432,514,164,100,2024-10-21 05:27:58.335000,63.0,88,78
6433,514,90,100,2024-10-21 05:27:58.335000,61.0,84,95
6434,515,17,100,2024-10-21 05:27:58.335000,52.0,66,76
6435,515,166,100,2024-10-21 05:27:58.335000,99.0,91,51
6436,515,20,100,2024-10-21 05:27:58.335000,63.0,73,63
6437,515,13,100,2024-10-21 05:27:58.335000,79.0,100,91
6438,515,12,100,2024-10-21 05:27:58.335000,72.0,92,91
6439,515,193,100,2024-10-21 05:27:58.335000,75.0,67,94
6440,515,126,100,2024-10-21 05:27:58.335000,51.0,54,88
6441,515,115,100,2024-10-21 05:27:58.335000,52.0,75,89
6442,515,55,100,2024-10-21 05:27:58.335000,97.0,78,50
6443,515,104,100,2024-10-21 05:27:58.335000,61.0,88,81
6444,516,166,100,2024-10-21 05:27:58.335000,82.0,78,94
6445,516,12,100,2024-10-21 05:27:58.335000,77.0,87,80
6446,516,17,100,2024-10-21 05:27:58.335000,97.0,84,54
6447,516,13,100,2024-10-21 05:27:58.335000,75.0,60,56
6448,516,20,100,2024-10-21 05:27:58.335000,55.0,78,80
6449,516,176,100,2024-10-21 05:27:58.335000,56.0,70,80
6450,516,18,100,2024-10-21 05:27:58.335000,52.0,88,60
6451,516,148,100,2024-10-21 05:27:58.335000,82.0,56,82
6452,516,157,100,2024-10-21 05:27:58.335000,83.0,88,98
6453,516,188,100,2024-10-21 05:27:58.335000,55.0,83,90
6454,516,23,100,2024-10-21 05:27:58.335000,54.0,93,92
6455,516,131,100,2024-10-21 05:27:58.335000,60.0,52,81
6456,516,187,100,2024-10-21 05:27:58.335000,55.0,67,50
6457,516,10,100,2024-10-21 05:27:58.335000,58.0,66,91
6458,517,20,100,2024-10-21 05:27:58.335000,53.0,89,64
6459,517,166,100,2024-10-21 05:27:58.335000,90.0,65,58
6460,517,13,100,2024-10-21 05:27:58.335000,99.0,55,82
6461,517,17,100,2024-10-21 05:27:58.335000,68.0,55,81
6462,517,12,100,2024-10-21 05:27:58.335000,58.0,56,92
6463,517,168,100,2024-10-21 05:27:58.335000,89.0,84,74
6464,517,136,100,2024-10-21 05:27:58.335000,84.0,70,58
6465,517,1,100,2024-10-21 05:27:58.335000,69.0,89,86
6466,517,170,100,2024-10-21 05:27:58.335000,64.0,83,94
6467,517,38,100,2024-10-21 05:27:58.335000,97.0,63,92
6468,518,17,100,2024-10-21 05:27:58.335000,87.0,55,53
6469,518,13,100,2024-10-21 05:27:58.335000,81.0,78,58
6470,518,12,100,2024-10-21 05:27:58.335000,80.0,65,92
6471,518,166,100,2024-10-21 05:27:58.335000,90.0,93,100
6472,518,20,100,2024-10-21 05:27:58.335000,75.0,86,78
6473,518,40,100,2024-10-21 05:27:58.335000,94.0,94,59
6474,518,79,100,2024-10-21 05:27:58.335000,68.0,84,50
6475,518,75,100,2024-10-21 05:27:58.335000,57.0,100,66
6476,518,99,100,2024-10-21 05:27:58.335000,65.0,97,80
6477,518,28,100,2024-10-21 05:27:58.335000,72.0,75,77
6478,518,14,100,2024-10-21 05:27:58.335000,84.0,65,62
6479,519,12,100,2024-10-21 05:27:58.335000,85.0,65,72
6480,519,17,100,2024-10-21 05:27:58.335000,92.0,95,83
6481,519,166,100,2024-10-21 05:27:58.335000,100.0,95,77
6482,519,13,100,2024-10-21 05:27:58.335000,95.0,82,65
6483,519,127,100,2024-10-21 05:27:58.335000,56.0,91,65
6484,519,191,100,2024-10-21 05:27:58.335000,92.0,61,57
6485,519,59,100,2024-10-21 05:27:58.335000,93.0,78,74
6486,519,178,100,2024-10-21 05:27:58.335000,95.0,60,85
6487,519,158,100,2024-10-21 05:27:58.335000,74.0,60,79
6488,519,44,100,2024-10-21 05:27:58.336000,100.0,91,61
6489,519,99,100,2024-10-21 05:27:58.336000,62.0,79,68
6490,519,121,100,2024-10-21 05:27:58.336000,65.0,64,65
6491,520,166,100,2024-10-21 05:27:58.336000,58.0,60,93
6492,520,17,100,2024-10-21 05:27:58.336000,89.0,73,80
6493,520,12,100,2024-10-21 05:27:58.336000,64.0,85,84
6494,520,13,100,2024-10-21 05:27:58.336000,70.0,64,83
6495,520,20,100,2024-10-21 05:27:58.336000,97.0,92,90
6496,520,110,100,2024-10-21 05:27:58.336000,54.0,76,76
6497,520,180,100,2024-10-21 05:27:58.336000,78.0,98,83
6498,520,62,100,2024-10-21 05:27:58.336000,86.0,74,56
6499,520,47,100,2024-10-21 05:27:58.336000,90.0,62,98
6500,520,77,100,2024-10-21 05:27:58.336000,82.0,65,85
6501,520,132,100,2024-10-21 05:27:58.336000,65.0,87,72
6502,520,197,100,2024-10-21 05:27:58.336000,76.0,57,54
6503,520,177,100,2024-10-21 05:27:58.336000,64.0,88,65
6504,520,116,100,2024-10-21 05:27:58.336000,52.0,64,76
6505,521,13,100,2024-10-21 05:27:58.336000,99.0,68,70
6506,521,12,100,2024-10-21 05:27:58.336000,65.0,69,74
6507,521,166,100,2024-10-21 05:27:58.336000,69.0,60,87
6508,521,17,100,2024-10-21 05:27:58.336000,55.0,97,100
6509,521,20,100,2024-10-21 05:27:58.336000,80.0,73,99
6510,521,191,100,2024-10-21 05:27:58.336000,67.0,63,93
6511,521,135,100,2024-10-21 05:27:58.336000,60.0,95,66
6512,521,21,100,2024-10-21 05:27:58.336000,96.0,61,87
6513,521,180,100,2024-10-21 05:27:58.336000,83.0,77,68
6514,521,106,100,2024-10-21 05:27:58.336000,71.0,67,74
6515,521,85,100,2024-10-21 05:27:58.336000,61.0,100,58
6516,521,199,100,2024-10-21 05:27:58.336000,70.0,84,63
6517,522,20,100,2024-10-21 05:27:58.336000,96.0,100,82
6518,522,17,100,2024-10-21 05:27:58.336000,73.0,61,70
6519,522,13,100,2024-10-21 05:27:58.336000,84.0,59,77
6520,522,166,100,2024-10-21 05:27:58.336000,97.0,81,78
6521,522,12,100,2024-10-21 05:27:58.336000,85.0,64,88
6522,522,7,100,2024-10-21 05:27:58.336000,73.0,55,51
6523,522,76,100,2024-10-21 05:27:58.336000,94.0,78,56
6524,522,195,100,2024-10-21 05:27:58.336000,73.0,56,62
6525,522,3,100,2024-10-21 05:27:58.336000,53.0,93,61
6526,522,143,100,2024-10-21 05:27:58.336000,59.0,92,63
6527,522,92,100,2024-10-21 05:27:58.336000,90.0,52,96
6528,522,165,100,2024-10-21 05:27:58.336000,91.0,64,83
6529,522,29,100,2024-10-21 05:27:58.336000,76.0,64,91
6530,523,166,100,2024-10-21 05:27:58.336000,67.0,58,63
6531,523,20,100,2024-10-21 05:27:58.336000,99.0,87,87
6532,523,17,100,2024-10-21 05:27:58.336000,69.0,81,72
6533,523,12,100,2024-10-21 05:27:58.336000,97.0,99,91
6534,523,13,100,2024-10-21 05:27:58.336000,78.0,98,59
6535,523,25,100,2024-10-21 05:27:58.336000,90.0,97,65
6536,523,52,100,2024-10-21 05:27:58.336000,52.0,82,95
6537,523,164,100,2024-10-21 05:27:58.336000,87.0,80,84
6538,523,61,100,2024-10-21 05:27:58.336000,69.0,62,79
6539,523,127,100,2024-10-21 05:27:58.336000,76.0,61,84
6540,523,15,100,2024-10-21 05:27:58.336000,82.0,85,65
6541,523,115,100,2024-10-21 05:27:58.336000,82.0,92,84
6542,523,36,100,2024-10-21 05:27:58.336000,84.0,82,79
6543,523,162,100,2024-10-21 05:27:58.336000,98.0,75,57
6544,524,17,100,2024-10-21 05:27:58.336000,75.0,62,55
6545,524,13,100,2024-10-21 05:27:58.336000,79.0,62,62
6546,524,166,100,2024-10-21 05:27:58.336000,62.0,85,68
6547,524,12,100,2024-10-21 05:27:58.336000,60.0,97,76
6548,524,20,100,2024-10-21 05:27:58.336000,85.0,95,62
6549,524,58,100,2024-10-21 05:27:58.336000,99.0,60,66
6550,524,144,100,2024-10-21 05:27:58.336000,52.0,94,81
6551,524,134,100,2024-10-21 05:27:58.336000,98.0,90,92
6552,524,178,100,2024-10-21 05:27:58.336000,94.0,100,52
6553,524,3,100,2024-10-21 05:27:58.336000,91.0,59,71
6554,524,34,100,2024-10-21 05:27:58.336000,71.0,65,82
6555,524,78,100,2024-10-21 05:27:58.336000,87.0,73,50
6556,524,65,100,2024-10-21 05:27:58.336000,64.0,92,82
6557,524,123,100,2024-10-21 05:27:58.336000,67.0,81,55
6558,524,77,100,2024-10-21 05:27:58.336000,81.0,69,70
6559,525,17,100,2024-10-21 05:27:58.336000,80.0,69,60
6560,525,13,100,2024-10-21 05:27:58.336000,69.0,58,91
6561,525,12,100,2024-10-21 05:27:58.336000,89.0,87,60
6562,525,166,100,2024-10-21 05:27:58.336000,71.0,91,66
6563,525,20,100,2024-10-21 05:27:58.336000,87.0,96,60
6564,525,141,100,2024-10-21 05:27:58.336000,66.0,93,62
6565,525,179,100,2024-10-21 05:27:58.336000,78.0,55,85
6566,525,120,100,2024-10-21 05:27:58.336000,86.0,59,62
6567,525,51,100,2024-10-21 05:27:58.336000,86.0,99,99
6568,525,3,100,2024-10-21 05:27:58.336000,66.0,72,79
6569,525,67,100,2024-10-21 05:27:58.336000,80.0,89,90
6570,525,84,100,2024-10-21 05:27:58.336000,52.0,81,54
6571,525,11,100,2024-10-21 05:27:58.336000,79.0,52,88
6572,525,92,100,2024-10-21 05:27:58.336000,74.0,70,70
6573,526,20,100,2024-10-21 05:27:58.336000,51.0,50,76
6574,526,17,100,2024-10-21 05:27:58.336000,55.0,61,76
6575,526,166,100,2024-10-21 05:27:58.336000,88.0,66,83
6576,526,12,100,2024-10-21 05:27:58.336000,52.0,93,51
6577,526,13,100,2024-10-21 05:27:58.336000,91.0,68,96
6578,526,15,100,2024-10-21 05:27:58.336000,87.0,79,73
6579,526,46,100,2024-10-21 05:27:58.336000,78.0,61,84
6580,526,71,100,2024-10-21 05:27:58.336000,65.0,82,57
6581,526,90,100,2024-10-21 05:27:58.336000,69.0,74,63
6582,526,24,100,2024-10-21 05:27:58.336000,77.0,90,66
6583,526,49,100,2024-10-21 05:27:58.336000,87.0,72,52
6584,526,195,100,2024-10-21 05:27:58.336000,88.0,66,58
6585,526,54,100,2024-10-21 05:27:58.336000,56.0,62,71
6586,527,166,100,2024-10-21 05:27:58.336000,98.0,56,66
6587,527,20,100,2024-10-21 05:27:58.336000,55.0,87,67
6588,527,13,100,2024-10-21 05:27:58.336000,91.0,57,98
6589,527,17,100,2024-10-21 05:27:58.336000,88.0,50,78
6590,527,12,100,2024-10-21 05:27:58.336000,98.0,75,85
6591,527,189,100,2024-10-21 05:27:58.336000,93.0,66,73
6592,527,40,100,2024-10-21 05:27:58.336000,91.0,60,94
6593,527,63,100,2024-10-21 05:27:58.336000,78.0,63,56
6594,527,181,100,2024-10-21 05:27:58.336000,65.0,97,79
6595,527,145,100,2024-10-21 05:27:58.336000,92.0,90,80
6596,527,148,100,2024-10-21 05:27:58.336000,66.0,98,53
6597,527,55,100,2024-10-21 05:27:58.336000,95.0,65,81
6598,527,22,100,2024-10-21 05:27:58.336000,65.0,56,56
6599,528,17,100,2024-10-21 05:27:58.336000,83.0,71,88
6600,528,166,100,2024-10-21 05:27:58.336000,62.0,52,89
6601,528,20,100,2024-10-21 05:27:58.336000,79.0,92,87
6602,528,12,100,2024-10-21 05:27:58.336000,62.0,61,58
6603,528,13,100,2024-10-21 05:27:58.336000,75.0,74,85
6604,528,10,100,2024-10-21 05:27:58.336000,99.0,100,95
6605,528,120,100,2024-10-21 05:27:58.336000,98.0,98,63
6606,528,193,100,2024-10-21 05:27:58.336000,58.0,71,54
6607,528,197,100,2024-10-21 05:27:58.336000,68.0,51,77
6608,528,107,100,2024-10-21 05:27:58.336000,79.0,67,87
6609,528,75,100,2024-10-21 05:27:58.336000,60.0,60,57
6610,528,174,100,2024-10-21 05:27:58.336000,57.0,87,54
6611,528,28,100,2024-10-21 05:27:58.336000,65.0,59,98
6612,528,155,100,2024-10-21 05:27:58.336000,84.0,51,88
6613,529,13,100,2024-10-21 05:27:58.336000,56.0,75,94
6614,529,166,100,2024-10-21 05:27:58.336000,58.0,98,71
6615,529,17,100,2024-10-21 05:27:58.336000,76.0,59,82
6616,529,12,100,2024-10-21 05:27:58.336000,60.0,80,73
6617,529,20,100,2024-10-21 05:27:58.336000,61.0,76,95
6618,529,99,100,2024-10-21 05:27:58.336000,76.0,86,89
6619,529,105,100,2024-10-21 05:27:58.336000,82.0,69,65
6620,529,50,100,2024-10-21 05:27:58.336000,100.0,79,62
6621,529,126,100,2024-10-21 05:27:58.336000,65.0,89,64
6622,529,69,100,2024-10-21 05:27:58.336000,91.0,97,84
6623,529,156,100,2024-10-21 05:27:58.336000,62.0,53,60
6624,529,168,100,2024-10-21 05:27:58.336000,90.0,83,55
6625,529,25,100,2024-10-21 05:27:58.336000,91.0,64,77
6626,529,196,100,2024-10-21 05:27:58.336000,89.0,64,84
6627,529,94,100,2024-10-21 05:27:58.336000,90.0,88,75
6628,530,20,100,2024-10-21 05:27:58.336000,81.0,84,66
6629,530,13,100,2024-10-21 05:27:58.336000,75.0,83,61
6630,530,17,100,2024-10-21 05:27:58.336000,79.0,71,72
6631,530,12,100,2024-10-21 05:27:58.336000,66.0,55,65
6632,530,166,100,2024-10-21 05:27:58.336000,98.0,78,84
6633,530,194,100,2024-10-21 05:27:58.336000,97.0,52,99
6634,530,29,100,2024-10-21 05:27:58.336000,90.0,56,91
6635,530,30,100,2024-10-21 05:27:58.336000,71.0,54,79
6636,530,77,100,2024-10-21 05:27:58.336000,97.0,96,93
6637,530,32,100,2024-10-21 05:27:58.336000,82.0,81,53
6638,530,8,100,2024-10-21 05:27:58.336000,86.0,55,78
6639,531,13,100,2024-10-21 05:27:58.336000,65.0,83,61
6640,531,17,100,2024-10-21 05:27:58.336000,61.0,66,60
6641,531,20,100,2024-10-21 05:27:58.336000,56.0,95,93
6642,531,166,100,2024-10-21 05:27:58.336000,71.0,94,82
6643,531,12,100,2024-10-21 05:27:58.336000,56.0,86,85
6644,531,29,100,2024-10-21 05:27:58.336000,93.0,89,80
6645,531,159,100,2024-10-21 05:27:58.336000,66.0,62,87
6646,531,155,100,2024-10-21 05:27:58.336000,60.0,84,82
6647,531,70,100,2024-10-21 05:27:58.336000,70.0,78,89
6648,531,36,100,2024-10-21 05:27:58.336000,84.0,59,55
6649,531,176,100,2024-10-21 05:27:58.336000,61.0,95,95
6650,531,111,100,2024-10-21 05:27:58.336000,67.0,98,79
6651,531,190,100,2024-10-21 05:27:58.336000,61.0,59,61
6652,531,74,100,2024-10-21 05:27:58.336000,57.0,90,56
6653,531,81,100,2024-10-21 05:27:58.336000,70.0,56,96
6654,532,17,100,2024-10-21 05:27:58.337000,71.0,60,56
6655,532,13,100,2024-10-21 05:27:58.337000,89.0,81,75
6656,532,12,100,2024-10-21 05:27:58.337000,58.0,55,99
6657,532,20,100,2024-10-21 05:27:58.337000,66.0,99,76
6658,532,166,100,2024-10-21 05:27:58.337000,68.0,69,82
6659,532,106,100,2024-10-21 05:27:58.337000,53.0,67,80
6660,532,191,100,2024-10-21 05:27:58.337000,69.0,83,53
6661,532,15,100,2024-10-21 05:27:58.337000,77.0,50,93
6662,532,151,100,2024-10-21 05:27:58.337000,55.0,78,80
6663,532,141,100,2024-10-21 05:27:58.337000,98.0,63,51
6664,532,184,100,2024-10-21 05:27:58.337000,72.0,98,80
6665,532,2,100,2024-10-21 05:27:58.337000,59.0,78,55
6666,533,12,100,2024-10-21 05:27:58.337000,99.0,52,78
6667,533,17,100,2024-10-21 05:27:58.337000,85.0,60,58
6668,533,20,100,2024-10-21 05:27:58.337000,66.0,89,84
6669,533,13,100,2024-10-21 05:27:58.337000,72.0,87,63
6670,533,166,100,2024-10-21 05:27:58.337000,90.0,92,77
6671,533,114,100,2024-10-21 05:27:58.337000,87.0,92,89
6672,533,94,100,2024-10-21 05:27:58.337000,58.0,85,91
6673,533,103,100,2024-10-21 05:27:58.337000,86.0,60,76
6674,533,78,100,2024-10-21 05:27:58.337000,52.0,57,68
6675,533,46,100,2024-10-21 05:27:58.337000,76.0,73,62
6676,534,13,100,2024-10-21 05:27:58.337000,60.0,54,77
6677,534,12,100,2024-10-21 05:27:58.337000,100.0,92,79
6678,534,17,100,2024-10-21 05:27:58.337000,70.0,82,59
6679,534,166,100,2024-10-21 05:27:58.337000,89.0,72,86
6680,534,20,100,2024-10-21 05:27:58.337000,78.0,95,72
6681,534,131,100,2024-10-21 05:27:58.337000,61.0,78,60
6682,534,44,100,2024-10-21 05:27:58.337000,63.0,55,90
6683,534,180,100,2024-10-21 05:27:58.337000,66.0,81,81
6684,534,155,100,2024-10-21 05:27:58.337000,96.0,89,97
6685,534,178,100,2024-10-21 05:27:58.337000,63.0,95,86
6686,534,52,100,2024-10-21 05:27:58.337000,97.0,67,73
6687,534,185,100,2024-10-21 05:27:58.337000,54.0,60,76
6688,534,65,100,2024-10-21 05:27:58.337000,95.0,54,85
6689,535,166,100,2024-10-21 05:27:58.337000,81.0,94,73
6690,535,20,100,2024-10-21 05:27:58.337000,63.0,54,69
6691,535,12,100,2024-10-21 05:27:58.337000,72.0,73,88
6692,535,13,100,2024-10-21 05:27:58.337000,95.0,90,98
6693,535,17,100,2024-10-21 05:27:58.337000,66.0,64,69
6694,535,4,100,2024-10-21 05:27:58.337000,94.0,74,64
6695,535,107,100,2024-10-21 05:27:58.337000,96.0,93,98
6696,535,39,100,2024-10-21 05:27:58.337000,77.0,90,99
6697,535,36,100,2024-10-21 05:27:58.337000,93.0,75,57
6698,535,160,100,2024-10-21 05:27:58.337000,56.0,67,59
6699,535,191,100,2024-10-21 05:27:58.337000,96.0,59,53
6700,535,50,100,2024-10-21 05:27:58.337000,85.0,54,50
6701,535,57,100,2024-10-21 05:27:58.337000,100.0,78,50
6702,536,20,100,2024-10-21 05:27:58.337000,55.0,97,52
6703,536,13,100,2024-10-21 05:27:58.337000,65.0,82,51
6704,536,17,100,2024-10-21 05:27:58.337000,74.0,51,57
6705,536,166,100,2024-10-21 05:27:58.337000,81.0,62,53
6706,536,173,100,2024-10-21 05:27:58.337000,79.0,88,67
6707,536,84,100,2024-10-21 05:27:58.337000,77.0,87,98
6708,536,50,100,2024-10-21 05:27:58.337000,85.0,89,95
6709,536,80,100,2024-10-21 05:27:58.337000,91.0,97,63
6710,536,182,100,2024-10-21 05:27:58.337000,92.0,53,76
6711,536,103,100,2024-10-21 05:27:58.337000,100.0,73,63
6712,536,12,100,2024-10-21 05:27:58.337000,72.0,87,83
6713,536,27,100,2024-10-21 05:27:58.337000,72.0,62,53
6714,537,20,100,2024-10-21 05:27:58.337000,99.0,98,78
6715,537,166,100,2024-10-21 05:27:58.337000,63.0,93,54
6716,537,17,100,2024-10-21 05:27:58.337000,97.0,95,65
6717,537,13,100,2024-10-21 05:27:58.337000,71.0,100,76
6718,537,12,100,2024-10-21 05:27:58.337000,77.0,89,67
6719,537,93,100,2024-10-21 05:27:58.337000,63.0,95,79
6720,537,165,100,2024-10-21 05:27:58.337000,65.0,67,99
6721,537,129,100,2024-10-21 05:27:58.337000,98.0,65,68
6722,537,31,100,2024-10-21 05:27:58.337000,86.0,86,51
6723,537,1,100,2024-10-21 05:27:58.337000,66.0,79,59
6724,537,3,100,2024-10-21 05:27:58.337000,95.0,93,98
6725,537,81,100,2024-10-21 05:27:58.337000,98.0,97,82
6726,538,166,100,2024-10-21 05:27:58.337000,88.0,59,50
6727,538,13,100,2024-10-21 05:27:58.337000,75.0,68,66
6728,538,17,100,2024-10-21 05:27:58.337000,62.0,71,72
6729,538,12,100,2024-10-21 05:27:58.337000,70.0,70,53
6730,538,20,100,2024-10-21 05:27:58.337000,59.0,60,57
6731,538,85,100,2024-10-21 05:27:58.337000,80.0,62,84
6732,538,51,100,2024-10-21 05:27:58.337000,96.0,97,71
6733,538,115,100,2024-10-21 05:27:58.337000,94.0,68,54
6734,538,89,100,2024-10-21 05:27:58.337000,74.0,53,52
6735,538,158,100,2024-10-21 05:27:58.337000,59.0,50,94
6736,538,92,100,2024-10-21 05:27:58.337000,95.0,91,91
6737,538,150,100,2024-10-21 05:27:58.337000,99.0,58,76
6738,538,16,100,2024-10-21 05:27:58.337000,99.0,87,85
6739,539,17,100,2024-10-21 05:27:58.337000,98.0,63,82
6740,539,20,100,2024-10-21 05:27:58.337000,89.0,74,62
6741,539,12,100,2024-10-21 05:27:58.337000,61.0,50,57
6742,539,166,100,2024-10-21 05:27:58.337000,54.0,88,85
6743,539,13,100,2024-10-21 05:27:58.337000,100.0,88,89
6744,539,79,100,2024-10-21 05:27:58.337000,62.0,71,63
6745,539,42,100,2024-10-21 05:27:58.337000,86.0,52,88
6746,539,167,100,2024-10-21 05:27:58.337000,90.0,95,52
6747,539,168,100,2024-10-21 05:27:58.337000,58.0,68,98
6748,539,195,100,2024-10-21 05:27:58.337000,58.0,95,71
6749,540,17,100,2024-10-21 05:27:58.337000,61.0,81,61
6750,540,12,100,2024-10-21 05:27:58.337000,89.0,79,74
6751,540,20,100,2024-10-21 05:27:58.337000,67.0,68,72
6752,540,13,100,2024-10-21 05:27:58.337000,81.0,74,76
6753,540,166,100,2024-10-21 05:27:58.337000,78.0,76,50
6754,540,47,100,2024-10-21 05:27:58.337000,59.0,73,64
6755,540,195,100,2024-10-21 05:27:58.337000,89.0,91,83
6756,540,161,100,2024-10-21 05:27:58.337000,64.0,89,71
6757,540,48,100,2024-10-21 05:27:58.337000,55.0,76,69
6758,540,58,100,2024-10-21 05:27:58.337000,58.0,80,82
6759,540,132,100,2024-10-21 05:27:58.337000,63.0,92,56
6760,540,193,100,2024-10-21 05:27:58.337000,70.0,79,81
6761,540,168,100,2024-10-21 05:27:58.337000,82.0,95,83
6762,540,128,100,2024-10-21 05:27:58.337000,52.0,86,77
6763,540,75,100,2024-10-21 05:27:58.337000,76.0,65,53
6764,541,166,100,2024-10-21 05:27:58.337000,91.0,55,52
6765,541,20,100,2024-10-21 05:27:58.337000,63.0,99,65
6766,541,13,100,2024-10-21 05:27:58.337000,54.0,75,97
6767,541,17,100,2024-10-21 05:27:58.337000,84.0,82,79
6768,541,12,100,2024-10-21 05:27:58.337000,63.0,93,87
6769,541,182,100,2024-10-21 05:27:58.337000,84.0,62,57
6770,541,11,100,2024-10-21 05:27:58.337000,98.0,87,66
6771,541,77,100,2024-10-21 05:27:58.337000,92.0,93,59
6772,541,22,100,2024-10-21 05:27:58.337000,51.0,84,59
6773,541,36,100,2024-10-21 05:27:58.337000,87.0,53,91
6774,541,180,100,2024-10-21 05:27:58.337000,95.0,65,97
6775,541,147,100,2024-10-21 05:27:58.337000,93.0,92,96
6776,541,84,100,2024-10-21 05:27:58.337000,73.0,77,66
6777,541,46,100,2024-10-21 05:27:58.337000,91.0,55,57
6778,541,103,100,2024-10-21 05:27:58.337000,87.0,56,68
6779,542,12,100,2024-10-21 05:27:58.337000,94.0,93,93
6780,542,166,100,2024-10-21 05:27:58.337000,61.0,92,86
6781,542,20,100,2024-10-21 05:27:58.337000,81.0,76,64
6782,542,13,100,2024-10-21 05:27:58.337000,93.0,73,84
6783,542,156,100,2024-10-21 05:27:58.337000,53.0,50,75
6784,542,78,100,2024-10-21 05:27:58.337000,53.0,57,70
6785,542,124,100,2024-10-21 05:27:58.337000,58.0,95,88
6786,542,92,100,2024-10-21 05:27:58.337000,57.0,81,96
6787,542,99,100,2024-10-21 05:27:58.337000,67.0,85,55
6788,542,21,100,2024-10-21 05:27:58.337000,76.0,61,50
6789,542,192,100,2024-10-21 05:27:58.337000,97.0,65,85
6790,542,34,100,2024-10-21 05:27:58.337000,63.0,80,72
6791,542,57,100,2024-10-21 05:27:58.337000,63.0,76,57
6792,542,190,100,2024-10-21 05:27:58.337000,91.0,52,67
6793,543,13,100,2024-10-21 05:27:58.337000,99.0,58,59
6794,543,12,100,2024-10-21 05:27:58.337000,57.0,75,54
6795,543,166,100,2024-10-21 05:27:58.337000,83.0,78,51
6796,543,17,100,2024-10-21 05:27:58.337000,93.0,68,78
6797,543,20,100,2024-10-21 05:27:58.337000,63.0,56,87
6798,543,118,100,2024-10-21 05:27:58.337000,94.0,67,78
6799,543,52,100,2024-10-21 05:27:58.337000,61.0,58,82
6800,543,93,100,2024-10-21 05:27:58.337000,66.0,92,83
6801,543,190,100,2024-10-21 05:27:58.337000,68.0,64,89
6802,543,182,100,2024-10-21 05:27:58.337000,86.0,63,89
6803,543,18,100,2024-10-21 05:27:58.337000,92.0,71,94
6804,544,20,100,2024-10-21 05:27:58.337000,72.0,67,64
6805,544,17,100,2024-10-21 05:27:58.337000,73.0,57,58
6806,544,12,100,2024-10-21 05:27:58.337000,62.0,86,60
6807,544,13,100,2024-10-21 05:27:58.337000,71.0,92,85
6808,544,166,100,2024-10-21 05:27:58.337000,76.0,64,50
6809,544,37,100,2024-10-21 05:27:58.337000,71.0,55,65
6810,544,96,100,2024-10-21 05:27:58.337000,67.0,67,91
6811,544,63,100,2024-10-21 05:27:58.337000,75.0,76,81
6812,544,50,100,2024-10-21 05:27:58.337000,57.0,56,84
6813,544,25,100,2024-10-21 05:27:58.337000,61.0,74,58
6814,544,94,100,2024-10-21 05:27:58.337000,70.0,78,52
6815,544,114,100,2024-10-21 05:27:58.337000,98.0,80,57
6816,544,77,100,2024-10-21 05:27:58.337000,80.0,75,93
6817,545,166,100,2024-10-21 05:27:58.338000,73.0,53,78
6818,545,13,100,2024-10-21 05:27:58.338000,66.0,87,64
6819,545,20,100,2024-10-21 05:27:58.338000,60.0,76,99
6820,545,17,100,2024-10-21 05:27:58.338000,91.0,76,79
6821,545,93,100,2024-10-21 05:27:58.338000,88.0,89,63
6822,545,28,100,2024-10-21 05:27:58.338000,95.0,51,76
6823,545,21,100,2024-10-21 05:27:58.338000,96.0,84,65
6824,545,110,100,2024-10-21 05:27:58.338000,84.0,72,67
6825,545,18,100,2024-10-21 05:27:58.338000,88.0,66,98
6826,545,172,100,2024-10-21 05:27:58.338000,64.0,81,83
6827,545,105,100,2024-10-21 05:27:58.338000,81.0,91,76
6828,545,41,100,2024-10-21 05:27:58.338000,52.0,83,82
6829,545,184,100,2024-10-21 05:27:58.338000,81.0,92,77
6830,545,137,100,2024-10-21 05:27:58.338000,93.0,100,51
6831,546,13,100,2024-10-21 05:27:58.338000,73.0,99,97
6832,546,166,100,2024-10-21 05:27:58.338000,92.0,87,55
6833,546,17,100,2024-10-21 05:27:58.338000,94.0,77,69
6834,546,20,100,2024-10-21 05:27:58.338000,66.0,51,79
6835,546,12,100,2024-10-21 05:27:58.338000,93.0,63,57
6836,546,138,100,2024-10-21 05:27:58.338000,60.0,68,66
6837,546,65,100,2024-10-21 05:27:58.338000,51.0,68,72
6838,546,116,100,2024-10-21 05:27:58.338000,51.0,90,51
6839,546,22,100,2024-10-21 05:27:58.338000,69.0,69,69
6840,546,60,100,2024-10-21 05:27:58.338000,62.0,74,67
6841,547,12,100,2024-10-21 05:27:58.338000,56.0,76,87
6842,547,20,100,2024-10-21 05:27:58.338000,88.0,86,77
6843,547,13,100,2024-10-21 05:27:58.338000,92.0,68,62
6844,547,17,100,2024-10-21 05:27:58.338000,56.0,60,67
6845,547,166,100,2024-10-21 05:27:58.338000,86.0,82,96
6846,547,41,100,2024-10-21 05:27:58.338000,54.0,58,77
6847,547,38,100,2024-10-21 05:27:58.338000,91.0,87,62
6848,547,138,100,2024-10-21 05:27:58.338000,63.0,61,76
6849,547,95,100,2024-10-21 05:27:58.338000,55.0,81,54
6850,547,66,100,2024-10-21 05:27:58.338000,83.0,91,69
6851,547,18,100,2024-10-21 05:27:58.338000,84.0,70,72
6852,547,148,100,2024-10-21 05:27:58.338000,61.0,85,87
6853,547,49,100,2024-10-21 05:27:58.338000,84.0,71,61
6854,547,121,100,2024-10-21 05:27:58.338000,82.0,53,85
6855,548,20,100,2024-10-21 05:27:58.338000,58.0,85,59
6856,548,12,100,2024-10-21 05:27:58.338000,56.0,93,58
6857,548,166,100,2024-10-21 05:27:58.338000,58.0,84,98
6858,548,17,100,2024-10-21 05:27:58.338000,69.0,57,69
6859,548,13,100,2024-10-21 05:27:58.338000,51.0,87,66
6860,548,90,100,2024-10-21 05:27:58.338000,76.0,67,100
6861,548,30,100,2024-10-21 05:27:58.338000,76.0,61,71
6862,548,21,100,2024-10-21 05:27:58.338000,83.0,64,88
6863,548,127,100,2024-10-21 05:27:58.338000,54.0,96,61
6864,548,150,100,2024-10-21 05:27:58.338000,54.0,60,58
6865,548,92,100,2024-10-21 05:27:58.338000,56.0,56,82
6866,548,120,100,2024-10-21 05:27:58.338000,74.0,81,78
6867,548,107,100,2024-10-21 05:27:58.338000,80.0,57,94
6868,549,166,100,2024-10-21 05:27:58.338000,63.0,83,76
6869,549,13,100,2024-10-21 05:27:58.338000,54.0,57,96
6870,549,12,100,2024-10-21 05:27:58.338000,92.0,83,87
6871,549,20,100,2024-10-21 05:27:58.338000,53.0,99,66
6872,549,17,100,2024-10-21 05:27:58.338000,94.0,90,70
6873,549,32,100,2024-10-21 05:27:58.338000,81.0,70,55
6874,549,72,100,2024-10-21 05:27:58.338000,94.0,98,82
6875,549,150,100,2024-10-21 05:27:58.338000,69.0,66,92
6876,549,153,100,2024-10-21 05:27:58.338000,54.0,70,60
6877,549,105,100,2024-10-21 05:27:58.338000,56.0,89,92
6878,550,166,100,2024-10-21 05:27:58.338000,79.0,75,92
6879,550,20,100,2024-10-21 05:27:58.338000,58.0,79,91
6880,550,17,100,2024-10-21 05:27:58.338000,52.0,52,65
6881,550,13,100,2024-10-21 05:27:58.338000,53.0,85,51
6882,550,12,100,2024-10-21 05:27:58.338000,80.0,51,81
6883,550,136,100,2024-10-21 05:27:58.338000,100.0,71,82
6884,550,65,100,2024-10-21 05:27:58.338000,64.0,84,83
6885,550,6,100,2024-10-21 05:27:58.338000,58.0,67,100
6886,550,149,100,2024-10-21 05:27:58.338000,52.0,60,78
6887,550,129,100,2024-10-21 05:27:58.338000,61.0,74,86
6888,550,43,100,2024-10-21 05:27:58.338000,68.0,89,93
6889,550,93,100,2024-10-21 05:27:58.338000,70.0,72,57
6890,550,170,100,2024-10-21 05:27:58.338000,74.0,90,81
6891,551,13,100,2024-10-21 05:27:58.338000,95.0,98,89
6892,551,17,100,2024-10-21 05:27:58.338000,77.0,59,97
6893,551,12,100,2024-10-21 05:27:58.338000,98.0,84,86
6894,551,166,100,2024-10-21 05:27:58.338000,92.0,62,98
6895,551,143,100,2024-10-21 05:27:58.338000,57.0,91,55
6896,551,38,100,2024-10-21 05:27:58.338000,98.0,88,57
6897,551,78,100,2024-10-21 05:27:58.338000,64.0,51,98
6898,551,20,100,2024-10-21 05:27:58.338000,87.0,54,55
6899,551,168,100,2024-10-21 05:27:58.338000,100.0,94,74
6900,551,138,100,2024-10-21 05:27:58.338000,95.0,54,90
6901,552,13,100,2024-10-21 05:27:58.338000,65.0,72,98
6902,552,166,100,2024-10-21 05:27:58.338000,97.0,76,73
6903,552,12,100,2024-10-21 05:27:58.338000,60.0,53,52
6904,552,17,100,2024-10-21 05:27:58.338000,84.0,88,57
6905,552,20,100,2024-10-21 05:27:58.338000,88.0,63,66
6906,552,81,100,2024-10-21 05:27:58.338000,53.0,74,53
6907,552,167,100,2024-10-21 05:27:58.338000,61.0,67,68
6908,552,5,100,2024-10-21 05:27:58.338000,65.0,87,74
6909,552,193,100,2024-10-21 05:27:58.338000,51.0,92,94
6910,552,73,100,2024-10-21 05:27:58.338000,89.0,74,65
6911,552,184,100,2024-10-21 05:27:58.338000,52.0,77,74
6912,552,170,100,2024-10-21 05:27:58.338000,62.0,89,66
6913,552,158,100,2024-10-21 05:27:58.338000,86.0,96,66
6914,552,177,100,2024-10-21 05:27:58.338000,96.0,90,73
6915,552,139,100,2024-10-21 05:27:58.338000,98.0,81,84
6916,553,166,100,2024-10-21 05:27:58.338000,96.0,61,96
6917,553,17,100,2024-10-21 05:27:58.338000,59.0,78,57
6918,553,20,100,2024-10-21 05:27:58.338000,82.0,52,50
6919,553,13,100,2024-10-21 05:27:58.338000,96.0,58,52
6920,553,12,100,2024-10-21 05:27:58.338000,57.0,65,55
6921,553,36,100,2024-10-21 05:27:58.338000,56.0,68,95
6922,553,128,100,2024-10-21 05:27:58.338000,97.0,70,84
6923,553,79,100,2024-10-21 05:27:58.338000,95.0,86,85
6924,553,76,100,2024-10-21 05:27:58.338000,77.0,65,82
6925,553,27,100,2024-10-21 05:27:58.338000,51.0,87,62
6926,554,17,100,2024-10-21 05:27:58.338000,62.0,67,60
6927,554,12,100,2024-10-21 05:27:58.338000,90.0,99,66
6928,554,166,100,2024-10-21 05:27:58.338000,89.0,81,72
6929,554,13,100,2024-10-21 05:27:58.338000,56.0,80,81
6930,554,20,100,2024-10-21 05:27:58.338000,90.0,79,73
6931,554,106,100,2024-10-21 05:27:58.338000,81.0,69,93
6932,554,195,100,2024-10-21 05:27:58.338000,88.0,88,93
6933,554,123,100,2024-10-21 05:27:58.338000,56.0,82,80
6934,554,140,100,2024-10-21 05:27:58.338000,79.0,90,100
6935,554,183,100,2024-10-21 05:27:58.338000,65.0,83,91
6936,554,26,100,2024-10-21 05:27:58.338000,64.0,79,51
6937,554,163,100,2024-10-21 05:27:58.338000,96.0,86,70
6938,554,93,100,2024-10-21 05:27:58.338000,98.0,59,81
6939,555,13,100,2024-10-21 05:27:58.338000,78.0,98,90
6940,555,12,100,2024-10-21 05:27:58.338000,63.0,83,70
6941,555,166,100,2024-10-21 05:27:58.338000,58.0,61,72
6942,555,20,100,2024-10-21 05:27:58.338000,85.0,70,77
6943,555,191,100,2024-10-21 05:27:58.338000,79.0,81,72
6944,555,95,100,2024-10-21 05:27:58.338000,75.0,89,68
6945,555,60,100,2024-10-21 05:27:58.338000,75.0,73,68
6946,555,170,100,2024-10-21 05:27:58.338000,52.0,98,71
6947,555,6,100,2024-10-21 05:27:58.338000,57.0,60,57
6948,555,126,100,2024-10-21 05:27:58.338000,63.0,73,75
6949,555,131,100,2024-10-21 05:27:58.338000,79.0,84,86
6950,555,80,100,2024-10-21 05:27:58.338000,51.0,64,87
6951,555,128,100,2024-10-21 05:27:58.338000,100.0,97,83
6952,556,13,100,2024-10-21 05:27:58.338000,74.0,98,67
6953,556,12,100,2024-10-21 05:27:58.338000,56.0,98,59
6954,556,166,100,2024-10-21 05:27:58.338000,86.0,77,73
6955,556,20,100,2024-10-21 05:27:58.338000,82.0,62,58
6956,556,17,100,2024-10-21 05:27:58.338000,70.0,83,67
6957,556,159,100,2024-10-21 05:27:58.338000,85.0,90,80
6958,556,149,100,2024-10-21 05:27:58.338000,65.0,51,78
6959,556,39,100,2024-10-21 05:27:58.338000,53.0,66,78
6960,556,121,100,2024-10-21 05:27:58.338000,69.0,58,70
6961,556,56,100,2024-10-21 05:27:58.338000,63.0,90,54
6962,556,128,100,2024-10-21 05:27:58.338000,86.0,69,82
6963,556,102,100,2024-10-21 05:27:58.338000,93.0,59,84
6964,556,93,100,2024-10-21 05:27:58.338000,98.0,70,75
6965,557,13,100,2024-10-21 05:27:58.338000,67.0,59,95
6966,557,20,100,2024-10-21 05:27:58.338000,67.0,90,83
6967,557,166,100,2024-10-21 05:27:58.338000,61.0,74,73
6968,557,12,100,2024-10-21 05:27:58.338000,57.0,95,62
6969,557,17,100,2024-10-21 05:27:58.338000,93.0,65,90
6970,557,102,100,2024-10-21 05:27:58.338000,50.0,68,53
6971,557,11,100,2024-10-21 05:27:58.338000,90.0,90,85
6972,557,4,100,2024-10-21 05:27:58.338000,73.0,86,75
6973,557,163,100,2024-10-21 05:27:58.338000,63.0,56,73
6974,557,191,100,2024-10-21 05:27:58.338000,63.0,79,86
6975,557,93,100,2024-10-21 05:27:58.338000,59.0,97,96
6976,558,17,100,2024-10-21 05:27:58.339000,71.0,100,77
6977,558,166,100,2024-10-21 05:27:58.339000,97.0,53,66
6978,558,12,100,2024-10-21 05:27:58.339000,79.0,56,56
6979,558,20,100,2024-10-21 05:27:58.339000,63.0,96,67
6980,558,13,100,2024-10-21 05:27:58.339000,51.0,57,60
6981,558,170,100,2024-10-21 05:27:58.339000,63.0,62,54
6982,558,148,100,2024-10-21 05:27:58.339000,75.0,88,69
6983,558,68,100,2024-10-21 05:27:58.339000,60.0,69,62
6984,558,6,100,2024-10-21 05:27:58.339000,62.0,72,53
6985,558,8,100,2024-10-21 05:27:58.339000,76.0,96,54
6986,558,164,100,2024-10-21 05:27:58.339000,76.0,61,62
6987,559,17,100,2024-10-21 05:27:58.339000,100.0,90,91
6988,559,13,100,2024-10-21 05:27:58.339000,81.0,95,82
6989,559,20,100,2024-10-21 05:27:58.339000,91.0,53,92
6990,559,12,100,2024-10-21 05:27:58.339000,83.0,51,99
6991,559,141,100,2024-10-21 05:27:58.339000,85.0,51,99
6992,559,110,100,2024-10-21 05:27:58.339000,62.0,69,69
6993,559,37,100,2024-10-21 05:27:58.339000,82.0,98,89
6994,559,174,100,2024-10-21 05:27:58.339000,79.0,90,68
6995,559,60,100,2024-10-21 05:27:58.339000,58.0,75,90
6996,559,152,100,2024-10-21 05:27:58.339000,87.0,60,98
6997,560,20,100,2024-10-21 05:27:58.339000,94.0,76,81
6998,560,12,100,2024-10-21 05:27:58.339000,54.0,67,81
6999,560,166,100,2024-10-21 05:27:58.339000,60.0,76,73
7000,560,13,100,2024-10-21 05:27:58.339000,89.0,52,82
7001,560,27,100,2024-10-21 05:27:58.339000,89.0,63,62
7002,560,186,100,2024-10-21 05:27:58.339000,51.0,71,97
7003,560,177,100,2024-10-21 05:27:58.339000,51.0,92,74
7004,560,40,100,2024-10-21 05:27:58.339000,94.0,87,73
7005,560,160,100,2024-10-21 05:27:58.339000,79.0,69,75
7006,560,82,100,2024-10-21 05:27:58.339000,58.0,75,100
7007,561,17,100,2024-10-21 05:27:58.339000,92.0,54,76
7008,561,12,100,2024-10-21 05:27:58.339000,93.0,96,95
7009,561,13,100,2024-10-21 05:27:58.339000,78.0,55,79
7010,561,20,100,2024-10-21 05:27:58.339000,84.0,76,74
7011,561,166,100,2024-10-21 05:27:58.339000,78.0,50,79
7012,561,28,100,2024-10-21 05:27:58.339000,100.0,52,79
7013,561,192,100,2024-10-21 05:27:58.339000,59.0,54,78
7014,561,8,100,2024-10-21 05:27:58.339000,53.0,55,90
7015,561,72,100,2024-10-21 05:27:58.339000,96.0,53,95
7016,561,160,100,2024-10-21 05:27:58.339000,88.0,70,78
7017,562,166,100,2024-10-21 05:27:58.339000,61.0,83,97
7018,562,17,100,2024-10-21 05:27:58.339000,60.0,98,99
7019,562,13,100,2024-10-21 05:27:58.339000,93.0,95,70
7020,562,20,100,2024-10-21 05:27:58.339000,100.0,95,93
7021,562,12,100,2024-10-21 05:27:58.339000,87.0,64,92
7022,562,195,100,2024-10-21 05:27:58.339000,75.0,91,79
7023,562,123,100,2024-10-21 05:27:58.339000,65.0,75,75
7024,562,183,100,2024-10-21 05:27:58.339000,61.0,81,53
7025,562,50,100,2024-10-21 05:27:58.339000,65.0,83,98
7026,562,112,100,2024-10-21 05:27:58.339000,58.0,80,85
7027,562,149,100,2024-10-21 05:27:58.339000,56.0,77,89
7028,563,166,100,2024-10-21 05:27:58.339000,85.0,81,81
7029,563,20,100,2024-10-21 05:27:58.339000,90.0,54,72
7030,563,17,100,2024-10-21 05:27:58.339000,89.0,83,93
7031,563,12,100,2024-10-21 05:27:58.339000,95.0,86,91
7032,563,13,100,2024-10-21 05:27:58.339000,88.0,89,94
7033,563,151,100,2024-10-21 05:27:58.339000,60.0,83,76
7034,563,176,100,2024-10-21 05:27:58.339000,84.0,54,94
7035,563,68,100,2024-10-21 05:27:58.339000,57.0,52,81
7036,563,97,100,2024-10-21 05:27:58.339000,66.0,75,67
7037,563,16,100,2024-10-21 05:27:58.339000,73.0,65,81
7038,563,185,100,2024-10-21 05:27:58.339000,79.0,88,91
7039,563,74,100,2024-10-21 05:27:58.339000,71.0,90,72
7040,563,30,100,2024-10-21 05:27:58.339000,93.0,89,88
7041,563,94,100,2024-10-21 05:27:58.339000,99.0,58,57
7042,563,111,100,2024-10-21 05:27:58.339000,51.0,76,65
7043,564,17,100,2024-10-21 05:27:58.339000,85.0,63,53
7044,564,12,100,2024-10-21 05:27:58.339000,69.0,65,72
7045,564,20,100,2024-10-21 05:27:58.339000,92.0,65,52
7046,564,166,100,2024-10-21 05:27:58.339000,67.0,96,69
7047,564,13,100,2024-10-21 05:27:58.339000,98.0,87,74
7048,564,36,100,2024-10-21 05:27:58.339000,88.0,72,85
7049,564,169,100,2024-10-21 05:27:58.339000,55.0,52,93
7050,564,139,100,2024-10-21 05:27:58.339000,85.0,91,91
7051,564,132,100,2024-10-21 05:27:58.339000,98.0,91,78
7052,564,135,100,2024-10-21 05:27:58.339000,62.0,70,55
7053,565,166,100,2024-10-21 05:27:58.339000,92.0,56,83
7054,565,20,100,2024-10-21 05:27:58.339000,55.0,70,96
7055,565,17,100,2024-10-21 05:27:58.339000,98.0,62,85
7056,565,12,100,2024-10-21 05:27:58.339000,71.0,96,59
7057,565,13,100,2024-10-21 05:27:58.339000,58.0,76,96
7058,565,3,100,2024-10-21 05:27:58.339000,75.0,60,91
7059,565,84,100,2024-10-21 05:27:58.339000,89.0,71,64
7060,565,133,100,2024-10-21 05:27:58.339000,92.0,94,89
7061,565,170,100,2024-10-21 05:27:58.339000,86.0,64,50
7062,565,182,100,2024-10-21 05:27:58.339000,83.0,50,67
7063,565,74,100,2024-10-21 05:27:58.339000,59.0,58,88
7064,565,49,100,2024-10-21 05:27:58.339000,75.0,68,94
7065,565,109,100,2024-10-21 05:27:58.339000,62.0,71,70
7066,565,185,100,2024-10-21 05:27:58.339000,97.0,65,86
7067,565,177,100,2024-10-21 05:27:58.339000,64.0,59,55
7068,566,166,100,2024-10-21 05:27:58.339000,55.0,77,69
7069,566,20,100,2024-10-21 05:27:58.339000,55.0,84,91
7070,566,12,100,2024-10-21 05:27:58.339000,58.0,65,93
7071,566,13,100,2024-10-21 05:27:58.339000,94.0,64,57
7072,566,133,100,2024-10-21 05:27:58.339000,85.0,53,93
7073,566,59,100,2024-10-21 05:27:58.339000,57.0,74,85
7074,566,32,100,2024-10-21 05:27:58.339000,99.0,70,64
7075,566,98,100,2024-10-21 05:27:58.339000,59.0,60,58
7076,566,22,100,2024-10-21 05:27:58.339000,59.0,74,57
7077,566,23,100,2024-10-21 05:27:58.339000,77.0,81,50
7078,566,123,100,2024-10-21 05:27:58.339000,87.0,95,66
7079,566,120,100,2024-10-21 05:27:58.339000,88.0,90,66
7080,566,77,100,2024-10-21 05:27:58.339000,98.0,65,58
7081,567,20,100,2024-10-21 05:27:58.339000,80.0,91,97
7082,567,166,100,2024-10-21 05:27:58.339000,73.0,79,72
7083,567,12,100,2024-10-21 05:27:58.339000,70.0,72,68
7084,567,17,100,2024-10-21 05:27:58.339000,91.0,97,63
7085,567,13,100,2024-10-21 05:27:58.339000,85.0,87,91
7086,567,3,100,2024-10-21 05:27:58.339000,60.0,87,92
7087,567,41,100,2024-10-21 05:27:58.339000,98.0,79,100
7088,567,198,100,2024-10-21 05:27:58.339000,83.0,61,59
7089,567,86,100,2024-10-21 05:27:58.339000,80.0,89,69
7090,567,190,100,2024-10-21 05:27:58.339000,57.0,57,62
7091,567,80,100,2024-10-21 05:27:58.339000,78.0,53,77
7092,568,166,100,2024-10-21 05:27:58.339000,69.0,71,94
7093,568,17,100,2024-10-21 05:27:58.339000,82.0,92,99
7094,568,20,100,2024-10-21 05:27:58.339000,52.0,60,71
7095,568,13,100,2024-10-21 05:27:58.339000,99.0,99,74
7096,568,41,100,2024-10-21 05:27:58.339000,62.0,90,75
7097,568,35,100,2024-10-21 05:27:58.339000,52.0,68,62
7098,568,11,100,2024-10-21 05:27:58.339000,89.0,69,56
7099,568,134,100,2024-10-21 05:27:58.339000,64.0,88,64
7100,568,107,100,2024-10-21 05:27:58.339000,95.0,65,85
7101,568,21,100,2024-10-21 05:27:58.339000,51.0,53,66
7102,568,48,100,2024-10-21 05:27:58.339000,99.0,52,60
7103,568,67,100,2024-10-21 05:27:58.339000,98.0,64,93
7104,568,110,100,2024-10-21 05:27:58.339000,78.0,70,63
7105,568,15,100,2024-10-21 05:27:58.339000,89.0,92,90
7106,568,106,100,2024-10-21 05:27:58.339000,94.0,78,87
7107,569,17,100,2024-10-21 05:27:58.339000,64.0,100,68
7108,569,13,100,2024-10-21 05:27:58.339000,54.0,66,90
7109,569,166,100,2024-10-21 05:27:58.339000,88.0,76,80
7110,569,20,100,2024-10-21 05:27:58.339000,64.0,73,70
7111,569,12,100,2024-10-21 05:27:58.339000,52.0,100,85
7112,569,71,100,2024-10-21 05:27:58.339000,56.0,61,60
7113,569,119,100,2024-10-21 05:27:58.339000,93.0,100,85
7114,569,26,100,2024-10-21 05:27:58.339000,66.0,67,99
7115,569,61,100,2024-10-21 05:27:58.339000,71.0,51,75
7116,569,115,100,2024-10-21 05:27:58.339000,91.0,70,98
7117,569,161,100,2024-10-21 05:27:58.339000,55.0,53,93
7118,569,128,100,2024-10-21 05:27:58.339000,63.0,53,52
7119,569,89,100,2024-10-21 05:27:58.339000,90.0,55,96
7120,569,32,100,2024-10-21 05:27:58.339000,98.0,92,89
7121,569,141,100,2024-10-21 05:27:58.339000,90.0,57,52
7122,570,17,100,2024-10-21 05:27:58.339000,85.0,100,78
7123,570,13,100,2024-10-21 05:27:58.339000,79.0,63,99
7124,570,20,100,2024-10-21 05:27:58.339000,66.0,78,88
7125,570,166,100,2024-10-21 05:27:58.339000,97.0,73,54
7126,570,12,100,2024-10-21 05:27:58.339000,84.0,50,97
7127,570,76,100,2024-10-21 05:27:58.339000,54.0,85,55
7128,570,178,100,2024-10-21 05:27:58.339000,82.0,99,88
7129,570,139,100,2024-10-21 05:27:58.339000,83.0,52,69
7130,570,105,100,2024-10-21 05:27:58.339000,50.0,94,58
7131,570,198,100,2024-10-21 05:27:58.339000,90.0,76,85
7132,570,143,100,2024-10-21 05:27:58.339000,76.0,80,98
7133,570,110,100,2024-10-21 05:27:58.340000,59.0,90,86
7134,570,162,100,2024-10-21 05:27:58.340000,88.0,85,68
7135,570,189,100,2024-10-21 05:27:58.340000,89.0,58,91
7136,570,4,100,2024-10-21 05:27:58.340000,100.0,94,68
7137,571,166,100,2024-10-21 05:27:58.340000,100.0,64,67
7138,571,12,100,2024-10-21 05:27:58.340000,74.0,67,97
7139,571,20,100,2024-10-21 05:27:58.340000,72.0,60,80
7140,571,17,100,2024-10-21 05:27:58.340000,58.0,98,63
7141,571,13,100,2024-10-21 05:27:58.340000,68.0,52,59
7142,571,114,100,2024-10-21 05:27:58.340000,55.0,98,59
7143,571,86,100,2024-10-21 05:27:58.340000,69.0,66,89
7144,571,171,100,2024-10-21 05:27:58.340000,75.0,98,58
7145,571,3,100,2024-10-21 05:27:58.340000,53.0,98,100
7146,571,135,100,2024-10-21 05:27:58.340000,80.0,89,94
7147,571,14,100,2024-10-21 05:27:58.340000,93.0,78,96
7148,571,179,100,2024-10-21 05:27:58.340000,60.0,61,95
7149,571,168,100,2024-10-21 05:27:58.340000,85.0,84,68
7150,571,190,100,2024-10-21 05:27:58.340000,94.0,92,61
7151,572,20,100,2024-10-21 05:27:58.340000,63.0,52,50
7152,572,166,100,2024-10-21 05:27:58.340000,97.0,57,81
7153,572,13,100,2024-10-21 05:27:58.340000,68.0,53,81
7154,572,12,100,2024-10-21 05:27:58.340000,64.0,56,100
7155,572,17,100,2024-10-21 05:27:58.340000,79.0,60,95
7156,572,75,100,2024-10-21 05:27:58.340000,58.0,53,52
7157,572,124,100,2024-10-21 05:27:58.340000,75.0,56,54
7158,572,21,100,2024-10-21 05:27:58.340000,87.0,76,68
7159,572,199,100,2024-10-21 05:27:58.340000,60.0,93,87
7160,572,196,100,2024-10-21 05:27:58.340000,75.0,74,72
7161,572,113,100,2024-10-21 05:27:58.340000,63.0,67,94
7162,572,173,100,2024-10-21 05:27:58.340000,86.0,50,74
7163,572,177,100,2024-10-21 05:27:58.340000,84.0,85,98
7164,572,24,100,2024-10-21 05:27:58.340000,86.0,94,65
7165,572,49,100,2024-10-21 05:27:58.340000,64.0,54,52
7166,573,20,100,2024-10-21 05:27:58.340000,58.0,59,95
7167,573,13,100,2024-10-21 05:27:58.340000,61.0,72,78
7168,573,17,100,2024-10-21 05:27:58.340000,65.0,90,80
7169,573,166,100,2024-10-21 05:27:58.340000,57.0,93,76
7170,573,12,100,2024-10-21 05:27:58.340000,54.0,95,71
7171,573,65,100,2024-10-21 05:27:58.340000,54.0,51,53
7172,573,113,100,2024-10-21 05:27:58.340000,80.0,57,77
7173,573,124,100,2024-10-21 05:27:58.340000,63.0,72,100
7174,573,164,100,2024-10-21 05:27:58.340000,52.0,57,94
7175,573,36,100,2024-10-21 05:27:58.340000,82.0,94,67
7176,573,101,100,2024-10-21 05:27:58.340000,90.0,93,86
7177,574,166,100,2024-10-21 05:27:58.340000,97.0,87,87
7178,574,17,100,2024-10-21 05:27:58.340000,65.0,96,96
7179,574,12,100,2024-10-21 05:27:58.340000,86.0,92,68
7180,574,20,100,2024-10-21 05:27:58.340000,97.0,87,92
7181,574,13,100,2024-10-21 05:27:58.340000,87.0,96,94
7182,574,98,100,2024-10-21 05:27:58.340000,92.0,92,68
7183,574,34,100,2024-10-21 05:27:58.340000,80.0,84,83
7184,574,141,100,2024-10-21 05:27:58.340000,78.0,82,52
7185,574,165,100,2024-10-21 05:27:58.340000,52.0,90,73
7186,574,49,100,2024-10-21 05:27:58.340000,56.0,91,70
7187,574,131,100,2024-10-21 05:27:58.340000,64.0,51,89
7188,574,93,100,2024-10-21 05:27:58.340000,100.0,96,93
7189,574,174,100,2024-10-21 05:27:58.340000,88.0,95,78
7190,575,20,100,2024-10-21 05:27:58.340000,92.0,95,73
7191,575,12,100,2024-10-21 05:27:58.340000,69.0,92,65
7192,575,17,100,2024-10-21 05:27:58.340000,98.0,50,73
7193,575,166,100,2024-10-21 05:27:58.340000,61.0,98,72
7194,575,13,100,2024-10-21 05:27:58.340000,92.0,56,70
7195,575,49,100,2024-10-21 05:27:58.340000,64.0,71,50
7196,575,124,100,2024-10-21 05:27:58.340000,64.0,74,85
7197,575,192,100,2024-10-21 05:27:58.340000,56.0,63,84
7198,575,64,100,2024-10-21 05:27:58.340000,85.0,78,86
7199,575,40,100,2024-10-21 05:27:58.340000,70.0,73,75
7200,575,184,100,2024-10-21 05:27:58.340000,76.0,52,61
7201,575,35,100,2024-10-21 05:27:58.340000,97.0,89,82
7202,575,157,100,2024-10-21 05:27:58.340000,81.0,65,80
7203,576,13,100,2024-10-21 05:27:58.340000,69.0,92,98
7204,576,17,100,2024-10-21 05:27:58.340000,90.0,50,65
7205,576,12,100,2024-10-21 05:27:58.340000,93.0,84,86
7206,576,166,100,2024-10-21 05:27:58.340000,77.0,97,68
7207,576,20,100,2024-10-21 05:27:58.340000,67.0,51,82
7208,576,69,100,2024-10-21 05:27:58.340000,81.0,53,69
7209,576,53,100,2024-10-21 05:27:58.340000,70.0,81,55
7210,576,101,100,2024-10-21 05:27:58.340000,92.0,68,76
7211,576,78,100,2024-10-21 05:27:58.340000,95.0,98,93
7212,576,24,100,2024-10-21 05:27:58.340000,63.0,50,59
7213,576,66,100,2024-10-21 05:27:58.340000,74.0,63,71
7214,576,146,100,2024-10-21 05:27:58.340000,68.0,77,84
7215,577,17,100,2024-10-21 05:27:58.340000,97.0,52,62
7216,577,166,100,2024-10-21 05:27:58.340000,66.0,91,85
7217,577,12,100,2024-10-21 05:27:58.340000,78.0,80,88
7218,577,20,100,2024-10-21 05:27:58.340000,64.0,60,98
7219,577,13,100,2024-10-21 05:27:58.340000,88.0,67,79
7220,577,44,100,2024-10-21 05:27:58.340000,86.0,70,93
7221,577,73,100,2024-10-21 05:27:58.340000,93.0,67,57
7222,577,117,100,2024-10-21 05:27:58.340000,90.0,100,77
7223,577,92,100,2024-10-21 05:27:58.340000,52.0,88,64
7224,577,154,100,2024-10-21 05:27:58.340000,72.0,77,82
7225,578,17,100,2024-10-21 05:27:58.340000,89.0,70,62
7226,578,13,100,2024-10-21 05:27:58.340000,66.0,71,78
7227,578,166,100,2024-10-21 05:27:58.340000,93.0,74,63
7228,578,12,100,2024-10-21 05:27:58.340000,74.0,92,56
7229,578,20,100,2024-10-21 05:27:58.340000,76.0,67,75
7230,578,11,100,2024-10-21 05:27:58.340000,56.0,75,82
7231,578,1,100,2024-10-21 05:27:58.340000,53.0,97,54
7232,578,179,100,2024-10-21 05:27:58.340000,88.0,55,58
7233,578,29,100,2024-10-21 05:27:58.340000,73.0,97,99
7234,578,30,100,2024-10-21 05:27:58.340000,62.0,81,50
7235,578,195,100,2024-10-21 05:27:58.340000,63.0,82,67
7236,578,148,100,2024-10-21 05:27:58.340000,58.0,82,76
7237,578,123,100,2024-10-21 05:27:58.340000,100.0,53,99
7238,578,2,100,2024-10-21 05:27:58.340000,71.0,66,71
7239,578,67,100,2024-10-21 05:27:58.340000,88.0,58,83
7240,579,20,100,2024-10-21 05:27:58.340000,86.0,80,50
7241,579,17,100,2024-10-21 05:27:58.340000,71.0,62,73
7242,579,12,100,2024-10-21 05:27:58.340000,89.0,100,56
7243,579,13,100,2024-10-21 05:27:58.340000,76.0,61,56
7244,579,166,100,2024-10-21 05:27:58.340000,52.0,70,87
7245,579,89,100,2024-10-21 05:27:58.340000,65.0,57,85
7246,579,169,100,2024-10-21 05:27:58.340000,67.0,62,60
7247,579,111,100,2024-10-21 05:27:58.340000,77.0,56,74
7248,579,167,100,2024-10-21 05:27:58.340000,52.0,72,99
7249,579,153,100,2024-10-21 05:27:58.340000,71.0,93,82
7250,579,9,100,2024-10-21 05:27:58.340000,70.0,88,87
7251,579,52,100,2024-10-21 05:27:58.340000,67.0,52,86
7252,579,26,100,2024-10-21 05:27:58.340000,93.0,83,56
7253,580,17,100,2024-10-21 05:27:58.340000,53.0,97,93
7254,580,166,100,2024-10-21 05:27:58.340000,98.0,74,74
7255,580,12,100,2024-10-21 05:27:58.340000,61.0,69,88
7256,580,13,100,2024-10-21 05:27:58.340000,66.0,85,59
7257,580,20,100,2024-10-21 05:27:58.340000,69.0,88,82
7258,580,168,100,2024-10-21 05:27:58.340000,91.0,66,81
7259,580,40,100,2024-10-21 05:27:58.340000,82.0,82,80
7260,580,173,100,2024-10-21 05:27:58.340000,88.0,76,51
7261,580,34,100,2024-10-21 05:27:58.340000,78.0,93,95
7262,580,113,100,2024-10-21 05:27:58.340000,70.0,76,81
7263,580,155,100,2024-10-21 05:27:58.340000,85.0,86,60
7264,580,179,100,2024-10-21 05:27:58.340000,88.0,90,97
7265,580,131,100,2024-10-21 05:27:58.340000,96.0,81,88
7266,580,130,100,2024-10-21 05:27:58.340000,98.0,52,89
7267,581,13,100,2024-10-21 05:27:58.340000,76.0,79,83
7268,581,166,100,2024-10-21 05:27:58.340000,92.0,93,97
7269,581,12,100,2024-10-21 05:27:58.340000,91.0,54,92
7270,581,20,100,2024-10-21 05:27:58.340000,70.0,52,85
7271,581,17,100,2024-10-21 05:27:58.340000,92.0,87,52
7272,581,120,100,2024-10-21 05:27:58.340000,82.0,79,58
7273,581,78,100,2024-10-21 05:27:58.340000,58.0,91,69
7274,581,109,100,2024-10-21 05:27:58.340000,86.0,80,54
7275,581,87,100,2024-10-21 05:27:58.340000,54.0,96,95
7276,581,165,100,2024-10-21 05:27:58.340000,84.0,99,63
7277,582,13,100,2024-10-21 05:27:58.340000,60.0,88,78
7278,582,12,100,2024-10-21 05:27:58.340000,99.0,86,54
7279,582,166,100,2024-10-21 05:27:58.340000,74.0,70,80
7280,582,17,100,2024-10-21 05:27:58.340000,76.0,85,89
7281,582,20,100,2024-10-21 05:27:58.340000,77.0,98,70
7282,582,4,100,2024-10-21 05:27:58.340000,63.0,50,59
7283,582,65,100,2024-10-21 05:27:58.340000,78.0,100,77
7284,582,176,100,2024-10-21 05:27:58.340000,81.0,98,88
7285,582,182,100,2024-10-21 05:27:58.340000,98.0,65,68
7286,582,47,100,2024-10-21 05:27:58.340000,75.0,99,72
7287,582,158,100,2024-10-21 05:27:58.340000,96.0,60,80
7288,582,51,100,2024-10-21 05:27:58.340000,70.0,81,84
7289,582,1,100,2024-10-21 05:27:58.340000,83.0,88,87
7290,583,20,100,2024-10-21 05:27:58.341000,96.0,54,66
7291,583,12,100,2024-10-21 05:27:58.341000,98.0,81,54
7292,583,166,100,2024-10-21 05:27:58.341000,62.0,85,84
7293,583,13,100,2024-10-21 05:27:58.341000,74.0,58,54
7294,583,17,100,2024-10-21 05:27:58.341000,91.0,71,50
7295,583,8,100,2024-10-21 05:27:58.341000,71.0,69,89
7296,583,29,100,2024-10-21 05:27:58.341000,55.0,89,58
7297,583,176,100,2024-10-21 05:27:58.341000,60.0,61,53
7298,583,110,100,2024-10-21 05:27:58.341000,53.0,52,70
7299,583,87,100,2024-10-21 05:27:58.341000,94.0,88,96
7300,583,100,100,2024-10-21 05:27:58.341000,87.0,87,63
7301,584,17,100,2024-10-21 05:27:58.341000,82.0,92,74
7302,584,12,100,2024-10-21 05:27:58.341000,67.0,81,74
7303,584,166,100,2024-10-21 05:27:58.341000,66.0,87,63
7304,584,13,100,2024-10-21 05:27:58.341000,79.0,52,93
7305,584,117,100,2024-10-21 05:27:58.341000,56.0,91,59
7306,584,172,100,2024-10-21 05:27:58.341000,95.0,65,71
7307,584,105,100,2024-10-21 05:27:58.341000,99.0,88,80
7308,584,165,100,2024-10-21 05:27:58.341000,95.0,51,79
7309,584,160,100,2024-10-21 05:27:58.341000,55.0,63,88
7310,584,93,100,2024-10-21 05:27:58.341000,61.0,99,80
7311,585,20,100,2024-10-21 05:27:58.341000,98.0,94,78
7312,585,166,100,2024-10-21 05:27:58.341000,63.0,63,68
7313,585,12,100,2024-10-21 05:27:58.341000,71.0,93,60
7314,585,17,100,2024-10-21 05:27:58.341000,99.0,86,60
7315,585,13,100,2024-10-21 05:27:58.341000,57.0,64,80
7316,585,22,100,2024-10-21 05:27:58.341000,58.0,76,52
7317,585,177,100,2024-10-21 05:27:58.341000,55.0,63,85
7318,585,148,100,2024-10-21 05:27:58.341000,82.0,71,95
7319,585,134,100,2024-10-21 05:27:58.341000,84.0,80,57
7320,585,43,100,2024-10-21 05:27:58.341000,81.0,95,68
7321,585,200,100,2024-10-21 05:27:58.341000,51.0,66,56
7322,585,98,100,2024-10-21 05:27:58.341000,51.0,87,90
7323,586,20,100,2024-10-21 05:27:58.341000,64.0,89,50
7324,586,166,100,2024-10-21 05:27:58.341000,91.0,83,84
7325,586,17,100,2024-10-21 05:27:58.341000,84.0,85,64
7326,586,12,100,2024-10-21 05:27:58.341000,75.0,65,70
7327,586,13,100,2024-10-21 05:27:58.341000,90.0,63,93
7328,586,170,100,2024-10-21 05:27:58.341000,71.0,53,72
7329,586,90,100,2024-10-21 05:27:58.341000,69.0,69,63
7330,586,196,100,2024-10-21 05:27:58.341000,69.0,94,100
7331,586,102,100,2024-10-21 05:27:58.341000,55.0,87,79
7332,586,29,100,2024-10-21 05:27:58.341000,52.0,77,77
7333,586,192,100,2024-10-21 05:27:58.341000,69.0,95,87
7334,586,92,100,2024-10-21 05:27:58.341000,62.0,68,82
7335,586,178,100,2024-10-21 05:27:58.341000,73.0,76,56
7336,586,75,100,2024-10-21 05:27:58.341000,80.0,60,55
7337,586,46,100,2024-10-21 05:27:58.341000,65.0,82,70
7338,587,20,100,2024-10-21 05:27:58.341000,86.0,74,64
7339,587,17,100,2024-10-21 05:27:58.341000,60.0,66,84
7340,587,166,100,2024-10-21 05:27:58.341000,66.0,100,100
7341,587,13,100,2024-10-21 05:27:58.341000,58.0,58,53
7342,587,12,100,2024-10-21 05:27:58.341000,73.0,69,91
7343,587,49,100,2024-10-21 05:27:58.341000,59.0,83,80
7344,587,174,100,2024-10-21 05:27:58.341000,82.0,83,50
7345,587,198,100,2024-10-21 05:27:58.341000,92.0,99,97
7346,587,31,100,2024-10-21 05:27:58.341000,82.0,95,81
7347,587,58,100,2024-10-21 05:27:58.341000,60.0,80,61
7348,587,133,100,2024-10-21 05:27:58.341000,67.0,56,84
7349,587,107,100,2024-10-21 05:27:58.341000,75.0,61,62
7350,587,69,100,2024-10-21 05:27:58.341000,57.0,93,83
7351,588,17,100,2024-10-21 05:27:58.341000,51.0,63,76
7352,588,13,100,2024-10-21 05:27:58.341000,90.0,59,61
7353,588,20,100,2024-10-21 05:27:58.341000,72.0,91,84
7354,588,166,100,2024-10-21 05:27:58.341000,53.0,72,92
7355,588,12,100,2024-10-21 05:27:58.341000,66.0,88,98
7356,588,165,100,2024-10-21 05:27:58.341000,65.0,62,67
7357,588,104,100,2024-10-21 05:27:58.341000,87.0,80,59
7358,588,86,100,2024-10-21 05:27:58.341000,95.0,87,55
7359,588,55,100,2024-10-21 05:27:58.341000,80.0,55,69
7360,588,3,100,2024-10-21 05:27:58.341000,64.0,81,98
7361,588,67,100,2024-10-21 05:27:58.341000,77.0,95,54
7362,588,164,100,2024-10-21 05:27:58.341000,70.0,91,78
7363,588,4,100,2024-10-21 05:27:58.341000,85.0,86,63
7364,588,110,100,2024-10-21 05:27:58.341000,76.0,71,59
7365,588,120,100,2024-10-21 05:27:58.341000,96.0,64,72
7366,589,12,100,2024-10-21 05:27:58.341000,96.0,67,67
7367,589,166,100,2024-10-21 05:27:58.341000,92.0,77,64
7368,589,20,100,2024-10-21 05:27:58.341000,93.0,85,66
7369,589,17,100,2024-10-21 05:27:58.341000,52.0,83,55
7370,589,13,100,2024-10-21 05:27:58.341000,81.0,55,58
7371,589,163,100,2024-10-21 05:27:58.341000,66.0,96,65
7372,589,132,100,2024-10-21 05:27:58.341000,93.0,68,58
7373,589,36,100,2024-10-21 05:27:58.341000,75.0,92,58
7374,589,30,100,2024-10-21 05:27:58.341000,89.0,65,63
7375,589,104,100,2024-10-21 05:27:58.341000,90.0,70,84
7376,589,83,100,2024-10-21 05:27:58.341000,57.0,86,99
7377,589,159,100,2024-10-21 05:27:58.341000,88.0,85,74
7378,590,12,100,2024-10-21 05:27:58.341000,86.0,68,71
7379,590,166,100,2024-10-21 05:27:58.341000,55.0,89,94
7380,590,17,100,2024-10-21 05:27:58.341000,65.0,61,63
7381,590,13,100,2024-10-21 05:27:58.341000,68.0,97,96
7382,590,20,100,2024-10-21 05:27:58.341000,76.0,72,99
7383,590,57,100,2024-10-21 05:27:58.341000,60.0,55,70
7384,590,150,100,2024-10-21 05:27:58.341000,95.0,100,55
7385,590,4,100,2024-10-21 05:27:58.341000,88.0,86,58
7386,590,78,100,2024-10-21 05:27:58.341000,68.0,75,97
7387,590,107,100,2024-10-21 05:27:58.341000,59.0,84,67
7388,590,31,100,2024-10-21 05:27:58.341000,89.0,97,81
7389,590,49,100,2024-10-21 05:27:58.341000,64.0,76,93
7390,591,17,100,2024-10-21 05:27:58.341000,53.0,97,93
7391,591,12,100,2024-10-21 05:27:58.341000,64.0,84,68
7392,591,20,100,2024-10-21 05:27:58.341000,99.0,100,75
7393,591,166,100,2024-10-21 05:27:58.341000,83.0,77,72
7394,591,67,100,2024-10-21 05:27:58.341000,66.0,58,90
7395,591,53,100,2024-10-21 05:27:58.341000,64.0,97,79
7396,591,98,100,2024-10-21 05:27:58.341000,95.0,51,63
7397,591,191,100,2024-10-21 05:27:58.341000,84.0,80,55
7398,591,153,100,2024-10-21 05:27:58.341000,94.0,68,67
7399,591,25,100,2024-10-21 05:27:58.341000,95.0,52,51
7400,591,54,100,2024-10-21 05:27:58.341000,62.0,96,82
7401,592,12,100,2024-10-21 05:27:58.341000,63.0,81,54
7402,592,166,100,2024-10-21 05:27:58.341000,79.0,97,62
7403,592,13,100,2024-10-21 05:27:58.341000,72.0,59,56
7404,592,17,100,2024-10-21 05:27:58.341000,50.0,65,71
7405,592,20,100,2024-10-21 05:27:58.341000,73.0,84,76
7406,592,60,100,2024-10-21 05:27:58.341000,91.0,80,74
7407,592,126,100,2024-10-21 05:27:58.341000,71.0,51,60
7408,592,194,100,2024-10-21 05:27:58.341000,89.0,67,69
7409,592,140,100,2024-10-21 05:27:58.341000,53.0,57,67
7410,592,4,100,2024-10-21 05:27:58.341000,68.0,65,74
7411,592,154,100,2024-10-21 05:27:58.341000,100.0,66,66
7412,593,13,100,2024-10-21 05:27:58.341000,69.0,75,64
7413,593,12,100,2024-10-21 05:27:58.341000,81.0,81,69
7414,593,20,100,2024-10-21 05:27:58.341000,53.0,94,85
7415,593,166,100,2024-10-21 05:27:58.341000,65.0,83,96
7416,593,17,100,2024-10-21 05:27:58.341000,85.0,89,63
7417,593,87,100,2024-10-21 05:27:58.341000,94.0,76,60
7418,593,106,100,2024-10-21 05:27:58.341000,57.0,80,90
7419,593,56,100,2024-10-21 05:27:58.341000,93.0,82,71
7420,593,142,100,2024-10-21 05:27:58.341000,70.0,53,62
7421,593,169,100,2024-10-21 05:27:58.341000,50.0,60,81
7422,594,17,100,2024-10-21 05:27:58.341000,97.0,92,59
7423,594,166,100,2024-10-21 05:27:58.341000,93.0,96,97
7424,594,13,100,2024-10-21 05:27:58.341000,74.0,69,51
7425,594,20,100,2024-10-21 05:27:58.341000,51.0,68,88
7426,594,12,100,2024-10-21 05:27:58.341000,72.0,94,66
7427,594,134,100,2024-10-21 05:27:58.341000,72.0,73,78
7428,594,53,100,2024-10-21 05:27:58.341000,78.0,73,99
7429,594,109,100,2024-10-21 05:27:58.341000,98.0,53,73
7430,594,81,100,2024-10-21 05:27:58.341000,86.0,87,51
7431,594,157,100,2024-10-21 05:27:58.341000,80.0,57,72
7432,594,120,100,2024-10-21 05:27:58.341000,55.0,57,55
7433,594,51,100,2024-10-21 05:27:58.341000,66.0,67,83
7434,594,44,100,2024-10-21 05:27:58.341000,90.0,51,54
7435,594,3,100,2024-10-21 05:27:58.341000,65.0,63,60
7436,595,12,100,2024-10-21 05:27:58.341000,55.0,79,88
7437,595,166,100,2024-10-21 05:27:58.341000,65.0,89,75
7438,595,20,100,2024-10-21 05:27:58.341000,59.0,84,72
7439,595,17,100,2024-10-21 05:27:58.341000,82.0,66,91
7440,595,13,100,2024-10-21 05:27:58.341000,59.0,76,78
7441,595,86,100,2024-10-21 05:27:58.341000,51.0,50,94
7442,595,139,100,2024-10-21 05:27:58.341000,69.0,58,73
7443,595,180,100,2024-10-21 05:27:58.341000,93.0,63,66
7444,595,186,100,2024-10-21 05:27:58.341000,68.0,58,67
7445,595,192,100,2024-10-21 05:27:58.341000,65.0,57,89
7446,595,151,100,2024-10-21 05:27:58.341000,75.0,84,97
7447,595,24,100,2024-10-21 05:27:58.341000,66.0,77,100
7448,595,21,100,2024-10-21 05:27:58.341000,71.0,98,53
7449,596,12,100,2024-10-21 05:27:58.341000,96.0,98,90
7450,596,13,100,2024-10-21 05:27:58.342000,76.0,56,59
7451,596,17,100,2024-10-21 05:27:58.342000,92.0,59,67
7452,596,20,100,2024-10-21 05:27:58.342000,62.0,53,54
7453,596,166,100,2024-10-21 05:27:58.342000,90.0,96,72
7454,596,41,100,2024-10-21 05:27:58.342000,78.0,83,67
7455,596,188,100,2024-10-21 05:27:58.342000,70.0,68,53
7456,596,62,100,2024-10-21 05:27:58.342000,99.0,76,52
7457,596,78,100,2024-10-21 05:27:58.342000,96.0,54,98
7458,596,160,100,2024-10-21 05:27:58.342000,82.0,80,83
7459,596,169,100,2024-10-21 05:27:58.342000,74.0,53,73
7460,596,200,100,2024-10-21 05:27:58.342000,76.0,76,71
7461,596,43,100,2024-10-21 05:27:58.342000,62.0,83,80
7462,597,17,100,2024-10-21 05:27:58.342000,82.0,61,97
7463,597,12,100,2024-10-21 05:27:58.342000,50.0,79,58
7464,597,13,100,2024-10-21 05:27:58.342000,52.0,64,99
7465,597,20,100,2024-10-21 05:27:58.342000,73.0,93,92
7466,597,166,100,2024-10-21 05:27:58.342000,66.0,63,69
7467,597,22,100,2024-10-21 05:27:58.342000,73.0,84,62
7468,597,187,100,2024-10-21 05:27:58.342000,90.0,84,100
7469,597,2,100,2024-10-21 05:27:58.342000,60.0,52,100
7470,597,84,100,2024-10-21 05:27:58.342000,67.0,99,72
7471,597,146,100,2024-10-21 05:27:58.342000,78.0,94,69
7472,598,166,100,2024-10-21 05:27:58.342000,92.0,92,51
7473,598,13,100,2024-10-21 05:27:58.342000,55.0,76,64
7474,598,12,100,2024-10-21 05:27:58.342000,51.0,57,80
7475,598,17,100,2024-10-21 05:27:58.342000,60.0,86,93
7476,598,20,100,2024-10-21 05:27:58.342000,74.0,91,78
7477,598,22,100,2024-10-21 05:27:58.342000,50.0,50,90
7478,598,27,100,2024-10-21 05:27:58.342000,87.0,91,76
7479,598,42,100,2024-10-21 05:27:58.342000,53.0,62,73
7480,598,106,100,2024-10-21 05:27:58.342000,86.0,70,83
7481,598,8,100,2024-10-21 05:27:58.342000,50.0,93,62
7482,599,13,100,2024-10-21 05:27:58.342000,55.0,50,91
7483,599,20,100,2024-10-21 05:27:58.342000,77.0,87,81
7484,599,12,100,2024-10-21 05:27:58.342000,100.0,78,91
7485,599,166,100,2024-10-21 05:27:58.342000,56.0,70,85
7486,599,17,100,2024-10-21 05:27:58.342000,61.0,98,52
7487,599,174,100,2024-10-21 05:27:58.342000,60.0,57,70
7488,599,86,100,2024-10-21 05:27:58.342000,61.0,58,65
7489,599,163,100,2024-10-21 05:27:58.342000,72.0,80,84
7490,599,60,100,2024-10-21 05:27:58.342000,50.0,74,88
7491,599,127,100,2024-10-21 05:27:58.342000,94.0,69,73
7492,599,132,100,2024-10-21 05:27:58.342000,50.0,68,61
7493,600,20,100,2024-10-21 05:27:58.342000,92.0,78,54
7494,600,13,100,2024-10-21 05:27:58.342000,86.0,73,86
7495,600,17,100,2024-10-21 05:27:58.342000,70.0,91,83
7496,600,12,100,2024-10-21 05:27:58.342000,53.0,63,72
7497,600,166,100,2024-10-21 05:27:58.342000,55.0,87,87
7498,600,151,100,2024-10-21 05:27:58.342000,78.0,57,64
7499,600,178,100,2024-10-21 05:27:58.342000,95.0,81,61
7500,600,9,100,2024-10-21 05:27:58.342000,69.0,51,63
7501,600,60,100,2024-10-21 05:27:58.342000,53.0,75,53
7502,600,18,100,2024-10-21 05:27:58.342000,71.0,61,71
7503,600,86,100,2024-10-21 05:27:58.342000,95.0,64,97
7504,600,37,100,2024-10-21 05:27:58.342000,52.0,89,51
7505,600,175,100,2024-10-21 05:27:58.342000,70.0,86,80
7506,601,12,100,2024-10-21 05:27:58.342000,97.0,74,50
7507,601,13,100,2024-10-21 05:27:58.342000,51.0,53,56
7508,601,20,100,2024-10-21 05:27:58.342000,82.0,57,55
7509,601,17,100,2024-10-21 05:27:58.342000,61.0,87,76
7510,601,166,100,2024-10-21 05:27:58.342000,97.0,83,91
7511,601,133,100,2024-10-21 05:27:58.342000,100.0,76,54
7512,601,149,100,2024-10-21 05:27:58.342000,68.0,55,79
7513,601,170,100,2024-10-21 05:27:58.342000,99.0,98,68
7514,601,161,100,2024-10-21 05:27:58.342000,68.0,99,86
7515,601,60,100,2024-10-21 05:27:58.342000,70.0,82,65
7516,601,163,100,2024-10-21 05:27:58.342000,65.0,82,81
7517,601,193,100,2024-10-21 05:27:58.342000,76.0,87,54
7518,601,45,100,2024-10-21 05:27:58.342000,87.0,95,66
7519,601,167,100,2024-10-21 05:27:58.342000,70.0,59,54
7520,601,129,100,2024-10-21 05:27:58.342000,81.0,67,90
7521,602,20,100,2024-10-21 05:27:58.342000,66.0,55,54
7522,602,12,100,2024-10-21 05:27:58.342000,70.0,54,67
7523,602,13,100,2024-10-21 05:27:58.342000,74.0,73,65
7524,602,166,100,2024-10-21 05:27:58.342000,86.0,84,60
7525,602,17,100,2024-10-21 05:27:58.342000,97.0,78,58
7526,602,66,100,2024-10-21 05:27:58.342000,51.0,56,81
7527,602,132,100,2024-10-21 05:27:58.342000,95.0,74,63
7528,602,15,100,2024-10-21 05:27:58.342000,64.0,97,52
7529,602,142,100,2024-10-21 05:27:58.342000,85.0,92,91
7530,602,104,100,2024-10-21 05:27:58.342000,75.0,87,96
7531,602,21,100,2024-10-21 05:27:58.342000,50.0,72,67
7532,603,166,100,2024-10-21 05:27:58.342000,69.0,50,55
7533,603,12,100,2024-10-21 05:27:58.342000,53.0,83,65
7534,603,13,100,2024-10-21 05:27:58.342000,54.0,71,54
7535,603,17,100,2024-10-21 05:27:58.342000,57.0,92,63
7536,603,20,100,2024-10-21 05:27:58.342000,55.0,75,94
7537,603,25,100,2024-10-21 05:27:58.342000,55.0,99,90
7538,603,193,100,2024-10-21 05:27:58.342000,62.0,66,72
7539,603,163,100,2024-10-21 05:27:58.342000,51.0,81,92
7540,603,100,100,2024-10-21 05:27:58.342000,63.0,72,76
7541,603,102,100,2024-10-21 05:27:58.342000,96.0,51,100
7542,603,86,100,2024-10-21 05:27:58.342000,97.0,65,98
7543,603,77,100,2024-10-21 05:27:58.342000,78.0,86,99
7544,603,112,100,2024-10-21 05:27:58.342000,91.0,59,93
7545,603,148,100,2024-10-21 05:27:58.342000,88.0,100,62
7546,604,20,100,2024-10-21 05:27:58.342000,65.0,97,94
7547,604,13,100,2024-10-21 05:27:58.342000,71.0,91,94
7548,604,17,100,2024-10-21 05:27:58.342000,100.0,78,82
7549,604,12,100,2024-10-21 05:27:58.342000,68.0,82,97
7550,604,166,100,2024-10-21 05:27:58.342000,75.0,72,76
7551,604,121,100,2024-10-21 05:27:58.342000,53.0,50,69
7552,604,39,100,2024-10-21 05:27:58.342000,97.0,53,91
7553,604,158,100,2024-10-21 05:27:58.342000,52.0,83,51
7554,604,104,100,2024-10-21 05:27:58.342000,80.0,69,79
7555,604,35,100,2024-10-21 05:27:58.342000,75.0,99,86
7556,604,145,100,2024-10-21 05:27:58.342000,88.0,95,81
7557,604,91,100,2024-10-21 05:27:58.342000,61.0,85,92
7558,604,71,100,2024-10-21 05:27:58.342000,90.0,68,78
7559,605,13,100,2024-10-21 05:27:58.342000,81.0,63,90
7560,605,166,100,2024-10-21 05:27:58.342000,89.0,90,96
7561,605,12,100,2024-10-21 05:27:58.342000,69.0,71,90
7562,605,20,100,2024-10-21 05:27:58.342000,66.0,60,89
7563,605,17,100,2024-10-21 05:27:58.342000,51.0,93,67
7564,605,84,100,2024-10-21 05:27:58.342000,55.0,78,100
7565,605,110,100,2024-10-21 05:27:58.342000,71.0,82,63
7566,605,144,100,2024-10-21 05:27:58.342000,76.0,64,59
7567,605,86,100,2024-10-21 05:27:58.342000,51.0,64,77
7568,605,184,100,2024-10-21 05:27:58.342000,53.0,66,54
7569,606,166,100,2024-10-21 05:27:58.342000,86.0,58,74
7570,606,17,100,2024-10-21 05:27:58.342000,87.0,64,87
7571,606,13,100,2024-10-21 05:27:58.342000,51.0,66,51
7572,606,12,100,2024-10-21 05:27:58.342000,66.0,57,93
7573,606,20,100,2024-10-21 05:27:58.342000,50.0,80,56
7574,606,108,100,2024-10-21 05:27:58.342000,86.0,73,66
7575,606,148,100,2024-10-21 05:27:58.342000,96.0,54,99
7576,606,90,100,2024-10-21 05:27:58.342000,92.0,76,79
7577,606,131,100,2024-10-21 05:27:58.342000,69.0,93,57
7578,606,118,100,2024-10-21 05:27:58.342000,82.0,82,51
7579,606,180,100,2024-10-21 05:27:58.342000,80.0,65,63
7580,607,12,100,2024-10-21 05:27:58.342000,86.0,71,62
7581,607,17,100,2024-10-21 05:27:58.342000,89.0,77,80
7582,607,20,100,2024-10-21 05:27:58.342000,92.0,98,77
7583,607,13,100,2024-10-21 05:27:58.342000,69.0,77,100
7584,607,166,100,2024-10-21 05:27:58.342000,59.0,68,77
7585,607,4,100,2024-10-21 05:27:58.342000,99.0,52,60
7586,607,24,100,2024-10-21 05:27:58.342000,71.0,86,86
7587,607,55,100,2024-10-21 05:27:58.342000,52.0,70,59
7588,607,101,100,2024-10-21 05:27:58.342000,53.0,77,59
7589,607,178,100,2024-10-21 05:27:58.342000,94.0,66,74
7590,607,146,100,2024-10-21 05:27:58.342000,53.0,85,60
7591,607,100,100,2024-10-21 05:27:58.342000,83.0,63,88
7592,607,115,100,2024-10-21 05:27:58.342000,62.0,82,76
7593,607,69,100,2024-10-21 05:27:58.342000,50.0,65,79
7594,608,13,100,2024-10-21 05:27:58.342000,52.0,79,83
7595,608,166,100,2024-10-21 05:27:58.342000,85.0,84,94
7596,608,20,100,2024-10-21 05:27:58.342000,85.0,96,72
7597,608,17,100,2024-10-21 05:27:58.342000,85.0,55,70
7598,608,12,100,2024-10-21 05:27:58.342000,73.0,54,84
7599,608,169,100,2024-10-21 05:27:58.342000,64.0,99,79
7600,608,195,100,2024-10-21 05:27:58.342000,56.0,76,72
7601,608,4,100,2024-10-21 05:27:58.342000,61.0,96,65
7602,608,27,100,2024-10-21 05:27:58.342000,94.0,89,56
7603,608,79,100,2024-10-21 05:27:58.342000,86.0,61,80
7604,608,1,100,2024-10-21 05:27:58.342000,95.0,70,90
7605,609,12,100,2024-10-21 05:27:58.342000,97.0,91,75
7606,609,13,100,2024-10-21 05:27:58.342000,86.0,99,100
7607,609,166,100,2024-10-21 05:27:58.343000,77.0,65,89
7608,609,17,100,2024-10-21 05:27:58.343000,85.0,76,82
7609,609,20,100,2024-10-21 05:27:58.343000,82.0,58,82
7610,609,135,100,2024-10-21 05:27:58.343000,85.0,53,68
7611,609,137,100,2024-10-21 05:27:58.343000,68.0,92,72
7612,609,84,100,2024-10-21 05:27:58.343000,99.0,68,60
7613,609,185,100,2024-10-21 05:27:58.343000,72.0,50,76
7614,609,79,100,2024-10-21 05:27:58.343000,63.0,68,74
7615,609,82,100,2024-10-21 05:27:58.343000,62.0,86,53
7616,609,120,100,2024-10-21 05:27:58.343000,75.0,53,82
7617,609,144,100,2024-10-21 05:27:58.343000,97.0,95,93
7618,610,12,100,2024-10-21 05:27:58.343000,84.0,52,59
7619,610,13,100,2024-10-21 05:27:58.343000,76.0,95,69
7620,610,166,100,2024-10-21 05:27:58.343000,50.0,67,57
7621,610,20,100,2024-10-21 05:27:58.343000,75.0,90,60
7622,610,17,100,2024-10-21 05:27:58.343000,91.0,67,81
7623,610,47,100,2024-10-21 05:27:58.343000,73.0,54,50
7624,610,158,100,2024-10-21 05:27:58.343000,81.0,85,96
7625,610,192,100,2024-10-21 05:27:58.343000,60.0,62,55
7626,610,89,100,2024-10-21 05:27:58.343000,63.0,75,74
7627,610,42,100,2024-10-21 05:27:58.343000,55.0,59,86
7628,610,91,100,2024-10-21 05:27:58.343000,83.0,85,68
7629,610,177,100,2024-10-21 05:27:58.343000,97.0,72,54
7630,611,20,100,2024-10-21 05:27:58.343000,75.0,75,53
7631,611,12,100,2024-10-21 05:27:58.343000,98.0,62,74
7632,611,13,100,2024-10-21 05:27:58.343000,72.0,86,63
7633,611,166,100,2024-10-21 05:27:58.343000,53.0,50,54
7634,611,17,100,2024-10-21 05:27:58.343000,73.0,54,89
7635,611,45,100,2024-10-21 05:27:58.343000,97.0,91,56
7636,611,126,100,2024-10-21 05:27:58.343000,87.0,78,88
7637,611,36,100,2024-10-21 05:27:58.343000,56.0,81,88
7638,611,124,100,2024-10-21 05:27:58.343000,67.0,54,52
7639,611,10,100,2024-10-21 05:27:58.343000,76.0,57,89
7640,611,96,100,2024-10-21 05:27:58.343000,76.0,94,64
7641,611,163,100,2024-10-21 05:27:58.343000,87.0,70,78
7642,611,51,100,2024-10-21 05:27:58.343000,50.0,86,78
7643,612,20,100,2024-10-21 05:27:58.343000,97.0,64,50
7644,612,13,100,2024-10-21 05:27:58.343000,61.0,94,93
7645,612,166,100,2024-10-21 05:27:58.343000,50.0,88,52
7646,612,17,100,2024-10-21 05:27:58.343000,51.0,55,87
7647,612,12,100,2024-10-21 05:27:58.343000,60.0,94,57
7648,612,47,100,2024-10-21 05:27:58.343000,59.0,71,90
7649,612,18,100,2024-10-21 05:27:58.343000,87.0,82,61
7650,612,169,100,2024-10-21 05:27:58.343000,71.0,60,65
7651,612,120,100,2024-10-21 05:27:58.343000,58.0,77,55
7652,612,106,100,2024-10-21 05:27:58.343000,77.0,59,98
7653,612,181,100,2024-10-21 05:27:58.343000,95.0,91,89
7654,612,177,100,2024-10-21 05:27:58.343000,91.0,76,89
7655,612,118,100,2024-10-21 05:27:58.343000,96.0,72,57
7656,612,119,100,2024-10-21 05:27:58.343000,98.0,89,55
7657,612,191,100,2024-10-21 05:27:58.343000,99.0,62,93
7658,613,13,100,2024-10-21 05:27:58.343000,90.0,69,79
7659,613,166,100,2024-10-21 05:27:58.343000,55.0,77,92
7660,613,20,100,2024-10-21 05:27:58.343000,75.0,70,78
7661,613,17,100,2024-10-21 05:27:58.343000,86.0,90,54
7662,613,12,100,2024-10-21 05:27:58.343000,75.0,92,76
7663,613,35,100,2024-10-21 05:27:58.343000,88.0,61,100
7664,613,87,100,2024-10-21 05:27:58.343000,76.0,56,98
7665,613,28,100,2024-10-21 05:27:58.343000,70.0,55,81
7666,613,21,100,2024-10-21 05:27:58.343000,68.0,81,95
7667,613,60,100,2024-10-21 05:27:58.343000,57.0,54,98
7668,613,171,100,2024-10-21 05:27:58.343000,91.0,70,78
7669,613,188,100,2024-10-21 05:27:58.343000,59.0,62,51
7670,613,181,100,2024-10-21 05:27:58.343000,66.0,75,63
7671,614,12,100,2024-10-21 05:27:58.343000,97.0,53,62
7672,614,13,100,2024-10-21 05:27:58.343000,99.0,84,87
7673,614,20,100,2024-10-21 05:27:58.343000,90.0,72,65
7674,614,166,100,2024-10-21 05:27:58.343000,57.0,75,91
7675,614,17,100,2024-10-21 05:27:58.343000,50.0,66,83
7676,614,143,100,2024-10-21 05:27:58.343000,67.0,65,51
7677,614,36,100,2024-10-21 05:27:58.343000,50.0,54,61
7678,614,144,100,2024-10-21 05:27:58.343000,64.0,59,78
7679,614,115,100,2024-10-21 05:27:58.343000,58.0,52,84
7680,614,141,100,2024-10-21 05:27:58.343000,80.0,76,93
7681,614,19,100,2024-10-21 05:27:58.343000,63.0,85,96
7682,614,151,100,2024-10-21 05:27:58.343000,54.0,99,59
7683,614,187,100,2024-10-21 05:27:58.343000,89.0,96,57
7684,614,149,100,2024-10-21 05:27:58.343000,68.0,90,94
7685,614,87,100,2024-10-21 05:27:58.343000,76.0,62,73
7686,615,166,100,2024-10-21 05:27:58.343000,94.0,74,90
7687,615,12,100,2024-10-21 05:27:58.343000,58.0,97,68
7688,615,20,100,2024-10-21 05:27:58.343000,57.0,98,82
7689,615,13,100,2024-10-21 05:27:58.343000,57.0,63,87
7690,615,17,100,2024-10-21 05:27:58.343000,79.0,97,63
7691,615,72,100,2024-10-21 05:27:58.343000,87.0,57,74
7692,615,152,100,2024-10-21 05:27:58.343000,75.0,60,92
7693,615,148,100,2024-10-21 05:27:58.343000,87.0,64,64
7694,615,169,100,2024-10-21 05:27:58.343000,66.0,100,87
7695,615,160,100,2024-10-21 05:27:58.343000,68.0,98,64
7696,615,132,100,2024-10-21 05:27:58.343000,53.0,65,97
7697,615,101,100,2024-10-21 05:27:58.343000,65.0,60,50
7698,615,145,100,2024-10-21 05:27:58.343000,98.0,98,60
7699,615,88,100,2024-10-21 05:27:58.343000,66.0,59,52
7700,615,130,100,2024-10-21 05:27:58.343000,100.0,92,88
7701,616,13,100,2024-10-21 05:27:58.343000,63.0,78,83
7702,616,12,100,2024-10-21 05:27:58.343000,68.0,68,63
7703,616,166,100,2024-10-21 05:27:58.343000,66.0,56,67
7704,616,20,100,2024-10-21 05:27:58.343000,57.0,72,80
7705,616,17,100,2024-10-21 05:27:58.343000,67.0,65,68
7706,616,195,100,2024-10-21 05:27:58.343000,91.0,96,84
7707,616,87,100,2024-10-21 05:27:58.343000,94.0,85,50
7708,616,122,100,2024-10-21 05:27:58.343000,52.0,74,63
7709,616,14,100,2024-10-21 05:27:58.343000,53.0,87,65
7710,616,132,100,2024-10-21 05:27:58.343000,78.0,56,81
7711,616,99,100,2024-10-21 05:27:58.343000,63.0,68,87
7712,616,62,100,2024-10-21 05:27:58.343000,63.0,57,88
7713,616,182,100,2024-10-21 05:27:58.343000,90.0,98,75
7714,616,183,100,2024-10-21 05:27:58.343000,79.0,86,69
7715,617,20,100,2024-10-21 05:27:58.343000,93.0,87,57
7716,617,12,100,2024-10-21 05:27:58.343000,69.0,54,94
7717,617,17,100,2024-10-21 05:27:58.343000,84.0,91,90
7718,617,13,100,2024-10-21 05:27:58.343000,61.0,50,59
7719,617,166,100,2024-10-21 05:27:58.343000,87.0,95,69
7720,617,71,100,2024-10-21 05:27:58.343000,98.0,50,91
7721,617,68,100,2024-10-21 05:27:58.343000,85.0,99,77
7722,617,50,100,2024-10-21 05:27:58.343000,83.0,93,53
7723,617,72,100,2024-10-21 05:27:58.343000,83.0,56,85
7724,617,1,100,2024-10-21 05:27:58.343000,54.0,85,95
7725,617,100,100,2024-10-21 05:27:58.343000,57.0,78,84
7726,617,163,100,2024-10-21 05:27:58.343000,96.0,96,92
7727,617,43,100,2024-10-21 05:27:58.343000,52.0,93,78
7728,617,79,100,2024-10-21 05:27:58.343000,97.0,67,70
7729,618,12,100,2024-10-21 05:27:58.343000,56.0,54,92
7730,618,17,100,2024-10-21 05:27:58.343000,73.0,94,81
7731,618,13,100,2024-10-21 05:27:58.343000,59.0,85,69
7732,618,166,100,2024-10-21 05:27:58.343000,70.0,87,61
7733,618,20,100,2024-10-21 05:27:58.343000,56.0,74,57
7734,618,44,100,2024-10-21 05:27:58.343000,58.0,79,88
7735,618,115,100,2024-10-21 05:27:58.343000,55.0,78,62
7736,618,146,100,2024-10-21 05:27:58.343000,62.0,55,75
7737,618,137,100,2024-10-21 05:27:58.343000,68.0,69,67
7738,618,140,100,2024-10-21 05:27:58.343000,66.0,68,73
7739,619,17,100,2024-10-21 05:27:58.343000,88.0,68,80
7740,619,12,100,2024-10-21 05:27:58.343000,64.0,65,80
7741,619,166,100,2024-10-21 05:27:58.343000,96.0,62,73
7742,619,20,100,2024-10-21 05:27:58.343000,59.0,66,76
7743,619,13,100,2024-10-21 05:27:58.343000,71.0,58,87
7744,619,5,100,2024-10-21 05:27:58.343000,98.0,92,85
7745,619,189,100,2024-10-21 05:27:58.343000,63.0,97,92
7746,619,161,100,2024-10-21 05:27:58.343000,80.0,56,80
7747,619,149,100,2024-10-21 05:27:58.343000,73.0,60,64
7748,619,15,100,2024-10-21 05:27:58.343000,63.0,80,61
7749,619,11,100,2024-10-21 05:27:58.343000,87.0,74,65
7750,619,52,100,2024-10-21 05:27:58.343000,79.0,60,70
7751,619,195,100,2024-10-21 05:27:58.343000,83.0,72,72
7752,619,77,100,2024-10-21 05:27:58.343000,87.0,52,97
7753,619,178,100,2024-10-21 05:27:58.343000,84.0,78,98
7754,620,13,100,2024-10-21 05:27:58.343000,82.0,98,81
7755,620,12,100,2024-10-21 05:27:58.343000,62.0,81,57
7756,620,17,100,2024-10-21 05:27:58.343000,55.0,89,68
7757,620,20,100,2024-10-21 05:27:58.343000,64.0,51,72
7758,620,166,100,2024-10-21 05:27:58.343000,66.0,87,77
7759,620,15,100,2024-10-21 05:27:58.343000,70.0,94,64
7760,620,92,100,2024-10-21 05:27:58.343000,65.0,62,65
7761,620,200,100,2024-10-21 05:27:58.343000,53.0,93,56
7762,620,100,100,2024-10-21 05:27:58.343000,79.0,64,82
7763,620,160,100,2024-10-21 05:27:58.343000,73.0,66,91
7764,620,18,100,2024-10-21 05:27:58.343000,93.0,92,64
7765,620,114,100,2024-10-21 05:27:58.343000,59.0,57,57
7766,621,166,100,2024-10-21 05:27:58.343000,87.0,80,97
7767,621,17,100,2024-10-21 05:27:58.343000,77.0,53,83
7768,621,12,100,2024-10-21 05:27:58.343000,78.0,92,53
7769,621,20,100,2024-10-21 05:27:58.343000,74.0,57,52
7770,621,13,100,2024-10-21 05:27:58.343000,64.0,67,94
7771,621,155,100,2024-10-21 05:27:58.343000,60.0,78,74
7772,621,140,100,2024-10-21 05:27:58.343000,69.0,62,80
7773,621,3,100,2024-10-21 05:27:58.343000,51.0,97,60
7774,621,177,100,2024-10-21 05:27:58.344000,52.0,70,93
7775,621,62,100,2024-10-21 05:27:58.344000,56.0,59,84
7776,621,58,100,2024-10-21 05:27:58.344000,80.0,90,86
7777,621,87,100,2024-10-21 05:27:58.344000,99.0,82,65
7778,621,188,100,2024-10-21 05:27:58.344000,56.0,79,89
7779,621,65,100,2024-10-21 05:27:58.344000,84.0,85,97
7780,621,169,100,2024-10-21 05:27:58.344000,80.0,98,99
7781,622,166,100,2024-10-21 05:27:58.344000,90.0,92,55
7782,622,13,100,2024-10-21 05:27:58.344000,86.0,84,70
7783,622,20,100,2024-10-21 05:27:58.344000,78.0,75,69
7784,622,17,100,2024-10-21 05:27:58.344000,72.0,64,68
7785,622,12,100,2024-10-21 05:27:58.344000,93.0,100,80
7786,622,182,100,2024-10-21 05:27:58.344000,96.0,70,87
7787,622,55,100,2024-10-21 05:27:58.344000,75.0,70,82
7788,622,27,100,2024-10-21 05:27:58.344000,97.0,55,90
7789,622,59,100,2024-10-21 05:27:58.344000,88.0,52,61
7790,622,183,100,2024-10-21 05:27:58.344000,78.0,71,64
7791,622,43,100,2024-10-21 05:27:58.344000,77.0,80,61
7792,622,14,100,2024-10-21 05:27:58.344000,61.0,68,60
7793,622,167,100,2024-10-21 05:27:58.344000,74.0,76,64
7794,622,168,100,2024-10-21 05:27:58.344000,67.0,75,75
7795,622,103,100,2024-10-21 05:27:58.344000,85.0,97,65
7796,623,12,100,2024-10-21 05:27:58.344000,72.0,90,77
7797,623,20,100,2024-10-21 05:27:58.344000,91.0,50,69
7798,623,166,100,2024-10-21 05:27:58.344000,94.0,57,72
7799,623,17,100,2024-10-21 05:27:58.344000,69.0,89,63
7800,623,13,100,2024-10-21 05:27:58.344000,82.0,81,72
7801,623,122,100,2024-10-21 05:27:58.344000,77.0,51,89
7802,623,66,100,2024-10-21 05:27:58.344000,67.0,72,69
7803,623,22,100,2024-10-21 05:27:58.344000,86.0,50,66
7804,623,34,100,2024-10-21 05:27:58.344000,68.0,71,75
7805,623,37,100,2024-10-21 05:27:58.344000,54.0,60,69
7806,623,162,100,2024-10-21 05:27:58.344000,52.0,71,75
7807,623,153,100,2024-10-21 05:27:58.344000,65.0,86,57
7808,623,59,100,2024-10-21 05:27:58.344000,85.0,70,100
7809,624,13,100,2024-10-21 05:27:58.344000,64.0,86,88
7810,624,20,100,2024-10-21 05:27:58.344000,82.0,100,77
7811,624,17,100,2024-10-21 05:27:58.344000,73.0,73,77
7812,624,166,100,2024-10-21 05:27:58.344000,94.0,69,67
7813,624,12,100,2024-10-21 05:27:58.344000,98.0,62,64
7814,624,88,100,2024-10-21 05:27:58.344000,79.0,98,80
7815,624,74,100,2024-10-21 05:27:58.344000,50.0,100,59
7816,624,158,100,2024-10-21 05:27:58.344000,61.0,97,67
7817,624,116,100,2024-10-21 05:27:58.344000,81.0,66,73
7818,624,11,100,2024-10-21 05:27:58.344000,55.0,50,93
7819,624,64,100,2024-10-21 05:27:58.344000,54.0,95,60
7820,624,93,100,2024-10-21 05:27:58.344000,94.0,84,98
7821,624,26,100,2024-10-21 05:27:58.344000,87.0,51,67
7822,624,50,100,2024-10-21 05:27:58.344000,67.0,52,71
7823,625,13,100,2024-10-21 05:27:58.344000,92.0,72,87
7824,625,17,100,2024-10-21 05:27:58.344000,58.0,59,65
7825,625,12,100,2024-10-21 05:27:58.344000,59.0,91,64
7826,625,20,100,2024-10-21 05:27:58.344000,57.0,93,86
7827,625,166,100,2024-10-21 05:27:58.344000,95.0,57,73
7828,625,94,100,2024-10-21 05:27:58.344000,66.0,92,98
7829,625,88,100,2024-10-21 05:27:58.344000,85.0,81,93
7830,625,82,100,2024-10-21 05:27:58.344000,65.0,62,71
7831,625,64,100,2024-10-21 05:27:58.344000,94.0,94,97
7832,625,138,100,2024-10-21 05:27:58.344000,85.0,73,97
7833,626,13,100,2024-10-21 05:27:58.344000,88.0,83,53
7834,626,17,100,2024-10-21 05:27:58.344000,70.0,100,94
7835,626,166,100,2024-10-21 05:27:58.344000,68.0,100,73
7836,626,20,100,2024-10-21 05:27:58.344000,80.0,53,64
7837,626,12,100,2024-10-21 05:27:58.344000,77.0,86,52
7838,626,136,100,2024-10-21 05:27:58.344000,64.0,52,60
7839,626,156,100,2024-10-21 05:27:58.344000,51.0,79,60
7840,626,127,100,2024-10-21 05:27:58.344000,66.0,74,80
7841,626,69,100,2024-10-21 05:27:58.344000,73.0,86,79
7842,626,187,100,2024-10-21 05:27:58.344000,95.0,93,85
7843,626,15,100,2024-10-21 05:27:58.344000,73.0,100,83
7844,626,175,100,2024-10-21 05:27:58.344000,55.0,55,100
7845,626,176,100,2024-10-21 05:27:58.344000,85.0,63,67
7846,627,20,100,2024-10-21 05:27:58.344000,63.0,86,79
7847,627,166,100,2024-10-21 05:27:58.344000,76.0,62,69
7848,627,12,100,2024-10-21 05:27:58.344000,54.0,71,78
7849,627,13,100,2024-10-21 05:27:58.344000,73.0,60,74
7850,627,17,100,2024-10-21 05:27:58.344000,60.0,65,67
7851,627,79,100,2024-10-21 05:27:58.344000,68.0,89,91
7852,627,185,100,2024-10-21 05:27:58.344000,63.0,52,63
7853,627,48,100,2024-10-21 05:27:58.344000,69.0,91,95
7854,627,168,100,2024-10-21 05:27:58.344000,81.0,79,65
7855,627,124,100,2024-10-21 05:27:58.344000,53.0,59,55
7856,627,75,100,2024-10-21 05:27:58.344000,80.0,75,86
7857,627,96,100,2024-10-21 05:27:58.344000,83.0,50,67
7858,628,166,100,2024-10-21 05:27:58.344000,84.0,90,93
7859,628,20,100,2024-10-21 05:27:58.344000,94.0,57,50
7860,628,17,100,2024-10-21 05:27:58.344000,81.0,72,91
7861,628,13,100,2024-10-21 05:27:58.344000,61.0,83,65
7862,628,12,100,2024-10-21 05:27:58.344000,76.0,96,66
7863,628,98,100,2024-10-21 05:27:58.344000,65.0,88,62
7864,628,54,100,2024-10-21 05:27:58.344000,62.0,98,80
7865,628,22,100,2024-10-21 05:27:58.344000,55.0,86,92
7866,628,63,100,2024-10-21 05:27:58.344000,71.0,75,94
7867,628,107,100,2024-10-21 05:27:58.344000,95.0,75,84
7868,628,171,100,2024-10-21 05:27:58.344000,100.0,87,98
7869,628,198,100,2024-10-21 05:27:58.344000,99.0,59,65
7870,628,151,100,2024-10-21 05:27:58.344000,98.0,70,50
7871,628,47,100,2024-10-21 05:27:58.344000,75.0,61,78
7872,628,110,100,2024-10-21 05:27:58.344000,68.0,56,88
7873,629,12,100,2024-10-21 05:27:58.344000,83.0,93,62
7874,629,13,100,2024-10-21 05:27:58.344000,75.0,62,96
7875,629,166,100,2024-10-21 05:27:58.344000,69.0,90,95
7876,629,20,100,2024-10-21 05:27:58.344000,83.0,67,95
7877,629,17,100,2024-10-21 05:27:58.344000,66.0,69,70
7878,629,59,100,2024-10-21 05:27:58.344000,72.0,94,52
7879,629,122,100,2024-10-21 05:27:58.344000,50.0,99,87
7880,629,146,100,2024-10-21 05:27:58.344000,65.0,95,51
7881,629,19,100,2024-10-21 05:27:58.344000,87.0,70,70
7882,629,104,100,2024-10-21 05:27:58.344000,61.0,95,67
7883,629,11,100,2024-10-21 05:27:58.344000,91.0,80,51
7884,630,17,100,2024-10-21 05:27:58.344000,87.0,79,53
7885,630,12,100,2024-10-21 05:27:58.344000,99.0,81,79
7886,630,13,100,2024-10-21 05:27:58.344000,83.0,90,93
7887,630,166,100,2024-10-21 05:27:58.344000,57.0,71,95
7888,630,20,100,2024-10-21 05:27:58.344000,79.0,82,58
7889,630,152,100,2024-10-21 05:27:58.344000,62.0,92,67
7890,630,79,100,2024-10-21 05:27:58.344000,66.0,89,63
7891,630,47,100,2024-10-21 05:27:58.344000,95.0,66,68
7892,630,124,100,2024-10-21 05:27:58.344000,61.0,74,63
7893,630,120,100,2024-10-21 05:27:58.344000,80.0,72,54
7894,630,148,100,2024-10-21 05:27:58.344000,73.0,89,52
7895,630,9,100,2024-10-21 05:27:58.344000,73.0,99,92
7896,630,162,100,2024-10-21 05:27:58.344000,68.0,60,92
7897,631,20,100,2024-10-21 05:27:58.344000,76.0,69,74
7898,631,166,100,2024-10-21 05:27:58.344000,79.0,60,59
7899,631,13,100,2024-10-21 05:27:58.344000,79.0,57,82
7900,631,12,100,2024-10-21 05:27:58.344000,74.0,69,89
7901,631,17,100,2024-10-21 05:27:58.344000,56.0,61,77
7902,631,39,100,2024-10-21 05:27:58.344000,88.0,53,70
7903,631,143,100,2024-10-21 05:27:58.344000,70.0,90,60
7904,631,52,100,2024-10-21 05:27:58.344000,78.0,85,98
7905,631,51,100,2024-10-21 05:27:58.344000,68.0,77,96
7906,631,55,100,2024-10-21 05:27:58.344000,78.0,80,55
7907,631,186,100,2024-10-21 05:27:58.344000,100.0,69,66
7908,631,67,100,2024-10-21 05:27:58.344000,90.0,92,95
7909,631,181,100,2024-10-21 05:27:58.344000,62.0,95,61
7910,632,20,100,2024-10-21 05:27:58.344000,55.0,58,69
7911,632,12,100,2024-10-21 05:27:58.344000,81.0,58,73
7912,632,166,100,2024-10-21 05:27:58.344000,68.0,88,56
7913,632,13,100,2024-10-21 05:27:58.344000,77.0,53,100
7914,632,17,100,2024-10-21 05:27:58.344000,51.0,70,64
7915,632,144,100,2024-10-21 05:27:58.344000,75.0,79,68
7916,632,102,100,2024-10-21 05:27:58.344000,83.0,64,92
7917,632,191,100,2024-10-21 05:27:58.344000,61.0,69,50
7918,632,97,100,2024-10-21 05:27:58.344000,68.0,98,83
7919,632,88,100,2024-10-21 05:27:58.344000,74.0,84,70
7920,633,17,100,2024-10-21 05:27:58.344000,83.0,59,96
7921,633,12,100,2024-10-21 05:27:58.344000,91.0,88,53
7922,633,166,100,2024-10-21 05:27:58.344000,82.0,64,53
7923,633,13,100,2024-10-21 05:27:58.344000,55.0,100,58
7924,633,20,100,2024-10-21 05:27:58.344000,70.0,53,82
7925,633,161,100,2024-10-21 05:27:58.344000,89.0,95,52
7926,633,97,100,2024-10-21 05:27:58.344000,53.0,67,72
7927,633,126,100,2024-10-21 05:27:58.344000,74.0,50,100
7928,633,82,100,2024-10-21 05:27:58.344000,98.0,74,80
7929,633,14,100,2024-10-21 05:27:58.344000,99.0,93,86
7930,634,13,100,2024-10-21 05:27:58.344000,56.0,100,53
7931,634,166,100,2024-10-21 05:27:58.344000,71.0,64,53
7932,634,17,100,2024-10-21 05:27:58.344000,96.0,67,84
7933,634,12,100,2024-10-21 05:27:58.344000,84.0,76,70
7934,634,20,100,2024-10-21 05:27:58.344000,63.0,53,52
7935,634,94,100,2024-10-21 05:27:58.344000,69.0,56,95
7936,634,112,100,2024-10-21 05:27:58.344000,56.0,70,86
7937,634,147,100,2024-10-21 05:27:58.345000,82.0,99,68
7938,634,10,100,2024-10-21 05:27:58.345000,58.0,51,69
7939,634,22,100,2024-10-21 05:27:58.345000,72.0,70,71
7940,634,83,100,2024-10-21 05:27:58.345000,87.0,54,99
7941,634,87,100,2024-10-21 05:27:58.345000,74.0,100,96
7942,634,81,100,2024-10-21 05:27:58.345000,84.0,71,65
7943,634,46,100,2024-10-21 05:27:58.345000,70.0,93,65
7944,635,166,100,2024-10-21 05:27:58.345000,76.0,76,91
7945,635,20,100,2024-10-21 05:27:58.345000,60.0,78,78
7946,635,12,100,2024-10-21 05:27:58.345000,72.0,68,92
7947,635,13,100,2024-10-21 05:27:58.345000,92.0,94,72
7948,635,17,100,2024-10-21 05:27:58.345000,72.0,97,96
7949,635,58,100,2024-10-21 05:27:58.345000,50.0,95,55
7950,635,108,100,2024-10-21 05:27:58.345000,83.0,100,75
7951,635,175,100,2024-10-21 05:27:58.345000,63.0,74,83
7952,635,74,100,2024-10-21 05:27:58.345000,98.0,65,54
7953,635,125,100,2024-10-21 05:27:58.345000,60.0,91,57
7954,636,12,100,2024-10-21 05:27:58.345000,72.0,67,89
7955,636,17,100,2024-10-21 05:27:58.345000,97.0,55,53
7956,636,13,100,2024-10-21 05:27:58.345000,78.0,91,95
7957,636,166,100,2024-10-21 05:27:58.345000,90.0,59,70
7958,636,20,100,2024-10-21 05:27:58.345000,69.0,62,82
7959,636,33,100,2024-10-21 05:27:58.345000,87.0,51,87
7960,636,60,100,2024-10-21 05:27:58.345000,72.0,85,59
7961,636,144,100,2024-10-21 05:27:58.345000,92.0,74,72
7962,636,79,100,2024-10-21 05:27:58.345000,94.0,100,60
7963,636,103,100,2024-10-21 05:27:58.345000,68.0,55,96
7964,637,13,100,2024-10-21 05:27:58.345000,87.0,75,67
7965,637,166,100,2024-10-21 05:27:58.345000,77.0,74,53
7966,637,20,100,2024-10-21 05:27:58.345000,65.0,53,91
7967,637,12,100,2024-10-21 05:27:58.345000,53.0,52,62
7968,637,17,100,2024-10-21 05:27:58.345000,97.0,95,81
7969,637,35,100,2024-10-21 05:27:58.345000,94.0,62,87
7970,637,120,100,2024-10-21 05:27:58.345000,82.0,100,61
7971,637,61,100,2024-10-21 05:27:58.345000,85.0,94,51
7972,637,146,100,2024-10-21 05:27:58.345000,51.0,100,98
7973,637,59,100,2024-10-21 05:27:58.345000,63.0,65,58
7974,637,115,100,2024-10-21 05:27:58.345000,96.0,87,70
7975,637,137,100,2024-10-21 05:27:58.345000,60.0,84,74
7976,638,13,100,2024-10-21 05:27:58.345000,51.0,72,93
7977,638,20,100,2024-10-21 05:27:58.345000,85.0,51,98
7978,638,166,100,2024-10-21 05:27:58.345000,60.0,79,63
7979,638,12,100,2024-10-21 05:27:58.345000,90.0,79,75
7980,638,17,100,2024-10-21 05:27:58.345000,98.0,72,78
7981,638,27,100,2024-10-21 05:27:58.345000,88.0,99,78
7982,638,191,100,2024-10-21 05:27:58.345000,58.0,64,80
7983,638,56,100,2024-10-21 05:27:58.345000,66.0,94,96
7984,638,181,100,2024-10-21 05:27:58.345000,55.0,55,56
7985,638,163,100,2024-10-21 05:27:58.345000,74.0,80,93
7986,638,101,100,2024-10-21 05:27:58.345000,66.0,74,69
7987,638,42,100,2024-10-21 05:27:58.345000,72.0,50,80
7988,638,91,100,2024-10-21 05:27:58.345000,96.0,90,68
7989,639,13,100,2024-10-21 05:27:58.345000,68.0,75,81
7990,639,20,100,2024-10-21 05:27:58.345000,81.0,91,60
7991,639,17,100,2024-10-21 05:27:58.345000,68.0,64,100
7992,639,12,100,2024-10-21 05:27:58.345000,67.0,51,94
7993,639,166,100,2024-10-21 05:27:58.345000,88.0,64,78
7994,639,7,100,2024-10-21 05:27:58.345000,85.0,100,68
7995,639,135,100,2024-10-21 05:27:58.345000,77.0,58,53
7996,639,83,100,2024-10-21 05:27:58.345000,66.0,63,93
7997,639,199,100,2024-10-21 05:27:58.345000,78.0,91,63
7998,639,133,100,2024-10-21 05:27:58.345000,93.0,92,79
7999,639,15,100,2024-10-21 05:27:58.345000,63.0,99,58
8000,639,55,100,2024-10-21 05:27:58.345000,96.0,56,68
8001,639,102,100,2024-10-21 05:27:58.345000,90.0,79,84
8002,639,72,100,2024-10-21 05:27:58.345000,64.0,82,69
8003,640,12,100,2024-10-21 05:27:58.345000,91.0,61,62
8004,640,13,100,2024-10-21 05:27:58.345000,79.0,97,71
8005,640,20,100,2024-10-21 05:27:58.345000,91.0,92,81
8006,640,166,100,2024-10-21 05:27:58.345000,68.0,86,88
8007,640,17,100,2024-10-21 05:27:58.345000,82.0,53,81
8008,640,36,100,2024-10-21 05:27:58.345000,97.0,54,84
8009,640,111,100,2024-10-21 05:27:58.345000,92.0,72,66
8010,640,163,100,2024-10-21 05:27:58.345000,62.0,72,59
8011,640,91,100,2024-10-21 05:27:58.345000,64.0,55,56
8012,640,46,100,2024-10-21 05:27:58.345000,81.0,92,78
8013,640,51,100,2024-10-21 05:27:58.345000,68.0,79,92
8014,640,116,100,2024-10-21 05:27:58.345000,87.0,52,61
8015,641,20,100,2024-10-21 05:27:58.345000,64.0,92,94
8016,641,166,100,2024-10-21 05:27:58.345000,82.0,54,73
8017,641,13,100,2024-10-21 05:27:58.345000,70.0,74,95
8018,641,17,100,2024-10-21 05:27:58.345000,61.0,57,62
8019,641,12,100,2024-10-21 05:27:58.345000,57.0,81,85
8020,641,7,100,2024-10-21 05:27:58.345000,94.0,59,50
8021,641,58,100,2024-10-21 05:27:58.345000,53.0,50,85
8022,641,90,100,2024-10-21 05:27:58.345000,73.0,71,83
8023,641,83,100,2024-10-21 05:27:58.345000,86.0,84,60
8024,641,159,100,2024-10-21 05:27:58.345000,90.0,72,82
8025,641,79,100,2024-10-21 05:27:58.345000,83.0,67,98
8026,641,151,100,2024-10-21 05:27:58.345000,60.0,93,82
8027,641,160,100,2024-10-21 05:27:58.345000,63.0,93,64
8028,642,17,100,2024-10-21 05:27:58.345000,59.0,52,84
8029,642,20,100,2024-10-21 05:27:58.345000,91.0,93,94
8030,642,13,100,2024-10-21 05:27:58.345000,71.0,54,96
8031,642,166,100,2024-10-21 05:27:58.345000,67.0,51,91
8032,642,124,100,2024-10-21 05:27:58.345000,98.0,94,66
8033,642,50,100,2024-10-21 05:27:58.345000,55.0,85,93
8034,642,22,100,2024-10-21 05:27:58.345000,61.0,51,86
8035,642,60,100,2024-10-21 05:27:58.345000,82.0,57,50
8036,642,177,100,2024-10-21 05:27:58.345000,83.0,67,76
8037,642,42,100,2024-10-21 05:27:58.345000,58.0,91,94
8038,642,37,100,2024-10-21 05:27:58.345000,73.0,75,85
8039,643,13,100,2024-10-21 05:27:58.345000,63.0,74,92
8040,643,166,100,2024-10-21 05:27:58.345000,96.0,65,81
8041,643,20,100,2024-10-21 05:27:58.345000,91.0,94,68
8042,643,17,100,2024-10-21 05:27:58.345000,57.0,55,54
8043,643,12,100,2024-10-21 05:27:58.345000,83.0,61,66
8044,643,2,100,2024-10-21 05:27:58.345000,52.0,57,84
8045,643,123,100,2024-10-21 05:27:58.345000,65.0,60,85
8046,643,100,100,2024-10-21 05:27:58.345000,73.0,81,81
8047,643,86,100,2024-10-21 05:27:58.345000,97.0,59,88
8048,643,57,100,2024-10-21 05:27:58.345000,53.0,73,90
8049,643,157,100,2024-10-21 05:27:58.345000,100.0,74,91
8050,643,162,100,2024-10-21 05:27:58.345000,91.0,92,73
8051,643,118,100,2024-10-21 05:27:58.345000,59.0,82,74
8052,643,150,100,2024-10-21 05:27:58.345000,52.0,56,75
8053,643,76,100,2024-10-21 05:27:58.345000,97.0,80,100
8054,644,17,100,2024-10-21 05:27:58.345000,100.0,99,89
8055,644,12,100,2024-10-21 05:27:58.345000,65.0,64,90
8056,644,166,100,2024-10-21 05:27:58.345000,51.0,71,55
8057,644,20,100,2024-10-21 05:27:58.345000,90.0,56,65
8058,644,13,100,2024-10-21 05:27:58.345000,67.0,56,52
8059,644,127,100,2024-10-21 05:27:58.345000,94.0,56,64
8060,644,120,100,2024-10-21 05:27:58.345000,72.0,65,59
8061,644,186,100,2024-10-21 05:27:58.345000,100.0,85,64
8062,644,64,100,2024-10-21 05:27:58.345000,89.0,53,81
8063,644,113,100,2024-10-21 05:27:58.345000,72.0,97,53
8064,644,87,100,2024-10-21 05:27:58.345000,58.0,97,89
8065,644,158,100,2024-10-21 05:27:58.345000,90.0,68,82
8066,645,20,100,2024-10-21 05:27:58.345000,76.0,73,69
8067,645,12,100,2024-10-21 05:27:58.345000,65.0,97,84
8068,645,166,100,2024-10-21 05:27:58.345000,60.0,94,61
8069,645,17,100,2024-10-21 05:27:58.345000,52.0,80,78
8070,645,81,100,2024-10-21 05:27:58.345000,82.0,87,70
8071,645,157,100,2024-10-21 05:27:58.345000,88.0,95,89
8072,645,133,100,2024-10-21 05:27:58.345000,61.0,90,80
8073,645,191,100,2024-10-21 05:27:58.345000,61.0,71,56
8074,645,187,100,2024-10-21 05:27:58.345000,59.0,51,94
8075,645,71,100,2024-10-21 05:27:58.345000,97.0,89,84
8076,645,106,100,2024-10-21 05:27:58.345000,95.0,95,89
8077,645,168,100,2024-10-21 05:27:58.345000,79.0,71,76
8078,645,140,100,2024-10-21 05:27:58.345000,100.0,81,71
8079,645,182,100,2024-10-21 05:27:58.345000,56.0,50,80
8080,645,101,100,2024-10-21 05:27:58.345000,63.0,60,50
8081,646,166,100,2024-10-21 05:27:58.345000,80.0,87,92
8082,646,20,100,2024-10-21 05:27:58.345000,91.0,89,95
8083,646,12,100,2024-10-21 05:27:58.345000,56.0,79,81
8084,646,17,100,2024-10-21 05:27:58.345000,98.0,63,91
8085,646,13,100,2024-10-21 05:27:58.345000,85.0,94,55
8086,646,131,100,2024-10-21 05:27:58.345000,66.0,70,98
8087,646,94,100,2024-10-21 05:27:58.345000,87.0,82,78
8088,646,53,100,2024-10-21 05:27:58.345000,53.0,59,94
8089,646,100,100,2024-10-21 05:27:58.345000,96.0,81,71
8090,646,61,100,2024-10-21 05:27:58.345000,81.0,67,82
8091,646,198,100,2024-10-21 05:27:58.345000,90.0,70,69
8092,646,71,100,2024-10-21 05:27:58.345000,52.0,97,99
8093,646,2,100,2024-10-21 05:27:58.345000,91.0,81,98
8094,646,128,100,2024-10-21 05:27:58.345000,92.0,74,67
8095,647,12,100,2024-10-21 05:27:58.346000,73.0,87,56
8096,647,13,100,2024-10-21 05:27:58.346000,99.0,53,56
8097,647,166,100,2024-10-21 05:27:58.346000,86.0,66,95
8098,647,20,100,2024-10-21 05:27:58.346000,76.0,64,57
8099,647,17,100,2024-10-21 05:27:58.346000,53.0,92,64
8100,647,121,100,2024-10-21 05:27:58.346000,54.0,72,78
8101,647,181,100,2024-10-21 05:27:58.346000,72.0,77,99
8102,647,1,100,2024-10-21 05:27:58.346000,61.0,66,85
8103,647,78,100,2024-10-21 05:27:58.346000,50.0,55,94
8104,647,118,100,2024-10-21 05:27:58.346000,63.0,64,67
8105,647,119,100,2024-10-21 05:27:58.346000,53.0,97,90
8106,648,17,100,2024-10-21 05:27:58.346000,99.0,61,90
8107,648,13,100,2024-10-21 05:27:58.346000,55.0,81,86
8108,648,20,100,2024-10-21 05:27:58.346000,63.0,74,57
8109,648,12,100,2024-10-21 05:27:58.346000,65.0,74,80
8110,648,7,100,2024-10-21 05:27:58.346000,100.0,67,82
8111,648,109,100,2024-10-21 05:27:58.346000,56.0,56,85
8112,648,86,100,2024-10-21 05:27:58.346000,71.0,52,54
8113,648,132,100,2024-10-21 05:27:58.346000,75.0,97,54
8114,648,179,100,2024-10-21 05:27:58.346000,65.0,99,82
8115,648,16,100,2024-10-21 05:27:58.346000,89.0,68,51
8116,648,129,100,2024-10-21 05:27:58.346000,71.0,70,55
8117,649,20,100,2024-10-21 05:27:58.346000,88.0,99,88
8118,649,12,100,2024-10-21 05:27:58.346000,98.0,63,61
8119,649,13,100,2024-10-21 05:27:58.346000,70.0,67,50
8120,649,17,100,2024-10-21 05:27:58.346000,95.0,53,96
8121,649,166,100,2024-10-21 05:27:58.346000,54.0,96,84
8122,649,162,100,2024-10-21 05:27:58.346000,77.0,72,56
8123,649,152,100,2024-10-21 05:27:58.346000,60.0,93,85
8124,649,48,100,2024-10-21 05:27:58.346000,92.0,63,53
8125,649,126,100,2024-10-21 05:27:58.346000,95.0,61,83
8126,649,135,100,2024-10-21 05:27:58.346000,83.0,51,77
8127,649,18,100,2024-10-21 05:27:58.346000,81.0,91,51
8128,649,118,100,2024-10-21 05:27:58.346000,66.0,59,76
8129,650,12,100,2024-10-21 05:27:58.346000,75.0,51,80
8130,650,13,100,2024-10-21 05:27:58.346000,84.0,86,61
8131,650,17,100,2024-10-21 05:27:58.346000,99.0,89,69
8132,650,20,100,2024-10-21 05:27:58.346000,98.0,68,81
8133,650,166,100,2024-10-21 05:27:58.346000,92.0,74,92
8134,650,38,100,2024-10-21 05:27:58.346000,65.0,75,57
8135,650,9,100,2024-10-21 05:27:58.346000,86.0,77,76
8136,650,56,100,2024-10-21 05:27:58.346000,69.0,96,91
8137,650,115,100,2024-10-21 05:27:58.346000,63.0,84,78
8138,650,136,100,2024-10-21 05:27:58.346000,54.0,92,98
8139,650,75,100,2024-10-21 05:27:58.346000,74.0,74,77
8140,650,159,100,2024-10-21 05:27:58.346000,95.0,95,98
8141,651,17,100,2024-10-21 05:27:58.346000,52.0,98,79
8142,651,166,100,2024-10-21 05:27:58.346000,55.0,69,98
8143,651,12,100,2024-10-21 05:27:58.346000,56.0,80,92
8144,651,13,100,2024-10-21 05:27:58.346000,59.0,51,59
8145,651,20,100,2024-10-21 05:27:58.346000,88.0,59,63
8146,651,128,100,2024-10-21 05:27:58.346000,68.0,92,68
8147,651,197,100,2024-10-21 05:27:58.346000,100.0,95,71
8148,651,6,100,2024-10-21 05:27:58.346000,65.0,74,83
8149,651,71,100,2024-10-21 05:27:58.346000,80.0,78,69
8150,651,58,100,2024-10-21 05:27:58.346000,58.0,71,66
8151,652,13,100,2024-10-21 05:27:58.346000,77.0,67,57
8152,652,166,100,2024-10-21 05:27:58.346000,93.0,96,98
8153,652,12,100,2024-10-21 05:27:58.346000,91.0,70,57
8154,652,17,100,2024-10-21 05:27:58.346000,77.0,76,96
8155,652,20,100,2024-10-21 05:27:58.346000,70.0,85,77
8156,652,5,100,2024-10-21 05:27:58.346000,92.0,84,97
8157,652,28,100,2024-10-21 05:27:58.346000,70.0,75,82
8158,652,138,100,2024-10-21 05:27:58.346000,69.0,61,74
8159,652,116,100,2024-10-21 05:27:58.346000,62.0,56,74
8160,652,97,100,2024-10-21 05:27:58.346000,95.0,52,95
8161,652,37,100,2024-10-21 05:27:58.346000,77.0,95,94
8162,652,153,100,2024-10-21 05:27:58.346000,63.0,59,57
8163,653,20,100,2024-10-21 05:27:58.346000,98.0,76,85
8164,653,166,100,2024-10-21 05:27:58.346000,67.0,72,82
8165,653,17,100,2024-10-21 05:27:58.346000,93.0,60,89
8166,653,12,100,2024-10-21 05:27:58.346000,79.0,78,92
8167,653,13,100,2024-10-21 05:27:58.346000,63.0,71,78
8168,653,154,100,2024-10-21 05:27:58.346000,56.0,85,66
8169,653,51,100,2024-10-21 05:27:58.346000,81.0,81,99
8170,653,90,100,2024-10-21 05:27:58.346000,75.0,64,64
8171,653,1,100,2024-10-21 05:27:58.346000,57.0,79,51
8172,653,27,100,2024-10-21 05:27:58.346000,72.0,54,89
8173,653,71,100,2024-10-21 05:27:58.346000,99.0,64,83
8174,653,61,100,2024-10-21 05:27:58.346000,72.0,60,99
8175,654,166,100,2024-10-21 05:27:58.346000,65.0,72,57
8176,654,12,100,2024-10-21 05:27:58.346000,50.0,58,55
8177,654,17,100,2024-10-21 05:27:58.346000,99.0,78,75
8178,654,20,100,2024-10-21 05:27:58.346000,81.0,86,68
8179,654,13,100,2024-10-21 05:27:58.346000,92.0,62,52
8180,654,184,100,2024-10-21 05:27:58.346000,69.0,55,54
8181,654,189,100,2024-10-21 05:27:58.346000,90.0,50,71
8182,654,143,100,2024-10-21 05:27:58.346000,83.0,51,90
8183,654,7,100,2024-10-21 05:27:58.346000,83.0,87,61
8184,654,147,100,2024-10-21 05:27:58.346000,55.0,64,96
8185,654,187,100,2024-10-21 05:27:58.346000,70.0,52,91
8186,654,43,100,2024-10-21 05:27:58.346000,63.0,66,97
8187,655,166,100,2024-10-21 05:27:58.346000,69.0,89,93
8188,655,20,100,2024-10-21 05:27:58.346000,87.0,62,85
8189,655,12,100,2024-10-21 05:27:58.346000,79.0,96,78
8190,655,17,100,2024-10-21 05:27:58.346000,99.0,76,64
8191,655,13,100,2024-10-21 05:27:58.346000,61.0,95,90
8192,655,60,100,2024-10-21 05:27:58.346000,88.0,90,52
8193,655,16,100,2024-10-21 05:27:58.346000,77.0,98,63
8194,655,58,100,2024-10-21 05:27:58.346000,69.0,79,75
8195,655,75,100,2024-10-21 05:27:58.346000,71.0,72,50
8196,655,131,100,2024-10-21 05:27:58.346000,52.0,86,59
8197,655,99,100,2024-10-21 05:27:58.346000,50.0,90,86
8198,655,168,100,2024-10-21 05:27:58.346000,74.0,62,67
8199,655,182,100,2024-10-21 05:27:58.346000,59.0,52,100
8200,656,13,100,2024-10-21 05:27:58.346000,83.0,60,64
8201,656,166,100,2024-10-21 05:27:58.346000,52.0,77,66
8202,656,12,100,2024-10-21 05:27:58.346000,71.0,87,98
8203,656,20,100,2024-10-21 05:27:58.346000,94.0,55,52
8204,656,17,100,2024-10-21 05:27:58.346000,95.0,58,76
8205,656,192,100,2024-10-21 05:27:58.346000,60.0,67,51
8206,656,94,100,2024-10-21 05:27:58.346000,80.0,92,82
8207,656,134,100,2024-10-21 05:27:58.346000,73.0,61,58
8208,656,137,100,2024-10-21 05:27:58.346000,68.0,93,100
8209,656,113,100,2024-10-21 05:27:58.346000,84.0,58,92
8210,656,96,100,2024-10-21 05:27:58.346000,87.0,52,97
8211,657,20,100,2024-10-21 05:27:58.346000,87.0,64,70
8212,657,166,100,2024-10-21 05:27:58.346000,51.0,55,59
8213,657,12,100,2024-10-21 05:27:58.346000,77.0,73,85
8214,657,13,100,2024-10-21 05:27:58.346000,69.0,97,90
8215,657,17,100,2024-10-21 05:27:58.346000,76.0,76,58
8216,657,109,100,2024-10-21 05:27:58.346000,63.0,53,98
8217,657,171,100,2024-10-21 05:27:58.346000,62.0,50,98
8218,657,190,100,2024-10-21 05:27:58.346000,79.0,95,86
8219,657,165,100,2024-10-21 05:27:58.346000,92.0,57,75
8220,657,110,100,2024-10-21 05:27:58.346000,61.0,58,52
8221,657,125,100,2024-10-21 05:27:58.346000,51.0,79,71
8222,657,2,100,2024-10-21 05:27:58.346000,92.0,54,96
8223,657,14,100,2024-10-21 05:27:58.346000,84.0,72,58
8224,657,72,100,2024-10-21 05:27:58.346000,87.0,92,83
8225,658,17,100,2024-10-21 05:27:58.346000,51.0,86,55
8226,658,166,100,2024-10-21 05:27:58.346000,94.0,69,77
8227,658,12,100,2024-10-21 05:27:58.346000,71.0,89,57
8228,658,13,100,2024-10-21 05:27:58.346000,79.0,50,54
8229,658,22,100,2024-10-21 05:27:58.346000,76.0,65,60
8230,658,120,100,2024-10-21 05:27:58.346000,68.0,65,95
8231,658,180,100,2024-10-21 05:27:58.346000,77.0,50,93
8232,658,130,100,2024-10-21 05:27:58.346000,98.0,76,73
8233,658,86,100,2024-10-21 05:27:58.346000,57.0,76,87
8234,658,37,100,2024-10-21 05:27:58.346000,58.0,66,64
8235,658,174,100,2024-10-21 05:27:58.346000,72.0,76,64
8236,658,61,100,2024-10-21 05:27:58.346000,60.0,94,52
8237,659,13,100,2024-10-21 05:27:58.346000,90.0,53,71
8238,659,12,100,2024-10-21 05:27:58.346000,54.0,73,53
8239,659,17,100,2024-10-21 05:27:58.346000,63.0,86,67
8240,659,166,100,2024-10-21 05:27:58.346000,93.0,68,58
8241,659,20,100,2024-10-21 05:27:58.346000,99.0,56,100
8242,659,46,100,2024-10-21 05:27:58.346000,75.0,52,94
8243,659,51,100,2024-10-21 05:27:58.346000,68.0,97,76
8244,659,147,100,2024-10-21 05:27:58.346000,75.0,86,81
8245,659,38,100,2024-10-21 05:27:58.346000,69.0,57,61
8246,659,159,100,2024-10-21 05:27:58.346000,88.0,84,61
8247,659,175,100,2024-10-21 05:27:58.346000,56.0,93,58
8248,659,57,100,2024-10-21 05:27:58.346000,61.0,80,77
8249,659,90,100,2024-10-21 05:27:58.346000,91.0,86,75
8250,659,173,100,2024-10-21 05:27:58.346000,58.0,95,84
8251,660,17,100,2024-10-21 05:27:58.346000,89.0,65,79
8252,660,166,100,2024-10-21 05:27:58.346000,86.0,59,82
8253,660,13,100,2024-10-21 05:27:58.346000,75.0,86,90
8254,660,12,100,2024-10-21 05:27:58.346000,88.0,64,69
8255,660,20,100,2024-10-21 05:27:58.346000,84.0,100,79
8256,660,143,100,2024-10-21 05:27:58.346000,71.0,50,67
8257,660,52,100,2024-10-21 05:27:58.347000,51.0,66,64
8258,660,142,100,2024-10-21 05:27:58.347000,56.0,97,50
8259,660,88,100,2024-10-21 05:27:58.347000,59.0,69,55
8260,660,113,100,2024-10-21 05:27:58.347000,56.0,81,52
8261,660,93,100,2024-10-21 05:27:58.347000,67.0,74,50
8262,660,154,100,2024-10-21 05:27:58.347000,62.0,60,56
8263,660,179,100,2024-10-21 05:27:58.347000,98.0,57,75
8264,661,20,100,2024-10-21 05:27:58.347000,53.0,54,90
8265,661,13,100,2024-10-21 05:27:58.347000,56.0,87,57
8266,661,12,100,2024-10-21 05:27:58.347000,91.0,57,84
8267,661,166,100,2024-10-21 05:27:58.347000,69.0,93,95
8268,661,17,100,2024-10-21 05:27:58.347000,81.0,65,79
8269,661,25,100,2024-10-21 05:27:58.347000,57.0,54,92
8270,661,169,100,2024-10-21 05:27:58.347000,81.0,100,64
8271,661,191,100,2024-10-21 05:27:58.347000,94.0,81,62
8272,661,116,100,2024-10-21 05:27:58.347000,81.0,82,86
8273,661,40,100,2024-10-21 05:27:58.347000,100.0,53,66
8274,661,45,100,2024-10-21 05:27:58.347000,68.0,68,80
8275,661,131,100,2024-10-21 05:27:58.347000,69.0,92,69
8276,662,13,100,2024-10-21 05:27:58.347000,72.0,88,81
8277,662,20,100,2024-10-21 05:27:58.347000,62.0,71,100
8278,662,12,100,2024-10-21 05:27:58.347000,66.0,86,99
8279,662,17,100,2024-10-21 05:27:58.347000,60.0,58,82
8280,662,166,100,2024-10-21 05:27:58.347000,57.0,74,89
8281,662,78,100,2024-10-21 05:27:58.347000,69.0,53,86
8282,662,92,100,2024-10-21 05:27:58.347000,95.0,100,53
8283,662,62,100,2024-10-21 05:27:58.347000,94.0,92,98
8284,662,37,100,2024-10-21 05:27:58.347000,73.0,62,75
8285,662,183,100,2024-10-21 05:27:58.347000,67.0,50,62
8286,662,180,100,2024-10-21 05:27:58.347000,92.0,94,51
8287,662,139,100,2024-10-21 05:27:58.347000,79.0,93,86
8288,663,166,100,2024-10-21 05:27:58.347000,60.0,89,99
8289,663,12,100,2024-10-21 05:27:58.347000,61.0,82,58
8290,663,20,100,2024-10-21 05:27:58.347000,74.0,56,83
8291,663,13,100,2024-10-21 05:27:58.347000,85.0,85,78
8292,663,17,100,2024-10-21 05:27:58.347000,51.0,89,54
8293,663,35,100,2024-10-21 05:27:58.347000,91.0,88,91
8294,663,126,100,2024-10-21 05:27:58.347000,66.0,73,84
8295,663,141,100,2024-10-21 05:27:58.347000,55.0,55,52
8296,663,145,100,2024-10-21 05:27:58.347000,87.0,54,87
8297,663,164,100,2024-10-21 05:27:58.347000,60.0,76,94
8298,664,166,100,2024-10-21 05:27:58.347000,92.0,81,82
8299,664,12,100,2024-10-21 05:27:58.347000,70.0,61,90
8300,664,17,100,2024-10-21 05:27:58.347000,56.0,64,64
8301,664,20,100,2024-10-21 05:27:58.347000,55.0,75,73
8302,664,13,100,2024-10-21 05:27:58.347000,97.0,57,64
8303,664,84,100,2024-10-21 05:27:58.347000,74.0,56,65
8304,664,82,100,2024-10-21 05:27:58.347000,80.0,68,89
8305,664,191,100,2024-10-21 05:27:58.347000,86.0,74,61
8306,664,15,100,2024-10-21 05:27:58.347000,59.0,76,68
8307,664,98,100,2024-10-21 05:27:58.347000,82.0,72,65
8308,664,187,100,2024-10-21 05:27:58.347000,81.0,97,73
8309,664,158,100,2024-10-21 05:27:58.347000,56.0,97,99
8310,665,12,100,2024-10-21 05:27:58.347000,95.0,80,78
8311,665,166,100,2024-10-21 05:27:58.347000,85.0,71,73
8312,665,20,100,2024-10-21 05:27:58.347000,54.0,65,99
8313,665,17,100,2024-10-21 05:27:58.347000,53.0,83,64
8314,665,13,100,2024-10-21 05:27:58.347000,57.0,72,72
8315,665,108,100,2024-10-21 05:27:58.347000,82.0,58,50
8316,665,137,100,2024-10-21 05:27:58.347000,69.0,68,77
8317,665,149,100,2024-10-21 05:27:58.347000,73.0,63,72
8318,665,118,100,2024-10-21 05:27:58.347000,81.0,51,70
8319,665,109,100,2024-10-21 05:27:58.347000,61.0,65,93
8320,665,97,100,2024-10-21 05:27:58.347000,53.0,87,54
8321,665,67,100,2024-10-21 05:27:58.347000,73.0,100,68
8322,665,59,100,2024-10-21 05:27:58.347000,50.0,82,94
8323,666,13,100,2024-10-21 05:27:58.347000,74.0,97,63
8324,666,166,100,2024-10-21 05:27:58.347000,87.0,95,97
8325,666,20,100,2024-10-21 05:27:58.347000,60.0,79,62
8326,666,12,100,2024-10-21 05:27:58.347000,83.0,92,92
8327,666,17,100,2024-10-21 05:27:58.347000,76.0,59,87
8328,666,117,100,2024-10-21 05:27:58.347000,94.0,90,93
8329,666,56,100,2024-10-21 05:27:58.347000,79.0,55,67
8330,666,64,100,2024-10-21 05:27:58.347000,65.0,96,62
8331,666,151,100,2024-10-21 05:27:58.347000,77.0,63,71
8332,666,141,100,2024-10-21 05:27:58.347000,100.0,74,85
8333,666,174,100,2024-10-21 05:27:58.347000,52.0,96,85
8334,667,166,100,2024-10-21 05:27:58.347000,54.0,84,79
8335,667,12,100,2024-10-21 05:27:58.347000,74.0,64,56
8336,667,13,100,2024-10-21 05:27:58.347000,64.0,59,56
8337,667,20,100,2024-10-21 05:27:58.347000,68.0,70,67
8338,667,50,100,2024-10-21 05:27:58.347000,83.0,75,74
8339,667,86,100,2024-10-21 05:27:58.347000,60.0,55,76
8340,667,42,100,2024-10-21 05:27:58.347000,69.0,52,74
8341,667,129,100,2024-10-21 05:27:58.347000,66.0,74,100
8342,667,165,100,2024-10-21 05:27:58.347000,60.0,65,86
8343,667,41,100,2024-10-21 05:27:58.347000,72.0,53,57
8344,667,181,100,2024-10-21 05:27:58.347000,100.0,58,72
8345,667,40,100,2024-10-21 05:27:58.347000,53.0,59,92
8346,667,10,100,2024-10-21 05:27:58.347000,100.0,84,99
8347,667,126,100,2024-10-21 05:27:58.347000,95.0,75,99
8348,668,20,100,2024-10-21 05:27:58.347000,72.0,94,94
8349,668,166,100,2024-10-21 05:27:58.347000,63.0,65,92
8350,668,13,100,2024-10-21 05:27:58.347000,60.0,88,66
8351,668,12,100,2024-10-21 05:27:58.347000,95.0,90,59
8352,668,17,100,2024-10-21 05:27:58.347000,81.0,66,74
8353,668,41,100,2024-10-21 05:27:58.347000,53.0,77,90
8354,668,46,100,2024-10-21 05:27:58.347000,83.0,79,100
8355,668,191,100,2024-10-21 05:27:58.347000,91.0,65,95
8356,668,27,100,2024-10-21 05:27:58.347000,88.0,64,81
8357,668,19,100,2024-10-21 05:27:58.347000,75.0,63,77
8358,669,20,100,2024-10-21 05:27:58.347000,94.0,61,64
8359,669,13,100,2024-10-21 05:27:58.347000,100.0,77,93
8360,669,166,100,2024-10-21 05:27:58.347000,82.0,53,61
8361,669,12,100,2024-10-21 05:27:58.347000,60.0,55,55
8362,669,17,100,2024-10-21 05:27:58.347000,84.0,69,84
8363,669,145,100,2024-10-21 05:27:58.347000,57.0,91,75
8364,669,107,100,2024-10-21 05:27:58.347000,88.0,82,94
8365,669,115,100,2024-10-21 05:27:58.347000,85.0,76,70
8366,669,143,100,2024-10-21 05:27:58.347000,91.0,99,97
8367,669,77,100,2024-10-21 05:27:58.347000,65.0,88,83
8368,670,13,100,2024-10-21 05:27:58.347000,68.0,92,100
8369,670,20,100,2024-10-21 05:27:58.347000,65.0,56,50
8370,670,166,100,2024-10-21 05:27:58.347000,65.0,83,63
8371,670,12,100,2024-10-21 05:27:58.347000,91.0,92,90
8372,670,81,100,2024-10-21 05:27:58.347000,70.0,73,60
8373,670,102,100,2024-10-21 05:27:58.347000,99.0,65,72
8374,670,134,100,2024-10-21 05:27:58.347000,63.0,93,84
8375,670,28,100,2024-10-21 05:27:58.347000,85.0,64,53
8376,670,50,100,2024-10-21 05:27:58.347000,74.0,56,75
8377,670,176,100,2024-10-21 05:27:58.347000,59.0,92,68
8378,671,17,100,2024-10-21 05:27:58.347000,99.0,92,96
8379,671,12,100,2024-10-21 05:27:58.347000,84.0,56,81
8380,671,20,100,2024-10-21 05:27:58.347000,59.0,56,74
8381,671,166,100,2024-10-21 05:27:58.347000,86.0,55,75
8382,671,13,100,2024-10-21 05:27:58.347000,88.0,79,66
8383,671,176,100,2024-10-21 05:27:58.347000,84.0,62,81
8384,671,75,100,2024-10-21 05:27:58.347000,78.0,63,60
8385,671,108,100,2024-10-21 05:27:58.347000,59.0,51,92
8386,671,80,100,2024-10-21 05:27:58.347000,81.0,78,96
8387,671,54,100,2024-10-21 05:27:58.347000,68.0,91,53
8388,671,141,100,2024-10-21 05:27:58.347000,69.0,57,57
8389,672,166,100,2024-10-21 05:27:58.347000,90.0,50,60
8390,672,17,100,2024-10-21 05:27:58.347000,82.0,98,69
8391,672,13,100,2024-10-21 05:27:58.347000,57.0,56,66
8392,672,20,100,2024-10-21 05:27:58.347000,91.0,84,89
8393,672,12,100,2024-10-21 05:27:58.347000,79.0,78,70
8394,672,143,100,2024-10-21 05:27:58.347000,69.0,66,77
8395,672,76,100,2024-10-21 05:27:58.347000,57.0,67,76
8396,672,81,100,2024-10-21 05:27:58.347000,81.0,59,81
8397,672,142,100,2024-10-21 05:27:58.347000,84.0,84,96
8398,672,136,100,2024-10-21 05:27:58.347000,53.0,79,69
8399,672,80,100,2024-10-21 05:27:58.347000,67.0,79,84
8400,672,26,100,2024-10-21 05:27:58.347000,66.0,99,58
8401,673,20,100,2024-10-21 05:27:58.347000,80.0,83,68
8402,673,12,100,2024-10-21 05:27:58.347000,74.0,75,71
8403,673,166,100,2024-10-21 05:27:58.347000,82.0,86,90
8404,673,17,100,2024-10-21 05:27:58.347000,71.0,75,54
8405,673,13,100,2024-10-21 05:27:58.347000,79.0,63,88
8406,673,108,100,2024-10-21 05:27:58.347000,55.0,81,63
8407,673,192,100,2024-10-21 05:27:58.347000,84.0,100,54
8408,673,46,100,2024-10-21 05:27:58.347000,54.0,71,68
8409,673,27,100,2024-10-21 05:27:58.347000,58.0,61,50
8410,673,7,100,2024-10-21 05:27:58.347000,84.0,69,62
8411,673,171,100,2024-10-21 05:27:58.347000,70.0,94,96
8412,673,42,100,2024-10-21 05:27:58.347000,58.0,63,83
8413,673,196,100,2024-10-21 05:27:58.347000,52.0,95,82
8414,674,12,100,2024-10-21 05:27:58.347000,58.0,90,95
8415,674,20,100,2024-10-21 05:27:58.348000,84.0,51,81
8416,674,17,100,2024-10-21 05:27:58.348000,97.0,95,82
8417,674,166,100,2024-10-21 05:27:58.348000,54.0,97,78
8418,674,13,100,2024-10-21 05:27:58.348000,76.0,64,58
8419,674,165,100,2024-10-21 05:27:58.348000,88.0,71,62
8420,674,72,100,2024-10-21 05:27:58.348000,81.0,80,89
8421,674,110,100,2024-10-21 05:27:58.348000,82.0,63,53
8422,674,175,100,2024-10-21 05:27:58.348000,89.0,95,92
8423,674,51,100,2024-10-21 05:27:58.348000,78.0,56,93
8424,674,148,100,2024-10-21 05:27:58.348000,99.0,73,70
8425,674,158,100,2024-10-21 05:27:58.348000,72.0,95,82
8426,674,7,100,2024-10-21 05:27:58.348000,73.0,97,90
8427,674,67,100,2024-10-21 05:27:58.348000,89.0,68,79
8428,674,145,100,2024-10-21 05:27:58.348000,56.0,92,54
8429,675,13,100,2024-10-21 05:27:58.348000,79.0,68,71
8430,675,12,100,2024-10-21 05:27:58.348000,52.0,88,94
8431,675,166,100,2024-10-21 05:27:58.348000,77.0,90,57
8432,675,17,100,2024-10-21 05:27:58.348000,94.0,90,89
8433,675,20,100,2024-10-21 05:27:58.348000,73.0,66,99
8434,675,161,100,2024-10-21 05:27:58.348000,52.0,60,53
8435,675,29,100,2024-10-21 05:27:58.348000,78.0,90,62
8436,675,6,100,2024-10-21 05:27:58.348000,92.0,57,98
8437,675,32,100,2024-10-21 05:27:58.348000,55.0,80,64
8438,675,169,100,2024-10-21 05:27:58.348000,67.0,73,74
8439,675,18,100,2024-10-21 05:27:58.348000,53.0,97,56
8440,676,13,100,2024-10-21 05:27:58.348000,99.0,60,57
8441,676,166,100,2024-10-21 05:27:58.348000,83.0,55,89
8442,676,17,100,2024-10-21 05:27:58.348000,89.0,76,99
8443,676,20,100,2024-10-21 05:27:58.348000,81.0,52,70
8444,676,12,100,2024-10-21 05:27:58.348000,73.0,88,82
8445,676,184,100,2024-10-21 05:27:58.348000,98.0,88,89
8446,676,87,100,2024-10-21 05:27:58.348000,86.0,78,90
8447,676,56,100,2024-10-21 05:27:58.348000,99.0,85,78
8448,676,175,100,2024-10-21 05:27:58.348000,83.0,66,56
8449,676,110,100,2024-10-21 05:27:58.348000,50.0,76,86
8450,676,189,100,2024-10-21 05:27:58.348000,51.0,51,74
8451,676,51,100,2024-10-21 05:27:58.348000,58.0,69,84
8452,676,43,100,2024-10-21 05:27:58.348000,52.0,81,90
8453,676,174,100,2024-10-21 05:27:58.348000,52.0,65,82
8454,676,116,100,2024-10-21 05:27:58.348000,71.0,99,89
8455,677,13,100,2024-10-21 05:27:58.348000,92.0,88,81
8456,677,20,100,2024-10-21 05:27:58.348000,62.0,59,64
8457,677,12,100,2024-10-21 05:27:58.348000,91.0,70,54
8458,677,17,100,2024-10-21 05:27:58.348000,89.0,69,69
8459,677,166,100,2024-10-21 05:27:58.348000,87.0,73,76
8460,677,176,100,2024-10-21 05:27:58.348000,56.0,99,94
8461,677,80,100,2024-10-21 05:27:58.348000,73.0,51,52
8462,677,127,100,2024-10-21 05:27:58.348000,79.0,84,65
8463,677,101,100,2024-10-21 05:27:58.348000,50.0,88,83
8464,677,94,100,2024-10-21 05:27:58.348000,81.0,97,55
8465,677,2,100,2024-10-21 05:27:58.348000,62.0,91,86
8466,678,12,100,2024-10-21 05:27:58.348000,80.0,92,89
8467,678,17,100,2024-10-21 05:27:58.348000,68.0,96,59
8468,678,166,100,2024-10-21 05:27:58.348000,85.0,97,87
8469,678,13,100,2024-10-21 05:27:58.348000,70.0,52,69
8470,678,41,100,2024-10-21 05:27:58.348000,93.0,53,75
8471,678,125,100,2024-10-21 05:27:58.348000,78.0,89,52
8472,678,83,100,2024-10-21 05:27:58.348000,87.0,78,64
8473,678,21,100,2024-10-21 05:27:58.348000,92.0,89,56
8474,678,122,100,2024-10-21 05:27:58.348000,76.0,84,66
8475,678,140,100,2024-10-21 05:27:58.348000,84.0,60,87
8476,678,40,100,2024-10-21 05:27:58.348000,52.0,88,90
8477,678,3,100,2024-10-21 05:27:58.348000,64.0,81,82
8478,679,166,100,2024-10-21 05:27:58.348000,76.0,67,91
8479,679,20,100,2024-10-21 05:27:58.348000,89.0,79,92
8480,679,17,100,2024-10-21 05:27:58.348000,87.0,94,72
8481,679,12,100,2024-10-21 05:27:58.348000,56.0,78,94
8482,679,13,100,2024-10-21 05:27:58.348000,69.0,75,99
8483,679,76,100,2024-10-21 05:27:58.348000,69.0,73,71
8484,679,23,100,2024-10-21 05:27:58.348000,67.0,72,87
8485,679,68,100,2024-10-21 05:27:58.348000,64.0,96,59
8486,679,96,100,2024-10-21 05:27:58.348000,84.0,75,97
8487,679,88,100,2024-10-21 05:27:58.348000,76.0,79,65
8488,679,98,100,2024-10-21 05:27:58.348000,71.0,100,56
8489,679,109,100,2024-10-21 05:27:58.348000,55.0,93,52
8490,679,138,100,2024-10-21 05:27:58.348000,64.0,67,99
8491,679,7,100,2024-10-21 05:27:58.348000,52.0,61,85
8492,679,77,100,2024-10-21 05:27:58.348000,90.0,52,64
8493,680,166,100,2024-10-21 05:27:58.348000,52.0,100,93
8494,680,13,100,2024-10-21 05:27:58.348000,81.0,84,57
8495,680,12,100,2024-10-21 05:27:58.348000,51.0,88,62
8496,680,20,100,2024-10-21 05:27:58.348000,66.0,55,85
8497,680,46,100,2024-10-21 05:27:58.348000,89.0,89,99
8498,680,144,100,2024-10-21 05:27:58.348000,53.0,96,75
8499,680,151,100,2024-10-21 05:27:58.348000,56.0,95,83
8500,680,96,100,2024-10-21 05:27:58.348000,91.0,53,76
8501,680,48,100,2024-10-21 05:27:58.348000,100.0,87,77
8502,680,39,100,2024-10-21 05:27:58.348000,77.0,67,66
8503,680,34,100,2024-10-21 05:27:58.348000,74.0,81,84
8504,680,125,100,2024-10-21 05:27:58.348000,85.0,52,66
8505,680,71,100,2024-10-21 05:27:58.348000,82.0,97,88
8506,681,20,100,2024-10-21 05:27:58.348000,95.0,63,100
8507,681,166,100,2024-10-21 05:27:58.348000,51.0,79,98
8508,681,13,100,2024-10-21 05:27:58.348000,55.0,70,84
8509,681,12,100,2024-10-21 05:27:58.348000,87.0,63,50
8510,681,8,100,2024-10-21 05:27:58.348000,74.0,94,62
8511,681,15,100,2024-10-21 05:27:58.348000,56.0,57,69
8512,681,81,100,2024-10-21 05:27:58.348000,52.0,77,83
8513,681,2,100,2024-10-21 05:27:58.348000,93.0,58,52
8514,681,177,100,2024-10-21 05:27:58.348000,52.0,93,80
8515,681,90,100,2024-10-21 05:27:58.348000,51.0,52,82
8516,681,37,100,2024-10-21 05:27:58.348000,98.0,64,65
8517,681,130,100,2024-10-21 05:27:58.348000,81.0,68,85
8518,682,12,100,2024-10-21 05:27:58.348000,73.0,64,71
8519,682,166,100,2024-10-21 05:27:58.348000,78.0,94,53
8520,682,20,100,2024-10-21 05:27:58.348000,51.0,67,65
8521,682,13,100,2024-10-21 05:27:58.348000,50.0,85,52
8522,682,121,100,2024-10-21 05:27:58.348000,82.0,66,64
8523,682,158,100,2024-10-21 05:27:58.348000,80.0,63,87
8524,682,52,100,2024-10-21 05:27:58.348000,92.0,61,87
8525,682,106,100,2024-10-21 05:27:58.348000,61.0,98,100
8526,682,9,100,2024-10-21 05:27:58.348000,79.0,82,63
8527,682,104,100,2024-10-21 05:27:58.348000,79.0,88,58
8528,682,77,100,2024-10-21 05:27:58.348000,90.0,100,69
8529,682,6,100,2024-10-21 05:27:58.348000,93.0,81,93
8530,682,28,100,2024-10-21 05:27:58.348000,81.0,84,96
8531,682,126,100,2024-10-21 05:27:58.348000,60.0,82,70
8532,682,49,100,2024-10-21 05:27:58.348000,88.0,87,77
8533,683,166,100,2024-10-21 05:27:58.348000,93.0,61,88
8534,683,13,100,2024-10-21 05:27:58.348000,59.0,93,85
8535,683,20,100,2024-10-21 05:27:58.348000,69.0,82,93
8536,683,12,100,2024-10-21 05:27:58.348000,78.0,91,64
8537,683,17,100,2024-10-21 05:27:58.348000,90.0,84,90
8538,683,71,100,2024-10-21 05:27:58.348000,83.0,55,62
8539,683,74,100,2024-10-21 05:27:58.348000,78.0,51,63
8540,683,91,100,2024-10-21 05:27:58.348000,69.0,80,55
8541,683,56,100,2024-10-21 05:27:58.348000,92.0,78,82
8542,683,129,100,2024-10-21 05:27:58.348000,56.0,79,66
8543,683,137,100,2024-10-21 05:27:58.348000,84.0,69,83
8544,683,109,100,2024-10-21 05:27:58.348000,89.0,95,56
8545,683,161,100,2024-10-21 05:27:58.348000,77.0,84,60
8546,683,63,100,2024-10-21 05:27:58.348000,71.0,70,52
8547,683,124,100,2024-10-21 05:27:58.348000,50.0,87,77
8548,684,20,100,2024-10-21 05:27:58.348000,96.0,62,92
8549,684,12,100,2024-10-21 05:27:58.348000,94.0,56,80
8550,684,166,100,2024-10-21 05:27:58.348000,69.0,57,66
8551,684,17,100,2024-10-21 05:27:58.348000,87.0,61,65
8552,684,13,100,2024-10-21 05:27:58.348000,83.0,62,81
8553,684,41,100,2024-10-21 05:27:58.348000,87.0,53,98
8554,684,56,100,2024-10-21 05:27:58.348000,95.0,72,92
8555,684,176,100,2024-10-21 05:27:58.348000,90.0,100,64
8556,684,140,100,2024-10-21 05:27:58.348000,90.0,73,58
8557,684,21,100,2024-10-21 05:27:58.348000,74.0,80,90
8558,684,180,100,2024-10-21 05:27:58.348000,98.0,90,79
8559,684,199,100,2024-10-21 05:27:58.348000,57.0,59,96
8560,685,12,100,2024-10-21 05:27:58.348000,77.0,91,98
8561,685,20,100,2024-10-21 05:27:58.348000,67.0,54,77
8562,685,17,100,2024-10-21 05:27:58.348000,68.0,62,56
8563,685,166,100,2024-10-21 05:27:58.348000,59.0,77,99
8564,685,13,100,2024-10-21 05:27:58.348000,81.0,70,94
8565,685,112,100,2024-10-21 05:27:58.348000,81.0,95,99
8566,685,4,100,2024-10-21 05:27:58.348000,55.0,78,77
8567,685,189,100,2024-10-21 05:27:58.348000,76.0,81,86
8568,685,151,100,2024-10-21 05:27:58.348000,95.0,74,53
8569,685,129,100,2024-10-21 05:27:58.348000,84.0,76,51
8570,685,198,100,2024-10-21 05:27:58.348000,92.0,88,60
8571,686,12,100,2024-10-21 05:27:58.348000,80.0,67,60
8572,686,166,100,2024-10-21 05:27:58.348000,58.0,68,95
8573,686,13,100,2024-10-21 05:27:58.348000,51.0,76,50
8574,686,20,100,2024-10-21 05:27:58.348000,59.0,55,92
8575,686,17,100,2024-10-21 05:27:58.348000,62.0,88,51
8576,686,53,100,2024-10-21 05:27:58.348000,80.0,50,71
8577,686,1,100,2024-10-21 05:27:58.348000,90.0,92,87
8578,686,104,100,2024-10-21 05:27:58.348000,52.0,73,100
8579,686,110,100,2024-10-21 05:27:58.348000,96.0,81,63
8580,686,62,100,2024-10-21 05:27:58.348000,67.0,71,66
8581,686,60,100,2024-10-21 05:27:58.348000,79.0,72,53
8582,686,11,100,2024-10-21 05:27:58.349000,96.0,92,65
8583,686,184,100,2024-10-21 05:27:58.349000,99.0,62,55
8584,687,166,100,2024-10-21 05:27:58.349000,91.0,92,95
8585,687,20,100,2024-10-21 05:27:58.349000,89.0,88,89
8586,687,13,100,2024-10-21 05:27:58.349000,90.0,58,63
8587,687,17,100,2024-10-21 05:27:58.349000,63.0,74,64
8588,687,12,100,2024-10-21 05:27:58.349000,86.0,83,71
8589,687,185,100,2024-10-21 05:27:58.349000,56.0,82,71
8590,687,88,100,2024-10-21 05:27:58.349000,87.0,68,95
8591,687,84,100,2024-10-21 05:27:58.349000,58.0,52,51
8592,687,85,100,2024-10-21 05:27:58.349000,71.0,69,58
8593,687,22,100,2024-10-21 05:27:58.349000,58.0,99,62
8594,688,12,100,2024-10-21 05:27:58.349000,91.0,76,96
8595,688,13,100,2024-10-21 05:27:58.349000,56.0,60,89
8596,688,17,100,2024-10-21 05:27:58.349000,59.0,76,90
8597,688,20,100,2024-10-21 05:27:58.349000,63.0,93,62
8598,688,166,100,2024-10-21 05:27:58.349000,86.0,63,66
8599,688,3,100,2024-10-21 05:27:58.349000,85.0,85,53
8600,688,182,100,2024-10-21 05:27:58.349000,69.0,62,84
8601,688,67,100,2024-10-21 05:27:58.349000,78.0,54,88
8602,688,15,100,2024-10-21 05:27:58.349000,92.0,86,83
8603,688,18,100,2024-10-21 05:27:58.349000,90.0,73,81
8604,688,89,100,2024-10-21 05:27:58.349000,88.0,87,86
8605,688,149,100,2024-10-21 05:27:58.349000,90.0,90,87
8606,689,17,100,2024-10-21 05:27:58.349000,56.0,69,82
8607,689,12,100,2024-10-21 05:27:58.349000,91.0,81,53
8608,689,166,100,2024-10-21 05:27:58.349000,72.0,69,66
8609,689,20,100,2024-10-21 05:27:58.349000,87.0,78,59
8610,689,13,100,2024-10-21 05:27:58.349000,73.0,89,70
8611,689,57,100,2024-10-21 05:27:58.349000,77.0,68,59
8612,689,156,100,2024-10-21 05:27:58.349000,67.0,75,64
8613,689,112,100,2024-10-21 05:27:58.349000,98.0,63,58
8614,689,169,100,2024-10-21 05:27:58.349000,66.0,79,54
8615,689,51,100,2024-10-21 05:27:58.349000,94.0,99,70
8616,689,69,100,2024-10-21 05:27:58.349000,68.0,63,73
8617,690,17,100,2024-10-21 05:27:58.349000,86.0,59,63
8618,690,13,100,2024-10-21 05:27:58.349000,78.0,63,50
8619,690,20,100,2024-10-21 05:27:58.349000,52.0,55,60
8620,690,166,100,2024-10-21 05:27:58.349000,53.0,66,86
8621,690,12,100,2024-10-21 05:27:58.349000,54.0,77,66
8622,690,95,100,2024-10-21 05:27:58.349000,97.0,76,89
8623,690,161,100,2024-10-21 05:27:58.349000,68.0,53,92
8624,690,75,100,2024-10-21 05:27:58.349000,83.0,92,94
8625,690,28,100,2024-10-21 05:27:58.349000,82.0,54,96
8626,690,62,100,2024-10-21 05:27:58.349000,54.0,62,67
8627,690,4,100,2024-10-21 05:27:58.349000,87.0,66,82
8628,690,110,100,2024-10-21 05:27:58.349000,76.0,98,65
8629,690,6,100,2024-10-21 05:27:58.349000,59.0,53,85
8630,690,109,100,2024-10-21 05:27:58.349000,59.0,71,58
8631,690,179,100,2024-10-21 05:27:58.349000,59.0,93,65
8632,691,13,100,2024-10-21 05:27:58.349000,83.0,57,67
8633,691,17,100,2024-10-21 05:27:58.349000,53.0,50,55
8634,691,166,100,2024-10-21 05:27:58.349000,71.0,64,81
8635,691,12,100,2024-10-21 05:27:58.349000,64.0,51,80
8636,691,20,100,2024-10-21 05:27:58.349000,72.0,93,81
8637,691,163,100,2024-10-21 05:27:58.349000,86.0,63,57
8638,691,162,100,2024-10-21 05:27:58.349000,72.0,91,89
8639,691,136,100,2024-10-21 05:27:58.349000,73.0,73,73
8640,691,160,100,2024-10-21 05:27:58.349000,69.0,87,95
8641,691,81,100,2024-10-21 05:27:58.349000,93.0,94,61
8642,691,29,100,2024-10-21 05:27:58.349000,79.0,84,69
8643,691,197,100,2024-10-21 05:27:58.349000,58.0,71,97
8644,691,93,100,2024-10-21 05:27:58.349000,89.0,62,92
8645,692,17,100,2024-10-21 05:27:58.349000,53.0,73,64
8646,692,20,100,2024-10-21 05:27:58.349000,59.0,54,79
8647,692,166,100,2024-10-21 05:27:58.349000,53.0,66,94
8648,692,12,100,2024-10-21 05:27:58.349000,57.0,84,57
8649,692,13,100,2024-10-21 05:27:58.349000,89.0,50,83
8650,692,95,100,2024-10-21 05:27:58.349000,89.0,97,65
8651,692,51,100,2024-10-21 05:27:58.349000,51.0,93,65
8652,692,38,100,2024-10-21 05:27:58.349000,73.0,98,82
8653,692,196,100,2024-10-21 05:27:58.349000,64.0,88,92
8654,692,85,100,2024-10-21 05:27:58.349000,86.0,86,83
8655,692,15,100,2024-10-21 05:27:58.349000,67.0,58,63
8656,692,39,100,2024-10-21 05:27:58.349000,90.0,93,54
8657,692,52,100,2024-10-21 05:27:58.349000,95.0,73,92
8658,693,17,100,2024-10-21 05:27:58.349000,64.0,100,66
8659,693,13,100,2024-10-21 05:27:58.349000,58.0,87,98
8660,693,20,100,2024-10-21 05:27:58.349000,86.0,73,65
8661,693,166,100,2024-10-21 05:27:58.349000,83.0,79,75
8662,693,12,100,2024-10-21 05:27:58.349000,64.0,88,50
8663,693,69,100,2024-10-21 05:27:58.349000,66.0,51,92
8664,693,120,100,2024-10-21 05:27:58.349000,88.0,93,72
8665,693,199,100,2024-10-21 05:27:58.349000,83.0,67,59
8666,693,59,100,2024-10-21 05:27:58.349000,73.0,64,76
8667,693,155,100,2024-10-21 05:27:58.349000,99.0,96,57
8668,693,83,100,2024-10-21 05:27:58.349000,53.0,91,57
8669,693,35,100,2024-10-21 05:27:58.349000,89.0,88,85
8670,693,6,100,2024-10-21 05:27:58.349000,100.0,91,97
8671,693,181,100,2024-10-21 05:27:58.349000,86.0,78,96
8672,694,17,100,2024-10-21 05:27:58.349000,63.0,68,57
8673,694,166,100,2024-10-21 05:27:58.349000,72.0,77,69
8674,694,12,100,2024-10-21 05:27:58.349000,94.0,95,50
8675,694,20,100,2024-10-21 05:27:58.349000,72.0,75,80
8676,694,13,100,2024-10-21 05:27:58.349000,58.0,78,84
8677,694,53,100,2024-10-21 05:27:58.349000,57.0,68,89
8678,694,96,100,2024-10-21 05:27:58.349000,59.0,91,62
8679,694,113,100,2024-10-21 05:27:58.349000,100.0,52,73
8680,694,75,100,2024-10-21 05:27:58.349000,68.0,59,69
8681,694,44,100,2024-10-21 05:27:58.349000,67.0,55,74
8682,694,59,100,2024-10-21 05:27:58.349000,88.0,69,80
8683,694,135,100,2024-10-21 05:27:58.349000,99.0,96,74
8684,694,106,100,2024-10-21 05:27:58.349000,78.0,82,92
8685,694,40,100,2024-10-21 05:27:58.349000,72.0,79,81
8686,695,12,100,2024-10-21 05:27:58.349000,93.0,89,87
8687,695,13,100,2024-10-21 05:27:58.349000,89.0,70,85
8688,695,166,100,2024-10-21 05:27:58.349000,66.0,75,56
8689,695,20,100,2024-10-21 05:27:58.349000,57.0,77,99
8690,695,17,100,2024-10-21 05:27:58.349000,54.0,66,73
8691,695,131,100,2024-10-21 05:27:58.349000,70.0,85,58
8692,695,8,100,2024-10-21 05:27:58.349000,64.0,58,60
8693,695,56,100,2024-10-21 05:27:58.349000,50.0,50,68
8694,695,27,100,2024-10-21 05:27:58.349000,70.0,67,83
8695,695,33,100,2024-10-21 05:27:58.349000,65.0,93,67
8696,695,171,100,2024-10-21 05:27:58.349000,94.0,88,62
8697,695,179,100,2024-10-21 05:27:58.349000,67.0,83,53
8698,695,123,100,2024-10-21 05:27:58.349000,92.0,59,96
8699,695,95,100,2024-10-21 05:27:58.349000,86.0,74,59
8700,695,94,100,2024-10-21 05:27:58.349000,97.0,64,68
8701,696,13,100,2024-10-21 05:27:58.349000,82.0,90,53
8702,696,166,100,2024-10-21 05:27:58.349000,88.0,72,91
8703,696,12,100,2024-10-21 05:27:58.349000,75.0,54,54
8704,696,20,100,2024-10-21 05:27:58.349000,96.0,72,78
8705,696,17,100,2024-10-21 05:27:58.349000,62.0,55,71
8706,696,171,100,2024-10-21 05:27:58.349000,68.0,94,91
8707,696,111,100,2024-10-21 05:27:58.349000,84.0,93,67
8708,696,136,100,2024-10-21 05:27:58.349000,87.0,68,91
8709,696,147,100,2024-10-21 05:27:58.349000,83.0,55,94
8710,696,9,100,2024-10-21 05:27:58.349000,56.0,95,86
8711,696,25,100,2024-10-21 05:27:58.349000,81.0,61,56
8712,696,95,100,2024-10-21 05:27:58.349000,77.0,81,61
8713,696,52,100,2024-10-21 05:27:58.349000,70.0,93,62
8714,696,37,100,2024-10-21 05:27:58.349000,86.0,86,63
8715,697,20,100,2024-10-21 05:27:58.349000,88.0,70,72
8716,697,166,100,2024-10-21 05:27:58.349000,91.0,99,72
8717,697,12,100,2024-10-21 05:27:58.349000,65.0,66,58
8718,697,13,100,2024-10-21 05:27:58.349000,92.0,61,81
8719,697,17,100,2024-10-21 05:27:58.349000,78.0,55,96
8720,697,189,100,2024-10-21 05:27:58.349000,99.0,95,78
8721,697,7,100,2024-10-21 05:27:58.349000,72.0,66,84
8722,697,22,100,2024-10-21 05:27:58.349000,91.0,80,85
8723,697,45,100,2024-10-21 05:27:58.349000,57.0,60,69
8724,697,14,100,2024-10-21 05:27:58.349000,83.0,50,66
8725,697,92,100,2024-10-21 05:27:58.349000,89.0,95,94
8726,698,13,100,2024-10-21 05:27:58.349000,68.0,75,77
8727,698,17,100,2024-10-21 05:27:58.349000,94.0,81,92
8728,698,12,100,2024-10-21 05:27:58.349000,99.0,88,99
8729,698,166,100,2024-10-21 05:27:58.349000,85.0,72,94
8730,698,20,100,2024-10-21 05:27:58.349000,82.0,76,100
8731,698,158,100,2024-10-21 05:27:58.349000,88.0,88,98
8732,698,25,100,2024-10-21 05:27:58.349000,81.0,98,66
8733,698,99,100,2024-10-21 05:27:58.349000,86.0,93,81
8734,698,175,100,2024-10-21 05:27:58.349000,57.0,58,81
8735,698,26,100,2024-10-21 05:27:58.349000,69.0,67,98
8736,698,10,100,2024-10-21 05:27:58.349000,56.0,53,78
8737,698,122,100,2024-10-21 05:27:58.349000,93.0,68,100
8738,699,20,100,2024-10-21 05:27:58.350000,98.0,86,89
8739,699,12,100,2024-10-21 05:27:58.350000,50.0,71,90
8740,699,17,100,2024-10-21 05:27:58.350000,54.0,79,65
8741,699,166,100,2024-10-21 05:27:58.350000,63.0,81,85
8742,699,13,100,2024-10-21 05:27:58.350000,70.0,63,68
8743,699,117,100,2024-10-21 05:27:58.350000,96.0,53,94
8744,699,33,100,2024-10-21 05:27:58.350000,82.0,56,87
8745,699,130,100,2024-10-21 05:27:58.350000,84.0,56,73
8746,699,157,100,2024-10-21 05:27:58.350000,86.0,68,66
8747,699,4,100,2024-10-21 05:27:58.350000,87.0,71,77
8748,699,197,100,2024-10-21 05:27:58.350000,66.0,75,56
8749,699,186,100,2024-10-21 05:27:58.350000,70.0,98,54
8750,700,166,100,2024-10-21 05:27:58.350000,95.0,53,96
8751,700,13,100,2024-10-21 05:27:58.350000,87.0,52,93
8752,700,20,100,2024-10-21 05:27:58.350000,69.0,80,62
8753,700,12,100,2024-10-21 05:27:58.350000,95.0,74,56
8754,700,17,100,2024-10-21 05:27:58.350000,81.0,79,88
8755,700,92,100,2024-10-21 05:27:58.350000,98.0,52,76
8756,700,185,100,2024-10-21 05:27:58.350000,63.0,63,59
8757,700,148,100,2024-10-21 05:27:58.350000,57.0,71,81
8758,700,193,100,2024-10-21 05:27:58.350000,96.0,59,81
8759,700,79,100,2024-10-21 05:27:58.350000,94.0,56,78
8760,701,166,100,2024-10-21 05:27:58.350000,76.0,68,57
8761,701,17,100,2024-10-21 05:27:58.350000,63.0,56,82
8762,701,20,100,2024-10-21 05:27:58.350000,66.0,67,53
8763,701,13,100,2024-10-21 05:27:58.350000,80.0,68,99
8764,701,12,100,2024-10-21 05:27:58.350000,81.0,58,79
8765,701,195,100,2024-10-21 05:27:58.350000,82.0,52,79
8766,701,167,100,2024-10-21 05:27:58.350000,90.0,85,60
8767,701,144,100,2024-10-21 05:27:58.350000,74.0,56,67
8768,701,10,100,2024-10-21 05:27:58.350000,75.0,82,51
8769,701,160,100,2024-10-21 05:27:58.350000,60.0,70,76
8770,701,8,100,2024-10-21 05:27:58.350000,60.0,77,66
8771,701,49,100,2024-10-21 05:27:58.350000,54.0,91,65
8772,701,116,100,2024-10-21 05:27:58.350000,91.0,94,71
8773,701,44,100,2024-10-21 05:27:58.350000,60.0,61,98
8774,701,127,100,2024-10-21 05:27:58.350000,91.0,74,76
8775,702,20,100,2024-10-21 05:27:58.350000,65.0,100,95
8776,702,166,100,2024-10-21 05:27:58.350000,65.0,89,64
8777,702,12,100,2024-10-21 05:27:58.350000,60.0,70,60
8778,702,13,100,2024-10-21 05:27:58.350000,64.0,94,58
8779,702,17,100,2024-10-21 05:27:58.350000,63.0,93,82
8780,702,75,100,2024-10-21 05:27:58.350000,59.0,50,75
8781,702,180,100,2024-10-21 05:27:58.350000,88.0,91,82
8782,702,116,100,2024-10-21 05:27:58.350000,58.0,61,77
8783,702,37,100,2024-10-21 05:27:58.350000,78.0,78,80
8784,702,200,100,2024-10-21 05:27:58.350000,65.0,87,83
8785,702,31,100,2024-10-21 05:27:58.350000,94.0,54,82
8786,702,34,100,2024-10-21 05:27:58.350000,65.0,81,90
8787,702,128,100,2024-10-21 05:27:58.350000,89.0,100,97
8788,702,52,100,2024-10-21 05:27:58.350000,53.0,75,94
8789,702,167,100,2024-10-21 05:27:58.350000,74.0,81,64
8790,703,20,100,2024-10-21 05:27:58.350000,100.0,92,100
8791,703,17,100,2024-10-21 05:27:58.350000,91.0,80,98
8792,703,13,100,2024-10-21 05:27:58.350000,67.0,83,93
8793,703,12,100,2024-10-21 05:27:58.350000,59.0,63,58
8794,703,166,100,2024-10-21 05:27:58.350000,58.0,51,79
8795,703,168,100,2024-10-21 05:27:58.350000,62.0,68,98
8796,703,98,100,2024-10-21 05:27:58.350000,97.0,100,84
8797,703,21,100,2024-10-21 05:27:58.350000,100.0,64,82
8798,703,106,100,2024-10-21 05:27:58.350000,82.0,56,78
8799,703,18,100,2024-10-21 05:27:58.350000,53.0,87,92
8800,703,156,100,2024-10-21 05:27:58.350000,82.0,51,52
8801,703,167,100,2024-10-21 05:27:58.350000,73.0,98,54
8802,704,12,100,2024-10-21 05:27:58.350000,68.0,80,61
8803,704,166,100,2024-10-21 05:27:58.350000,90.0,62,56
8804,704,17,100,2024-10-21 05:27:58.350000,96.0,75,73
8805,704,20,100,2024-10-21 05:27:58.350000,90.0,76,66
8806,704,13,100,2024-10-21 05:27:58.350000,96.0,91,52
8807,704,5,100,2024-10-21 05:27:58.350000,62.0,59,77
8808,704,184,100,2024-10-21 05:27:58.350000,82.0,50,69
8809,704,106,100,2024-10-21 05:27:58.350000,99.0,98,97
8810,704,48,100,2024-10-21 05:27:58.350000,64.0,71,68
8811,704,54,100,2024-10-21 05:27:58.350000,91.0,97,100
8812,705,17,100,2024-10-21 05:27:58.350000,93.0,79,74
8813,705,13,100,2024-10-21 05:27:58.350000,82.0,84,55
8814,705,20,100,2024-10-21 05:27:58.350000,100.0,58,55
8815,705,166,100,2024-10-21 05:27:58.350000,51.0,80,75
8816,705,12,100,2024-10-21 05:27:58.350000,95.0,58,88
8817,705,52,100,2024-10-21 05:27:58.350000,66.0,60,81
8818,705,78,100,2024-10-21 05:27:58.350000,79.0,76,58
8819,705,198,100,2024-10-21 05:27:58.350000,80.0,78,76
8820,705,80,100,2024-10-21 05:27:58.350000,55.0,99,95
8821,705,114,100,2024-10-21 05:27:58.350000,66.0,63,56
8822,705,51,100,2024-10-21 05:27:58.350000,78.0,93,97
8823,705,168,100,2024-10-21 05:27:58.350000,54.0,93,88
8824,705,125,100,2024-10-21 05:27:58.350000,55.0,71,77
8825,706,12,100,2024-10-21 05:27:58.350000,57.0,75,86
8826,706,20,100,2024-10-21 05:27:58.350000,100.0,68,73
8827,706,166,100,2024-10-21 05:27:58.350000,62.0,66,71
8828,706,13,100,2024-10-21 05:27:58.350000,85.0,64,65
8829,706,17,100,2024-10-21 05:27:58.350000,90.0,62,70
8830,706,71,100,2024-10-21 05:27:58.350000,98.0,55,71
8831,706,198,100,2024-10-21 05:27:58.350000,65.0,62,73
8832,706,10,100,2024-10-21 05:27:58.350000,74.0,88,88
8833,706,30,100,2024-10-21 05:27:58.350000,86.0,96,81
8834,706,37,100,2024-10-21 05:27:58.350000,51.0,96,96
8835,706,97,100,2024-10-21 05:27:58.350000,50.0,61,94
8836,706,93,100,2024-10-21 05:27:58.350000,95.0,63,91
8837,706,158,100,2024-10-21 05:27:58.350000,91.0,80,86
8838,706,41,100,2024-10-21 05:27:58.350000,85.0,59,84
8839,707,12,100,2024-10-21 05:27:58.350000,98.0,80,79
8840,707,17,100,2024-10-21 05:27:58.350000,73.0,75,68
8841,707,13,100,2024-10-21 05:27:58.350000,92.0,83,63
8842,707,20,100,2024-10-21 05:27:58.350000,98.0,62,51
8843,707,166,100,2024-10-21 05:27:58.350000,93.0,71,75
8844,707,155,100,2024-10-21 05:27:58.350000,90.0,57,65
8845,707,178,100,2024-10-21 05:27:58.350000,84.0,66,95
8846,707,95,100,2024-10-21 05:27:58.350000,58.0,86,64
8847,707,100,100,2024-10-21 05:27:58.350000,59.0,79,66
8848,707,28,100,2024-10-21 05:27:58.350000,96.0,64,87
8849,707,121,100,2024-10-21 05:27:58.350000,93.0,53,95
8850,707,65,100,2024-10-21 05:27:58.350000,78.0,77,99
8851,707,8,100,2024-10-21 05:27:58.350000,96.0,80,64
8852,707,123,100,2024-10-21 05:27:58.350000,88.0,74,54
8853,707,10,100,2024-10-21 05:27:58.350000,85.0,62,86
8854,708,12,100,2024-10-21 05:27:58.350000,88.0,84,84
8855,708,20,100,2024-10-21 05:27:58.350000,68.0,77,75
8856,708,13,100,2024-10-21 05:27:58.350000,68.0,84,53
8857,708,166,100,2024-10-21 05:27:58.350000,73.0,50,73
8858,708,17,100,2024-10-21 05:27:58.350000,54.0,89,83
8859,708,162,100,2024-10-21 05:27:58.350000,76.0,78,59
8860,708,145,100,2024-10-21 05:27:58.350000,70.0,63,70
8861,708,75,100,2024-10-21 05:27:58.350000,59.0,54,92
8862,708,182,100,2024-10-21 05:27:58.350000,66.0,82,100
8863,708,18,100,2024-10-21 05:27:58.350000,91.0,95,97
8864,708,139,100,2024-10-21 05:27:58.350000,92.0,96,53
8865,709,166,100,2024-10-21 05:27:58.350000,98.0,79,66
8866,709,20,100,2024-10-21 05:27:58.350000,56.0,72,51
8867,709,17,100,2024-10-21 05:27:58.350000,64.0,58,82
8868,709,12,100,2024-10-21 05:27:58.350000,59.0,78,52
8869,709,13,100,2024-10-21 05:27:58.350000,62.0,57,68
8870,709,192,100,2024-10-21 05:27:58.350000,64.0,97,94
8871,709,187,100,2024-10-21 05:27:58.350000,95.0,57,91
8872,709,190,100,2024-10-21 05:27:58.350000,92.0,56,99
8873,709,57,100,2024-10-21 05:27:58.350000,76.0,73,73
8874,709,53,100,2024-10-21 05:27:58.350000,51.0,100,53
8875,709,26,100,2024-10-21 05:27:58.350000,67.0,82,51
8876,709,105,100,2024-10-21 05:27:58.350000,70.0,88,61
8877,709,81,100,2024-10-21 05:27:58.350000,64.0,91,97
8878,709,42,100,2024-10-21 05:27:58.350000,80.0,71,88
8879,709,117,100,2024-10-21 05:27:58.350000,55.0,86,58
8880,710,17,100,2024-10-21 05:27:58.350000,90.0,75,64
8881,710,12,100,2024-10-21 05:27:58.350000,71.0,53,79
8882,710,166,100,2024-10-21 05:27:58.350000,90.0,60,93
8883,710,13,100,2024-10-21 05:27:58.350000,52.0,52,96
8884,710,20,100,2024-10-21 05:27:58.350000,60.0,62,77
8885,710,165,100,2024-10-21 05:27:58.350000,99.0,56,76
8886,710,127,100,2024-10-21 05:27:58.350000,96.0,86,95
8887,710,150,100,2024-10-21 05:27:58.350000,66.0,77,72
8888,710,118,100,2024-10-21 05:27:58.350000,82.0,77,87
8889,710,80,100,2024-10-21 05:27:58.350000,83.0,57,73
8890,710,8,100,2024-10-21 05:27:58.350000,91.0,70,99
8891,710,122,100,2024-10-21 05:27:58.350000,55.0,74,56
8892,710,149,100,2024-10-21 05:27:58.350000,68.0,61,52
8893,710,175,100,2024-10-21 05:27:58.350000,64.0,78,53
8894,710,1,100,2024-10-21 05:27:58.350000,95.0,83,66
8895,711,17,100,2024-10-21 05:27:58.350000,84.0,77,53
8896,711,13,100,2024-10-21 05:27:58.350000,76.0,68,89
8897,711,166,100,2024-10-21 05:27:58.350000,71.0,51,78
8898,711,12,100,2024-10-21 05:27:58.350000,52.0,69,96
8899,711,20,100,2024-10-21 05:27:58.350000,88.0,65,52
8900,711,65,100,2024-10-21 05:27:58.350000,73.0,98,98
8901,711,72,100,2024-10-21 05:27:58.350000,86.0,89,73
8902,711,57,100,2024-10-21 05:27:58.350000,51.0,67,90
8903,711,170,100,2024-10-21 05:27:58.350000,79.0,93,92
8904,711,40,100,2024-10-21 05:27:58.351000,75.0,96,53
8905,711,86,100,2024-10-21 05:27:58.351000,53.0,62,63
8906,711,109,100,2024-10-21 05:27:58.351000,52.0,51,76
8907,711,136,100,2024-10-21 05:27:58.351000,56.0,50,81
8908,711,128,100,2024-10-21 05:27:58.351000,89.0,59,72
8909,712,20,100,2024-10-21 05:27:58.351000,80.0,60,60
8910,712,166,100,2024-10-21 05:27:58.351000,98.0,91,96
8911,712,13,100,2024-10-21 05:27:58.351000,90.0,88,93
8912,712,17,100,2024-10-21 05:27:58.351000,57.0,61,87
8913,712,12,100,2024-10-21 05:27:58.351000,60.0,95,65
8914,712,37,100,2024-10-21 05:27:58.351000,85.0,89,66
8915,712,14,100,2024-10-21 05:27:58.351000,86.0,65,73
8916,712,99,100,2024-10-21 05:27:58.351000,85.0,100,91
8917,712,170,100,2024-10-21 05:27:58.351000,68.0,62,93
8918,712,193,100,2024-10-21 05:27:58.351000,96.0,87,54
8919,712,150,100,2024-10-21 05:27:58.351000,88.0,87,100
8920,712,21,100,2024-10-21 05:27:58.351000,96.0,89,71
8921,712,60,100,2024-10-21 05:27:58.351000,62.0,54,100
8922,713,13,100,2024-10-21 05:27:58.351000,85.0,52,53
8923,713,12,100,2024-10-21 05:27:58.351000,84.0,88,69
8924,713,166,100,2024-10-21 05:27:58.351000,73.0,51,59
8925,713,20,100,2024-10-21 05:27:58.351000,61.0,94,56
8926,713,17,100,2024-10-21 05:27:58.351000,64.0,57,59
8927,713,41,100,2024-10-21 05:27:58.351000,59.0,73,87
8928,713,59,100,2024-10-21 05:27:58.351000,77.0,97,51
8929,713,28,100,2024-10-21 05:27:58.351000,64.0,58,100
8930,713,7,100,2024-10-21 05:27:58.351000,70.0,95,68
8931,713,117,100,2024-10-21 05:27:58.351000,95.0,85,93
8932,714,166,100,2024-10-21 05:27:58.351000,88.0,51,62
8933,714,20,100,2024-10-21 05:27:58.351000,80.0,63,57
8934,714,17,100,2024-10-21 05:27:58.351000,77.0,79,84
8935,714,12,100,2024-10-21 05:27:58.351000,76.0,64,73
8936,714,13,100,2024-10-21 05:27:58.351000,54.0,50,77
8937,714,37,100,2024-10-21 05:27:58.351000,53.0,58,100
8938,714,126,100,2024-10-21 05:27:58.351000,50.0,92,75
8939,714,123,100,2024-10-21 05:27:58.351000,86.0,65,72
8940,714,22,100,2024-10-21 05:27:58.351000,53.0,66,94
8941,714,187,100,2024-10-21 05:27:58.351000,83.0,83,68
8942,714,170,100,2024-10-21 05:27:58.351000,78.0,74,67
8943,714,78,100,2024-10-21 05:27:58.351000,67.0,76,68
8944,714,119,100,2024-10-21 05:27:58.351000,67.0,55,60
8945,714,88,100,2024-10-21 05:27:58.351000,96.0,59,83
8946,715,13,100,2024-10-21 05:27:58.351000,65.0,51,98
8947,715,20,100,2024-10-21 05:27:58.351000,99.0,86,75
8948,715,12,100,2024-10-21 05:27:58.351000,69.0,67,60
8949,715,17,100,2024-10-21 05:27:58.351000,59.0,85,94
8950,715,166,100,2024-10-21 05:27:58.351000,92.0,61,94
8951,715,114,100,2024-10-21 05:27:58.351000,54.0,78,86
8952,715,92,100,2024-10-21 05:27:58.351000,97.0,82,58
8953,715,57,100,2024-10-21 05:27:58.351000,95.0,62,80
8954,715,174,100,2024-10-21 05:27:58.351000,74.0,77,57
8955,715,35,100,2024-10-21 05:27:58.351000,79.0,85,57
8956,715,116,100,2024-10-21 05:27:58.351000,100.0,76,96
8957,715,31,100,2024-10-21 05:27:58.351000,77.0,92,60
8958,715,99,100,2024-10-21 05:27:58.351000,61.0,78,83
8959,716,20,100,2024-10-21 05:27:58.351000,62.0,79,66
8960,716,166,100,2024-10-21 05:27:58.351000,86.0,79,70
8961,716,17,100,2024-10-21 05:27:58.351000,59.0,82,63
8962,716,12,100,2024-10-21 05:27:58.351000,82.0,69,68
8963,716,13,100,2024-10-21 05:27:58.351000,67.0,57,86
8964,716,168,100,2024-10-21 05:27:58.351000,78.0,91,99
8965,716,180,100,2024-10-21 05:27:58.351000,83.0,63,79
8966,716,99,100,2024-10-21 05:27:58.351000,100.0,79,71
8967,716,93,100,2024-10-21 05:27:58.351000,68.0,92,77
8968,716,195,100,2024-10-21 05:27:58.351000,67.0,99,74
8969,716,138,100,2024-10-21 05:27:58.351000,100.0,63,68
8970,716,123,100,2024-10-21 05:27:58.351000,67.0,80,50
8971,716,143,100,2024-10-21 05:27:58.351000,88.0,50,96
8972,716,157,100,2024-10-21 05:27:58.351000,59.0,92,54
8973,716,83,100,2024-10-21 05:27:58.351000,58.0,64,60
8974,717,20,100,2024-10-21 05:27:58.351000,58.0,67,66
8975,717,166,100,2024-10-21 05:27:58.351000,50.0,55,62
8976,717,13,100,2024-10-21 05:27:58.351000,57.0,52,71
8977,717,17,100,2024-10-21 05:27:58.351000,80.0,83,88
8978,717,12,100,2024-10-21 05:27:58.351000,57.0,82,84
8979,717,108,100,2024-10-21 05:27:58.351000,68.0,51,94
8980,717,187,100,2024-10-21 05:27:58.351000,87.0,53,55
8981,717,128,100,2024-10-21 05:27:58.351000,68.0,58,94
8982,717,8,100,2024-10-21 05:27:58.351000,59.0,67,61
8983,717,55,100,2024-10-21 05:27:58.351000,57.0,88,60
8984,717,23,100,2024-10-21 05:27:58.351000,68.0,97,62
8985,717,137,100,2024-10-21 05:27:58.351000,59.0,71,93
8986,717,25,100,2024-10-21 05:27:58.351000,79.0,78,69
8987,717,6,100,2024-10-21 05:27:58.351000,74.0,55,71
8988,717,185,100,2024-10-21 05:27:58.351000,66.0,54,90
8989,718,20,100,2024-10-21 05:27:58.351000,98.0,63,86
8990,718,12,100,2024-10-21 05:27:58.351000,84.0,62,100
8991,718,166,100,2024-10-21 05:27:58.351000,55.0,75,60
8992,718,13,100,2024-10-21 05:27:58.351000,70.0,70,80
8993,718,17,100,2024-10-21 05:27:58.351000,88.0,71,82
8994,718,110,100,2024-10-21 05:27:58.351000,58.0,95,100
8995,718,33,100,2024-10-21 05:27:58.351000,55.0,89,88
8996,718,104,100,2024-10-21 05:27:58.351000,57.0,71,89
8997,718,118,100,2024-10-21 05:27:58.351000,55.0,88,55
8998,718,122,100,2024-10-21 05:27:58.351000,69.0,56,56
8999,718,151,100,2024-10-21 05:27:58.351000,67.0,71,79
9000,718,198,100,2024-10-21 05:27:58.351000,91.0,68,67
9001,718,26,100,2024-10-21 05:27:58.351000,58.0,53,68
9002,719,17,100,2024-10-21 05:27:58.351000,86.0,85,73
9003,719,20,100,2024-10-21 05:27:58.351000,88.0,76,100
9004,719,166,100,2024-10-21 05:27:58.351000,61.0,58,64
9005,719,12,100,2024-10-21 05:27:58.351000,100.0,91,59
9006,719,13,100,2024-10-21 05:27:58.351000,71.0,89,51
9007,719,179,100,2024-10-21 05:27:58.351000,97.0,90,59
9008,719,89,100,2024-10-21 05:27:58.351000,86.0,78,76
9009,719,194,100,2024-10-21 05:27:58.351000,54.0,90,50
9010,719,196,100,2024-10-21 05:27:58.351000,67.0,68,86
9011,719,139,100,2024-10-21 05:27:58.351000,98.0,50,90
9012,719,43,100,2024-10-21 05:27:58.351000,81.0,65,89
9013,719,156,100,2024-10-21 05:27:58.351000,75.0,71,91
9014,719,105,100,2024-10-21 05:27:58.351000,77.0,53,99
9015,720,12,100,2024-10-21 05:27:58.351000,97.0,65,68
9016,720,20,100,2024-10-21 05:27:58.351000,63.0,82,88
9017,720,13,100,2024-10-21 05:27:58.351000,64.0,92,56
9018,720,166,100,2024-10-21 05:27:58.351000,73.0,86,90
9019,720,17,100,2024-10-21 05:27:58.351000,90.0,88,74
9020,720,56,100,2024-10-21 05:27:58.351000,86.0,78,54
9021,720,161,100,2024-10-21 05:27:58.351000,99.0,89,68
9022,720,124,100,2024-10-21 05:27:58.351000,90.0,83,78
9023,720,87,100,2024-10-21 05:27:58.351000,69.0,71,78
9024,720,167,100,2024-10-21 05:27:58.351000,63.0,93,92
9025,720,190,100,2024-10-21 05:27:58.351000,91.0,71,82
9026,721,17,100,2024-10-21 05:27:58.351000,52.0,64,72
9027,721,20,100,2024-10-21 05:27:58.351000,77.0,92,83
9028,721,13,100,2024-10-21 05:27:58.351000,69.0,54,66
9029,721,166,100,2024-10-21 05:27:58.351000,85.0,95,84
9030,721,12,100,2024-10-21 05:27:58.351000,91.0,100,68
9031,721,86,100,2024-10-21 05:27:58.351000,80.0,95,71
9032,721,169,100,2024-10-21 05:27:58.351000,66.0,95,72
9033,721,91,100,2024-10-21 05:27:58.351000,85.0,74,74
9034,721,148,100,2024-10-21 05:27:58.351000,99.0,98,76
9035,721,124,100,2024-10-21 05:27:58.351000,81.0,99,63
9036,721,73,100,2024-10-21 05:27:58.351000,95.0,71,80
9037,721,170,100,2024-10-21 05:27:58.351000,68.0,85,50
9038,721,142,100,2024-10-21 05:27:58.351000,69.0,75,52
9039,722,20,100,2024-10-21 05:27:58.351000,70.0,69,68
9040,722,166,100,2024-10-21 05:27:58.351000,85.0,59,78
9041,722,17,100,2024-10-21 05:27:58.351000,91.0,69,56
9042,722,13,100,2024-10-21 05:27:58.351000,62.0,85,78
9043,722,12,100,2024-10-21 05:27:58.351000,84.0,55,61
9044,722,171,100,2024-10-21 05:27:58.351000,95.0,53,99
9045,722,94,100,2024-10-21 05:27:58.351000,64.0,83,63
9046,722,11,100,2024-10-21 05:27:58.351000,64.0,63,60
9047,722,106,100,2024-10-21 05:27:58.351000,96.0,88,50
9048,722,127,100,2024-10-21 05:27:58.351000,86.0,90,58
9049,722,116,100,2024-10-21 05:27:58.351000,63.0,95,63
9050,722,47,100,2024-10-21 05:27:58.351000,76.0,63,73
9051,722,152,100,2024-10-21 05:27:58.351000,65.0,65,79
9052,723,20,100,2024-10-21 05:27:58.351000,70.0,81,94
9053,723,13,100,2024-10-21 05:27:58.351000,89.0,63,86
9054,723,12,100,2024-10-21 05:27:58.351000,84.0,100,84
9055,723,17,100,2024-10-21 05:27:58.351000,98.0,95,59
9056,723,166,100,2024-10-21 05:27:58.351000,87.0,74,97
9057,723,8,100,2024-10-21 05:27:58.351000,62.0,84,98
9058,723,101,100,2024-10-21 05:27:58.351000,95.0,52,85
9059,723,108,100,2024-10-21 05:27:58.351000,64.0,92,100
9060,723,27,100,2024-10-21 05:27:58.351000,61.0,51,92
9061,723,40,100,2024-10-21 05:27:58.351000,82.0,91,83
9062,723,80,100,2024-10-21 05:27:58.351000,64.0,51,71
9063,723,21,100,2024-10-21 05:27:58.351000,73.0,63,86
9064,724,13,100,2024-10-21 05:27:58.351000,53.0,65,68
9065,724,20,100,2024-10-21 05:27:58.351000,90.0,55,97
9066,724,17,100,2024-10-21 05:27:58.351000,99.0,62,87
9067,724,12,100,2024-10-21 05:27:58.351000,59.0,54,85
9068,724,166,100,2024-10-21 05:27:58.352000,72.0,55,90
9069,724,190,100,2024-10-21 05:27:58.352000,90.0,83,58
9070,724,154,100,2024-10-21 05:27:58.352000,78.0,54,78
9071,724,194,100,2024-10-21 05:27:58.352000,61.0,78,56
9072,724,89,100,2024-10-21 05:27:58.352000,80.0,66,60
9073,724,82,100,2024-10-21 05:27:58.352000,71.0,80,87
9074,725,13,100,2024-10-21 05:27:58.352000,55.0,68,79
9075,725,166,100,2024-10-21 05:27:58.352000,54.0,96,51
9076,725,20,100,2024-10-21 05:27:58.352000,85.0,92,75
9077,725,12,100,2024-10-21 05:27:58.352000,54.0,51,60
9078,725,17,100,2024-10-21 05:27:58.352000,88.0,58,91
9079,725,58,100,2024-10-21 05:27:58.352000,93.0,59,90
9080,725,34,100,2024-10-21 05:27:58.352000,81.0,74,80
9081,725,70,100,2024-10-21 05:27:58.352000,69.0,56,76
9082,725,143,100,2024-10-21 05:27:58.352000,81.0,53,83
9083,725,63,100,2024-10-21 05:27:58.352000,53.0,70,77
9084,725,96,100,2024-10-21 05:27:58.352000,77.0,99,83
9085,725,167,100,2024-10-21 05:27:58.352000,53.0,57,82
9086,725,177,100,2024-10-21 05:27:58.352000,76.0,82,53
9087,726,13,100,2024-10-21 05:27:58.352000,72.0,75,71
9088,726,17,100,2024-10-21 05:27:58.352000,90.0,59,50
9089,726,20,100,2024-10-21 05:27:58.352000,86.0,74,91
9090,726,12,100,2024-10-21 05:27:58.352000,89.0,67,63
9091,726,166,100,2024-10-21 05:27:58.352000,71.0,92,53
9092,726,38,100,2024-10-21 05:27:58.352000,89.0,88,90
9093,726,163,100,2024-10-21 05:27:58.352000,88.0,93,53
9094,726,2,100,2024-10-21 05:27:58.352000,76.0,90,57
9095,726,131,100,2024-10-21 05:27:58.352000,93.0,68,53
9096,726,49,100,2024-10-21 05:27:58.352000,73.0,57,90
9097,726,139,100,2024-10-21 05:27:58.352000,99.0,99,61
9098,726,170,100,2024-10-21 05:27:58.352000,71.0,72,88
9099,726,92,100,2024-10-21 05:27:58.352000,79.0,51,86
9100,727,20,100,2024-10-21 05:27:58.352000,50.0,57,59
9101,727,12,100,2024-10-21 05:27:58.352000,54.0,96,77
9102,727,13,100,2024-10-21 05:27:58.352000,55.0,90,85
9103,727,166,100,2024-10-21 05:27:58.352000,80.0,79,57
9104,727,17,100,2024-10-21 05:27:58.352000,72.0,62,86
9105,727,59,100,2024-10-21 05:27:58.352000,83.0,88,52
9106,727,149,100,2024-10-21 05:27:58.352000,94.0,69,53
9107,727,155,100,2024-10-21 05:27:58.352000,95.0,75,95
9108,727,175,100,2024-10-21 05:27:58.352000,76.0,88,71
9109,727,88,100,2024-10-21 05:27:58.352000,84.0,60,66
9110,727,78,100,2024-10-21 05:27:58.352000,83.0,64,77
9111,727,7,100,2024-10-21 05:27:58.352000,59.0,78,92
9112,727,158,100,2024-10-21 05:27:58.352000,65.0,68,91
9113,727,86,100,2024-10-21 05:27:58.352000,74.0,55,85
9114,727,4,100,2024-10-21 05:27:58.352000,57.0,62,73
9115,728,13,100,2024-10-21 05:27:58.352000,100.0,86,91
9116,728,12,100,2024-10-21 05:27:58.352000,67.0,74,53
9117,728,20,100,2024-10-21 05:27:58.352000,68.0,51,53
9118,728,17,100,2024-10-21 05:27:58.352000,81.0,92,90
9119,728,166,100,2024-10-21 05:27:58.352000,66.0,72,99
9120,728,162,100,2024-10-21 05:27:58.352000,66.0,88,87
9121,728,78,100,2024-10-21 05:27:58.352000,83.0,75,65
9122,728,58,100,2024-10-21 05:27:58.352000,84.0,98,57
9123,728,177,100,2024-10-21 05:27:58.352000,85.0,65,85
9124,728,43,100,2024-10-21 05:27:58.352000,74.0,72,75
9125,728,165,100,2024-10-21 05:27:58.352000,94.0,93,98
9126,728,89,100,2024-10-21 05:27:58.352000,84.0,79,86
9127,728,27,100,2024-10-21 05:27:58.352000,70.0,98,63
9128,729,20,100,2024-10-21 05:27:58.352000,54.0,66,59
9129,729,12,100,2024-10-21 05:27:58.352000,68.0,57,100
9130,729,166,100,2024-10-21 05:27:58.352000,60.0,86,99
9131,729,17,100,2024-10-21 05:27:58.352000,84.0,53,72
9132,729,13,100,2024-10-21 05:27:58.352000,94.0,54,59
9133,729,191,100,2024-10-21 05:27:58.352000,74.0,56,61
9134,729,147,100,2024-10-21 05:27:58.352000,90.0,53,50
9135,729,159,100,2024-10-21 05:27:58.352000,94.0,57,82
9136,729,179,100,2024-10-21 05:27:58.352000,93.0,68,98
9137,729,88,100,2024-10-21 05:27:58.352000,74.0,84,65
9138,729,144,100,2024-10-21 05:27:58.352000,87.0,81,68
9139,729,52,100,2024-10-21 05:27:58.352000,62.0,89,59
9140,729,56,100,2024-10-21 05:27:58.352000,96.0,90,53
9141,729,2,100,2024-10-21 05:27:58.352000,77.0,96,88
9142,730,12,100,2024-10-21 05:27:58.352000,68.0,83,62
9143,730,13,100,2024-10-21 05:27:58.352000,66.0,59,55
9144,730,20,100,2024-10-21 05:27:58.352000,52.0,97,76
9145,730,17,100,2024-10-21 05:27:58.352000,85.0,70,61
9146,730,166,100,2024-10-21 05:27:58.352000,61.0,88,56
9147,730,188,100,2024-10-21 05:27:58.352000,70.0,96,78
9148,730,145,100,2024-10-21 05:27:58.352000,76.0,88,83
9149,730,133,100,2024-10-21 05:27:58.352000,83.0,89,92
9150,730,114,100,2024-10-21 05:27:58.352000,97.0,86,97
9151,730,27,100,2024-10-21 05:27:58.352000,78.0,87,100
9152,730,36,100,2024-10-21 05:27:58.352000,100.0,61,74
9153,730,187,100,2024-10-21 05:27:58.352000,87.0,58,74
9154,730,54,100,2024-10-21 05:27:58.352000,95.0,69,65
9155,730,103,100,2024-10-21 05:27:58.352000,76.0,79,70
9156,731,17,100,2024-10-21 05:27:58.352000,53.0,84,82
9157,731,12,100,2024-10-21 05:27:58.352000,66.0,94,63
9158,731,13,100,2024-10-21 05:27:58.352000,56.0,63,75
9159,731,166,100,2024-10-21 05:27:58.352000,92.0,84,71
9160,731,20,100,2024-10-21 05:27:58.352000,87.0,61,98
9161,731,168,100,2024-10-21 05:27:58.352000,73.0,57,56
9162,731,162,100,2024-10-21 05:27:58.352000,57.0,76,59
9163,731,76,100,2024-10-21 05:27:58.352000,59.0,61,51
9164,731,124,100,2024-10-21 05:27:58.352000,69.0,83,93
9165,731,7,100,2024-10-21 05:27:58.352000,87.0,92,76
9166,731,141,100,2024-10-21 05:27:58.352000,54.0,57,78
9167,731,9,100,2024-10-21 05:27:58.352000,51.0,100,70
9168,731,131,100,2024-10-21 05:27:58.352000,75.0,92,79
9169,732,13,100,2024-10-21 05:27:58.352000,95.0,80,72
9170,732,12,100,2024-10-21 05:27:58.352000,70.0,80,77
9171,732,20,100,2024-10-21 05:27:58.352000,87.0,57,69
9172,732,17,100,2024-10-21 05:27:58.352000,80.0,68,70
9173,732,166,100,2024-10-21 05:27:58.352000,66.0,83,63
9174,732,167,100,2024-10-21 05:27:58.352000,70.0,82,68
9175,732,131,100,2024-10-21 05:27:58.352000,51.0,62,55
9176,732,16,100,2024-10-21 05:27:58.352000,91.0,99,70
9177,732,72,100,2024-10-21 05:27:58.352000,63.0,100,89
9178,732,50,100,2024-10-21 05:27:58.352000,77.0,50,61
9179,733,166,100,2024-10-21 05:27:58.352000,58.0,55,93
9180,733,12,100,2024-10-21 05:27:58.352000,55.0,72,87
9181,733,20,100,2024-10-21 05:27:58.352000,98.0,90,53
9182,733,17,100,2024-10-21 05:27:58.352000,73.0,91,63
9183,733,13,100,2024-10-21 05:27:58.352000,58.0,71,85
9184,733,35,100,2024-10-21 05:27:58.352000,74.0,50,61
9185,733,28,100,2024-10-21 05:27:58.352000,73.0,60,77
9186,733,59,100,2024-10-21 05:27:58.352000,51.0,95,55
9187,733,159,100,2024-10-21 05:27:58.352000,98.0,83,54
9188,733,142,100,2024-10-21 05:27:58.352000,69.0,66,62
9189,733,116,100,2024-10-21 05:27:58.352000,57.0,98,58
9190,734,17,100,2024-10-21 05:27:58.352000,76.0,64,70
9191,734,13,100,2024-10-21 05:27:58.352000,58.0,83,92
9192,734,12,100,2024-10-21 05:27:58.352000,58.0,76,55
9193,734,20,100,2024-10-21 05:27:58.352000,74.0,65,88
9194,734,166,100,2024-10-21 05:27:58.352000,99.0,64,67
9195,734,93,100,2024-10-21 05:27:58.352000,87.0,78,97
9196,734,30,100,2024-10-21 05:27:58.352000,93.0,63,70
9197,734,157,100,2024-10-21 05:27:58.352000,52.0,67,52
9198,734,79,100,2024-10-21 05:27:58.352000,100.0,56,53
9199,734,54,100,2024-10-21 05:27:58.352000,81.0,99,56
9200,734,27,100,2024-10-21 05:27:58.352000,81.0,60,95
9201,734,46,100,2024-10-21 05:27:58.352000,57.0,85,54
9202,735,17,100,2024-10-21 05:27:58.352000,76.0,93,75
9203,735,13,100,2024-10-21 05:27:58.352000,86.0,50,92
9204,735,166,100,2024-10-21 05:27:58.352000,80.0,86,52
9205,735,20,100,2024-10-21 05:27:58.352000,81.0,62,79
9206,735,12,100,2024-10-21 05:27:58.352000,61.0,82,98
9207,735,8,100,2024-10-21 05:27:58.352000,100.0,92,51
9208,735,31,100,2024-10-21 05:27:58.352000,61.0,84,70
9209,735,11,100,2024-10-21 05:27:58.352000,59.0,83,95
9210,735,162,100,2024-10-21 05:27:58.352000,95.0,83,64
9211,735,7,100,2024-10-21 05:27:58.352000,85.0,52,82
9212,735,180,100,2024-10-21 05:27:58.352000,77.0,79,72
9213,736,20,100,2024-10-21 05:27:58.352000,60.0,77,65
9214,736,12,100,2024-10-21 05:27:58.352000,98.0,53,62
9215,736,13,100,2024-10-21 05:27:58.352000,73.0,58,56
9216,736,166,100,2024-10-21 05:27:58.352000,91.0,96,61
9217,736,17,100,2024-10-21 05:27:58.352000,80.0,58,61
9218,736,148,100,2024-10-21 05:27:58.352000,94.0,58,69
9219,736,122,100,2024-10-21 05:27:58.352000,100.0,81,57
9220,736,22,100,2024-10-21 05:27:58.352000,85.0,60,51
9221,736,71,100,2024-10-21 05:27:58.352000,56.0,63,73
9222,736,84,100,2024-10-21 05:27:58.352000,87.0,53,53
9223,737,12,100,2024-10-21 05:27:58.352000,60.0,69,50
9224,737,166,100,2024-10-21 05:27:58.352000,60.0,50,73
9225,737,20,100,2024-10-21 05:27:58.352000,96.0,67,77
9226,737,13,100,2024-10-21 05:27:58.352000,57.0,84,93
9227,737,17,100,2024-10-21 05:27:58.352000,62.0,97,52
9228,737,195,100,2024-10-21 05:27:58.352000,92.0,83,89
9229,737,53,100,2024-10-21 05:27:58.352000,82.0,91,98
9230,737,119,100,2024-10-21 05:27:58.352000,61.0,82,90
9231,737,52,100,2024-10-21 05:27:58.352000,66.0,68,78
9232,737,34,100,2024-10-21 05:27:58.353000,74.0,62,99
9233,737,144,100,2024-10-21 05:27:58.353000,68.0,80,75
9234,738,13,100,2024-10-21 05:27:58.353000,65.0,54,63
9235,738,17,100,2024-10-21 05:27:58.353000,63.0,93,99
9236,738,166,100,2024-10-21 05:27:58.353000,97.0,90,74
9237,738,20,100,2024-10-21 05:27:58.353000,54.0,97,85
9238,738,12,100,2024-10-21 05:27:58.353000,95.0,92,72
9239,738,4,100,2024-10-21 05:27:58.353000,61.0,83,96
9240,738,82,100,2024-10-21 05:27:58.353000,80.0,96,69
9241,738,23,100,2024-10-21 05:27:58.353000,58.0,54,54
9242,738,87,100,2024-10-21 05:27:58.353000,67.0,87,79
9243,738,14,100,2024-10-21 05:27:58.353000,82.0,73,70
9244,739,13,100,2024-10-21 05:27:58.353000,71.0,66,91
9245,739,12,100,2024-10-21 05:27:58.353000,70.0,73,88
9246,739,166,100,2024-10-21 05:27:58.353000,64.0,77,63
9247,739,20,100,2024-10-21 05:27:58.353000,63.0,98,68
9248,739,17,100,2024-10-21 05:27:58.353000,51.0,84,85
9249,739,102,100,2024-10-21 05:27:58.353000,90.0,62,71
9250,739,176,100,2024-10-21 05:27:58.353000,95.0,97,75
9251,739,99,100,2024-10-21 05:27:58.353000,51.0,68,55
9252,739,134,100,2024-10-21 05:27:58.353000,96.0,93,76
9253,739,139,100,2024-10-21 05:27:58.353000,73.0,58,90
9254,739,199,100,2024-10-21 05:27:58.353000,97.0,76,67
9255,739,54,100,2024-10-21 05:27:58.353000,89.0,71,67
9256,739,186,100,2024-10-21 05:27:58.353000,76.0,59,56
9257,739,50,100,2024-10-21 05:27:58.353000,64.0,60,67
9258,740,13,100,2024-10-21 05:27:58.353000,80.0,84,50
9259,740,17,100,2024-10-21 05:27:58.353000,85.0,74,55
9260,740,12,100,2024-10-21 05:27:58.353000,97.0,53,63
9261,740,166,100,2024-10-21 05:27:58.353000,77.0,100,82
9262,740,20,100,2024-10-21 05:27:58.353000,86.0,89,99
9263,740,80,100,2024-10-21 05:27:58.353000,75.0,76,60
9264,740,120,100,2024-10-21 05:27:58.353000,89.0,95,57
9265,740,19,100,2024-10-21 05:27:58.353000,92.0,89,71
9266,740,126,100,2024-10-21 05:27:58.353000,85.0,80,74
9267,740,162,100,2024-10-21 05:27:58.353000,72.0,68,55
9268,740,147,100,2024-10-21 05:27:58.353000,63.0,82,69
9269,741,17,100,2024-10-21 05:27:58.353000,51.0,64,74
9270,741,13,100,2024-10-21 05:27:58.353000,51.0,55,52
9271,741,20,100,2024-10-21 05:27:58.353000,64.0,96,52
9272,741,12,100,2024-10-21 05:27:58.353000,95.0,66,53
9273,741,166,100,2024-10-21 05:27:58.353000,96.0,56,85
9274,741,195,100,2024-10-21 05:27:58.353000,83.0,57,91
9275,741,198,100,2024-10-21 05:27:58.353000,56.0,95,57
9276,741,44,100,2024-10-21 05:27:58.353000,67.0,92,87
9277,741,108,100,2024-10-21 05:27:58.353000,95.0,54,66
9278,741,117,100,2024-10-21 05:27:58.353000,51.0,61,77
9279,741,16,100,2024-10-21 05:27:58.353000,93.0,76,89
9280,741,136,100,2024-10-21 05:27:58.353000,90.0,81,73
9281,741,91,100,2024-10-21 05:27:58.353000,91.0,77,99
9282,742,20,100,2024-10-21 05:27:58.353000,99.0,58,82
9283,742,12,100,2024-10-21 05:27:58.353000,88.0,88,80
9284,742,17,100,2024-10-21 05:27:58.353000,99.0,91,73
9285,742,13,100,2024-10-21 05:27:58.353000,79.0,73,86
9286,742,166,100,2024-10-21 05:27:58.353000,90.0,50,56
9287,742,21,100,2024-10-21 05:27:58.353000,55.0,87,90
9288,742,110,100,2024-10-21 05:27:58.353000,83.0,76,77
9289,742,190,100,2024-10-21 05:27:58.353000,73.0,75,89
9290,742,70,100,2024-10-21 05:27:58.353000,84.0,93,98
9291,742,32,100,2024-10-21 05:27:58.353000,69.0,76,62
9292,742,168,100,2024-10-21 05:27:58.353000,84.0,55,82
9293,742,118,100,2024-10-21 05:27:58.353000,61.0,51,77
9294,742,15,100,2024-10-21 05:27:58.353000,99.0,87,68
9295,742,62,100,2024-10-21 05:27:58.353000,75.0,58,91
9296,743,20,100,2024-10-21 05:27:58.353000,87.0,74,99
9297,743,166,100,2024-10-21 05:27:58.353000,58.0,95,62
9298,743,12,100,2024-10-21 05:27:58.353000,69.0,67,90
9299,743,17,100,2024-10-21 05:27:58.353000,83.0,51,78
9300,743,13,100,2024-10-21 05:27:58.353000,64.0,67,83
9301,743,176,100,2024-10-21 05:27:58.353000,57.0,64,74
9302,743,171,100,2024-10-21 05:27:58.353000,67.0,60,64
9303,743,170,100,2024-10-21 05:27:58.353000,67.0,68,86
9304,743,191,100,2024-10-21 05:27:58.353000,61.0,73,78
9305,743,120,100,2024-10-21 05:27:58.353000,71.0,83,66
9306,743,15,100,2024-10-21 05:27:58.353000,52.0,61,68
9307,744,20,100,2024-10-21 05:27:58.353000,52.0,81,61
9308,744,12,100,2024-10-21 05:27:58.353000,94.0,72,98
9309,744,166,100,2024-10-21 05:27:58.353000,88.0,89,72
9310,744,17,100,2024-10-21 05:27:58.353000,87.0,69,92
9311,744,76,100,2024-10-21 05:27:58.353000,66.0,82,92
9312,744,82,100,2024-10-21 05:27:58.353000,89.0,86,69
9313,744,193,100,2024-10-21 05:27:58.353000,97.0,73,55
9314,744,105,100,2024-10-21 05:27:58.353000,100.0,63,56
9315,744,152,100,2024-10-21 05:27:58.353000,70.0,84,88
9316,744,39,100,2024-10-21 05:27:58.353000,90.0,100,91
9317,744,187,100,2024-10-21 05:27:58.353000,67.0,85,61
9318,745,166,100,2024-10-21 05:27:58.353000,70.0,61,81
9319,745,17,100,2024-10-21 05:27:58.353000,58.0,73,64
9320,745,13,100,2024-10-21 05:27:58.353000,86.0,100,51
9321,745,20,100,2024-10-21 05:27:58.353000,71.0,85,69
9322,745,12,100,2024-10-21 05:27:58.353000,96.0,85,83
9323,745,121,100,2024-10-21 05:27:58.353000,92.0,82,85
9324,745,199,100,2024-10-21 05:27:58.353000,70.0,93,82
9325,745,8,100,2024-10-21 05:27:58.353000,62.0,52,85
9326,745,28,100,2024-10-21 05:27:58.353000,100.0,73,71
9327,745,176,100,2024-10-21 05:27:58.353000,70.0,79,83
9328,745,36,100,2024-10-21 05:27:58.353000,88.0,54,73
9329,745,167,100,2024-10-21 05:27:58.353000,57.0,60,68
9330,746,20,100,2024-10-21 05:27:58.353000,77.0,71,68
9331,746,13,100,2024-10-21 05:27:58.353000,57.0,66,75
9332,746,17,100,2024-10-21 05:27:58.353000,83.0,82,79
9333,746,12,100,2024-10-21 05:27:58.353000,63.0,67,59
9334,746,166,100,2024-10-21 05:27:58.353000,91.0,51,66
9335,746,153,100,2024-10-21 05:27:58.353000,76.0,72,58
9336,746,148,100,2024-10-21 05:27:58.353000,55.0,95,95
9337,746,103,100,2024-10-21 05:27:58.353000,60.0,86,72
9338,746,126,100,2024-10-21 05:27:58.353000,100.0,79,89
9339,746,94,100,2024-10-21 05:27:58.353000,72.0,73,68
9340,746,8,100,2024-10-21 05:27:58.353000,98.0,58,67
9341,746,165,100,2024-10-21 05:27:58.353000,70.0,53,96
9342,746,9,100,2024-10-21 05:27:58.353000,56.0,83,56
9343,746,157,100,2024-10-21 05:27:58.353000,87.0,50,57
9344,746,71,100,2024-10-21 05:27:58.353000,91.0,59,100
9345,747,166,100,2024-10-21 05:27:58.353000,87.0,97,68
9346,747,13,100,2024-10-21 05:27:58.353000,100.0,92,93
9347,747,12,100,2024-10-21 05:27:58.353000,67.0,92,67
9348,747,20,100,2024-10-21 05:27:58.353000,51.0,71,67
9349,747,17,100,2024-10-21 05:27:58.353000,89.0,54,57
9350,747,47,100,2024-10-21 05:27:58.353000,65.0,65,66
9351,747,89,100,2024-10-21 05:27:58.353000,65.0,54,100
9352,747,171,100,2024-10-21 05:27:58.353000,81.0,55,61
9353,747,85,100,2024-10-21 05:27:58.353000,100.0,74,65
9354,747,98,100,2024-10-21 05:27:58.353000,75.0,70,91
9355,748,17,100,2024-10-21 05:27:58.353000,66.0,58,81
9356,748,166,100,2024-10-21 05:27:58.353000,80.0,96,100
9357,748,12,100,2024-10-21 05:27:58.353000,68.0,74,81
9358,748,13,100,2024-10-21 05:27:58.353000,94.0,67,54
9359,748,20,100,2024-10-21 05:27:58.353000,100.0,100,56
9360,748,185,100,2024-10-21 05:27:58.353000,95.0,55,69
9361,748,123,100,2024-10-21 05:27:58.353000,65.0,62,98
9362,748,118,100,2024-10-21 05:27:58.353000,96.0,61,64
9363,748,65,100,2024-10-21 05:27:58.353000,52.0,75,88
9364,748,8,100,2024-10-21 05:27:58.353000,77.0,80,53
9365,748,55,100,2024-10-21 05:27:58.353000,62.0,59,96
9366,749,13,100,2024-10-21 05:27:58.353000,60.0,92,85
9367,749,17,100,2024-10-21 05:27:58.353000,50.0,92,73
9368,749,20,100,2024-10-21 05:27:58.353000,87.0,70,98
9369,749,166,100,2024-10-21 05:27:58.353000,85.0,83,80
9370,749,12,100,2024-10-21 05:27:58.353000,63.0,88,52
9371,749,181,100,2024-10-21 05:27:58.353000,61.0,85,84
9372,749,114,100,2024-10-21 05:27:58.353000,98.0,74,74
9373,749,134,100,2024-10-21 05:27:58.353000,93.0,90,97
9374,749,140,100,2024-10-21 05:27:58.353000,98.0,98,75
9375,749,196,100,2024-10-21 05:27:58.353000,85.0,63,51
9376,749,50,100,2024-10-21 05:27:58.353000,98.0,90,67
9377,749,36,100,2024-10-21 05:27:58.353000,99.0,75,70
9378,749,97,100,2024-10-21 05:27:58.353000,92.0,51,59
9379,750,13,100,2024-10-21 05:27:58.353000,58.0,81,73
9380,750,17,100,2024-10-21 05:27:58.353000,83.0,66,64
9381,750,20,100,2024-10-21 05:27:58.353000,86.0,90,93
9382,750,12,100,2024-10-21 05:27:58.353000,74.0,91,65
9383,750,166,100,2024-10-21 05:27:58.353000,84.0,96,81
9384,750,141,100,2024-10-21 05:27:58.353000,54.0,94,71
9385,750,78,100,2024-10-21 05:27:58.353000,50.0,93,87
9386,750,87,100,2024-10-21 05:27:58.353000,68.0,69,100
9387,750,134,100,2024-10-21 05:27:58.353000,65.0,87,96
9388,750,176,100,2024-10-21 05:27:58.353000,88.0,96,95
9389,750,8,100,2024-10-21 05:27:58.353000,71.0,63,54
9390,750,70,100,2024-10-21 05:27:58.353000,75.0,71,55
9391,750,104,100,2024-10-21 05:27:58.353000,58.0,70,95
9392,750,23,100,2024-10-21 05:27:58.353000,98.0,77,56
9393,750,14,100,2024-10-21 05:27:58.353000,97.0,59,50
9394,751,13,100,2024-10-21 05:27:58.354000,78.0,50,97
9395,751,12,100,2024-10-21 05:27:58.354000,73.0,95,80
9396,751,20,100,2024-10-21 05:27:58.354000,67.0,91,93
9397,751,17,100,2024-10-21 05:27:58.354000,93.0,87,90
9398,751,166,100,2024-10-21 05:27:58.354000,53.0,52,67
9399,751,75,100,2024-10-21 05:27:58.354000,88.0,71,58
9400,751,100,100,2024-10-21 05:27:58.354000,87.0,61,80
9401,751,193,100,2024-10-21 05:27:58.354000,50.0,80,65
9402,751,98,100,2024-10-21 05:27:58.354000,78.0,66,88
9403,751,41,100,2024-10-21 05:27:58.354000,83.0,75,83
9404,751,68,100,2024-10-21 05:27:58.354000,99.0,60,67
9405,751,93,100,2024-10-21 05:27:58.354000,97.0,82,92
9406,751,135,100,2024-10-21 05:27:58.354000,64.0,65,96
9407,751,80,100,2024-10-21 05:27:58.354000,91.0,88,50
9408,752,20,100,2024-10-21 05:27:58.354000,64.0,51,94
9409,752,166,100,2024-10-21 05:27:58.354000,82.0,64,71
9410,752,17,100,2024-10-21 05:27:58.354000,73.0,99,57
9411,752,12,100,2024-10-21 05:27:58.354000,84.0,91,61
9412,752,196,100,2024-10-21 05:27:58.354000,92.0,50,84
9413,752,113,100,2024-10-21 05:27:58.354000,86.0,73,96
9414,752,186,100,2024-10-21 05:27:58.354000,72.0,56,58
9415,752,155,100,2024-10-21 05:27:58.354000,90.0,76,80
9416,752,119,100,2024-10-21 05:27:58.354000,67.0,98,67
9417,752,102,100,2024-10-21 05:27:58.354000,90.0,50,70
9418,752,75,100,2024-10-21 05:27:58.354000,51.0,73,53
9419,752,193,100,2024-10-21 05:27:58.354000,67.0,98,77
9420,753,166,100,2024-10-21 05:27:58.354000,55.0,54,65
9421,753,17,100,2024-10-21 05:27:58.354000,83.0,99,81
9422,753,20,100,2024-10-21 05:27:58.354000,74.0,96,85
9423,753,13,100,2024-10-21 05:27:58.354000,70.0,80,61
9424,753,12,100,2024-10-21 05:27:58.354000,85.0,58,65
9425,753,100,100,2024-10-21 05:27:58.354000,93.0,83,92
9426,753,74,100,2024-10-21 05:27:58.354000,94.0,99,93
9427,753,144,100,2024-10-21 05:27:58.354000,81.0,62,74
9428,753,108,100,2024-10-21 05:27:58.354000,56.0,54,78
9429,753,98,100,2024-10-21 05:27:58.354000,65.0,99,53
9430,753,172,100,2024-10-21 05:27:58.354000,74.0,86,61
9431,753,63,100,2024-10-21 05:27:58.354000,59.0,94,72
9432,753,26,100,2024-10-21 05:27:58.354000,97.0,89,60
9433,754,12,100,2024-10-21 05:27:58.354000,52.0,90,99
9434,754,166,100,2024-10-21 05:27:58.354000,77.0,95,98
9435,754,17,100,2024-10-21 05:27:58.354000,60.0,60,97
9436,754,13,100,2024-10-21 05:27:58.354000,71.0,88,62
9437,754,20,100,2024-10-21 05:27:58.354000,100.0,78,58
9438,754,197,100,2024-10-21 05:27:58.354000,77.0,84,57
9439,754,57,100,2024-10-21 05:27:58.354000,70.0,93,56
9440,754,106,100,2024-10-21 05:27:58.354000,54.0,71,73
9441,754,41,100,2024-10-21 05:27:58.354000,89.0,65,93
9442,754,200,100,2024-10-21 05:27:58.354000,99.0,86,58
9443,754,141,100,2024-10-21 05:27:58.354000,99.0,83,75
9444,754,26,100,2024-10-21 05:27:58.354000,99.0,57,71
9445,755,17,100,2024-10-21 05:27:58.354000,55.0,81,93
9446,755,13,100,2024-10-21 05:27:58.354000,57.0,88,83
9447,755,20,100,2024-10-21 05:27:58.354000,91.0,64,97
9448,755,12,100,2024-10-21 05:27:58.354000,85.0,61,99
9449,755,166,100,2024-10-21 05:27:58.354000,96.0,75,61
9450,755,135,100,2024-10-21 05:27:58.354000,78.0,82,96
9451,755,46,100,2024-10-21 05:27:58.354000,93.0,63,60
9452,755,24,100,2024-10-21 05:27:58.354000,51.0,56,87
9453,755,128,100,2024-10-21 05:27:58.354000,91.0,95,98
9454,755,192,100,2024-10-21 05:27:58.354000,71.0,73,62
9455,755,79,100,2024-10-21 05:27:58.354000,77.0,64,89
9456,756,13,100,2024-10-21 05:27:58.354000,97.0,67,66
9457,756,12,100,2024-10-21 05:27:58.354000,89.0,99,58
9458,756,20,100,2024-10-21 05:27:58.354000,89.0,72,70
9459,756,17,100,2024-10-21 05:27:58.354000,83.0,56,72
9460,756,166,100,2024-10-21 05:27:58.354000,63.0,94,64
9461,756,149,100,2024-10-21 05:27:58.354000,53.0,81,82
9462,756,24,100,2024-10-21 05:27:58.354000,92.0,99,99
9463,756,163,100,2024-10-21 05:27:58.354000,56.0,66,84
9464,756,113,100,2024-10-21 05:27:58.354000,99.0,98,72
9465,756,77,100,2024-10-21 05:27:58.354000,83.0,90,67
9466,756,122,100,2024-10-21 05:27:58.354000,69.0,79,62
9467,756,150,100,2024-10-21 05:27:58.354000,84.0,92,93
9468,757,13,100,2024-10-21 05:27:58.354000,57.0,96,89
9469,757,12,100,2024-10-21 05:27:58.354000,95.0,59,99
9470,757,17,100,2024-10-21 05:27:58.354000,56.0,97,98
9471,757,166,100,2024-10-21 05:27:58.354000,62.0,56,93
9472,757,20,100,2024-10-21 05:27:58.354000,71.0,88,88
9473,757,82,100,2024-10-21 05:27:58.354000,89.0,76,50
9474,757,141,100,2024-10-21 05:27:58.354000,72.0,75,91
9475,757,72,100,2024-10-21 05:27:58.354000,95.0,96,89
9476,757,79,100,2024-10-21 05:27:58.354000,88.0,97,78
9477,757,171,100,2024-10-21 05:27:58.354000,99.0,79,74
9478,757,91,100,2024-10-21 05:27:58.354000,61.0,94,55
9479,758,12,100,2024-10-21 05:27:58.354000,92.0,55,63
9480,758,20,100,2024-10-21 05:27:58.354000,77.0,95,54
9481,758,17,100,2024-10-21 05:27:58.354000,51.0,82,80
9482,758,13,100,2024-10-21 05:27:58.354000,64.0,83,57
9483,758,144,100,2024-10-21 05:27:58.354000,63.0,66,89
9484,758,127,100,2024-10-21 05:27:58.354000,76.0,78,72
9485,758,120,100,2024-10-21 05:27:58.354000,78.0,58,82
9486,758,181,100,2024-10-21 05:27:58.354000,68.0,78,70
9487,758,143,100,2024-10-21 05:27:58.354000,100.0,57,65
9488,758,184,100,2024-10-21 05:27:58.354000,56.0,64,71
9489,758,99,100,2024-10-21 05:27:58.354000,87.0,52,86
9490,758,108,100,2024-10-21 05:27:58.354000,69.0,70,60
9491,758,69,100,2024-10-21 05:27:58.354000,50.0,67,81
9492,758,111,100,2024-10-21 05:27:58.354000,68.0,87,71
9493,758,119,100,2024-10-21 05:27:58.354000,65.0,95,77
9494,759,20,100,2024-10-21 05:27:58.354000,57.0,97,69
9495,759,166,100,2024-10-21 05:27:58.354000,84.0,51,67
9496,759,12,100,2024-10-21 05:27:58.354000,91.0,77,75
9497,759,17,100,2024-10-21 05:27:58.354000,75.0,71,86
9498,759,13,100,2024-10-21 05:27:58.354000,97.0,93,65
9499,759,113,100,2024-10-21 05:27:58.354000,98.0,100,62
9500,759,46,100,2024-10-21 05:27:58.354000,99.0,56,81
9501,759,85,100,2024-10-21 05:27:58.354000,97.0,81,84
9502,759,49,100,2024-10-21 05:27:58.354000,61.0,52,92
9503,759,179,100,2024-10-21 05:27:58.354000,80.0,80,62
9504,759,150,100,2024-10-21 05:27:58.354000,69.0,97,81
9505,759,200,100,2024-10-21 05:27:58.354000,93.0,86,75
9506,759,95,100,2024-10-21 05:27:58.354000,62.0,60,51
9507,759,14,100,2024-10-21 05:27:58.354000,56.0,74,82
9508,760,20,100,2024-10-21 05:27:58.354000,52.0,60,58
9509,760,13,100,2024-10-21 05:27:58.354000,70.0,90,70
9510,760,17,100,2024-10-21 05:27:58.354000,71.0,96,92
9511,760,166,100,2024-10-21 05:27:58.354000,96.0,66,72
9512,760,12,100,2024-10-21 05:27:58.354000,92.0,60,100
9513,760,135,100,2024-10-21 05:27:58.354000,76.0,86,98
9514,760,4,100,2024-10-21 05:27:58.354000,89.0,76,72
9515,760,2,100,2024-10-21 05:27:58.354000,52.0,77,95
9516,760,14,100,2024-10-21 05:27:58.354000,66.0,86,58
9517,760,198,100,2024-10-21 05:27:58.354000,73.0,81,56
9518,760,147,100,2024-10-21 05:27:58.354000,96.0,90,73
9519,760,183,100,2024-10-21 05:27:58.354000,69.0,91,80
9520,760,126,100,2024-10-21 05:27:58.354000,74.0,51,77
9521,761,20,100,2024-10-21 05:27:58.354000,80.0,78,53
9522,761,17,100,2024-10-21 05:27:58.354000,88.0,53,55
9523,761,13,100,2024-10-21 05:27:58.354000,93.0,93,58
9524,761,12,100,2024-10-21 05:27:58.354000,93.0,99,77
9525,761,166,100,2024-10-21 05:27:58.354000,57.0,60,78
9526,761,192,100,2024-10-21 05:27:58.354000,66.0,84,64
9527,761,199,100,2024-10-21 05:27:58.354000,82.0,68,57
9528,761,82,100,2024-10-21 05:27:58.354000,69.0,87,76
9529,761,178,100,2024-10-21 05:27:58.354000,77.0,92,81
9530,761,86,100,2024-10-21 05:27:58.354000,69.0,77,76
9531,762,20,100,2024-10-21 05:27:58.354000,69.0,57,68
9532,762,12,100,2024-10-21 05:27:58.354000,80.0,86,93
9533,762,13,100,2024-10-21 05:27:58.354000,82.0,71,96
9534,762,17,100,2024-10-21 05:27:58.354000,68.0,73,86
9535,762,166,100,2024-10-21 05:27:58.354000,54.0,96,54
9536,762,181,100,2024-10-21 05:27:58.354000,52.0,100,76
9537,762,101,100,2024-10-21 05:27:58.354000,96.0,72,66
9538,762,46,100,2024-10-21 05:27:58.354000,86.0,54,82
9539,762,93,100,2024-10-21 05:27:58.354000,97.0,76,97
9540,762,86,100,2024-10-21 05:27:58.354000,71.0,63,89
9541,762,161,100,2024-10-21 05:27:58.354000,91.0,58,56
9542,762,11,100,2024-10-21 05:27:58.354000,55.0,81,74
9543,763,13,100,2024-10-21 05:27:58.354000,87.0,68,82
9544,763,12,100,2024-10-21 05:27:58.354000,56.0,75,66
9545,763,17,100,2024-10-21 05:27:58.354000,84.0,70,72
9546,763,20,100,2024-10-21 05:27:58.354000,63.0,95,100
9547,763,166,100,2024-10-21 05:27:58.354000,50.0,64,71
9548,763,95,100,2024-10-21 05:27:58.354000,59.0,52,98
9549,763,15,100,2024-10-21 05:27:58.354000,76.0,89,87
9550,763,23,100,2024-10-21 05:27:58.354000,87.0,86,51
9551,763,29,100,2024-10-21 05:27:58.354000,70.0,54,71
9552,763,163,100,2024-10-21 05:27:58.354000,51.0,53,76
9553,764,20,100,2024-10-21 05:27:58.354000,88.0,79,65
9554,764,12,100,2024-10-21 05:27:58.354000,53.0,81,72
9555,764,17,100,2024-10-21 05:27:58.354000,52.0,67,70
9556,764,166,100,2024-10-21 05:27:58.354000,70.0,59,58
9557,764,13,100,2024-10-21 05:27:58.355000,92.0,85,76
9558,764,145,100,2024-10-21 05:27:58.355000,69.0,66,84
9559,764,9,100,2024-10-21 05:27:58.355000,51.0,91,59
9560,764,75,100,2024-10-21 05:27:58.355000,68.0,84,77
9561,764,125,100,2024-10-21 05:27:58.355000,60.0,98,100
9562,764,187,100,2024-10-21 05:27:58.355000,92.0,52,100
9563,765,20,100,2024-10-21 05:27:58.355000,72.0,59,80
9564,765,166,100,2024-10-21 05:27:58.355000,67.0,99,60
9565,765,12,100,2024-10-21 05:27:58.355000,72.0,82,85
9566,765,17,100,2024-10-21 05:27:58.355000,53.0,66,68
9567,765,13,100,2024-10-21 05:27:58.355000,100.0,50,68
9568,765,96,100,2024-10-21 05:27:58.355000,53.0,92,51
9569,765,1,100,2024-10-21 05:27:58.355000,53.0,57,70
9570,765,163,100,2024-10-21 05:27:58.355000,73.0,82,54
9571,765,66,100,2024-10-21 05:27:58.355000,85.0,68,61
9572,765,102,100,2024-10-21 05:27:58.355000,85.0,65,78
9573,765,61,100,2024-10-21 05:27:58.355000,66.0,59,80
9574,765,199,100,2024-10-21 05:27:58.355000,59.0,76,99
9575,766,20,100,2024-10-21 05:27:58.355000,78.0,75,80
9576,766,17,100,2024-10-21 05:27:58.355000,65.0,85,97
9577,766,166,100,2024-10-21 05:27:58.355000,88.0,51,77
9578,766,12,100,2024-10-21 05:27:58.355000,55.0,66,66
9579,766,13,100,2024-10-21 05:27:58.355000,65.0,90,91
9580,766,60,100,2024-10-21 05:27:58.355000,100.0,72,53
9581,766,117,100,2024-10-21 05:27:58.355000,70.0,98,95
9582,766,116,100,2024-10-21 05:27:58.355000,90.0,68,65
9583,766,150,100,2024-10-21 05:27:58.355000,71.0,50,75
9584,766,69,100,2024-10-21 05:27:58.355000,67.0,77,78
9585,766,189,100,2024-10-21 05:27:58.355000,70.0,59,79
9586,766,46,100,2024-10-21 05:27:58.355000,88.0,61,68
9587,766,52,100,2024-10-21 05:27:58.355000,76.0,55,62
9588,766,103,100,2024-10-21 05:27:58.355000,86.0,64,55
9589,767,20,100,2024-10-21 05:27:58.355000,92.0,60,80
9590,767,12,100,2024-10-21 05:27:58.355000,85.0,72,77
9591,767,17,100,2024-10-21 05:27:58.355000,81.0,66,69
9592,767,13,100,2024-10-21 05:27:58.355000,86.0,52,80
9593,767,166,100,2024-10-21 05:27:58.355000,65.0,71,55
9594,767,83,100,2024-10-21 05:27:58.355000,57.0,86,75
9595,767,168,100,2024-10-21 05:27:58.355000,69.0,55,84
9596,767,4,100,2024-10-21 05:27:58.355000,54.0,60,59
9597,767,130,100,2024-10-21 05:27:58.355000,81.0,97,81
9598,767,157,100,2024-10-21 05:27:58.355000,53.0,95,50
9599,767,186,100,2024-10-21 05:27:58.355000,79.0,74,77
9600,768,13,100,2024-10-21 05:27:58.355000,55.0,92,100
9601,768,17,100,2024-10-21 05:27:58.355000,93.0,98,89
9602,768,166,100,2024-10-21 05:27:58.355000,71.0,94,99
9603,768,12,100,2024-10-21 05:27:58.355000,63.0,86,87
9604,768,20,100,2024-10-21 05:27:58.355000,60.0,96,73
9605,768,107,100,2024-10-21 05:27:58.355000,87.0,78,53
9606,768,184,100,2024-10-21 05:27:58.355000,61.0,58,76
9607,768,15,100,2024-10-21 05:27:58.355000,51.0,95,63
9608,768,154,100,2024-10-21 05:27:58.355000,66.0,69,69
9609,768,180,100,2024-10-21 05:27:58.355000,70.0,54,66
9610,768,58,100,2024-10-21 05:27:58.355000,95.0,86,92
9611,768,31,100,2024-10-21 05:27:58.355000,58.0,79,63
9612,768,85,100,2024-10-21 05:27:58.355000,79.0,99,76
9613,768,173,100,2024-10-21 05:27:58.355000,79.0,50,61
9614,769,166,100,2024-10-21 05:27:58.355000,97.0,93,69
9615,769,13,100,2024-10-21 05:27:58.355000,97.0,69,67
9616,769,20,100,2024-10-21 05:27:58.355000,78.0,75,61
9617,769,12,100,2024-10-21 05:27:58.355000,82.0,97,59
9618,769,17,100,2024-10-21 05:27:58.355000,63.0,84,55
9619,769,194,100,2024-10-21 05:27:58.355000,95.0,94,94
9620,769,163,100,2024-10-21 05:27:58.355000,54.0,58,67
9621,769,110,100,2024-10-21 05:27:58.355000,53.0,55,97
9622,769,65,100,2024-10-21 05:27:58.355000,58.0,64,96
9623,769,105,100,2024-10-21 05:27:58.355000,69.0,82,73
9624,769,104,100,2024-10-21 05:27:58.355000,66.0,93,67
9625,770,166,100,2024-10-21 05:27:58.355000,67.0,77,82
9626,770,13,100,2024-10-21 05:27:58.355000,73.0,57,68
9627,770,17,100,2024-10-21 05:27:58.355000,82.0,71,51
9628,770,12,100,2024-10-21 05:27:58.355000,65.0,69,68
9629,770,20,100,2024-10-21 05:27:58.355000,98.0,66,86
9630,770,25,100,2024-10-21 05:27:58.355000,82.0,80,94
9631,770,3,100,2024-10-21 05:27:58.355000,59.0,68,73
9632,770,172,100,2024-10-21 05:27:58.355000,86.0,87,56
9633,770,37,100,2024-10-21 05:27:58.355000,62.0,67,59
9634,770,192,100,2024-10-21 05:27:58.355000,62.0,64,88
9635,771,12,100,2024-10-21 05:27:58.355000,66.0,80,58
9636,771,20,100,2024-10-21 05:27:58.355000,100.0,62,97
9637,771,17,100,2024-10-21 05:27:58.355000,63.0,99,77
9638,771,166,100,2024-10-21 05:27:58.355000,89.0,53,60
9639,771,13,100,2024-10-21 05:27:58.355000,86.0,53,95
9640,771,134,100,2024-10-21 05:27:58.355000,55.0,78,74
9641,771,68,100,2024-10-21 05:27:58.355000,81.0,61,61
9642,771,116,100,2024-10-21 05:27:58.355000,72.0,80,50
9643,771,142,100,2024-10-21 05:27:58.355000,67.0,89,79
9644,771,101,100,2024-10-21 05:27:58.355000,76.0,89,62
9645,771,24,100,2024-10-21 05:27:58.355000,51.0,98,52
9646,771,78,100,2024-10-21 05:27:58.355000,50.0,97,78
9647,771,102,100,2024-10-21 05:27:58.355000,50.0,51,88
9648,771,150,100,2024-10-21 05:27:58.355000,73.0,69,92
9649,771,189,100,2024-10-21 05:27:58.355000,98.0,75,91
9650,772,13,100,2024-10-21 05:27:58.355000,74.0,77,58
9651,772,166,100,2024-10-21 05:27:58.355000,56.0,61,67
9652,772,20,100,2024-10-21 05:27:58.355000,99.0,58,90
9653,772,12,100,2024-10-21 05:27:58.355000,94.0,73,52
9654,772,17,100,2024-10-21 05:27:58.355000,58.0,97,68
9655,772,35,100,2024-10-21 05:27:58.355000,62.0,65,97
9656,772,37,100,2024-10-21 05:27:58.355000,67.0,83,86
9657,772,191,100,2024-10-21 05:27:58.355000,55.0,58,82
9658,772,76,100,2024-10-21 05:27:58.355000,82.0,70,74
9659,772,5,100,2024-10-21 05:27:58.355000,97.0,76,76
9660,773,20,100,2024-10-21 05:27:58.355000,80.0,71,89
9661,773,17,100,2024-10-21 05:27:58.355000,81.0,81,97
9662,773,12,100,2024-10-21 05:27:58.355000,63.0,83,69
9663,773,166,100,2024-10-21 05:27:58.355000,53.0,50,53
9664,773,13,100,2024-10-21 05:27:58.355000,61.0,61,69
9665,773,49,100,2024-10-21 05:27:58.355000,64.0,81,89
9666,773,167,100,2024-10-21 05:27:58.355000,69.0,67,81
9667,773,117,100,2024-10-21 05:27:58.355000,86.0,96,63
9668,773,30,100,2024-10-21 05:27:58.355000,75.0,92,95
9669,773,94,100,2024-10-21 05:27:58.355000,53.0,79,57
9670,773,161,100,2024-10-21 05:27:58.355000,82.0,57,66
9671,773,46,100,2024-10-21 05:27:58.355000,60.0,77,82
9672,773,118,100,2024-10-21 05:27:58.355000,97.0,88,81
9673,774,13,100,2024-10-21 05:27:58.355000,73.0,93,83
9674,774,166,100,2024-10-21 05:27:58.355000,75.0,54,97
9675,774,17,100,2024-10-21 05:27:58.355000,82.0,88,92
9676,774,12,100,2024-10-21 05:27:58.355000,72.0,72,64
9677,774,20,100,2024-10-21 05:27:58.355000,51.0,54,64
9678,774,55,100,2024-10-21 05:27:58.355000,71.0,67,61
9679,774,37,100,2024-10-21 05:27:58.355000,88.0,72,97
9680,774,104,100,2024-10-21 05:27:58.355000,54.0,81,64
9681,774,78,100,2024-10-21 05:27:58.355000,67.0,90,63
9682,774,161,100,2024-10-21 05:27:58.355000,97.0,100,78
9683,774,52,100,2024-10-21 05:27:58.355000,77.0,70,97
9684,774,116,100,2024-10-21 05:27:58.355000,68.0,89,80
9685,774,70,100,2024-10-21 05:27:58.355000,99.0,63,75
9686,774,130,100,2024-10-21 05:27:58.355000,83.0,67,65
9687,775,20,100,2024-10-21 05:27:58.355000,66.0,81,77
9688,775,13,100,2024-10-21 05:27:58.355000,81.0,87,68
9689,775,12,100,2024-10-21 05:27:58.355000,71.0,54,69
9690,775,166,100,2024-10-21 05:27:58.355000,53.0,54,75
9691,775,17,100,2024-10-21 05:27:58.355000,86.0,90,62
9692,775,58,100,2024-10-21 05:27:58.355000,75.0,50,100
9693,775,151,100,2024-10-21 05:27:58.355000,79.0,75,99
9694,775,93,100,2024-10-21 05:27:58.355000,55.0,80,64
9695,775,68,100,2024-10-21 05:27:58.355000,83.0,87,62
9696,775,73,100,2024-10-21 05:27:58.355000,79.0,67,83
9697,775,134,100,2024-10-21 05:27:58.355000,57.0,83,71
9698,775,103,100,2024-10-21 05:27:58.355000,75.0,81,69
9699,776,17,100,2024-10-21 05:27:58.355000,69.0,59,80
9700,776,12,100,2024-10-21 05:27:58.355000,52.0,62,57
9701,776,13,100,2024-10-21 05:27:58.355000,64.0,50,98
9702,776,20,100,2024-10-21 05:27:58.356000,50.0,94,53
9703,776,166,100,2024-10-21 05:27:58.356000,60.0,60,60
9704,776,102,100,2024-10-21 05:27:58.356000,78.0,90,76
9705,776,197,100,2024-10-21 05:27:58.356000,76.0,66,83
9706,776,114,100,2024-10-21 05:27:58.356000,74.0,53,88
9707,776,93,100,2024-10-21 05:27:58.356000,87.0,83,98
9708,776,90,100,2024-10-21 05:27:58.356000,93.0,84,70
9709,776,189,100,2024-10-21 05:27:58.356000,66.0,68,99
9710,777,166,100,2024-10-21 05:27:58.356000,89.0,70,97
9711,777,17,100,2024-10-21 05:27:58.356000,90.0,54,96
9712,777,12,100,2024-10-21 05:27:58.356000,99.0,65,86
9713,777,13,100,2024-10-21 05:27:58.356000,65.0,93,78
9714,777,20,100,2024-10-21 05:27:58.356000,88.0,80,66
9715,777,68,100,2024-10-21 05:27:58.356000,51.0,96,65
9716,777,184,100,2024-10-21 05:27:58.356000,94.0,99,67
9717,777,102,100,2024-10-21 05:27:58.356000,96.0,78,72
9718,777,200,100,2024-10-21 05:27:58.356000,57.0,57,69
9719,777,183,100,2024-10-21 05:27:58.356000,52.0,83,75
9720,777,15,100,2024-10-21 05:27:58.356000,73.0,96,50
9721,777,64,100,2024-10-21 05:27:58.356000,55.0,87,89
9722,777,191,100,2024-10-21 05:27:58.356000,62.0,62,99
9723,777,173,100,2024-10-21 05:27:58.356000,87.0,82,83
9724,778,166,100,2024-10-21 05:27:58.356000,98.0,97,62
9725,778,13,100,2024-10-21 05:27:58.356000,97.0,66,95
9726,778,12,100,2024-10-21 05:27:58.356000,66.0,75,54
9727,778,17,100,2024-10-21 05:27:58.356000,91.0,51,69
9728,778,20,100,2024-10-21 05:27:58.356000,90.0,76,80
9729,778,148,100,2024-10-21 05:27:58.356000,69.0,92,60
9730,778,90,100,2024-10-21 05:27:58.356000,90.0,99,71
9731,778,72,100,2024-10-21 05:27:58.356000,89.0,88,57
9732,778,189,100,2024-10-21 05:27:58.356000,66.0,80,80
9733,778,24,100,2024-10-21 05:27:58.356000,85.0,59,84
9734,778,156,100,2024-10-21 05:27:58.356000,87.0,62,56
9735,778,34,100,2024-10-21 05:27:58.356000,84.0,93,89
9736,778,44,100,2024-10-21 05:27:58.356000,83.0,58,52
9737,778,183,100,2024-10-21 05:27:58.356000,59.0,57,89
9738,779,166,100,2024-10-21 05:27:58.356000,62.0,76,74
9739,779,17,100,2024-10-21 05:27:58.356000,100.0,67,66
9740,779,20,100,2024-10-21 05:27:58.356000,83.0,67,93
9741,779,13,100,2024-10-21 05:27:58.356000,60.0,80,98
9742,779,12,100,2024-10-21 05:27:58.356000,82.0,61,69
9743,779,198,100,2024-10-21 05:27:58.356000,96.0,60,55
9744,779,90,100,2024-10-21 05:27:58.356000,53.0,68,68
9745,779,108,100,2024-10-21 05:27:58.356000,67.0,57,67
9746,779,135,100,2024-10-21 05:27:58.356000,97.0,71,52
9747,779,11,100,2024-10-21 05:27:58.356000,56.0,57,62
9748,779,3,100,2024-10-21 05:27:58.356000,51.0,65,73
9749,779,154,100,2024-10-21 05:27:58.356000,50.0,81,79
9750,780,20,100,2024-10-21 05:27:58.356000,75.0,76,55
9751,780,17,100,2024-10-21 05:27:58.356000,50.0,53,80
9752,780,166,100,2024-10-21 05:27:58.356000,91.0,84,83
9753,780,12,100,2024-10-21 05:27:58.356000,77.0,65,61
9754,780,13,100,2024-10-21 05:27:58.356000,77.0,57,65
9755,780,190,100,2024-10-21 05:27:58.356000,58.0,60,80
9756,780,23,100,2024-10-21 05:27:58.356000,67.0,52,54
9757,780,9,100,2024-10-21 05:27:58.356000,93.0,79,84
9758,780,116,100,2024-10-21 05:27:58.356000,85.0,73,60
9759,780,69,100,2024-10-21 05:27:58.356000,55.0,98,78
9760,780,128,100,2024-10-21 05:27:58.356000,87.0,51,66
9761,780,101,100,2024-10-21 05:27:58.356000,58.0,84,64
9762,780,61,100,2024-10-21 05:27:58.356000,50.0,64,64
9763,780,195,100,2024-10-21 05:27:58.356000,92.0,91,98
9764,780,30,100,2024-10-21 05:27:58.356000,99.0,89,79
9765,781,17,100,2024-10-21 05:27:58.356000,99.0,95,76
9766,781,166,100,2024-10-21 05:27:58.356000,79.0,93,62
9767,781,20,100,2024-10-21 05:27:58.356000,56.0,85,53
9768,781,13,100,2024-10-21 05:27:58.356000,74.0,63,97
9769,781,12,100,2024-10-21 05:27:58.356000,60.0,85,65
9770,781,91,100,2024-10-21 05:27:58.356000,85.0,74,93
9771,781,30,100,2024-10-21 05:27:58.356000,62.0,80,67
9772,781,161,100,2024-10-21 05:27:58.356000,69.0,60,50
9773,781,164,100,2024-10-21 05:27:58.356000,76.0,52,67
9774,781,71,100,2024-10-21 05:27:58.356000,53.0,87,87
9775,781,1,100,2024-10-21 05:27:58.356000,88.0,73,86
9776,782,20,100,2024-10-21 05:27:58.356000,77.0,62,60
9777,782,17,100,2024-10-21 05:27:58.356000,58.0,90,95
9778,782,12,100,2024-10-21 05:27:58.356000,78.0,86,98
9779,782,13,100,2024-10-21 05:27:58.356000,52.0,86,66
9780,782,96,100,2024-10-21 05:27:58.356000,97.0,63,76
9781,782,43,100,2024-10-21 05:27:58.356000,75.0,99,80
9782,782,125,100,2024-10-21 05:27:58.356000,90.0,74,76
9783,782,100,100,2024-10-21 05:27:58.356000,70.0,61,72
9784,782,39,100,2024-10-21 05:27:58.356000,66.0,81,90
9785,782,185,100,2024-10-21 05:27:58.356000,81.0,77,98
9786,782,103,100,2024-10-21 05:27:58.356000,71.0,82,100
9787,782,197,100,2024-10-21 05:27:58.356000,71.0,93,84
9788,782,30,100,2024-10-21 05:27:58.356000,87.0,70,58
9789,782,26,100,2024-10-21 05:27:58.356000,56.0,76,82
9790,783,166,100,2024-10-21 05:27:58.356000,73.0,61,58
9791,783,20,100,2024-10-21 05:27:58.356000,88.0,59,67
9792,783,12,100,2024-10-21 05:27:58.356000,68.0,85,98
9793,783,17,100,2024-10-21 05:27:58.356000,72.0,57,88
9794,783,13,100,2024-10-21 05:27:58.356000,79.0,59,91
9795,783,28,100,2024-10-21 05:27:58.356000,100.0,56,84
9796,783,77,100,2024-10-21 05:27:58.356000,68.0,67,61
9797,783,91,100,2024-10-21 05:27:58.356000,50.0,96,84
9798,783,148,100,2024-10-21 05:27:58.356000,54.0,97,57
9799,783,196,100,2024-10-21 05:27:58.356000,83.0,91,71
9800,783,97,100,2024-10-21 05:27:58.356000,70.0,100,81
9801,783,189,100,2024-10-21 05:27:58.356000,89.0,92,56
9802,783,48,100,2024-10-21 05:27:58.356000,99.0,74,52
9803,783,102,100,2024-10-21 05:27:58.356000,55.0,72,67
9804,784,166,100,2024-10-21 05:27:58.356000,77.0,100,50
9805,784,13,100,2024-10-21 05:27:58.356000,77.0,69,53
9806,784,20,100,2024-10-21 05:27:58.356000,94.0,64,97
9807,784,12,100,2024-10-21 05:27:58.356000,95.0,97,100
9808,784,17,100,2024-10-21 05:27:58.356000,80.0,53,80
9809,784,131,100,2024-10-21 05:27:58.356000,69.0,65,92
9810,784,137,100,2024-10-21 05:27:58.356000,96.0,64,55
9811,784,15,100,2024-10-21 05:27:58.356000,82.0,67,51
9812,784,184,100,2024-10-21 05:27:58.356000,63.0,86,61
9813,784,159,100,2024-10-21 05:27:58.356000,63.0,73,57
9814,785,13,100,2024-10-21 05:27:58.356000,100.0,100,98
9815,785,20,100,2024-10-21 05:27:58.356000,86.0,74,63
9816,785,12,100,2024-10-21 05:27:58.356000,71.0,86,58
9817,785,166,100,2024-10-21 05:27:58.356000,89.0,65,100
9818,785,17,100,2024-10-21 05:27:58.356000,58.0,83,91
9819,785,105,100,2024-10-21 05:27:58.356000,69.0,70,99
9820,785,180,100,2024-10-21 05:27:58.356000,91.0,78,94
9821,785,174,100,2024-10-21 05:27:58.356000,54.0,63,72
9822,785,181,100,2024-10-21 05:27:58.356000,58.0,96,94
9823,785,97,100,2024-10-21 05:27:58.356000,54.0,50,52
9824,785,46,100,2024-10-21 05:27:58.356000,79.0,78,94
9825,785,80,100,2024-10-21 05:27:58.356000,53.0,95,64
9826,786,20,100,2024-10-21 05:27:58.356000,50.0,100,60
9827,786,17,100,2024-10-21 05:27:58.356000,50.0,51,59
9828,786,166,100,2024-10-21 05:27:58.356000,84.0,54,53
9829,786,13,100,2024-10-21 05:27:58.356000,64.0,64,84
9830,786,12,100,2024-10-21 05:27:58.356000,71.0,53,77
9831,786,48,100,2024-10-21 05:27:58.356000,58.0,56,55
9832,786,7,100,2024-10-21 05:27:58.356000,65.0,60,60
9833,786,122,100,2024-10-21 05:27:58.356000,84.0,54,81
9834,786,187,100,2024-10-21 05:27:58.356000,77.0,80,85
9835,786,90,100,2024-10-21 05:27:58.356000,92.0,60,85
9836,786,43,100,2024-10-21 05:27:58.356000,78.0,93,63
9837,786,40,100,2024-10-21 05:27:58.356000,85.0,60,90
9838,786,173,100,2024-10-21 05:27:58.356000,98.0,68,95
9839,786,129,100,2024-10-21 05:27:58.356000,99.0,61,72
9840,786,131,100,2024-10-21 05:27:58.356000,86.0,81,50
9841,787,17,100,2024-10-21 05:27:58.356000,93.0,93,56
9842,787,20,100,2024-10-21 05:27:58.356000,99.0,65,55
9843,787,166,100,2024-10-21 05:27:58.356000,71.0,94,79
9844,787,12,100,2024-10-21 05:27:58.356000,88.0,77,86
9845,787,13,100,2024-10-21 05:27:58.356000,67.0,79,75
9846,787,108,100,2024-10-21 05:27:58.356000,69.0,77,91
9847,787,71,100,2024-10-21 05:27:58.356000,69.0,52,74
9848,787,196,100,2024-10-21 05:27:58.356000,64.0,99,71
9849,787,181,100,2024-10-21 05:27:58.356000,87.0,75,98
9850,787,124,100,2024-10-21 05:27:58.356000,55.0,51,93
9851,787,153,100,2024-10-21 05:27:58.356000,59.0,61,50
9852,788,166,100,2024-10-21 05:27:58.357000,87.0,51,89
9853,788,20,100,2024-10-21 05:27:58.357000,59.0,73,84
9854,788,12,100,2024-10-21 05:27:58.357000,93.0,89,90
9855,788,13,100,2024-10-21 05:27:58.357000,59.0,83,50
9856,788,17,100,2024-10-21 05:27:58.357000,90.0,93,95
9857,788,31,100,2024-10-21 05:27:58.357000,63.0,63,94
9858,788,151,100,2024-10-21 05:27:58.357000,56.0,74,82
9859,788,4,100,2024-10-21 05:27:58.357000,77.0,53,78
9860,788,97,100,2024-10-21 05:27:58.357000,60.0,57,88
9861,788,69,100,2024-10-21 05:27:58.357000,64.0,61,83
9862,788,100,100,2024-10-21 05:27:58.357000,98.0,98,78
9863,788,169,100,2024-10-21 05:27:58.357000,58.0,69,95
9864,788,43,100,2024-10-21 05:27:58.357000,66.0,77,70
9865,788,78,100,2024-10-21 05:27:58.357000,84.0,50,59
9866,789,166,100,2024-10-21 05:27:58.357000,85.0,83,68
9867,789,13,100,2024-10-21 05:27:58.357000,69.0,96,84
9868,789,17,100,2024-10-21 05:27:58.357000,71.0,96,75
9869,789,20,100,2024-10-21 05:27:58.357000,95.0,54,59
9870,789,125,100,2024-10-21 05:27:58.357000,66.0,52,92
9871,789,27,100,2024-10-21 05:27:58.357000,77.0,92,83
9872,789,80,100,2024-10-21 05:27:58.357000,66.0,68,52
9873,789,67,100,2024-10-21 05:27:58.357000,67.0,100,92
9874,789,165,100,2024-10-21 05:27:58.357000,89.0,92,56
9875,789,104,100,2024-10-21 05:27:58.357000,94.0,73,61
9876,789,152,100,2024-10-21 05:27:58.357000,94.0,77,92
9877,789,131,100,2024-10-21 05:27:58.357000,71.0,69,81
9878,789,49,100,2024-10-21 05:27:58.357000,94.0,95,58
9879,789,197,100,2024-10-21 05:27:58.357000,91.0,74,70
9880,789,136,100,2024-10-21 05:27:58.357000,100.0,76,99
9881,790,17,100,2024-10-21 05:27:58.357000,65.0,59,85
9882,790,12,100,2024-10-21 05:27:58.357000,91.0,63,79
9883,790,20,100,2024-10-21 05:27:58.357000,60.0,67,56
9884,790,13,100,2024-10-21 05:27:58.357000,87.0,88,94
9885,790,109,100,2024-10-21 05:27:58.357000,56.0,59,68
9886,790,104,100,2024-10-21 05:27:58.357000,87.0,78,65
9887,790,112,100,2024-10-21 05:27:58.357000,67.0,92,93
9888,790,31,100,2024-10-21 05:27:58.357000,87.0,76,60
9889,790,38,100,2024-10-21 05:27:58.357000,80.0,63,78
9890,790,124,100,2024-10-21 05:27:58.357000,96.0,67,65
9891,790,107,100,2024-10-21 05:27:58.357000,61.0,80,90
9892,790,198,100,2024-10-21 05:27:58.357000,65.0,99,78
9893,790,36,100,2024-10-21 05:27:58.357000,66.0,52,51
9894,790,42,100,2024-10-21 05:27:58.357000,61.0,75,84
9895,791,13,100,2024-10-21 05:27:58.357000,75.0,60,80
9896,791,166,100,2024-10-21 05:27:58.357000,62.0,66,72
9897,791,20,100,2024-10-21 05:27:58.357000,73.0,53,55
9898,791,17,100,2024-10-21 05:27:58.357000,83.0,50,64
9899,791,106,100,2024-10-21 05:27:58.357000,74.0,74,97
9900,791,80,100,2024-10-21 05:27:58.357000,94.0,94,68
9901,791,75,100,2024-10-21 05:27:58.357000,54.0,84,59
9902,791,7,100,2024-10-21 05:27:58.357000,92.0,63,90
9903,791,19,100,2024-10-21 05:27:58.357000,50.0,52,91
9904,791,51,100,2024-10-21 05:27:58.357000,70.0,86,93
9905,792,17,100,2024-10-21 05:27:58.357000,99.0,52,58
9906,792,12,100,2024-10-21 05:27:58.357000,82.0,63,66
9907,792,166,100,2024-10-21 05:27:58.357000,61.0,86,86
9908,792,20,100,2024-10-21 05:27:58.357000,55.0,95,74
9909,792,13,100,2024-10-21 05:27:58.357000,96.0,83,94
9910,792,70,100,2024-10-21 05:27:58.357000,90.0,63,98
9911,792,116,100,2024-10-21 05:27:58.357000,100.0,89,93
9912,792,67,100,2024-10-21 05:27:58.357000,88.0,65,55
9913,792,160,100,2024-10-21 05:27:58.357000,54.0,83,75
9914,792,181,100,2024-10-21 05:27:58.357000,97.0,55,79
9915,792,100,100,2024-10-21 05:27:58.357000,62.0,59,53
9916,792,109,100,2024-10-21 05:27:58.357000,63.0,85,91
9917,792,79,100,2024-10-21 05:27:58.357000,95.0,52,52
9918,792,73,100,2024-10-21 05:27:58.357000,64.0,55,95
9919,793,12,100,2024-10-21 05:27:58.357000,78.0,64,100
9920,793,17,100,2024-10-21 05:27:58.357000,91.0,72,84
9921,793,20,100,2024-10-21 05:27:58.357000,87.0,51,60
9922,793,13,100,2024-10-21 05:27:58.357000,82.0,73,75
9923,793,166,100,2024-10-21 05:27:58.357000,88.0,61,60
9924,793,125,100,2024-10-21 05:27:58.357000,53.0,81,84
9925,793,69,100,2024-10-21 05:27:58.357000,70.0,88,68
9926,793,177,100,2024-10-21 05:27:58.357000,96.0,84,56
9927,793,21,100,2024-10-21 05:27:58.357000,55.0,81,92
9928,793,31,100,2024-10-21 05:27:58.357000,50.0,84,82
9929,793,89,100,2024-10-21 05:27:58.357000,84.0,97,70
9930,793,68,100,2024-10-21 05:27:58.357000,84.0,66,53
9931,793,4,100,2024-10-21 05:27:58.357000,94.0,75,87
9932,794,20,100,2024-10-21 05:27:58.357000,86.0,82,50
9933,794,17,100,2024-10-21 05:27:58.357000,68.0,76,56
9934,794,13,100,2024-10-21 05:27:58.357000,71.0,90,56
9935,794,12,100,2024-10-21 05:27:58.357000,56.0,75,99
9936,794,166,100,2024-10-21 05:27:58.357000,96.0,75,58
9937,794,19,100,2024-10-21 05:27:58.357000,59.0,52,79
9938,794,188,100,2024-10-21 05:27:58.357000,75.0,67,66
9939,794,30,100,2024-10-21 05:27:58.357000,96.0,90,69
9940,794,179,100,2024-10-21 05:27:58.357000,86.0,94,84
9941,794,75,100,2024-10-21 05:27:58.357000,76.0,81,96
9942,794,60,100,2024-10-21 05:27:58.357000,97.0,69,69
9943,794,91,100,2024-10-21 05:27:58.357000,88.0,75,54
9944,794,9,100,2024-10-21 05:27:58.357000,61.0,81,73
9945,795,13,100,2024-10-21 05:27:58.357000,59.0,84,56
9946,795,12,100,2024-10-21 05:27:58.357000,90.0,77,61
9947,795,166,100,2024-10-21 05:27:58.357000,56.0,57,65
9948,795,17,100,2024-10-21 05:27:58.357000,81.0,74,56
9949,795,20,100,2024-10-21 05:27:58.357000,73.0,62,80
9950,795,99,100,2024-10-21 05:27:58.357000,63.0,98,59
9951,795,109,100,2024-10-21 05:27:58.357000,53.0,92,61
9952,795,114,100,2024-10-21 05:27:58.357000,52.0,89,73
9953,795,6,100,2024-10-21 05:27:58.357000,83.0,90,80
9954,795,11,100,2024-10-21 05:27:58.357000,52.0,63,54
9955,796,17,100,2024-10-21 05:27:58.357000,77.0,63,86
9956,796,166,100,2024-10-21 05:27:58.357000,67.0,87,72
9957,796,12,100,2024-10-21 05:27:58.357000,64.0,96,79
9958,796,13,100,2024-10-21 05:27:58.357000,85.0,87,87
9959,796,20,100,2024-10-21 05:27:58.357000,72.0,74,52
9960,796,29,100,2024-10-21 05:27:58.357000,76.0,96,53
9961,796,69,100,2024-10-21 05:27:58.357000,83.0,97,50
9962,796,59,100,2024-10-21 05:27:58.357000,78.0,72,88
9963,796,31,100,2024-10-21 05:27:58.357000,75.0,76,56
9964,796,132,100,2024-10-21 05:27:58.357000,77.0,68,88
9965,796,139,100,2024-10-21 05:27:58.357000,100.0,90,84
9966,796,131,100,2024-10-21 05:27:58.357000,97.0,81,100
9967,796,160,100,2024-10-21 05:27:58.357000,57.0,89,51
9968,796,19,100,2024-10-21 05:27:58.357000,75.0,97,99
9969,796,199,100,2024-10-21 05:27:58.357000,94.0,50,93
9970,797,13,100,2024-10-21 05:27:58.357000,61.0,79,58
9971,797,20,100,2024-10-21 05:27:58.357000,84.0,75,79
9972,797,166,100,2024-10-21 05:27:58.357000,51.0,96,50
9973,797,12,100,2024-10-21 05:27:58.357000,73.0,65,55
9974,797,17,100,2024-10-21 05:27:58.357000,55.0,65,80
9975,797,137,100,2024-10-21 05:27:58.357000,55.0,91,62
9976,797,85,100,2024-10-21 05:27:58.357000,71.0,59,73
9977,797,142,100,2024-10-21 05:27:58.357000,70.0,84,59
9978,797,132,100,2024-10-21 05:27:58.357000,57.0,62,90
9979,797,23,100,2024-10-21 05:27:58.357000,61.0,91,51
9980,798,13,100,2024-10-21 05:27:58.357000,81.0,71,90
9981,798,166,100,2024-10-21 05:27:58.357000,55.0,55,68
9982,798,20,100,2024-10-21 05:27:58.357000,92.0,96,89
9983,798,17,100,2024-10-21 05:27:58.357000,89.0,83,60
9984,798,12,100,2024-10-21 05:27:58.357000,66.0,99,97
9985,798,145,100,2024-10-21 05:27:58.357000,66.0,95,89
9986,798,120,100,2024-10-21 05:27:58.357000,100.0,64,73
9987,798,2,100,2024-10-21 05:27:58.357000,97.0,58,57
9988,798,108,100,2024-10-21 05:27:58.357000,96.0,66,64
9989,798,162,100,2024-10-21 05:27:58.357000,87.0,55,86
9990,798,41,100,2024-10-21 05:27:58.357000,96.0,53,54
9991,798,28,100,2024-10-21 05:27:58.357000,51.0,100,54
9992,799,13,100,2024-10-21 05:27:58.357000,78.0,61,81
9993,799,17,100,2024-10-21 05:27:58.357000,84.0,85,89
9994,799,166,100,2024-10-21 05:27:58.357000,82.0,77,93
9995,799,20,100,2024-10-21 05:27:58.357000,73.0,62,93
9996,799,12,100,2024-10-21 05:27:58.357000,54.0,74,90
9997,799,182,100,2024-10-21 05:27:58.358000,81.0,83,85
9998,799,30,100,2024-10-21 05:27:58.358000,52.0,75,100
9999,799,145,100,2024-10-21 05:27:58.358000,91.0,56,79
10000,799,199,100,2024-10-21 05:27:58.358000,79.0,69,78
10001,799,66,100,2024-10-21 05:27:58.358000,70.0,89,57
10002,799,90,100,2024-10-21 05:27:58.358000,66.0,53,69
10003,799,141,100,2024-10-21 05:27:58.358000,59.0,55,84
10004,800,17,100,2024-10-21 05:27:58.358000,98.0,92,91
10005,800,12,100,2024-10-21 05:27:58.358000,61.0,67,64
10006,800,13,100,2024-10-21 05:27:58.358000,91.0,78,69
10007,800,166,100,2024-10-21 05:27:58.358000,57.0,59,88
10008,800,55,100,2024-10-21 05:27:58.358000,92.0,62,74
10009,800,177,100,2024-10-21 05:27:58.358000,51.0,62,93
10010,800,23,100,2024-10-21 05:27:58.358000,80.0,92,67
10011,800,11,100,2024-10-21 05:27:58.358000,84.0,95,57
10012,800,110,100,2024-10-21 05:27:58.358000,63.0,78,65
10013,800,31,100,2024-10-21 05:27:58.358000,59.0,76,50
10014,800,46,100,2024-10-21 05:27:58.358000,78.0,67,57
10015,800,26,100,2024-10-21 05:27:58.358000,93.0,51,77
10016,800,41,100,2024-10-21 05:27:58.358000,66.0,91,69
10017,800,112,100,2024-10-21 05:27:58.358000,81.0,57,93
10018,800,123,100,2024-10-21 05:27:58.358000,94.0,51,84
10019,801,20,100,2024-10-21 05:27:58.358000,100.0,88,76
10020,801,166,100,2024-10-21 05:27:58.358000,100.0,78,68
10021,801,13,100,2024-10-21 05:27:58.358000,67.0,78,89
10022,801,12,100,2024-10-21 05:27:58.358000,90.0,75,50
10023,801,17,100,2024-10-21 05:27:58.358000,80.0,67,99
10024,801,117,100,2024-10-21 05:27:58.358000,88.0,69,71
10025,801,130,100,2024-10-21 05:27:58.358000,84.0,97,54
10026,801,34,100,2024-10-21 05:27:58.358000,80.0,88,82
10027,801,52,100,2024-10-21 05:27:58.358000,54.0,69,97
10028,801,48,100,2024-10-21 05:27:58.358000,100.0,91,68
10029,801,21,100,2024-10-21 05:27:58.358000,96.0,59,93
10030,801,192,100,2024-10-21 05:27:58.358000,57.0,64,71
10031,801,149,100,2024-10-21 05:27:58.358000,67.0,84,90
10032,801,76,100,2024-10-21 05:27:58.358000,55.0,91,94
10033,801,46,100,2024-10-21 05:27:58.358000,58.0,53,68
10034,802,12,100,2024-10-21 05:27:58.358000,75.0,73,73
10035,802,20,100,2024-10-21 05:27:58.358000,78.0,96,89
10036,802,17,100,2024-10-21 05:27:58.358000,84.0,54,82
10037,802,166,100,2024-10-21 05:27:58.358000,87.0,90,80
10038,802,109,100,2024-10-21 05:27:58.358000,63.0,65,54
10039,802,74,100,2024-10-21 05:27:58.358000,86.0,94,85
10040,802,57,100,2024-10-21 05:27:58.358000,87.0,85,99
10041,802,24,100,2024-10-21 05:27:58.358000,80.0,78,57
10042,802,78,100,2024-10-21 05:27:58.358000,78.0,73,57
10043,802,93,100,2024-10-21 05:27:58.358000,73.0,90,72
10044,802,114,100,2024-10-21 05:27:58.358000,55.0,95,65
10045,802,38,100,2024-10-21 05:27:58.358000,82.0,76,72
10046,802,11,100,2024-10-21 05:27:58.358000,83.0,100,78
10047,802,105,100,2024-10-21 05:27:58.358000,82.0,62,50
10048,803,12,100,2024-10-21 05:27:58.358000,70.0,78,79
10049,803,13,100,2024-10-21 05:27:58.358000,94.0,78,78
10050,803,20,100,2024-10-21 05:27:58.358000,64.0,94,54
10051,803,166,100,2024-10-21 05:27:58.358000,52.0,81,77
10052,803,17,100,2024-10-21 05:27:58.358000,96.0,72,92
10053,803,36,100,2024-10-21 05:27:58.358000,75.0,90,69
10054,803,110,100,2024-10-21 05:27:58.358000,73.0,62,65
10055,803,146,100,2024-10-21 05:27:58.358000,95.0,100,83
10056,803,61,100,2024-10-21 05:27:58.358000,68.0,71,81
10057,803,15,100,2024-10-21 05:27:58.358000,94.0,53,57
10058,803,200,100,2024-10-21 05:27:58.358000,58.0,73,67
10059,804,13,100,2024-10-21 05:27:58.358000,85.0,54,93
10060,804,17,100,2024-10-21 05:27:58.358000,94.0,85,94
10061,804,20,100,2024-10-21 05:27:58.358000,91.0,50,99
10062,804,166,100,2024-10-21 05:27:58.358000,52.0,53,84
10063,804,46,100,2024-10-21 05:27:58.358000,52.0,96,94
10064,804,199,100,2024-10-21 05:27:58.358000,64.0,71,93
10065,804,142,100,2024-10-21 05:27:58.358000,72.0,92,69
10066,804,138,100,2024-10-21 05:27:58.358000,58.0,50,75
10067,804,145,100,2024-10-21 05:27:58.358000,56.0,63,90
10068,804,61,100,2024-10-21 05:27:58.358000,52.0,58,82
10069,804,45,100,2024-10-21 05:27:58.358000,85.0,90,97
10070,805,17,100,2024-10-21 05:27:58.358000,58.0,83,79
10071,805,12,100,2024-10-21 05:27:58.358000,78.0,78,51
10072,805,13,100,2024-10-21 05:27:58.358000,63.0,63,70
10073,805,20,100,2024-10-21 05:27:58.358000,89.0,70,98
10074,805,166,100,2024-10-21 05:27:58.358000,55.0,72,96
10075,805,19,100,2024-10-21 05:27:58.358000,68.0,72,92
10076,805,131,100,2024-10-21 05:27:58.358000,77.0,97,93
10077,805,122,100,2024-10-21 05:27:58.358000,89.0,54,52
10078,805,151,100,2024-10-21 05:27:58.358000,54.0,85,51
10079,805,186,100,2024-10-21 05:27:58.358000,69.0,65,66
10080,805,107,100,2024-10-21 05:27:58.358000,99.0,99,56
10081,805,150,100,2024-10-21 05:27:58.358000,95.0,79,80
10082,805,104,100,2024-10-21 05:27:58.358000,75.0,52,63
10083,805,23,100,2024-10-21 05:27:58.358000,53.0,65,61
10084,806,166,100,2024-10-21 05:27:58.358000,53.0,91,63
10085,806,12,100,2024-10-21 05:27:58.358000,63.0,75,59
10086,806,13,100,2024-10-21 05:27:58.358000,76.0,96,53
10087,806,17,100,2024-10-21 05:27:58.358000,68.0,95,89
10088,806,20,100,2024-10-21 05:27:58.358000,94.0,72,55
10089,806,178,100,2024-10-21 05:27:58.358000,60.0,65,53
10090,806,130,100,2024-10-21 05:27:58.358000,54.0,70,74
10091,806,194,100,2024-10-21 05:27:58.358000,69.0,57,100
10092,806,164,100,2024-10-21 05:27:58.358000,73.0,56,99
10093,806,128,100,2024-10-21 05:27:58.358000,51.0,66,93
10094,806,151,100,2024-10-21 05:27:58.358000,63.0,89,78
10095,806,82,100,2024-10-21 05:27:58.358000,77.0,96,56
10096,807,12,100,2024-10-21 05:27:58.358000,67.0,60,80
10097,807,20,100,2024-10-21 05:27:58.358000,55.0,70,99
10098,807,17,100,2024-10-21 05:27:58.358000,77.0,64,67
10099,807,13,100,2024-10-21 05:27:58.358000,62.0,73,79
10100,807,23,100,2024-10-21 05:27:58.358000,55.0,65,73
10101,807,146,100,2024-10-21 05:27:58.358000,52.0,56,58
10102,807,143,100,2024-10-21 05:27:58.358000,61.0,77,93
10103,807,94,100,2024-10-21 05:27:58.358000,73.0,66,78
10104,807,173,100,2024-10-21 05:27:58.358000,79.0,57,93
10105,807,147,100,2024-10-21 05:27:58.358000,55.0,63,77
10106,807,195,100,2024-10-21 05:27:58.358000,89.0,51,75
10107,808,166,100,2024-10-21 05:27:58.358000,77.0,96,50
10108,808,20,100,2024-10-21 05:27:58.358000,97.0,73,72
10109,808,13,100,2024-10-21 05:27:58.358000,76.0,93,68
10110,808,12,100,2024-10-21 05:27:58.358000,99.0,62,63
10111,808,17,100,2024-10-21 05:27:58.358000,57.0,82,98
10112,808,165,100,2024-10-21 05:27:58.358000,74.0,94,51
10113,808,41,100,2024-10-21 05:27:58.358000,65.0,100,97
10114,808,113,100,2024-10-21 05:27:58.358000,71.0,73,83
10115,808,170,100,2024-10-21 05:27:58.358000,69.0,73,64
10116,808,58,100,2024-10-21 05:27:58.358000,64.0,88,79
10117,808,45,100,2024-10-21 05:27:58.358000,58.0,85,73
10118,809,17,100,2024-10-21 05:27:58.358000,61.0,54,96
10119,809,20,100,2024-10-21 05:27:58.358000,88.0,59,64
10120,809,12,100,2024-10-21 05:27:58.358000,76.0,52,66
10121,809,166,100,2024-10-21 05:27:58.358000,63.0,86,54
10122,809,13,100,2024-10-21 05:27:58.358000,99.0,56,59
10123,809,160,100,2024-10-21 05:27:58.358000,77.0,87,78
10124,809,7,100,2024-10-21 05:27:58.358000,90.0,54,89
10125,809,68,100,2024-10-21 05:27:58.358000,51.0,77,73
10126,809,65,100,2024-10-21 05:27:58.358000,75.0,54,59
10127,809,155,100,2024-10-21 05:27:58.358000,52.0,96,54
10128,809,154,100,2024-10-21 05:27:58.358000,69.0,74,67
10129,809,162,100,2024-10-21 05:27:58.358000,88.0,77,88
10130,810,12,100,2024-10-21 05:27:58.358000,54.0,83,55
10131,810,20,100,2024-10-21 05:27:58.358000,66.0,50,92
10132,810,17,100,2024-10-21 05:27:58.358000,91.0,67,60
10133,810,166,100,2024-10-21 05:27:58.358000,97.0,70,77
10134,810,13,100,2024-10-21 05:27:58.358000,70.0,79,57
10135,810,28,100,2024-10-21 05:27:58.358000,73.0,75,96
10136,810,67,100,2024-10-21 05:27:58.358000,72.0,91,63
10137,810,1,100,2024-10-21 05:27:58.358000,79.0,80,70
10138,810,70,100,2024-10-21 05:27:58.358000,90.0,81,60
10139,810,133,100,2024-10-21 05:27:58.358000,81.0,77,83
10140,810,78,100,2024-10-21 05:27:58.358000,67.0,58,73
10141,810,145,100,2024-10-21 05:27:58.358000,85.0,89,86
10142,810,107,100,2024-10-21 05:27:58.358000,50.0,66,86
10143,810,61,100,2024-10-21 05:27:58.358000,68.0,65,89
10144,811,20,100,2024-10-21 05:27:58.358000,93.0,67,92
10145,811,17,100,2024-10-21 05:27:58.358000,91.0,67,60
10146,811,13,100,2024-10-21 05:27:58.358000,63.0,84,99
10147,811,12,100,2024-10-21 05:27:58.358000,100.0,58,76
10148,811,166,100,2024-10-21 05:27:58.358000,74.0,67,62
10149,811,81,100,2024-10-21 05:27:58.358000,83.0,91,58
10150,811,132,100,2024-10-21 05:27:58.358000,50.0,68,93
10151,811,180,100,2024-10-21 05:27:58.358000,74.0,70,59
10152,811,26,100,2024-10-21 05:27:58.358000,83.0,58,95
10153,811,71,100,2024-10-21 05:27:58.358000,89.0,69,77
10154,811,182,100,2024-10-21 05:27:58.358000,77.0,93,70
10155,811,118,100,2024-10-21 05:27:58.358000,85.0,59,87
10156,811,52,100,2024-10-21 05:27:58.358000,72.0,53,72
10157,811,59,100,2024-10-21 05:27:58.358000,100.0,75,77
10158,812,20,100,2024-10-21 05:27:58.359000,92.0,69,78
10159,812,13,100,2024-10-21 05:27:58.359000,93.0,97,64
10160,812,166,100,2024-10-21 05:27:58.359000,87.0,78,62
10161,812,12,100,2024-10-21 05:27:58.359000,62.0,97,81
10162,812,17,100,2024-10-21 05:27:58.359000,71.0,75,72
10163,812,53,100,2024-10-21 05:27:58.359000,81.0,61,62
10164,812,150,100,2024-10-21 05:27:58.359000,80.0,63,91
10165,812,188,100,2024-10-21 05:27:58.359000,78.0,90,85
10166,812,98,100,2024-10-21 05:27:58.359000,62.0,80,73
10167,812,77,100,2024-10-21 05:27:58.359000,61.0,70,87
10168,813,17,100,2024-10-21 05:27:58.359000,84.0,77,70
10169,813,166,100,2024-10-21 05:27:58.359000,92.0,61,63
10170,813,20,100,2024-10-21 05:27:58.359000,73.0,99,73
10171,813,12,100,2024-10-21 05:27:58.359000,99.0,77,67
10172,813,13,100,2024-10-21 05:27:58.359000,96.0,97,69
10173,813,50,100,2024-10-21 05:27:58.359000,50.0,61,81
10174,813,196,100,2024-10-21 05:27:58.359000,71.0,80,74
10175,813,184,100,2024-10-21 05:27:58.359000,69.0,79,66
10176,813,19,100,2024-10-21 05:27:58.359000,59.0,78,91
10177,813,117,100,2024-10-21 05:27:58.359000,63.0,86,66
10178,813,11,100,2024-10-21 05:27:58.359000,56.0,96,50
10179,813,195,100,2024-10-21 05:27:58.359000,87.0,62,98
10180,814,166,100,2024-10-21 05:27:58.359000,60.0,51,76
10181,814,17,100,2024-10-21 05:27:58.359000,62.0,92,59
10182,814,20,100,2024-10-21 05:27:58.359000,54.0,92,78
10183,814,13,100,2024-10-21 05:27:58.359000,74.0,98,81
10184,814,12,100,2024-10-21 05:27:58.359000,91.0,92,96
10185,814,122,100,2024-10-21 05:27:58.359000,71.0,78,93
10186,814,77,100,2024-10-21 05:27:58.359000,89.0,94,57
10187,814,174,100,2024-10-21 05:27:58.359000,84.0,63,90
10188,814,59,100,2024-10-21 05:27:58.359000,85.0,50,54
10189,814,156,100,2024-10-21 05:27:58.359000,57.0,56,79
10190,814,52,100,2024-10-21 05:27:58.359000,75.0,64,51
10191,815,166,100,2024-10-21 05:27:58.359000,72.0,92,90
10192,815,17,100,2024-10-21 05:27:58.359000,58.0,50,69
10193,815,20,100,2024-10-21 05:27:58.359000,93.0,90,63
10194,815,12,100,2024-10-21 05:27:58.359000,79.0,68,75
10195,815,13,100,2024-10-21 05:27:58.359000,93.0,57,55
10196,815,18,100,2024-10-21 05:27:58.359000,82.0,56,55
10197,815,102,100,2024-10-21 05:27:58.359000,55.0,91,91
10198,815,180,100,2024-10-21 05:27:58.359000,93.0,83,66
10199,815,200,100,2024-10-21 05:27:58.359000,58.0,54,77
10200,815,82,100,2024-10-21 05:27:58.359000,57.0,65,84
10201,815,70,100,2024-10-21 05:27:58.359000,59.0,54,99
10202,816,17,100,2024-10-21 05:27:58.359000,73.0,91,66
10203,816,12,100,2024-10-21 05:27:58.359000,82.0,84,92
10204,816,20,100,2024-10-21 05:27:58.359000,70.0,99,52
10205,816,166,100,2024-10-21 05:27:58.359000,86.0,72,56
10206,816,13,100,2024-10-21 05:27:58.359000,60.0,69,91
10207,816,167,100,2024-10-21 05:27:58.359000,85.0,61,53
10208,816,155,100,2024-10-21 05:27:58.359000,95.0,93,94
10209,816,49,100,2024-10-21 05:27:58.359000,57.0,63,66
10210,816,79,100,2024-10-21 05:27:58.359000,100.0,72,77
10211,816,135,100,2024-10-21 05:27:58.359000,54.0,66,78
10212,816,153,100,2024-10-21 05:27:58.359000,96.0,51,96
10213,816,40,100,2024-10-21 05:27:58.359000,66.0,86,84
10214,816,170,100,2024-10-21 05:27:58.359000,59.0,79,58
10215,816,136,100,2024-10-21 05:27:58.359000,73.0,84,91
10216,816,156,100,2024-10-21 05:27:58.359000,60.0,60,64
10217,817,17,100,2024-10-21 05:27:58.359000,54.0,94,82
10218,817,13,100,2024-10-21 05:27:58.359000,75.0,99,70
10219,817,20,100,2024-10-21 05:27:58.359000,53.0,98,97
10220,817,12,100,2024-10-21 05:27:58.359000,81.0,61,66
10221,817,166,100,2024-10-21 05:27:58.359000,79.0,54,64
10222,817,62,100,2024-10-21 05:27:58.359000,51.0,61,93
10223,817,73,100,2024-10-21 05:27:58.359000,89.0,70,98
10224,817,56,100,2024-10-21 05:27:58.359000,55.0,92,91
10225,817,68,100,2024-10-21 05:27:58.359000,83.0,94,99
10226,817,102,100,2024-10-21 05:27:58.359000,71.0,86,78
10227,817,191,100,2024-10-21 05:27:58.359000,75.0,67,62
10228,817,16,100,2024-10-21 05:27:58.359000,52.0,53,76
10229,817,79,100,2024-10-21 05:27:58.359000,89.0,54,78
10230,817,47,100,2024-10-21 05:27:58.359000,56.0,60,96
10231,817,118,100,2024-10-21 05:27:58.359000,73.0,55,56
10232,818,13,100,2024-10-21 05:27:58.359000,62.0,75,99
10233,818,166,100,2024-10-21 05:27:58.359000,50.0,90,93
10234,818,17,100,2024-10-21 05:27:58.359000,51.0,59,55
10235,818,12,100,2024-10-21 05:27:58.359000,81.0,100,52
10236,818,20,100,2024-10-21 05:27:58.359000,96.0,78,72
10237,818,168,100,2024-10-21 05:27:58.359000,100.0,87,71
10238,818,158,100,2024-10-21 05:27:58.359000,58.0,86,72
10239,818,71,100,2024-10-21 05:27:58.359000,67.0,79,51
10240,818,180,100,2024-10-21 05:27:58.359000,57.0,65,62
10241,818,61,100,2024-10-21 05:27:58.359000,67.0,63,73
10242,818,107,100,2024-10-21 05:27:58.359000,61.0,92,65
10243,818,1,100,2024-10-21 05:27:58.359000,97.0,88,88
10244,818,169,100,2024-10-21 05:27:58.359000,85.0,73,52
10245,818,91,100,2024-10-21 05:27:58.359000,80.0,64,73
10246,819,17,100,2024-10-21 05:27:58.359000,82.0,70,61
10247,819,20,100,2024-10-21 05:27:58.359000,63.0,64,100
10248,819,12,100,2024-10-21 05:27:58.359000,72.0,91,78
10249,819,13,100,2024-10-21 05:27:58.359000,53.0,82,73
10250,819,166,100,2024-10-21 05:27:58.359000,100.0,75,89
10251,819,29,100,2024-10-21 05:27:58.359000,59.0,99,96
10252,819,131,100,2024-10-21 05:27:58.359000,93.0,58,62
10253,819,24,100,2024-10-21 05:27:58.359000,90.0,56,75
10254,819,107,100,2024-10-21 05:27:58.359000,83.0,54,63
10255,819,9,100,2024-10-21 05:27:58.359000,100.0,97,87
10256,819,117,100,2024-10-21 05:27:58.359000,99.0,68,98
10257,819,30,100,2024-10-21 05:27:58.359000,90.0,60,81
10258,819,141,100,2024-10-21 05:27:58.359000,80.0,65,92
10259,819,58,100,2024-10-21 05:27:58.359000,63.0,88,62
10260,820,166,100,2024-10-21 05:27:58.359000,57.0,77,79
10261,820,12,100,2024-10-21 05:27:58.359000,77.0,57,77
10262,820,13,100,2024-10-21 05:27:58.359000,94.0,62,68
10263,820,20,100,2024-10-21 05:27:58.359000,59.0,66,70
10264,820,17,100,2024-10-21 05:27:58.359000,94.0,89,86
10265,820,123,100,2024-10-21 05:27:58.359000,53.0,91,80
10266,820,38,100,2024-10-21 05:27:58.359000,86.0,90,50
10267,820,112,100,2024-10-21 05:27:58.359000,97.0,80,97
10268,820,3,100,2024-10-21 05:27:58.359000,52.0,57,69
10269,820,101,100,2024-10-21 05:27:58.359000,100.0,80,76
10270,820,50,100,2024-10-21 05:27:58.359000,54.0,85,90
10271,820,190,100,2024-10-21 05:27:58.359000,60.0,95,64
10272,820,183,100,2024-10-21 05:27:58.359000,75.0,57,71
10273,821,166,100,2024-10-21 05:27:58.359000,53.0,56,93
10274,821,13,100,2024-10-21 05:27:58.359000,94.0,90,91
10275,821,17,100,2024-10-21 05:27:58.359000,82.0,51,70
10276,821,20,100,2024-10-21 05:27:58.359000,67.0,79,97
10277,821,12,100,2024-10-21 05:27:58.359000,73.0,62,95
10278,821,107,100,2024-10-21 05:27:58.359000,93.0,76,92
10279,821,67,100,2024-10-21 05:27:58.359000,100.0,82,95
10280,821,154,100,2024-10-21 05:27:58.359000,76.0,62,58
10281,821,7,100,2024-10-21 05:27:58.359000,95.0,91,85
10282,821,23,100,2024-10-21 05:27:58.359000,86.0,66,51
10283,821,113,100,2024-10-21 05:27:58.359000,94.0,86,72
10284,821,122,100,2024-10-21 05:27:58.359000,55.0,80,79
10285,821,39,100,2024-10-21 05:27:58.359000,66.0,93,56
10286,821,64,100,2024-10-21 05:27:58.359000,72.0,85,70
10287,822,17,100,2024-10-21 05:27:58.359000,96.0,51,91
10288,822,20,100,2024-10-21 05:27:58.359000,68.0,79,93
10289,822,166,100,2024-10-21 05:27:58.359000,77.0,50,60
10290,822,13,100,2024-10-21 05:27:58.359000,89.0,84,81
10291,822,12,100,2024-10-21 05:27:58.359000,53.0,67,90
10292,822,113,100,2024-10-21 05:27:58.359000,84.0,81,85
10293,822,120,100,2024-10-21 05:27:58.359000,77.0,69,62
10294,822,3,100,2024-10-21 05:27:58.359000,81.0,82,79
10295,822,22,100,2024-10-21 05:27:58.359000,54.0,79,96
10296,822,174,100,2024-10-21 05:27:58.359000,61.0,95,84
10297,822,117,100,2024-10-21 05:27:58.359000,84.0,60,91
10298,822,39,100,2024-10-21 05:27:58.359000,76.0,89,90
10299,823,20,100,2024-10-21 05:27:58.359000,94.0,81,86
10300,823,13,100,2024-10-21 05:27:58.359000,53.0,56,90
10301,823,17,100,2024-10-21 05:27:58.359000,84.0,54,86
10302,823,12,100,2024-10-21 05:27:58.359000,55.0,80,77
10303,823,166,100,2024-10-21 05:27:58.359000,85.0,51,72
10304,823,182,100,2024-10-21 05:27:58.359000,76.0,73,57
10305,823,105,100,2024-10-21 05:27:58.359000,51.0,97,64
10306,823,16,100,2024-10-21 05:27:58.359000,84.0,56,93
10307,823,137,100,2024-10-21 05:27:58.359000,65.0,70,53
10308,823,45,100,2024-10-21 05:27:58.359000,66.0,82,88
10309,823,189,100,2024-10-21 05:27:58.359000,68.0,91,80
10310,823,108,100,2024-10-21 05:27:58.359000,51.0,53,55
10311,823,191,100,2024-10-21 05:27:58.359000,52.0,66,68
10312,823,148,100,2024-10-21 05:27:58.359000,94.0,96,82
10313,824,12,100,2024-10-21 05:27:58.359000,75.0,93,61
10314,824,17,100,2024-10-21 05:27:58.359000,54.0,58,96
10315,824,13,100,2024-10-21 05:27:58.359000,53.0,75,72
10316,824,166,100,2024-10-21 05:27:58.359000,62.0,76,55
10317,824,145,100,2024-10-21 05:27:58.359000,85.0,78,87
10318,824,8,100,2024-10-21 05:27:58.359000,60.0,94,74
10319,824,15,100,2024-10-21 05:27:58.359000,61.0,83,78
10320,824,7,100,2024-10-21 05:27:58.359000,82.0,58,87
10321,824,106,100,2024-10-21 05:27:58.359000,86.0,83,99
10322,824,128,100,2024-10-21 05:27:58.359000,78.0,64,60
10323,824,181,100,2024-10-21 05:27:58.359000,90.0,81,89
10324,825,166,100,2024-10-21 05:27:58.359000,97.0,85,59
10325,825,13,100,2024-10-21 05:27:58.359000,52.0,75,84
10326,825,17,100,2024-10-21 05:27:58.359000,95.0,86,63
10327,825,20,100,2024-10-21 05:27:58.359000,85.0,58,91
10328,825,12,100,2024-10-21 05:27:58.359000,98.0,70,59
10329,825,195,100,2024-10-21 05:27:58.359000,60.0,97,66
10330,825,28,100,2024-10-21 05:27:58.359000,68.0,64,58
10331,825,96,100,2024-10-21 05:27:58.359000,61.0,60,82
10332,825,79,100,2024-10-21 05:27:58.359000,62.0,62,74
10333,825,15,100,2024-10-21 05:27:58.359000,73.0,81,88
10334,825,18,100,2024-10-21 05:27:58.359000,58.0,73,62
10335,825,152,100,2024-10-21 05:27:58.359000,96.0,81,95
10336,825,175,100,2024-10-21 05:27:58.359000,84.0,84,70
10337,825,163,100,2024-10-21 05:27:58.359000,67.0,99,50
10338,826,12,100,2024-10-21 05:27:58.359000,89.0,59,60
10339,826,166,100,2024-10-21 05:27:58.359000,93.0,62,68
10340,826,17,100,2024-10-21 05:27:58.359000,88.0,62,82
10341,826,13,100,2024-10-21 05:27:58.359000,59.0,75,64
10342,826,20,100,2024-10-21 05:27:58.359000,60.0,68,56
10343,826,143,100,2024-10-21 05:27:58.359000,55.0,100,58
10344,826,103,100,2024-10-21 05:27:58.359000,80.0,82,77
10345,826,46,100,2024-10-21 05:27:58.359000,86.0,55,82
10346,826,113,100,2024-10-21 05:27:58.359000,82.0,52,79
10347,826,187,100,2024-10-21 05:27:58.359000,77.0,76,52
10348,827,17,100,2024-10-21 05:27:58.359000,52.0,93,74
10349,827,20,100,2024-10-21 05:27:58.359000,100.0,99,61
10350,827,13,100,2024-10-21 05:27:58.359000,61.0,53,79
10351,827,166,100,2024-10-21 05:27:58.359000,60.0,94,55
10352,827,12,100,2024-10-21 05:27:58.359000,77.0,96,81
10353,827,84,100,2024-10-21 05:27:58.359000,79.0,58,91
10354,827,152,100,2024-10-21 05:27:58.359000,66.0,79,80
10355,827,128,100,2024-10-21 05:27:58.359000,87.0,53,62
10356,827,124,100,2024-10-21 05:27:58.359000,55.0,86,90
10357,827,110,100,2024-10-21 05:27:58.359000,50.0,59,54
10358,827,179,100,2024-10-21 05:27:58.359000,66.0,90,66
10359,828,12,100,2024-10-21 05:27:58.359000,69.0,57,78
10360,828,166,100,2024-10-21 05:27:58.359000,59.0,51,86
10361,828,20,100,2024-10-21 05:27:58.359000,50.0,80,59
10362,828,13,100,2024-10-21 05:27:58.359000,82.0,77,83
10363,828,57,100,2024-10-21 05:27:58.359000,79.0,69,58
10364,828,22,100,2024-10-21 05:27:58.359000,89.0,62,66
10365,828,69,100,2024-10-21 05:27:58.359000,85.0,60,89
10366,828,106,100,2024-10-21 05:27:58.359000,56.0,56,58
10367,828,72,100,2024-10-21 05:27:58.359000,69.0,94,52
10368,828,161,100,2024-10-21 05:27:58.359000,69.0,93,58
10369,828,131,100,2024-10-21 05:27:58.359000,91.0,79,64
10370,828,49,100,2024-10-21 05:27:58.359000,78.0,67,62
10371,828,159,100,2024-10-21 05:27:58.359000,84.0,88,50
10372,828,156,100,2024-10-21 05:27:58.359000,68.0,79,84
10373,829,17,100,2024-10-21 05:27:58.359000,56.0,56,57
10374,829,12,100,2024-10-21 05:27:58.359000,51.0,86,85
10375,829,13,100,2024-10-21 05:27:58.359000,64.0,71,83
10376,829,166,100,2024-10-21 05:27:58.359000,91.0,62,69
10377,829,20,100,2024-10-21 05:27:58.359000,68.0,57,55
10378,829,157,100,2024-10-21 05:27:58.359000,65.0,99,62
10379,829,135,100,2024-10-21 05:27:58.359000,68.0,57,72
10380,829,60,100,2024-10-21 05:27:58.359000,85.0,88,69
10381,829,52,100,2024-10-21 05:27:58.359000,99.0,95,94
10382,829,169,100,2024-10-21 05:27:58.359000,67.0,78,68
10383,829,45,100,2024-10-21 05:27:58.359000,81.0,63,70
10384,829,76,100,2024-10-21 05:27:58.359000,94.0,98,56
10385,830,166,100,2024-10-21 05:27:58.359000,61.0,91,78
10386,830,17,100,2024-10-21 05:27:58.359000,100.0,52,86
10387,830,13,100,2024-10-21 05:27:58.359000,68.0,59,50
10388,830,20,100,2024-10-21 05:27:58.359000,61.0,75,91
10389,830,12,100,2024-10-21 05:27:58.359000,86.0,61,86
10390,830,26,100,2024-10-21 05:27:58.359000,85.0,87,80
10391,830,114,100,2024-10-21 05:27:58.359000,98.0,100,52
10392,830,94,100,2024-10-21 05:27:58.359000,73.0,96,54
10393,830,80,100,2024-10-21 05:27:58.359000,67.0,96,62
10394,830,134,100,2024-10-21 05:27:58.359000,52.0,78,67
10395,830,86,100,2024-10-21 05:27:58.359000,65.0,61,60
10396,830,54,100,2024-10-21 05:27:58.359000,52.0,95,99
10397,831,13,100,2024-10-21 05:27:58.359000,67.0,83,60
10398,831,20,100,2024-10-21 05:27:58.359000,67.0,86,59
10399,831,17,100,2024-10-21 05:27:58.359000,67.0,93,99
10400,831,12,100,2024-10-21 05:27:58.359000,60.0,87,84
10401,831,166,100,2024-10-21 05:27:58.360000,75.0,89,68
10402,831,87,100,2024-10-21 05:27:58.360000,70.0,58,64
10403,831,80,100,2024-10-21 05:27:58.360000,63.0,99,73
10404,831,143,100,2024-10-21 05:27:58.360000,81.0,51,87
10405,831,176,100,2024-10-21 05:27:58.360000,63.0,90,61
10406,831,95,100,2024-10-21 05:27:58.360000,57.0,59,66
10407,831,154,100,2024-10-21 05:27:58.360000,70.0,95,80
10408,831,171,100,2024-10-21 05:27:58.360000,90.0,58,63
10409,831,119,100,2024-10-21 05:27:58.360000,50.0,51,57
10410,831,112,100,2024-10-21 05:27:58.360000,99.0,79,78
10411,831,39,100,2024-10-21 05:27:58.360000,95.0,92,95
10412,832,13,100,2024-10-21 05:27:58.360000,82.0,82,88
10413,832,17,100,2024-10-21 05:27:58.360000,97.0,86,100
10414,832,12,100,2024-10-21 05:27:58.360000,72.0,78,68
10415,832,20,100,2024-10-21 05:27:58.360000,79.0,88,93
10416,832,166,100,2024-10-21 05:27:58.360000,63.0,78,63
10417,832,138,100,2024-10-21 05:27:58.360000,71.0,84,56
10418,832,180,100,2024-10-21 05:27:58.360000,82.0,66,91
10419,832,167,100,2024-10-21 05:27:58.360000,55.0,56,75
10420,832,182,100,2024-10-21 05:27:58.360000,57.0,79,83
10421,832,183,100,2024-10-21 05:27:58.360000,71.0,56,82
10422,832,40,100,2024-10-21 05:27:58.360000,90.0,94,65
10423,833,17,100,2024-10-21 05:27:58.360000,62.0,64,70
10424,833,12,100,2024-10-21 05:27:58.360000,50.0,93,63
10425,833,13,100,2024-10-21 05:27:58.360000,91.0,86,68
10426,833,166,100,2024-10-21 05:27:58.360000,79.0,100,78
10427,833,88,100,2024-10-21 05:27:58.360000,82.0,56,76
10428,833,64,100,2024-10-21 05:27:58.360000,82.0,51,55
10429,833,10,100,2024-10-21 05:27:58.360000,61.0,65,82
10430,833,67,100,2024-10-21 05:27:58.360000,56.0,59,83
10431,833,161,100,2024-10-21 05:27:58.360000,74.0,67,85
10432,833,190,100,2024-10-21 05:27:58.360000,78.0,97,81
10433,833,114,100,2024-10-21 05:27:58.360000,97.0,99,59
10434,834,12,100,2024-10-21 05:27:58.360000,88.0,55,72
10435,834,166,100,2024-10-21 05:27:58.360000,77.0,76,64
10436,834,17,100,2024-10-21 05:27:58.360000,92.0,79,76
10437,834,13,100,2024-10-21 05:27:58.360000,79.0,92,93
10438,834,20,100,2024-10-21 05:27:58.360000,61.0,89,88
10439,834,27,100,2024-10-21 05:27:58.360000,99.0,76,72
10440,834,105,100,2024-10-21 05:27:58.360000,59.0,90,71
10441,834,26,100,2024-10-21 05:27:58.360000,77.0,61,74
10442,834,152,100,2024-10-21 05:27:58.360000,66.0,93,100
10443,834,169,100,2024-10-21 05:27:58.360000,81.0,80,83
10444,835,12,100,2024-10-21 05:27:58.360000,78.0,87,56
10445,835,20,100,2024-10-21 05:27:58.360000,82.0,54,94
10446,835,166,100,2024-10-21 05:27:58.360000,81.0,86,52
10447,835,17,100,2024-10-21 05:27:58.360000,95.0,67,71
10448,835,13,100,2024-10-21 05:27:58.360000,91.0,58,68
10449,835,104,100,2024-10-21 05:27:58.360000,88.0,96,61
10450,835,3,100,2024-10-21 05:27:58.360000,55.0,89,76
10451,835,32,100,2024-10-21 05:27:58.360000,57.0,76,57
10452,835,181,100,2024-10-21 05:27:58.360000,76.0,57,54
10453,835,80,100,2024-10-21 05:27:58.360000,98.0,72,70
10454,835,191,100,2024-10-21 05:27:58.360000,90.0,76,88
10455,835,130,100,2024-10-21 05:27:58.360000,96.0,64,76
10456,835,199,100,2024-10-21 05:27:58.360000,87.0,90,84
10457,835,112,100,2024-10-21 05:27:58.360000,56.0,64,72
10458,835,58,100,2024-10-21 05:27:58.360000,94.0,54,50
10459,836,20,100,2024-10-21 05:27:58.360000,96.0,59,95
10460,836,13,100,2024-10-21 05:27:58.360000,74.0,83,74
10461,836,12,100,2024-10-21 05:27:58.360000,62.0,67,86
10462,836,166,100,2024-10-21 05:27:58.360000,72.0,79,97
10463,836,17,100,2024-10-21 05:27:58.360000,95.0,51,83
10464,836,27,100,2024-10-21 05:27:58.360000,96.0,55,89
10465,836,173,100,2024-10-21 05:27:58.360000,87.0,84,86
10466,836,63,100,2024-10-21 05:27:58.360000,88.0,85,80
10467,836,26,100,2024-10-21 05:27:58.360000,53.0,53,67
10468,836,11,100,2024-10-21 05:27:58.360000,59.0,96,95
10469,836,138,100,2024-10-21 05:27:58.360000,81.0,79,50
10470,836,187,100,2024-10-21 05:27:58.360000,89.0,68,78
10471,836,180,100,2024-10-21 05:27:58.360000,85.0,78,91
10472,836,53,100,2024-10-21 05:27:58.360000,76.0,53,65
10473,836,114,100,2024-10-21 05:27:58.360000,73.0,77,76
10474,837,20,100,2024-10-21 05:27:58.360000,71.0,87,54
10475,837,166,100,2024-10-21 05:27:58.360000,85.0,59,80
10476,837,17,100,2024-10-21 05:27:58.360000,53.0,91,70
10477,837,13,100,2024-10-21 05:27:58.360000,77.0,81,64
10478,837,12,100,2024-10-21 05:27:58.360000,65.0,50,77
10479,837,82,100,2024-10-21 05:27:58.360000,57.0,85,94
10480,837,122,100,2024-10-21 05:27:58.360000,100.0,88,96
10481,837,107,100,2024-10-21 05:27:58.360000,57.0,62,53
10482,837,137,100,2024-10-21 05:27:58.360000,66.0,67,74
10483,837,163,100,2024-10-21 05:27:58.360000,57.0,74,68
10484,837,23,100,2024-10-21 05:27:58.360000,73.0,72,66
10485,837,185,100,2024-10-21 05:27:58.360000,76.0,54,97
10486,837,71,100,2024-10-21 05:27:58.360000,78.0,82,95
10487,837,174,100,2024-10-21 05:27:58.360000,76.0,92,53
10488,837,118,100,2024-10-21 05:27:58.360000,74.0,87,54
10489,838,20,100,2024-10-21 05:27:58.360000,68.0,61,81
10490,838,13,100,2024-10-21 05:27:58.360000,100.0,94,70
10491,838,166,100,2024-10-21 05:27:58.360000,51.0,69,82
10492,838,12,100,2024-10-21 05:27:58.360000,95.0,93,68
10493,838,17,100,2024-10-21 05:27:58.360000,66.0,68,65
10494,838,40,100,2024-10-21 05:27:58.360000,66.0,85,74
10495,838,18,100,2024-10-21 05:27:58.360000,81.0,69,70
10496,838,107,100,2024-10-21 05:27:58.360000,93.0,71,58
10497,838,137,100,2024-10-21 05:27:58.360000,61.0,90,67
10498,838,63,100,2024-10-21 05:27:58.360000,78.0,87,96
10499,839,13,100,2024-10-21 05:27:58.360000,55.0,67,94
10500,839,12,100,2024-10-21 05:27:58.360000,86.0,78,75
10501,839,166,100,2024-10-21 05:27:58.360000,50.0,67,61
10502,839,20,100,2024-10-21 05:27:58.360000,67.0,79,63
10503,839,36,100,2024-10-21 05:27:58.360000,99.0,65,81
10504,839,84,100,2024-10-21 05:27:58.360000,96.0,81,93
10505,839,185,100,2024-10-21 05:27:58.360000,97.0,76,85
10506,839,171,100,2024-10-21 05:27:58.360000,77.0,83,59
10507,839,159,100,2024-10-21 05:27:58.360000,92.0,68,90
10508,839,52,100,2024-10-21 05:27:58.360000,86.0,92,95
10509,839,193,100,2024-10-21 05:27:58.360000,83.0,95,83
10510,839,195,100,2024-10-21 05:27:58.360000,73.0,54,69
10511,839,44,100,2024-10-21 05:27:58.360000,89.0,95,68
10512,839,141,100,2024-10-21 05:27:58.360000,91.0,89,52
10513,840,17,100,2024-10-21 05:27:58.360000,55.0,96,90
10514,840,20,100,2024-10-21 05:27:58.360000,76.0,58,90
10515,840,13,100,2024-10-21 05:27:58.360000,81.0,85,65
10516,840,166,100,2024-10-21 05:27:58.360000,98.0,80,93
10517,840,12,100,2024-10-21 05:27:58.360000,78.0,55,79
10518,840,130,100,2024-10-21 05:27:58.360000,53.0,98,63
10519,840,131,100,2024-10-21 05:27:58.360000,85.0,83,83
10520,840,70,100,2024-10-21 05:27:58.360000,85.0,67,80
10521,840,194,100,2024-10-21 05:27:58.360000,53.0,94,83
10522,840,183,100,2024-10-21 05:27:58.360000,83.0,61,61
10523,840,18,100,2024-10-21 05:27:58.360000,50.0,74,76
10524,840,40,100,2024-10-21 05:27:58.360000,77.0,71,86
10525,840,150,100,2024-10-21 05:27:58.360000,52.0,93,91
10526,840,64,100,2024-10-21 05:27:58.360000,89.0,85,95
10527,841,12,100,2024-10-21 05:27:58.360000,55.0,83,76
10528,841,17,100,2024-10-21 05:27:58.360000,89.0,58,69
10529,841,13,100,2024-10-21 05:27:58.360000,50.0,78,99
10530,841,20,100,2024-10-21 05:27:58.360000,74.0,88,82
10531,841,166,100,2024-10-21 05:27:58.360000,66.0,98,74
10532,841,60,100,2024-10-21 05:27:58.360000,85.0,60,95
10533,841,170,100,2024-10-21 05:27:58.360000,90.0,75,79
10534,841,179,100,2024-10-21 05:27:58.360000,80.0,70,86
10535,841,75,100,2024-10-21 05:27:58.360000,73.0,82,58
10536,841,145,100,2024-10-21 05:27:58.360000,59.0,73,62
10537,842,17,100,2024-10-21 05:27:58.360000,64.0,58,77
10538,842,13,100,2024-10-21 05:27:58.360000,52.0,100,96
10539,842,166,100,2024-10-21 05:27:58.360000,59.0,100,68
10540,842,20,100,2024-10-21 05:27:58.360000,55.0,54,61
10541,842,23,100,2024-10-21 05:27:58.360000,55.0,73,51
10542,842,61,100,2024-10-21 05:27:58.360000,86.0,77,80
10543,842,197,100,2024-10-21 05:27:58.360000,58.0,55,95
10544,842,120,100,2024-10-21 05:27:58.360000,55.0,54,74
10545,842,101,100,2024-10-21 05:27:58.360000,81.0,50,75
10546,842,146,100,2024-10-21 05:27:58.360000,99.0,56,82
10547,842,110,100,2024-10-21 05:27:58.360000,68.0,78,62
10548,842,80,100,2024-10-21 05:27:58.360000,71.0,73,75
10549,842,143,100,2024-10-21 05:27:58.360000,54.0,59,81
10550,842,178,100,2024-10-21 05:27:58.360000,91.0,76,83
10551,842,157,100,2024-10-21 05:27:58.360000,57.0,61,66
10552,843,17,100,2024-10-21 05:27:58.360000,57.0,95,96
10553,843,20,100,2024-10-21 05:27:58.360000,62.0,57,99
10554,843,13,100,2024-10-21 05:27:58.360000,96.0,66,65
10555,843,166,100,2024-10-21 05:27:58.360000,98.0,72,62
10556,843,12,100,2024-10-21 05:27:58.360000,93.0,51,68
10557,843,154,100,2024-10-21 05:27:58.360000,62.0,87,63
10558,843,169,100,2024-10-21 05:27:58.360000,92.0,93,70
10559,843,83,100,2024-10-21 05:27:58.360000,93.0,96,85
10560,843,85,100,2024-10-21 05:27:58.360000,72.0,100,86
10561,843,153,100,2024-10-21 05:27:58.360000,57.0,57,79
10562,843,198,100,2024-10-21 05:27:58.360000,93.0,94,82
10563,843,200,100,2024-10-21 05:27:58.360000,91.0,69,88
10564,844,12,100,2024-10-21 05:27:58.360000,55.0,63,71
10565,844,20,100,2024-10-21 05:27:58.360000,92.0,83,75
10566,844,166,100,2024-10-21 05:27:58.360000,93.0,67,93
10567,844,13,100,2024-10-21 05:27:58.360000,78.0,70,68
10568,844,63,100,2024-10-21 05:27:58.360000,58.0,88,86
10569,844,152,100,2024-10-21 05:27:58.362000,57.0,84,92
10570,844,40,100,2024-10-21 05:27:58.362000,96.0,59,97
10571,844,110,100,2024-10-21 05:27:58.362000,57.0,98,88
10572,844,56,100,2024-10-21 05:27:58.362000,51.0,59,93
10573,844,178,100,2024-10-21 05:27:58.362000,83.0,95,88
10574,844,159,100,2024-10-21 05:27:58.362000,56.0,91,70
10575,844,50,100,2024-10-21 05:27:58.362000,91.0,53,76
10576,844,53,100,2024-10-21 05:27:58.362000,89.0,64,52
10577,844,185,100,2024-10-21 05:27:58.362000,77.0,50,79
10578,845,13,100,2024-10-21 05:27:58.362000,86.0,88,100
10579,845,20,100,2024-10-21 05:27:58.362000,76.0,83,84
10580,845,12,100,2024-10-21 05:27:58.362000,65.0,100,70
10581,845,166,100,2024-10-21 05:27:58.362000,72.0,88,76
10582,845,17,100,2024-10-21 05:27:58.362000,95.0,65,96
10583,845,6,100,2024-10-21 05:27:58.362000,83.0,70,94
10584,845,172,100,2024-10-21 05:27:58.362000,78.0,78,63
10585,845,149,100,2024-10-21 05:27:58.362000,84.0,68,57
10586,845,129,100,2024-10-21 05:27:58.362000,92.0,99,62
10587,845,170,100,2024-10-21 05:27:58.362000,81.0,59,87
10588,845,195,100,2024-10-21 05:27:58.362000,87.0,71,53
10589,846,17,100,2024-10-21 05:27:58.362000,56.0,96,65
10590,846,166,100,2024-10-21 05:27:58.362000,97.0,85,69
10591,846,12,100,2024-10-21 05:27:58.362000,69.0,82,95
10592,846,20,100,2024-10-21 05:27:58.362000,74.0,80,81
10593,846,13,100,2024-10-21 05:27:58.362000,81.0,56,62
10594,846,149,100,2024-10-21 05:27:58.362000,86.0,77,91
10595,846,189,100,2024-10-21 05:27:58.362000,94.0,55,99
10596,846,26,100,2024-10-21 05:27:58.362000,76.0,87,71
10597,846,3,100,2024-10-21 05:27:58.362000,71.0,59,71
10598,846,110,100,2024-10-21 05:27:58.362000,62.0,85,85
10599,846,193,100,2024-10-21 05:27:58.362000,55.0,57,65
10600,846,40,100,2024-10-21 05:27:58.362000,79.0,71,93
10601,847,166,100,2024-10-21 05:27:58.362000,51.0,73,95
10602,847,17,100,2024-10-21 05:27:58.362000,64.0,97,97
10603,847,13,100,2024-10-21 05:27:58.362000,95.0,72,68
10604,847,12,100,2024-10-21 05:27:58.362000,94.0,51,70
10605,847,20,100,2024-10-21 05:27:58.362000,84.0,90,79
10606,847,27,100,2024-10-21 05:27:58.362000,65.0,75,97
10607,847,195,100,2024-10-21 05:27:58.362000,65.0,64,75
10608,847,162,100,2024-10-21 05:27:58.362000,54.0,75,90
10609,847,66,100,2024-10-21 05:27:58.362000,89.0,74,75
10610,847,103,100,2024-10-21 05:27:58.362000,91.0,63,50
10611,848,12,100,2024-10-21 05:27:58.362000,59.0,76,62
10612,848,17,100,2024-10-21 05:27:58.362000,93.0,68,57
10613,848,20,100,2024-10-21 05:27:58.362000,73.0,70,93
10614,848,166,100,2024-10-21 05:27:58.362000,60.0,98,90
10615,848,13,100,2024-10-21 05:27:58.362000,57.0,99,88
10616,848,197,100,2024-10-21 05:27:58.362000,60.0,62,62
10617,848,73,100,2024-10-21 05:27:58.362000,91.0,87,78
10618,848,144,100,2024-10-21 05:27:58.362000,96.0,63,66
10619,848,115,100,2024-10-21 05:27:58.362000,72.0,72,56
10620,848,39,100,2024-10-21 05:27:58.362000,88.0,83,82
10621,848,28,100,2024-10-21 05:27:58.362000,80.0,66,87
10622,848,14,100,2024-10-21 05:27:58.362000,64.0,90,70
10623,848,42,100,2024-10-21 05:27:58.362000,53.0,84,52
10624,848,193,100,2024-10-21 05:27:58.362000,69.0,63,57
10625,849,12,100,2024-10-21 05:27:58.362000,82.0,86,97
10626,849,166,100,2024-10-21 05:27:58.362000,53.0,51,92
10627,849,17,100,2024-10-21 05:27:58.362000,92.0,89,82
10628,849,13,100,2024-10-21 05:27:58.362000,90.0,92,62
10629,849,20,100,2024-10-21 05:27:58.362000,72.0,60,59
10630,849,95,100,2024-10-21 05:27:58.362000,66.0,85,58
10631,849,75,100,2024-10-21 05:27:58.362000,99.0,82,62
10632,849,168,100,2024-10-21 05:27:58.362000,91.0,76,84
10633,849,97,100,2024-10-21 05:27:58.362000,88.0,65,83
10634,849,9,100,2024-10-21 05:27:58.362000,63.0,65,80
10635,849,73,100,2024-10-21 05:27:58.362000,72.0,83,99
10636,849,47,100,2024-10-21 05:27:58.362000,79.0,59,89
10637,849,41,100,2024-10-21 05:27:58.362000,78.0,80,50
10638,849,197,100,2024-10-21 05:27:58.362000,87.0,53,71
10639,850,13,100,2024-10-21 05:27:58.362000,50.0,81,77
10640,850,17,100,2024-10-21 05:27:58.362000,100.0,91,69
10641,850,20,100,2024-10-21 05:27:58.362000,54.0,54,67
10642,850,12,100,2024-10-21 05:27:58.362000,51.0,82,85
10643,850,166,100,2024-10-21 05:27:58.362000,74.0,66,75
10644,850,92,100,2024-10-21 05:27:58.362000,61.0,70,88
10645,850,193,100,2024-10-21 05:27:58.362000,60.0,51,92
10646,850,96,100,2024-10-21 05:27:58.362000,65.0,56,80
10647,850,139,100,2024-10-21 05:27:58.362000,64.0,71,78
10648,850,31,100,2024-10-21 05:27:58.362000,87.0,53,93
10649,850,146,100,2024-10-21 05:27:58.362000,76.0,69,64
10650,850,129,100,2024-10-21 05:27:58.362000,88.0,100,62
10651,851,166,100,2024-10-21 05:27:58.362000,70.0,56,69
10652,851,13,100,2024-10-21 05:27:58.362000,73.0,73,85
10653,851,20,100,2024-10-21 05:27:58.362000,84.0,99,84
10654,851,12,100,2024-10-21 05:27:58.362000,54.0,76,94
10655,851,17,100,2024-10-21 05:27:58.362000,90.0,89,91
10656,851,21,100,2024-10-21 05:27:58.362000,57.0,90,61
10657,851,61,100,2024-10-21 05:27:58.362000,89.0,68,53
10658,851,85,100,2024-10-21 05:27:58.362000,79.0,87,97
10659,851,191,100,2024-10-21 05:27:58.362000,85.0,77,59
10660,851,8,100,2024-10-21 05:27:58.362000,63.0,92,70
10661,851,171,100,2024-10-21 05:27:58.362000,72.0,90,71
10662,851,90,100,2024-10-21 05:27:58.362000,90.0,61,72
10663,851,105,100,2024-10-21 05:27:58.362000,92.0,94,77
10664,851,138,100,2024-10-21 05:27:58.362000,72.0,64,84
10665,851,125,100,2024-10-21 05:27:58.362000,86.0,84,70
10666,852,13,100,2024-10-21 05:27:58.362000,91.0,56,81
10667,852,166,100,2024-10-21 05:27:58.362000,91.0,99,79
10668,852,17,100,2024-10-21 05:27:58.362000,68.0,92,92
10669,852,12,100,2024-10-21 05:27:58.362000,65.0,76,98
10670,852,18,100,2024-10-21 05:27:58.362000,63.0,97,50
10671,852,44,100,2024-10-21 05:27:58.362000,83.0,58,55
10672,852,53,100,2024-10-21 05:27:58.362000,57.0,84,90
10673,852,122,100,2024-10-21 05:27:58.362000,96.0,66,93
10674,852,23,100,2024-10-21 05:27:58.362000,64.0,58,75
10675,852,39,100,2024-10-21 05:27:58.362000,95.0,51,53
10676,852,78,100,2024-10-21 05:27:58.362000,66.0,99,85
10677,852,88,100,2024-10-21 05:27:58.362000,62.0,51,60
10678,852,147,100,2024-10-21 05:27:58.362000,68.0,60,79
10679,852,149,100,2024-10-21 05:27:58.362000,67.0,69,95
10680,852,15,100,2024-10-21 05:27:58.362000,96.0,67,88
10681,853,20,100,2024-10-21 05:27:58.362000,88.0,64,67
10682,853,13,100,2024-10-21 05:27:58.362000,73.0,69,100
10683,853,12,100,2024-10-21 05:27:58.362000,67.0,59,97
10684,853,17,100,2024-10-21 05:27:58.362000,51.0,98,68
10685,853,166,100,2024-10-21 05:27:58.362000,63.0,85,51
10686,853,140,100,2024-10-21 05:27:58.362000,92.0,66,94
10687,853,34,100,2024-10-21 05:27:58.362000,93.0,93,71
10688,853,66,100,2024-10-21 05:27:58.362000,69.0,85,80
10689,853,65,100,2024-10-21 05:27:58.362000,62.0,85,51
10690,853,90,100,2024-10-21 05:27:58.362000,67.0,57,76
10691,853,168,100,2024-10-21 05:27:58.362000,51.0,57,74
10692,853,93,100,2024-10-21 05:27:58.362000,69.0,87,66
10693,853,76,100,2024-10-21 05:27:58.362000,81.0,56,96
10694,854,12,100,2024-10-21 05:27:58.362000,81.0,86,66
10695,854,17,100,2024-10-21 05:27:58.362000,90.0,56,70
10696,854,20,100,2024-10-21 05:27:58.362000,61.0,91,80
10697,854,166,100,2024-10-21 05:27:58.362000,84.0,99,75
10698,854,13,100,2024-10-21 05:27:58.362000,94.0,98,58
10699,854,97,100,2024-10-21 05:27:58.362000,94.0,84,76
10700,854,124,100,2024-10-21 05:27:58.362000,81.0,53,53
10701,854,99,100,2024-10-21 05:27:58.362000,52.0,69,52
10702,854,27,100,2024-10-21 05:27:58.362000,69.0,75,92
10703,854,104,100,2024-10-21 05:27:58.362000,90.0,79,83
10704,854,144,100,2024-10-21 05:27:58.362000,72.0,53,65
10705,854,53,100,2024-10-21 05:27:58.362000,99.0,93,83
10706,854,82,100,2024-10-21 05:27:58.362000,50.0,58,82
10707,855,17,100,2024-10-21 05:27:58.362000,65.0,77,53
10708,855,166,100,2024-10-21 05:27:58.362000,62.0,62,85
10709,855,20,100,2024-10-21 05:27:58.362000,91.0,98,79
10710,855,12,100,2024-10-21 05:27:58.362000,56.0,91,86
10711,855,13,100,2024-10-21 05:27:58.362000,79.0,100,87
10712,855,80,100,2024-10-21 05:27:58.362000,85.0,55,93
10713,855,15,100,2024-10-21 05:27:58.362000,66.0,58,84
10714,855,9,100,2024-10-21 05:27:58.362000,68.0,97,50
10715,855,98,100,2024-10-21 05:27:58.362000,56.0,76,86
10716,855,67,100,2024-10-21 05:27:58.362000,80.0,59,73
10717,855,146,100,2024-10-21 05:27:58.362000,89.0,56,86
10718,855,7,100,2024-10-21 05:27:58.362000,56.0,89,82
10719,855,175,100,2024-10-21 05:27:58.362000,72.0,64,52
10720,855,79,100,2024-10-21 05:27:58.362000,93.0,76,63
10721,855,108,100,2024-10-21 05:27:58.362000,96.0,73,60
10722,856,20,100,2024-10-21 05:27:58.362000,60.0,83,98
10723,856,166,100,2024-10-21 05:27:58.362000,74.0,82,90
10724,856,13,100,2024-10-21 05:27:58.362000,86.0,100,84
10725,856,12,100,2024-10-21 05:27:58.362000,52.0,87,84
10726,856,17,100,2024-10-21 05:27:58.362000,75.0,75,69
10727,856,138,100,2024-10-21 05:27:58.362000,76.0,60,50
10728,856,42,100,2024-10-21 05:27:58.362000,81.0,76,53
10729,856,158,100,2024-10-21 05:27:58.362000,68.0,62,58
10730,856,41,100,2024-10-21 05:27:58.362000,95.0,71,79
10731,856,50,100,2024-10-21 05:27:58.362000,84.0,84,91
10732,857,12,100,2024-10-21 05:27:58.363000,97.0,56,61
10733,857,20,100,2024-10-21 05:27:58.363000,79.0,53,64
10734,857,17,100,2024-10-21 05:27:58.363000,76.0,71,98
10735,857,13,100,2024-10-21 05:27:58.363000,53.0,62,98
10736,857,166,100,2024-10-21 05:27:58.363000,62.0,64,93
10737,857,108,100,2024-10-21 05:27:58.363000,75.0,100,64
10738,857,8,100,2024-10-21 05:27:58.363000,65.0,96,79
10739,857,154,100,2024-10-21 05:27:58.363000,67.0,77,56
10740,857,62,100,2024-10-21 05:27:58.363000,61.0,80,90
10741,857,188,100,2024-10-21 05:27:58.363000,64.0,62,84
10742,857,1,100,2024-10-21 05:27:58.363000,61.0,51,87
10743,857,182,100,2024-10-21 05:27:58.363000,98.0,64,65
10744,857,22,100,2024-10-21 05:27:58.363000,55.0,83,55
10745,858,12,100,2024-10-21 05:27:58.363000,64.0,81,96
10746,858,13,100,2024-10-21 05:27:58.363000,70.0,99,80
10747,858,166,100,2024-10-21 05:27:58.363000,51.0,85,99
10748,858,20,100,2024-10-21 05:27:58.363000,74.0,80,76
10749,858,17,100,2024-10-21 05:27:58.363000,94.0,84,84
10750,858,152,100,2024-10-21 05:27:58.363000,78.0,80,61
10751,858,53,100,2024-10-21 05:27:58.363000,79.0,61,98
10752,858,101,100,2024-10-21 05:27:58.363000,54.0,96,67
10753,858,178,100,2024-10-21 05:27:58.363000,97.0,51,75
10754,858,112,100,2024-10-21 05:27:58.363000,77.0,80,72
10755,858,37,100,2024-10-21 05:27:58.363000,73.0,53,61
10756,858,59,100,2024-10-21 05:27:58.363000,100.0,96,99
10757,858,174,100,2024-10-21 05:27:58.363000,76.0,97,70
10758,859,12,100,2024-10-21 05:27:58.363000,62.0,90,100
10759,859,166,100,2024-10-21 05:27:58.363000,51.0,55,75
10760,859,20,100,2024-10-21 05:27:58.363000,63.0,59,69
10761,859,17,100,2024-10-21 05:27:58.363000,52.0,50,67
10762,859,13,100,2024-10-21 05:27:58.363000,70.0,87,77
10763,859,124,100,2024-10-21 05:27:58.363000,54.0,59,73
10764,859,197,100,2024-10-21 05:27:58.363000,65.0,97,92
10765,859,57,100,2024-10-21 05:27:58.363000,93.0,63,52
10766,859,36,100,2024-10-21 05:27:58.363000,59.0,57,77
10767,859,163,100,2024-10-21 05:27:58.363000,68.0,51,75
10768,859,58,100,2024-10-21 05:27:58.363000,85.0,90,62
10769,859,88,100,2024-10-21 05:27:58.363000,100.0,99,87
10770,859,161,100,2024-10-21 05:27:58.363000,62.0,69,98
10771,859,149,100,2024-10-21 05:27:58.363000,66.0,93,59
10772,859,123,100,2024-10-21 05:27:58.363000,84.0,70,94
10773,860,166,100,2024-10-21 05:27:58.363000,97.0,85,97
10774,860,20,100,2024-10-21 05:27:58.363000,60.0,92,73
10775,860,13,100,2024-10-21 05:27:58.363000,66.0,84,95
10776,860,17,100,2024-10-21 05:27:58.363000,50.0,90,94
10777,860,12,100,2024-10-21 05:27:58.363000,100.0,70,58
10778,860,125,100,2024-10-21 05:27:58.363000,91.0,93,71
10779,860,140,100,2024-10-21 05:27:58.363000,87.0,95,93
10780,860,23,100,2024-10-21 05:27:58.363000,74.0,81,78
10781,860,14,100,2024-10-21 05:27:58.363000,56.0,70,50
10782,860,98,100,2024-10-21 05:27:58.363000,89.0,59,86
10783,860,112,100,2024-10-21 05:27:58.363000,94.0,58,97
10784,861,13,100,2024-10-21 05:27:58.363000,98.0,97,90
10785,861,12,100,2024-10-21 05:27:58.363000,84.0,71,70
10786,861,166,100,2024-10-21 05:27:58.363000,68.0,97,85
10787,861,20,100,2024-10-21 05:27:58.363000,74.0,81,97
10788,861,17,100,2024-10-21 05:27:58.363000,74.0,53,97
10789,861,69,100,2024-10-21 05:27:58.363000,63.0,93,74
10790,861,101,100,2024-10-21 05:27:58.363000,100.0,99,50
10791,861,150,100,2024-10-21 05:27:58.363000,80.0,55,78
10792,861,41,100,2024-10-21 05:27:58.363000,100.0,78,65
10793,861,32,100,2024-10-21 05:27:58.363000,56.0,72,70
10794,861,198,100,2024-10-21 05:27:58.363000,58.0,50,74
10795,861,171,100,2024-10-21 05:27:58.363000,60.0,82,57
10796,862,13,100,2024-10-21 05:27:58.363000,54.0,70,90
10797,862,20,100,2024-10-21 05:27:58.363000,77.0,83,78
10798,862,166,100,2024-10-21 05:27:58.363000,63.0,58,60
10799,862,12,100,2024-10-21 05:27:58.363000,85.0,85,59
10800,862,122,100,2024-10-21 05:27:58.363000,91.0,55,75
10801,862,183,100,2024-10-21 05:27:58.363000,83.0,99,97
10802,862,49,100,2024-10-21 05:27:58.363000,97.0,66,58
10803,862,43,100,2024-10-21 05:27:58.363000,59.0,70,50
10804,862,185,100,2024-10-21 05:27:58.363000,57.0,73,64
10805,862,63,100,2024-10-21 05:27:58.363000,72.0,88,66
10806,862,14,100,2024-10-21 05:27:58.363000,86.0,50,55
10807,862,101,100,2024-10-21 05:27:58.363000,61.0,83,60
10808,862,196,100,2024-10-21 05:27:58.363000,74.0,82,72
10809,863,12,100,2024-10-21 05:27:58.363000,67.0,55,73
10810,863,17,100,2024-10-21 05:27:58.363000,92.0,92,76
10811,863,13,100,2024-10-21 05:27:58.363000,99.0,91,82
10812,863,20,100,2024-10-21 05:27:58.363000,98.0,70,59
10813,863,166,100,2024-10-21 05:27:58.363000,74.0,77,74
10814,863,78,100,2024-10-21 05:27:58.363000,85.0,73,80
10815,863,34,100,2024-10-21 05:27:58.363000,78.0,67,64
10816,863,189,100,2024-10-21 05:27:58.363000,57.0,72,95
10817,863,145,100,2024-10-21 05:27:58.363000,96.0,72,72
10818,863,39,100,2024-10-21 05:27:58.363000,93.0,72,97
10819,863,191,100,2024-10-21 05:27:58.363000,62.0,85,59
10820,863,106,100,2024-10-21 05:27:58.363000,69.0,53,100
10821,863,45,100,2024-10-21 05:27:58.363000,71.0,68,56
10822,863,119,100,2024-10-21 05:27:58.363000,58.0,65,98
10823,864,17,100,2024-10-21 05:27:58.363000,89.0,50,56
10824,864,166,100,2024-10-21 05:27:58.363000,79.0,67,66
10825,864,20,100,2024-10-21 05:27:58.363000,95.0,63,85
10826,864,13,100,2024-10-21 05:27:58.363000,51.0,71,100
10827,864,12,100,2024-10-21 05:27:58.363000,79.0,96,68
10828,864,182,100,2024-10-21 05:27:58.363000,66.0,75,57
10829,864,50,100,2024-10-21 05:27:58.363000,98.0,78,57
10830,864,56,100,2024-10-21 05:27:58.363000,79.0,53,93
10831,864,151,100,2024-10-21 05:27:58.363000,73.0,60,76
10832,864,104,100,2024-10-21 05:27:58.363000,75.0,55,51
10833,864,132,100,2024-10-21 05:27:58.363000,51.0,58,54
10834,864,35,100,2024-10-21 05:27:58.363000,99.0,95,87
10835,864,181,100,2024-10-21 05:27:58.363000,58.0,69,58
10836,864,58,100,2024-10-21 05:27:58.363000,81.0,94,51
10837,865,20,100,2024-10-21 05:27:58.363000,91.0,81,59
10838,865,12,100,2024-10-21 05:27:58.363000,77.0,63,82
10839,865,166,100,2024-10-21 05:27:58.363000,81.0,71,69
10840,865,13,100,2024-10-21 05:27:58.363000,85.0,79,82
10841,865,17,100,2024-10-21 05:27:58.363000,81.0,60,65
10842,865,106,100,2024-10-21 05:27:58.363000,87.0,84,91
10843,865,116,100,2024-10-21 05:27:58.363000,82.0,85,67
10844,865,192,100,2024-10-21 05:27:58.363000,81.0,76,96
10845,865,149,100,2024-10-21 05:27:58.363000,63.0,63,100
10846,865,32,100,2024-10-21 05:27:58.363000,61.0,66,91
10847,865,2,100,2024-10-21 05:27:58.363000,69.0,59,96
10848,865,43,100,2024-10-21 05:27:58.363000,78.0,58,65
10849,866,166,100,2024-10-21 05:27:58.363000,97.0,56,90
10850,866,12,100,2024-10-21 05:27:58.363000,64.0,94,76
10851,866,13,100,2024-10-21 05:27:58.363000,61.0,89,66
10852,866,17,100,2024-10-21 05:27:58.363000,81.0,84,64
10853,866,20,100,2024-10-21 05:27:58.363000,68.0,91,89
10854,866,24,100,2024-10-21 05:27:58.363000,63.0,64,94
10855,866,137,100,2024-10-21 05:27:58.363000,86.0,55,93
10856,866,188,100,2024-10-21 05:27:58.363000,66.0,68,54
10857,866,32,100,2024-10-21 05:27:58.363000,55.0,50,90
10858,866,193,100,2024-10-21 05:27:58.363000,60.0,61,66
10859,866,127,100,2024-10-21 05:27:58.363000,53.0,59,97
10860,866,64,100,2024-10-21 05:27:58.363000,53.0,62,58
10861,867,20,100,2024-10-21 05:27:58.363000,63.0,66,62
10862,867,13,100,2024-10-21 05:27:58.363000,69.0,84,59
10863,867,166,100,2024-10-21 05:27:58.363000,69.0,68,64
10864,867,12,100,2024-10-21 05:27:58.363000,98.0,54,63
10865,867,17,100,2024-10-21 05:27:58.363000,87.0,67,87
10866,867,160,100,2024-10-21 05:27:58.363000,77.0,64,65
10867,867,172,100,2024-10-21 05:27:58.363000,98.0,91,78
10868,867,154,100,2024-10-21 05:27:58.363000,75.0,88,64
10869,867,49,100,2024-10-21 05:27:58.363000,96.0,98,50
10870,867,116,100,2024-10-21 05:27:58.363000,79.0,57,88
10871,867,173,100,2024-10-21 05:27:58.363000,97.0,97,62
10872,867,191,100,2024-10-21 05:27:58.363000,82.0,94,88
10873,867,32,100,2024-10-21 05:27:58.363000,86.0,61,93
10874,867,144,100,2024-10-21 05:27:58.363000,94.0,87,56
10875,867,39,100,2024-10-21 05:27:58.363000,56.0,72,92
10876,868,17,100,2024-10-21 05:27:58.363000,68.0,71,100
10877,868,13,100,2024-10-21 05:27:58.363000,91.0,83,82
10878,868,12,100,2024-10-21 05:27:58.363000,51.0,67,91
10879,868,20,100,2024-10-21 05:27:58.363000,70.0,65,70
10880,868,166,100,2024-10-21 05:27:58.363000,84.0,65,99
10881,868,177,100,2024-10-21 05:27:58.363000,98.0,70,61
10882,868,195,100,2024-10-21 05:27:58.363000,51.0,78,81
10883,868,137,100,2024-10-21 05:27:58.363000,52.0,82,100
10884,868,184,100,2024-10-21 05:27:58.363000,89.0,95,88
10885,868,47,100,2024-10-21 05:27:58.363000,55.0,83,86
10886,868,188,100,2024-10-21 05:27:58.363000,96.0,94,79
10887,868,34,100,2024-10-21 05:27:58.363000,98.0,75,83
10888,868,35,100,2024-10-21 05:27:58.363000,88.0,61,79
10889,868,97,100,2024-10-21 05:27:58.363000,67.0,91,81
10890,869,13,100,2024-10-21 05:27:58.363000,83.0,88,80
10891,869,166,100,2024-10-21 05:27:58.363000,90.0,55,94
10892,869,20,100,2024-10-21 05:27:58.363000,67.0,71,88
10893,869,17,100,2024-10-21 05:27:58.363000,88.0,87,72
10894,869,12,100,2024-10-21 05:27:58.363000,71.0,96,54
10895,869,197,100,2024-10-21 05:27:58.363000,90.0,52,52
10896,869,170,100,2024-10-21 05:27:58.363000,51.0,56,66
10897,869,173,100,2024-10-21 05:27:58.363000,89.0,60,86
10898,869,31,100,2024-10-21 05:27:58.363000,95.0,87,56
10899,869,141,100,2024-10-21 05:27:58.364000,60.0,93,75
10900,870,17,100,2024-10-21 05:27:58.364000,52.0,69,88
10901,870,166,100,2024-10-21 05:27:58.364000,80.0,80,67
10902,870,13,100,2024-10-21 05:27:58.364000,85.0,53,55
10903,870,20,100,2024-10-21 05:27:58.364000,59.0,65,70
10904,870,12,100,2024-10-21 05:27:58.364000,67.0,91,64
10905,870,102,100,2024-10-21 05:27:58.364000,78.0,77,64
10906,870,61,100,2024-10-21 05:27:58.364000,99.0,56,83
10907,870,3,100,2024-10-21 05:27:58.364000,87.0,52,85
10908,870,121,100,2024-10-21 05:27:58.364000,81.0,96,92
10909,870,174,100,2024-10-21 05:27:58.364000,52.0,67,72
10910,870,150,100,2024-10-21 05:27:58.364000,51.0,86,84
10911,871,12,100,2024-10-21 05:27:58.364000,67.0,72,82
10912,871,20,100,2024-10-21 05:27:58.364000,81.0,53,71
10913,871,13,100,2024-10-21 05:27:58.364000,94.0,67,65
10914,871,166,100,2024-10-21 05:27:58.364000,71.0,57,55
10915,871,17,100,2024-10-21 05:27:58.364000,71.0,99,66
10916,871,193,100,2024-10-21 05:27:58.364000,98.0,70,64
10917,871,146,100,2024-10-21 05:27:58.364000,68.0,57,82
10918,871,107,100,2024-10-21 05:27:58.364000,89.0,91,92
10919,871,130,100,2024-10-21 05:27:58.364000,71.0,78,98
10920,871,86,100,2024-10-21 05:27:58.364000,88.0,77,50
10921,872,13,100,2024-10-21 05:27:58.364000,54.0,77,85
10922,872,12,100,2024-10-21 05:27:58.364000,93.0,61,75
10923,872,20,100,2024-10-21 05:27:58.364000,59.0,74,72
10924,872,17,100,2024-10-21 05:27:58.364000,85.0,63,58
10925,872,166,100,2024-10-21 05:27:58.364000,73.0,51,57
10926,872,112,100,2024-10-21 05:27:58.364000,82.0,80,86
10927,872,84,100,2024-10-21 05:27:58.364000,77.0,59,76
10928,872,121,100,2024-10-21 05:27:58.364000,64.0,92,70
10929,872,174,100,2024-10-21 05:27:58.364000,65.0,88,66
10930,872,16,100,2024-10-21 05:27:58.364000,58.0,97,61
10931,872,107,100,2024-10-21 05:27:58.364000,88.0,100,75
10932,872,75,100,2024-10-21 05:27:58.364000,57.0,51,86
10933,873,17,100,2024-10-21 05:27:58.364000,62.0,61,67
10934,873,12,100,2024-10-21 05:27:58.364000,65.0,79,66
10935,873,13,100,2024-10-21 05:27:58.364000,59.0,68,63
10936,873,20,100,2024-10-21 05:27:58.364000,61.0,76,93
10937,873,166,100,2024-10-21 05:27:58.364000,70.0,76,88
10938,873,161,100,2024-10-21 05:27:58.364000,52.0,56,89
10939,873,187,100,2024-10-21 05:27:58.364000,55.0,83,52
10940,873,128,100,2024-10-21 05:27:58.364000,54.0,99,69
10941,873,163,100,2024-10-21 05:27:58.364000,63.0,87,100
10942,873,79,100,2024-10-21 05:27:58.364000,96.0,55,96
10943,873,31,100,2024-10-21 05:27:58.364000,53.0,62,82
10944,874,20,100,2024-10-21 05:27:58.364000,55.0,89,54
10945,874,17,100,2024-10-21 05:27:58.364000,80.0,51,88
10946,874,166,100,2024-10-21 05:27:58.364000,72.0,50,87
10947,874,12,100,2024-10-21 05:27:58.364000,82.0,71,50
10948,874,13,100,2024-10-21 05:27:58.364000,60.0,58,100
10949,874,151,100,2024-10-21 05:27:58.364000,61.0,89,96
10950,874,138,100,2024-10-21 05:27:58.364000,52.0,56,87
10951,874,197,100,2024-10-21 05:27:58.364000,97.0,87,70
10952,874,154,100,2024-10-21 05:27:58.364000,87.0,85,94
10953,874,3,100,2024-10-21 05:27:58.364000,93.0,51,71
10954,874,187,100,2024-10-21 05:27:58.364000,53.0,53,57
10955,874,32,100,2024-10-21 05:27:58.364000,98.0,97,78
10956,874,6,100,2024-10-21 05:27:58.364000,78.0,69,60
10957,875,20,100,2024-10-21 05:27:58.364000,68.0,83,75
10958,875,12,100,2024-10-21 05:27:58.364000,63.0,57,83
10959,875,17,100,2024-10-21 05:27:58.364000,59.0,92,93
10960,875,166,100,2024-10-21 05:27:58.364000,98.0,86,66
10961,875,13,100,2024-10-21 05:27:58.364000,85.0,96,79
10962,875,197,100,2024-10-21 05:27:58.364000,74.0,78,93
10963,875,3,100,2024-10-21 05:27:58.364000,73.0,51,86
10964,875,114,100,2024-10-21 05:27:58.364000,78.0,55,84
10965,875,10,100,2024-10-21 05:27:58.364000,66.0,55,54
10966,875,176,100,2024-10-21 05:27:58.364000,86.0,91,76
10967,875,129,100,2024-10-21 05:27:58.364000,72.0,64,86
10968,875,189,100,2024-10-21 05:27:58.364000,68.0,95,91
10969,876,166,100,2024-10-21 05:27:58.364000,62.0,64,82
10970,876,17,100,2024-10-21 05:27:58.364000,60.0,52,60
10971,876,20,100,2024-10-21 05:27:58.364000,58.0,96,54
10972,876,13,100,2024-10-21 05:27:58.364000,92.0,53,79
10973,876,100,100,2024-10-21 05:27:58.364000,52.0,94,100
10974,876,107,100,2024-10-21 05:27:58.364000,54.0,62,99
10975,876,18,100,2024-10-21 05:27:58.364000,53.0,87,73
10976,876,6,100,2024-10-21 05:27:58.364000,77.0,56,73
10977,876,197,100,2024-10-21 05:27:58.364000,74.0,98,70
10978,876,45,100,2024-10-21 05:27:58.364000,99.0,98,57
10979,876,72,100,2024-10-21 05:27:58.364000,64.0,66,78
10980,876,43,100,2024-10-21 05:27:58.364000,93.0,74,61
10981,877,13,100,2024-10-21 05:27:58.364000,74.0,72,97
10982,877,17,100,2024-10-21 05:27:58.364000,73.0,53,85
10983,877,12,100,2024-10-21 05:27:58.364000,86.0,94,69
10984,877,20,100,2024-10-21 05:27:58.364000,53.0,95,96
10985,877,166,100,2024-10-21 05:27:58.364000,67.0,90,76
10986,877,193,100,2024-10-21 05:27:58.364000,91.0,73,52
10987,877,107,100,2024-10-21 05:27:58.364000,52.0,54,74
10988,877,49,100,2024-10-21 05:27:58.364000,53.0,84,100
10989,877,87,100,2024-10-21 05:27:58.364000,96.0,97,92
10990,877,135,100,2024-10-21 05:27:58.364000,88.0,84,77
10991,877,185,100,2024-10-21 05:27:58.364000,77.0,69,95
10992,877,41,100,2024-10-21 05:27:58.364000,54.0,75,87
10993,878,166,100,2024-10-21 05:27:58.364000,75.0,95,97
10994,878,20,100,2024-10-21 05:27:58.364000,71.0,100,99
10995,878,13,100,2024-10-21 05:27:58.364000,86.0,67,89
10996,878,12,100,2024-10-21 05:27:58.364000,73.0,99,67
10997,878,17,100,2024-10-21 05:27:58.364000,99.0,55,97
10998,878,156,100,2024-10-21 05:27:58.364000,53.0,87,91
10999,878,160,100,2024-10-21 05:27:58.364000,63.0,65,60
11000,878,195,100,2024-10-21 05:27:58.364000,62.0,98,55
11001,878,152,100,2024-10-21 05:27:58.364000,83.0,75,93
11002,878,168,100,2024-10-21 05:27:58.364000,70.0,59,81
11003,878,59,100,2024-10-21 05:27:58.364000,59.0,100,86
11004,878,96,100,2024-10-21 05:27:58.364000,79.0,88,93
11005,878,29,100,2024-10-21 05:27:58.364000,81.0,89,75
11006,878,199,100,2024-10-21 05:27:58.364000,69.0,61,89
11007,878,110,100,2024-10-21 05:27:58.364000,70.0,52,65
11008,879,20,100,2024-10-21 05:27:58.364000,79.0,75,57
11009,879,17,100,2024-10-21 05:27:58.364000,89.0,66,58
11010,879,166,100,2024-10-21 05:27:58.364000,51.0,53,96
11011,879,13,100,2024-10-21 05:27:58.364000,61.0,88,76
11012,879,12,100,2024-10-21 05:27:58.364000,52.0,57,73
11013,879,189,100,2024-10-21 05:27:58.364000,76.0,57,99
11014,879,4,100,2024-10-21 05:27:58.364000,95.0,51,80
11015,879,159,100,2024-10-21 05:27:58.364000,93.0,53,54
11016,879,14,100,2024-10-21 05:27:58.364000,78.0,78,51
11017,879,69,100,2024-10-21 05:27:58.364000,83.0,74,90
11018,879,179,100,2024-10-21 05:27:58.364000,63.0,65,97
11019,879,93,100,2024-10-21 05:27:58.364000,64.0,66,100
11020,879,58,100,2024-10-21 05:27:58.364000,73.0,87,70
11021,880,17,100,2024-10-21 05:27:58.364000,96.0,83,77
11022,880,20,100,2024-10-21 05:27:58.364000,57.0,56,67
11023,880,13,100,2024-10-21 05:27:58.364000,70.0,59,65
11024,880,166,100,2024-10-21 05:27:58.364000,83.0,68,100
11025,880,12,100,2024-10-21 05:27:58.364000,71.0,94,76
11026,880,197,100,2024-10-21 05:27:58.364000,73.0,81,72
11027,880,157,100,2024-10-21 05:27:58.364000,50.0,79,98
11028,880,88,100,2024-10-21 05:27:58.364000,83.0,90,77
11029,880,118,100,2024-10-21 05:27:58.364000,72.0,79,96
11030,880,83,100,2024-10-21 05:27:58.364000,57.0,52,99
11031,880,141,100,2024-10-21 05:27:58.364000,84.0,50,53
11032,880,24,100,2024-10-21 05:27:58.364000,56.0,81,51
11033,880,35,100,2024-10-21 05:27:58.364000,63.0,93,56
11034,880,79,100,2024-10-21 05:27:58.364000,91.0,66,74
11035,881,166,100,2024-10-21 05:27:58.364000,69.0,80,83
11036,881,12,100,2024-10-21 05:27:58.364000,55.0,89,77
11037,881,20,100,2024-10-21 05:27:58.364000,81.0,61,53
11038,881,17,100,2024-10-21 05:27:58.364000,76.0,81,84
11039,881,13,100,2024-10-21 05:27:58.364000,68.0,81,57
11040,881,29,100,2024-10-21 05:27:58.364000,88.0,79,53
11041,881,153,100,2024-10-21 05:27:58.364000,74.0,98,74
11042,881,89,100,2024-10-21 05:27:58.364000,56.0,91,51
11043,881,34,100,2024-10-21 05:27:58.364000,96.0,65,83
11044,881,200,100,2024-10-21 05:27:58.364000,81.0,51,97
11045,881,18,100,2024-10-21 05:27:58.364000,58.0,78,65
11046,881,38,100,2024-10-21 05:27:58.364000,76.0,79,96
11047,882,13,100,2024-10-21 05:27:58.364000,61.0,54,67
11048,882,166,100,2024-10-21 05:27:58.364000,80.0,95,98
11049,882,12,100,2024-10-21 05:27:58.364000,51.0,98,63
11050,882,17,100,2024-10-21 05:27:58.364000,100.0,83,81
11051,882,20,100,2024-10-21 05:27:58.364000,74.0,58,79
11052,882,68,100,2024-10-21 05:27:58.364000,81.0,50,82
11053,882,39,100,2024-10-21 05:27:58.364000,66.0,52,74
11054,882,24,100,2024-10-21 05:27:58.364000,54.0,97,81
11055,882,168,100,2024-10-21 05:27:58.364000,79.0,93,94
11056,882,119,100,2024-10-21 05:27:58.364000,96.0,86,51
11057,883,17,100,2024-10-21 05:27:58.365000,89.0,67,96
11058,883,20,100,2024-10-21 05:27:58.365000,71.0,92,54
11059,883,12,100,2024-10-21 05:27:58.365000,78.0,50,93
11060,883,13,100,2024-10-21 05:27:58.365000,56.0,98,64
11061,883,166,100,2024-10-21 05:27:58.365000,99.0,58,80
11062,883,197,100,2024-10-21 05:27:58.365000,66.0,54,82
11063,883,108,100,2024-10-21 05:27:58.365000,59.0,85,74
11064,883,199,100,2024-10-21 05:27:58.365000,68.0,90,80
11065,883,44,100,2024-10-21 05:27:58.365000,83.0,63,53
11066,883,168,100,2024-10-21 05:27:58.365000,98.0,82,83
11067,883,75,100,2024-10-21 05:27:58.365000,58.0,62,74
11068,883,137,100,2024-10-21 05:27:58.365000,81.0,86,71
11069,883,193,100,2024-10-21 05:27:58.365000,99.0,100,85
11070,884,166,100,2024-10-21 05:27:58.365000,77.0,70,97
11071,884,13,100,2024-10-21 05:27:58.365000,93.0,70,71
11072,884,17,100,2024-10-21 05:27:58.365000,74.0,70,95
11073,884,20,100,2024-10-21 05:27:58.365000,53.0,68,77
11074,884,12,100,2024-10-21 05:27:58.365000,77.0,55,72
11075,884,117,100,2024-10-21 05:27:58.365000,71.0,51,77
11076,884,145,100,2024-10-21 05:27:58.365000,81.0,75,87
11077,884,157,100,2024-10-21 05:27:58.365000,58.0,100,76
11078,884,147,100,2024-10-21 05:27:58.365000,82.0,52,82
11079,884,33,100,2024-10-21 05:27:58.365000,55.0,70,95
11080,885,166,100,2024-10-21 05:27:58.365000,50.0,86,51
11081,885,17,100,2024-10-21 05:27:58.365000,59.0,99,82
11082,885,12,100,2024-10-21 05:27:58.365000,78.0,98,65
11083,885,20,100,2024-10-21 05:27:58.365000,85.0,74,83
11084,885,13,100,2024-10-21 05:27:58.365000,59.0,99,73
11085,885,168,100,2024-10-21 05:27:58.365000,62.0,98,65
11086,885,76,100,2024-10-21 05:27:58.365000,100.0,58,50
11087,885,5,100,2024-10-21 05:27:58.365000,95.0,60,91
11088,885,132,100,2024-10-21 05:27:58.365000,56.0,67,97
11089,885,24,100,2024-10-21 05:27:58.365000,66.0,62,80
11090,885,160,100,2024-10-21 05:27:58.365000,84.0,99,55
11091,885,129,100,2024-10-21 05:27:58.365000,50.0,75,56
11092,885,48,100,2024-10-21 05:27:58.365000,95.0,88,85
11093,885,43,100,2024-10-21 05:27:58.365000,79.0,55,73
11094,885,123,100,2024-10-21 05:27:58.365000,95.0,50,68
11095,886,166,100,2024-10-21 05:27:58.365000,75.0,82,88
11096,886,17,100,2024-10-21 05:27:58.365000,89.0,67,96
11097,886,13,100,2024-10-21 05:27:58.365000,73.0,76,89
11098,886,20,100,2024-10-21 05:27:58.365000,58.0,51,56
11099,886,12,100,2024-10-21 05:27:58.365000,81.0,95,65
11100,886,189,100,2024-10-21 05:27:58.365000,73.0,75,87
11101,886,174,100,2024-10-21 05:27:58.365000,63.0,57,93
11102,886,26,100,2024-10-21 05:27:58.365000,100.0,71,72
11103,886,159,100,2024-10-21 05:27:58.365000,95.0,87,92
11104,886,112,100,2024-10-21 05:27:58.365000,51.0,97,64
11105,886,21,100,2024-10-21 05:27:58.365000,89.0,85,71
11106,886,187,100,2024-10-21 05:27:58.365000,93.0,99,67
11107,886,143,100,2024-10-21 05:27:58.365000,60.0,65,61
11108,886,157,100,2024-10-21 05:27:58.365000,53.0,67,67
11109,886,54,100,2024-10-21 05:27:58.365000,55.0,89,53
11110,887,13,100,2024-10-21 05:27:58.365000,58.0,77,51
11111,887,166,100,2024-10-21 05:27:58.365000,57.0,51,78
11112,887,20,100,2024-10-21 05:27:58.365000,71.0,86,57
11113,887,17,100,2024-10-21 05:27:58.365000,90.0,89,73
11114,887,12,100,2024-10-21 05:27:58.365000,88.0,59,77
11115,887,134,100,2024-10-21 05:27:58.365000,71.0,97,70
11116,887,112,100,2024-10-21 05:27:58.365000,82.0,59,97
11117,887,136,100,2024-10-21 05:27:58.365000,60.0,71,50
11118,887,104,100,2024-10-21 05:27:58.365000,79.0,73,56
11119,887,120,100,2024-10-21 05:27:58.365000,70.0,96,53
11120,887,95,100,2024-10-21 05:27:58.365000,85.0,94,73
11121,887,109,100,2024-10-21 05:27:58.365000,95.0,73,80
11122,888,166,100,2024-10-21 05:27:58.365000,64.0,71,50
11123,888,12,100,2024-10-21 05:27:58.365000,100.0,84,61
11124,888,13,100,2024-10-21 05:27:58.365000,65.0,82,54
11125,888,17,100,2024-10-21 05:27:58.365000,98.0,65,86
11126,888,20,100,2024-10-21 05:27:58.365000,81.0,62,59
11127,888,66,100,2024-10-21 05:27:58.365000,62.0,55,74
11128,888,186,100,2024-10-21 05:27:58.365000,59.0,51,90
11129,888,22,100,2024-10-21 05:27:58.365000,69.0,59,70
11130,888,10,100,2024-10-21 05:27:58.365000,94.0,65,64
11131,888,138,100,2024-10-21 05:27:58.365000,58.0,50,50
11132,888,136,100,2024-10-21 05:27:58.365000,67.0,61,86
11133,888,5,100,2024-10-21 05:27:58.365000,67.0,99,58
11134,888,120,100,2024-10-21 05:27:58.365000,70.0,85,92
11135,889,13,100,2024-10-21 05:27:58.365000,71.0,59,60
11136,889,12,100,2024-10-21 05:27:58.365000,94.0,68,68
11137,889,17,100,2024-10-21 05:27:58.365000,83.0,65,65
11138,889,166,100,2024-10-21 05:27:58.365000,66.0,85,57
11139,889,20,100,2024-10-21 05:27:58.365000,67.0,82,53
11140,889,177,100,2024-10-21 05:27:58.365000,67.0,83,77
11141,889,94,100,2024-10-21 05:27:58.365000,72.0,95,92
11142,889,139,100,2024-10-21 05:27:58.365000,93.0,50,94
11143,889,193,100,2024-10-21 05:27:58.365000,64.0,92,68
11144,889,101,100,2024-10-21 05:27:58.365000,63.0,96,73
11145,889,194,100,2024-10-21 05:27:58.365000,83.0,76,79
11146,889,113,100,2024-10-21 05:27:58.365000,87.0,64,74
11147,889,142,100,2024-10-21 05:27:58.365000,79.0,76,81
11148,890,166,100,2024-10-21 05:27:58.365000,87.0,64,77
11149,890,20,100,2024-10-21 05:27:58.365000,60.0,53,88
11150,890,17,100,2024-10-21 05:27:58.365000,70.0,96,98
11151,890,12,100,2024-10-21 05:27:58.365000,59.0,76,78
11152,890,13,100,2024-10-21 05:27:58.365000,70.0,56,83
11153,890,8,100,2024-10-21 05:27:58.365000,65.0,77,56
11154,890,108,100,2024-10-21 05:27:58.365000,53.0,61,78
11155,890,81,100,2024-10-21 05:27:58.365000,68.0,96,96
11156,890,190,100,2024-10-21 05:27:58.365000,76.0,91,55
11157,890,24,100,2024-10-21 05:27:58.365000,62.0,69,64
11158,890,138,100,2024-10-21 05:27:58.365000,80.0,77,54
11159,890,109,100,2024-10-21 05:27:58.365000,65.0,97,60
11160,890,141,100,2024-10-21 05:27:58.365000,78.0,87,96
11161,890,164,100,2024-10-21 05:27:58.365000,70.0,70,64
11162,891,17,100,2024-10-21 05:27:58.365000,54.0,87,94
11163,891,20,100,2024-10-21 05:27:58.365000,96.0,83,55
11164,891,13,100,2024-10-21 05:27:58.365000,95.0,60,51
11165,891,12,100,2024-10-21 05:27:58.365000,63.0,52,95
11166,891,166,100,2024-10-21 05:27:58.365000,55.0,64,58
11167,891,45,100,2024-10-21 05:27:58.365000,83.0,61,51
11168,891,140,100,2024-10-21 05:27:58.365000,75.0,94,52
11169,891,110,100,2024-10-21 05:27:58.365000,97.0,71,83
11170,891,1,100,2024-10-21 05:27:58.365000,64.0,72,57
11171,891,177,100,2024-10-21 05:27:58.365000,91.0,63,83
11172,891,112,100,2024-10-21 05:27:58.365000,57.0,77,51
11173,891,72,100,2024-10-21 05:27:58.365000,59.0,95,74
11174,891,165,100,2024-10-21 05:27:58.365000,62.0,70,76
11175,891,184,100,2024-10-21 05:27:58.365000,93.0,64,75
11176,891,11,100,2024-10-21 05:27:58.365000,60.0,80,87
11177,892,20,100,2024-10-21 05:27:58.365000,92.0,58,64
11178,892,12,100,2024-10-21 05:27:58.365000,75.0,72,50
11179,892,17,100,2024-10-21 05:27:58.365000,91.0,66,52
11180,892,13,100,2024-10-21 05:27:58.365000,100.0,80,53
11181,892,166,100,2024-10-21 05:27:58.365000,79.0,97,95
11182,892,49,100,2024-10-21 05:27:58.365000,61.0,98,82
11183,892,86,100,2024-10-21 05:27:58.365000,72.0,50,71
11184,892,129,100,2024-10-21 05:27:58.365000,60.0,85,82
11185,892,169,100,2024-10-21 05:27:58.365000,80.0,92,55
11186,892,70,100,2024-10-21 05:27:58.365000,94.0,55,100
11187,893,17,100,2024-10-21 05:27:58.365000,83.0,99,84
11188,893,166,100,2024-10-21 05:27:58.365000,57.0,53,64
11189,893,13,100,2024-10-21 05:27:58.365000,81.0,53,68
11190,893,20,100,2024-10-21 05:27:58.365000,100.0,50,91
11191,893,12,100,2024-10-21 05:27:58.365000,54.0,63,73
11192,893,85,100,2024-10-21 05:27:58.365000,73.0,86,100
11193,893,9,100,2024-10-21 05:27:58.365000,93.0,73,84
11194,893,172,100,2024-10-21 05:27:58.365000,66.0,87,71
11195,893,35,100,2024-10-21 05:27:58.365000,50.0,63,52
11196,893,90,100,2024-10-21 05:27:58.365000,93.0,76,99
11197,893,75,100,2024-10-21 05:27:58.365000,63.0,53,60
11198,893,36,100,2024-10-21 05:27:58.365000,90.0,80,83
11199,893,80,100,2024-10-21 05:27:58.365000,97.0,72,80
11200,894,17,100,2024-10-21 05:27:58.365000,84.0,75,65
11201,894,13,100,2024-10-21 05:27:58.365000,75.0,55,85
11202,894,20,100,2024-10-21 05:27:58.365000,84.0,92,63
11203,894,12,100,2024-10-21 05:27:58.365000,78.0,75,84
11204,894,166,100,2024-10-21 05:27:58.365000,56.0,88,72
11205,894,102,100,2024-10-21 05:27:58.365000,95.0,59,63
11206,894,60,100,2024-10-21 05:27:58.365000,85.0,71,93
11207,894,71,100,2024-10-21 05:27:58.365000,70.0,97,56
11208,894,50,100,2024-10-21 05:27:58.365000,58.0,95,79
11209,894,15,100,2024-10-21 05:27:58.365000,91.0,77,54
11210,895,12,100,2024-10-21 05:27:58.365000,57.0,93,65
11211,895,13,100,2024-10-21 05:27:58.366000,58.0,65,83
11212,895,20,100,2024-10-21 05:27:58.366000,67.0,57,69
11213,895,166,100,2024-10-21 05:27:58.366000,79.0,95,55
11214,895,17,100,2024-10-21 05:27:58.366000,59.0,94,97
11215,895,117,100,2024-10-21 05:27:58.366000,90.0,76,94
11216,895,136,100,2024-10-21 05:27:58.366000,51.0,96,60
11217,895,38,100,2024-10-21 05:27:58.366000,80.0,81,71
11218,895,157,100,2024-10-21 05:27:58.366000,59.0,50,73
11219,895,97,100,2024-10-21 05:27:58.366000,99.0,72,76
11220,895,160,100,2024-10-21 05:27:58.366000,91.0,76,91
11221,895,27,100,2024-10-21 05:27:58.366000,85.0,94,56
11222,895,104,100,2024-10-21 05:27:58.366000,51.0,96,81
11223,895,16,100,2024-10-21 05:27:58.366000,86.0,97,80
11224,896,17,100,2024-10-21 05:27:58.366000,97.0,96,53
11225,896,166,100,2024-10-21 05:27:58.366000,89.0,79,79
11226,896,12,100,2024-10-21 05:27:58.366000,65.0,95,93
11227,896,13,100,2024-10-21 05:27:58.366000,51.0,62,94
11228,896,20,100,2024-10-21 05:27:58.366000,100.0,99,66
11229,896,142,100,2024-10-21 05:27:58.366000,82.0,65,82
11230,896,60,100,2024-10-21 05:27:58.366000,60.0,70,58
11231,896,152,100,2024-10-21 05:27:58.366000,71.0,98,71
11232,896,193,100,2024-10-21 05:27:58.366000,64.0,95,73
11233,896,146,100,2024-10-21 05:27:58.366000,76.0,70,91
11234,897,13,100,2024-10-21 05:27:58.366000,62.0,72,99
11235,897,20,100,2024-10-21 05:27:58.366000,85.0,80,59
11236,897,17,100,2024-10-21 05:27:58.366000,56.0,82,100
11237,897,12,100,2024-10-21 05:27:58.366000,51.0,89,93
11238,897,166,100,2024-10-21 05:27:58.366000,78.0,65,84
11239,897,55,100,2024-10-21 05:27:58.366000,62.0,98,65
11240,897,147,100,2024-10-21 05:27:58.366000,85.0,60,59
11241,897,184,100,2024-10-21 05:27:58.366000,99.0,94,59
11242,897,160,100,2024-10-21 05:27:58.366000,64.0,66,53
11243,897,199,100,2024-10-21 05:27:58.366000,89.0,59,52
11244,897,64,100,2024-10-21 05:27:58.366000,76.0,73,70
11245,897,151,100,2024-10-21 05:27:58.366000,97.0,71,55
11246,897,44,100,2024-10-21 05:27:58.366000,94.0,75,73
11247,897,99,100,2024-10-21 05:27:58.366000,57.0,71,51
11248,898,20,100,2024-10-21 05:27:58.366000,53.0,98,71
11249,898,13,100,2024-10-21 05:27:58.366000,51.0,84,85
11250,898,166,100,2024-10-21 05:27:58.366000,93.0,91,78
11251,898,12,100,2024-10-21 05:27:58.366000,53.0,90,67
11252,898,115,100,2024-10-21 05:27:58.366000,67.0,51,89
11253,898,76,100,2024-10-21 05:27:58.366000,51.0,87,100
11254,898,21,100,2024-10-21 05:27:58.366000,94.0,82,66
11255,898,67,100,2024-10-21 05:27:58.366000,90.0,60,86
11256,898,78,100,2024-10-21 05:27:58.366000,60.0,74,55
11257,898,10,100,2024-10-21 05:27:58.366000,89.0,61,73
11258,898,68,100,2024-10-21 05:27:58.366000,50.0,70,57
11259,899,166,100,2024-10-21 05:27:58.366000,80.0,94,61
11260,899,12,100,2024-10-21 05:27:58.366000,50.0,64,93
11261,899,17,100,2024-10-21 05:27:58.366000,87.0,100,97
11262,899,20,100,2024-10-21 05:27:58.366000,100.0,99,93
11263,899,13,100,2024-10-21 05:27:58.366000,88.0,89,87
11264,899,116,100,2024-10-21 05:27:58.366000,65.0,61,57
11265,899,58,100,2024-10-21 05:27:58.366000,87.0,98,52
11266,899,54,100,2024-10-21 05:27:58.366000,72.0,72,57
11267,899,80,100,2024-10-21 05:27:58.366000,66.0,54,54
11268,899,75,100,2024-10-21 05:27:58.366000,75.0,66,97
11269,899,192,100,2024-10-21 05:27:58.366000,88.0,82,81
11270,899,157,100,2024-10-21 05:27:58.366000,91.0,80,95
11271,899,180,100,2024-10-21 05:27:58.366000,81.0,81,76
11272,900,13,100,2024-10-21 05:27:58.366000,92.0,65,52
11273,900,17,100,2024-10-21 05:27:58.366000,56.0,74,100
11274,900,20,100,2024-10-21 05:27:58.366000,69.0,88,60
11275,900,12,100,2024-10-21 05:27:58.366000,69.0,89,79
11276,900,166,100,2024-10-21 05:27:58.366000,72.0,57,93
11277,900,168,100,2024-10-21 05:27:58.366000,89.0,74,87
11278,900,47,100,2024-10-21 05:27:58.366000,57.0,64,91
11279,900,178,100,2024-10-21 05:27:58.366000,68.0,63,84
11280,900,120,100,2024-10-21 05:27:58.366000,52.0,100,79
11281,900,118,100,2024-10-21 05:27:58.366000,76.0,88,87
11282,901,12,100,2024-10-21 05:27:58.366000,79.0,75,79
11283,901,166,100,2024-10-21 05:27:58.366000,57.0,79,88
11284,901,13,100,2024-10-21 05:27:58.366000,63.0,59,62
11285,901,17,100,2024-10-21 05:27:58.366000,68.0,81,77
11286,901,20,100,2024-10-21 05:27:58.366000,59.0,60,61
11287,901,25,100,2024-10-21 05:27:58.366000,69.0,58,83
11288,901,2,100,2024-10-21 05:27:58.366000,64.0,88,65
11289,901,47,100,2024-10-21 05:27:58.366000,97.0,62,99
11290,901,139,100,2024-10-21 05:27:58.366000,50.0,50,58
11291,901,8,100,2024-10-21 05:27:58.366000,75.0,89,87
11292,901,130,100,2024-10-21 05:27:58.366000,75.0,88,50
11293,901,114,100,2024-10-21 05:27:58.366000,75.0,54,69
11294,902,20,100,2024-10-21 05:27:58.366000,71.0,58,95
11295,902,13,100,2024-10-21 05:27:58.366000,75.0,73,95
11296,902,166,100,2024-10-21 05:27:58.366000,76.0,55,83
11297,902,17,100,2024-10-21 05:27:58.366000,66.0,74,54
11298,902,12,100,2024-10-21 05:27:58.366000,91.0,80,97
11299,902,155,100,2024-10-21 05:27:58.366000,50.0,84,53
11300,902,76,100,2024-10-21 05:27:58.366000,77.0,85,82
11301,902,77,100,2024-10-21 05:27:58.366000,58.0,89,57
11302,902,188,100,2024-10-21 05:27:58.366000,57.0,60,84
11303,902,38,100,2024-10-21 05:27:58.366000,74.0,54,97
11304,902,107,100,2024-10-21 05:27:58.366000,72.0,85,74
11305,902,60,100,2024-10-21 05:27:58.366000,82.0,54,72
11306,902,91,100,2024-10-21 05:27:58.366000,58.0,93,75
11307,902,186,100,2024-10-21 05:27:58.366000,60.0,63,55
11308,903,17,100,2024-10-21 05:27:58.366000,60.0,63,82
11309,903,20,100,2024-10-21 05:27:58.366000,64.0,53,100
11310,903,13,100,2024-10-21 05:27:58.366000,85.0,96,54
11311,903,12,100,2024-10-21 05:27:58.366000,90.0,71,100
11312,903,166,100,2024-10-21 05:27:58.366000,89.0,72,97
11313,903,38,100,2024-10-21 05:27:58.366000,66.0,50,68
11314,903,141,100,2024-10-21 05:27:58.366000,86.0,54,94
11315,903,114,100,2024-10-21 05:27:58.366000,77.0,88,54
11316,903,106,100,2024-10-21 05:27:58.366000,81.0,92,52
11317,903,28,100,2024-10-21 05:27:58.366000,68.0,90,86
11318,903,168,100,2024-10-21 05:27:58.366000,66.0,97,88
11319,904,20,100,2024-10-21 05:27:58.366000,64.0,52,88
11320,904,166,100,2024-10-21 05:27:58.366000,88.0,52,91
11321,904,17,100,2024-10-21 05:27:58.366000,64.0,67,83
11322,904,13,100,2024-10-21 05:27:58.366000,65.0,72,57
11323,904,12,100,2024-10-21 05:27:58.366000,96.0,99,85
11324,904,97,100,2024-10-21 05:27:58.366000,67.0,72,86
11325,904,85,100,2024-10-21 05:27:58.366000,62.0,72,54
11326,904,19,100,2024-10-21 05:27:58.366000,88.0,85,86
11327,904,26,100,2024-10-21 05:27:58.366000,59.0,67,70
11328,904,8,100,2024-10-21 05:27:58.366000,57.0,51,73
11329,904,199,100,2024-10-21 05:27:58.366000,64.0,52,92
11330,904,146,100,2024-10-21 05:27:58.366000,62.0,88,79
11331,904,33,100,2024-10-21 05:27:58.366000,87.0,71,67
11332,904,138,100,2024-10-21 05:27:58.366000,55.0,99,71
11333,905,12,100,2024-10-21 05:27:58.366000,71.0,99,84
11334,905,20,100,2024-10-21 05:27:58.366000,55.0,77,80
11335,905,17,100,2024-10-21 05:27:58.366000,74.0,74,95
11336,905,166,100,2024-10-21 05:27:58.366000,98.0,61,95
11337,905,13,100,2024-10-21 05:27:58.366000,88.0,89,65
11338,905,9,100,2024-10-21 05:27:58.366000,73.0,58,55
11339,905,44,100,2024-10-21 05:27:58.366000,60.0,90,69
11340,905,6,100,2024-10-21 05:27:58.366000,80.0,93,79
11341,905,160,100,2024-10-21 05:27:58.366000,55.0,63,79
11342,905,162,100,2024-10-21 05:27:58.366000,100.0,73,85
11343,905,183,100,2024-10-21 05:27:58.366000,72.0,78,73
11344,905,89,100,2024-10-21 05:27:58.366000,73.0,99,69
11345,906,13,100,2024-10-21 05:27:58.366000,68.0,78,92
11346,906,12,100,2024-10-21 05:27:58.366000,63.0,88,68
11347,906,166,100,2024-10-21 05:27:58.366000,51.0,53,92
11348,906,17,100,2024-10-21 05:27:58.366000,94.0,59,58
11349,906,20,100,2024-10-21 05:27:58.366000,60.0,93,89
11350,906,44,100,2024-10-21 05:27:58.366000,69.0,66,83
11351,906,124,100,2024-10-21 05:27:58.366000,54.0,98,52
11352,906,48,100,2024-10-21 05:27:58.366000,53.0,73,96
11353,906,65,100,2024-10-21 05:27:58.366000,98.0,90,66
11354,906,54,100,2024-10-21 05:27:58.366000,72.0,58,58
11355,906,58,100,2024-10-21 05:27:58.366000,96.0,55,90
11356,906,127,100,2024-10-21 05:27:58.366000,87.0,58,73
11357,906,18,100,2024-10-21 05:27:58.366000,76.0,85,94
11358,906,108,100,2024-10-21 05:27:58.366000,73.0,90,93
11359,907,20,100,2024-10-21 05:27:58.366000,92.0,66,83
11360,907,13,100,2024-10-21 05:27:58.366000,70.0,75,91
11361,907,17,100,2024-10-21 05:27:58.366000,82.0,75,52
11362,907,12,100,2024-10-21 05:27:58.366000,77.0,75,86
11363,907,166,100,2024-10-21 05:27:58.366000,71.0,58,96
11364,907,91,100,2024-10-21 05:27:58.366000,60.0,56,65
11365,907,169,100,2024-10-21 05:27:58.366000,66.0,97,67
11366,907,44,100,2024-10-21 05:27:58.366000,87.0,78,65
11367,907,105,100,2024-10-21 05:27:58.366000,98.0,96,59
11368,907,90,100,2024-10-21 05:27:58.366000,52.0,83,56
11369,907,154,100,2024-10-21 05:27:58.366000,52.0,67,58
11370,907,32,100,2024-10-21 05:27:58.366000,80.0,82,68
11371,908,13,100,2024-10-21 05:27:58.366000,67.0,57,92
11372,908,166,100,2024-10-21 05:27:58.366000,96.0,74,83
11373,908,20,100,2024-10-21 05:27:58.366000,54.0,66,99
11374,908,17,100,2024-10-21 05:27:58.367000,93.0,89,60
11375,908,12,100,2024-10-21 05:27:58.367000,93.0,61,69
11376,908,163,100,2024-10-21 05:27:58.367000,70.0,50,64
11377,908,123,100,2024-10-21 05:27:58.367000,55.0,97,77
11378,908,109,100,2024-10-21 05:27:58.367000,82.0,87,80
11379,908,71,100,2024-10-21 05:27:58.367000,67.0,83,67
11380,908,19,100,2024-10-21 05:27:58.367000,59.0,98,90
11381,909,12,100,2024-10-21 05:27:58.367000,92.0,77,95
11382,909,166,100,2024-10-21 05:27:58.367000,61.0,82,68
11383,909,20,100,2024-10-21 05:27:58.367000,58.0,94,81
11384,909,17,100,2024-10-21 05:27:58.367000,59.0,84,82
11385,909,13,100,2024-10-21 05:27:58.367000,85.0,95,94
11386,909,85,100,2024-10-21 05:27:58.367000,92.0,63,56
11387,909,131,100,2024-10-21 05:27:58.367000,61.0,69,98
11388,909,98,100,2024-10-21 05:27:58.367000,98.0,78,79
11389,909,47,100,2024-10-21 05:27:58.367000,52.0,82,81
11390,909,160,100,2024-10-21 05:27:58.367000,51.0,54,90
11391,910,13,100,2024-10-21 05:27:58.367000,86.0,86,53
11392,910,12,100,2024-10-21 05:27:58.367000,79.0,88,97
11393,910,166,100,2024-10-21 05:27:58.367000,79.0,83,76
11394,910,17,100,2024-10-21 05:27:58.367000,52.0,55,51
11395,910,146,100,2024-10-21 05:27:58.367000,73.0,88,54
11396,910,85,100,2024-10-21 05:27:58.367000,85.0,75,50
11397,910,95,100,2024-10-21 05:27:58.367000,58.0,62,52
11398,910,161,100,2024-10-21 05:27:58.367000,84.0,64,68
11399,910,123,100,2024-10-21 05:27:58.367000,63.0,62,52
11400,910,81,100,2024-10-21 05:27:58.367000,91.0,81,93
11401,910,42,100,2024-10-21 05:27:58.367000,83.0,94,52
11402,911,20,100,2024-10-21 05:27:58.367000,94.0,63,61
11403,911,17,100,2024-10-21 05:27:58.367000,52.0,88,81
11404,911,12,100,2024-10-21 05:27:58.367000,55.0,53,97
11405,911,166,100,2024-10-21 05:27:58.367000,94.0,99,98
11406,911,13,100,2024-10-21 05:27:58.367000,56.0,90,85
11407,911,189,100,2024-10-21 05:27:58.367000,78.0,51,96
11408,911,174,100,2024-10-21 05:27:58.367000,90.0,87,86
11409,911,116,100,2024-10-21 05:27:58.367000,61.0,98,78
11410,911,29,100,2024-10-21 05:27:58.367000,99.0,100,59
11411,911,98,100,2024-10-21 05:27:58.367000,50.0,70,100
11412,911,69,100,2024-10-21 05:27:58.367000,72.0,80,65
11413,911,178,100,2024-10-21 05:27:58.367000,85.0,99,66
11414,911,42,100,2024-10-21 05:27:58.367000,67.0,98,77
11415,911,91,100,2024-10-21 05:27:58.367000,98.0,68,94
11416,912,20,100,2024-10-21 05:27:58.367000,91.0,61,75
11417,912,17,100,2024-10-21 05:27:58.367000,92.0,72,76
11418,912,166,100,2024-10-21 05:27:58.367000,54.0,95,91
11419,912,13,100,2024-10-21 05:27:58.367000,81.0,91,92
11420,912,12,100,2024-10-21 05:27:58.367000,100.0,82,89
11421,912,153,100,2024-10-21 05:27:58.367000,78.0,89,64
11422,912,92,100,2024-10-21 05:27:58.367000,75.0,58,50
11423,912,142,100,2024-10-21 05:27:58.367000,63.0,74,55
11424,912,69,100,2024-10-21 05:27:58.367000,88.0,52,57
11425,912,80,100,2024-10-21 05:27:58.367000,85.0,58,57
11426,912,143,100,2024-10-21 05:27:58.367000,88.0,68,55
11427,912,190,100,2024-10-21 05:27:58.367000,64.0,91,79
11428,912,95,100,2024-10-21 05:27:58.367000,95.0,66,90
11429,912,35,100,2024-10-21 05:27:58.367000,81.0,76,69
11430,912,199,100,2024-10-21 05:27:58.367000,59.0,77,59
11431,913,20,100,2024-10-21 05:27:58.367000,57.0,69,72
11432,913,17,100,2024-10-21 05:27:58.367000,68.0,78,77
11433,913,12,100,2024-10-21 05:27:58.367000,54.0,76,81
11434,913,166,100,2024-10-21 05:27:58.367000,80.0,78,55
11435,913,13,100,2024-10-21 05:27:58.367000,97.0,52,74
11436,913,101,100,2024-10-21 05:27:58.367000,81.0,72,91
11437,913,160,100,2024-10-21 05:27:58.367000,99.0,57,50
11438,913,189,100,2024-10-21 05:27:58.367000,89.0,73,51
11439,913,174,100,2024-10-21 05:27:58.367000,92.0,75,100
11440,913,137,100,2024-10-21 05:27:58.367000,53.0,70,69
11441,913,176,100,2024-10-21 05:27:58.367000,67.0,98,64
11442,914,12,100,2024-10-21 05:27:58.367000,96.0,100,63
11443,914,17,100,2024-10-21 05:27:58.367000,92.0,70,75
11444,914,13,100,2024-10-21 05:27:58.367000,69.0,100,77
11445,914,166,100,2024-10-21 05:27:58.367000,54.0,53,89
11446,914,20,100,2024-10-21 05:27:58.367000,58.0,98,60
11447,914,116,100,2024-10-21 05:27:58.367000,87.0,63,71
11448,914,25,100,2024-10-21 05:27:58.367000,96.0,90,59
11449,914,23,100,2024-10-21 05:27:58.367000,91.0,73,100
11450,914,9,100,2024-10-21 05:27:58.367000,93.0,87,60
11451,914,36,100,2024-10-21 05:27:58.367000,81.0,78,53
11452,914,32,100,2024-10-21 05:27:58.367000,85.0,68,64
11453,914,59,100,2024-10-21 05:27:58.367000,76.0,100,55
11454,914,148,100,2024-10-21 05:27:58.367000,81.0,95,60
11455,914,65,100,2024-10-21 05:27:58.367000,51.0,98,63
11456,914,122,100,2024-10-21 05:27:58.367000,87.0,58,64
11457,915,13,100,2024-10-21 05:27:58.367000,55.0,62,52
11458,915,17,100,2024-10-21 05:27:58.367000,92.0,82,90
11459,915,166,100,2024-10-21 05:27:58.367000,57.0,97,79
11460,915,12,100,2024-10-21 05:27:58.367000,60.0,57,53
11461,915,20,100,2024-10-21 05:27:58.367000,73.0,62,57
11462,915,181,100,2024-10-21 05:27:58.367000,81.0,68,80
11463,915,113,100,2024-10-21 05:27:58.367000,53.0,87,62
11464,915,65,100,2024-10-21 05:27:58.367000,83.0,93,71
11465,915,21,100,2024-10-21 05:27:58.367000,56.0,69,66
11466,915,85,100,2024-10-21 05:27:58.367000,95.0,56,62
11467,915,171,100,2024-10-21 05:27:58.367000,60.0,71,92
11468,915,44,100,2024-10-21 05:27:58.367000,63.0,83,84
11469,916,17,100,2024-10-21 05:27:58.367000,91.0,77,69
11470,916,12,100,2024-10-21 05:27:58.367000,76.0,53,70
11471,916,20,100,2024-10-21 05:27:58.367000,57.0,66,94
11472,916,13,100,2024-10-21 05:27:58.367000,53.0,74,52
11473,916,166,100,2024-10-21 05:27:58.367000,100.0,83,79
11474,916,59,100,2024-10-21 05:27:58.367000,61.0,83,85
11475,916,95,100,2024-10-21 05:27:58.367000,93.0,84,65
11476,916,84,100,2024-10-21 05:27:58.367000,61.0,83,58
11477,916,136,100,2024-10-21 05:27:58.367000,90.0,72,94
11478,916,180,100,2024-10-21 05:27:58.367000,68.0,54,92
11479,916,165,100,2024-10-21 05:27:58.367000,62.0,64,97
11480,916,191,100,2024-10-21 05:27:58.367000,92.0,58,78
11481,917,13,100,2024-10-21 05:27:58.367000,59.0,78,65
11482,917,166,100,2024-10-21 05:27:58.367000,85.0,87,89
11483,917,17,100,2024-10-21 05:27:58.367000,86.0,74,81
11484,917,12,100,2024-10-21 05:27:58.367000,100.0,87,83
11485,917,20,100,2024-10-21 05:27:58.367000,64.0,95,83
11486,917,187,100,2024-10-21 05:27:58.367000,53.0,99,68
11487,917,48,100,2024-10-21 05:27:58.367000,53.0,58,89
11488,917,148,100,2024-10-21 05:27:58.367000,98.0,51,82
11489,917,8,100,2024-10-21 05:27:58.367000,53.0,75,86
11490,917,120,100,2024-10-21 05:27:58.367000,61.0,58,96
11491,918,166,100,2024-10-21 05:27:58.367000,70.0,75,60
11492,918,13,100,2024-10-21 05:27:58.367000,51.0,86,95
11493,918,20,100,2024-10-21 05:27:58.367000,60.0,80,81
11494,918,12,100,2024-10-21 05:27:58.367000,75.0,51,85
11495,918,17,100,2024-10-21 05:27:58.367000,54.0,95,85
11496,918,19,100,2024-10-21 05:27:58.367000,54.0,64,67
11497,918,22,100,2024-10-21 05:27:58.367000,55.0,56,93
11498,918,100,100,2024-10-21 05:27:58.367000,96.0,87,73
11499,918,2,100,2024-10-21 05:27:58.367000,95.0,82,55
11500,918,60,100,2024-10-21 05:27:58.367000,82.0,79,58
11501,918,14,100,2024-10-21 05:27:58.367000,62.0,63,90
11502,918,54,100,2024-10-21 05:27:58.367000,65.0,85,57
11503,918,91,100,2024-10-21 05:27:58.367000,56.0,59,97
11504,918,62,100,2024-10-21 05:27:58.367000,82.0,76,88
11505,919,166,100,2024-10-21 05:27:58.367000,62.0,93,54
11506,919,12,100,2024-10-21 05:27:58.367000,76.0,70,86
11507,919,17,100,2024-10-21 05:27:58.367000,72.0,99,59
11508,919,20,100,2024-10-21 05:27:58.367000,59.0,87,98
11509,919,13,100,2024-10-21 05:27:58.367000,66.0,59,95
11510,919,125,100,2024-10-21 05:27:58.367000,97.0,81,79
11511,919,151,100,2024-10-21 05:27:58.367000,96.0,62,51
11512,919,32,100,2024-10-21 05:27:58.367000,52.0,100,73
11513,919,3,100,2024-10-21 05:27:58.367000,85.0,95,67
11514,919,139,100,2024-10-21 05:27:58.367000,72.0,55,96
11515,919,87,100,2024-10-21 05:27:58.367000,50.0,67,54
11516,919,47,100,2024-10-21 05:27:58.367000,61.0,86,99
11517,919,147,100,2024-10-21 05:27:58.367000,76.0,96,72
11518,920,166,100,2024-10-21 05:27:58.367000,89.0,78,61
11519,920,13,100,2024-10-21 05:27:58.367000,72.0,64,83
11520,920,12,100,2024-10-21 05:27:58.367000,93.0,98,52
11521,920,20,100,2024-10-21 05:27:58.367000,73.0,88,74
11522,920,17,100,2024-10-21 05:27:58.367000,87.0,94,59
11523,920,131,100,2024-10-21 05:27:58.367000,61.0,91,84
11524,920,200,100,2024-10-21 05:27:58.367000,54.0,93,56
11525,920,59,100,2024-10-21 05:27:58.367000,83.0,76,74
11526,920,10,100,2024-10-21 05:27:58.367000,51.0,50,51
11527,920,63,100,2024-10-21 05:27:58.367000,95.0,59,53
11528,920,116,100,2024-10-21 05:27:58.367000,78.0,79,79
11529,920,161,100,2024-10-21 05:27:58.367000,74.0,78,94
11530,920,32,100,2024-10-21 05:27:58.367000,69.0,82,53
11531,920,76,100,2024-10-21 05:27:58.367000,57.0,57,89
11532,921,17,100,2024-10-21 05:27:58.367000,64.0,73,68
11533,921,13,100,2024-10-21 05:27:58.367000,82.0,98,75
11534,921,12,100,2024-10-21 05:27:58.367000,95.0,94,98
11535,921,20,100,2024-10-21 05:27:58.367000,55.0,55,50
11536,921,166,100,2024-10-21 05:27:58.367000,58.0,83,51
11537,921,99,100,2024-10-21 05:27:58.367000,90.0,76,93
11538,921,109,100,2024-10-21 05:27:58.367000,95.0,75,57
11539,921,156,100,2024-10-21 05:27:58.367000,84.0,89,50
11540,921,117,100,2024-10-21 05:27:58.368000,95.0,60,73
11541,921,103,100,2024-10-21 05:27:58.368000,69.0,62,95
11542,921,199,100,2024-10-21 05:27:58.368000,97.0,90,53
11543,922,12,100,2024-10-21 05:27:58.368000,73.0,79,76
11544,922,17,100,2024-10-21 05:27:58.368000,73.0,84,82
11545,922,13,100,2024-10-21 05:27:58.368000,52.0,97,82
11546,922,166,100,2024-10-21 05:27:58.368000,69.0,70,52
11547,922,20,100,2024-10-21 05:27:58.368000,77.0,92,51
11548,922,143,100,2024-10-21 05:27:58.368000,60.0,77,75
11549,922,30,100,2024-10-21 05:27:58.368000,93.0,64,85
11550,922,43,100,2024-10-21 05:27:58.368000,80.0,67,53
11551,922,147,100,2024-10-21 05:27:58.368000,73.0,61,79
11552,922,68,100,2024-10-21 05:27:58.368000,69.0,96,60
11553,922,138,100,2024-10-21 05:27:58.368000,96.0,91,79
11554,922,155,100,2024-10-21 05:27:58.368000,56.0,80,77
11555,923,166,100,2024-10-21 05:27:58.368000,59.0,50,56
11556,923,17,100,2024-10-21 05:27:58.368000,94.0,73,56
11557,923,20,100,2024-10-21 05:27:58.368000,65.0,80,99
11558,923,12,100,2024-10-21 05:27:58.368000,62.0,60,86
11559,923,13,100,2024-10-21 05:27:58.368000,70.0,97,50
11560,923,96,100,2024-10-21 05:27:58.368000,74.0,87,99
11561,923,110,100,2024-10-21 05:27:58.368000,86.0,84,55
11562,923,70,100,2024-10-21 05:27:58.368000,70.0,99,74
11563,923,165,100,2024-10-21 05:27:58.368000,63.0,92,94
11564,923,9,100,2024-10-21 05:27:58.368000,80.0,76,86
11565,923,89,100,2024-10-21 05:27:58.368000,82.0,81,82
11566,923,112,100,2024-10-21 05:27:58.368000,69.0,82,87
11567,924,13,100,2024-10-21 05:27:58.368000,63.0,62,67
11568,924,12,100,2024-10-21 05:27:58.368000,71.0,67,67
11569,924,166,100,2024-10-21 05:27:58.368000,95.0,85,78
11570,924,17,100,2024-10-21 05:27:58.368000,53.0,96,63
11571,924,20,100,2024-10-21 05:27:58.368000,88.0,81,98
11572,924,7,100,2024-10-21 05:27:58.368000,75.0,80,65
11573,924,129,100,2024-10-21 05:27:58.368000,52.0,58,76
11574,924,110,100,2024-10-21 05:27:58.368000,66.0,72,79
11575,924,173,100,2024-10-21 05:27:58.368000,52.0,59,50
11576,924,44,100,2024-10-21 05:27:58.368000,81.0,64,88
11577,924,61,100,2024-10-21 05:27:58.368000,96.0,95,70
11578,925,12,100,2024-10-21 05:27:58.368000,89.0,96,59
11579,925,13,100,2024-10-21 05:27:58.368000,52.0,66,82
11580,925,20,100,2024-10-21 05:27:58.368000,80.0,53,88
11581,925,166,100,2024-10-21 05:27:58.368000,85.0,58,64
11582,925,17,100,2024-10-21 05:27:58.368000,94.0,82,80
11583,925,55,100,2024-10-21 05:27:58.368000,80.0,75,95
11584,925,110,100,2024-10-21 05:27:58.368000,66.0,97,68
11585,925,139,100,2024-10-21 05:27:58.368000,76.0,59,99
11586,925,138,100,2024-10-21 05:27:58.368000,67.0,80,54
11587,925,130,100,2024-10-21 05:27:58.368000,85.0,78,73
11588,926,13,100,2024-10-21 05:27:58.368000,76.0,99,93
11589,926,20,100,2024-10-21 05:27:58.368000,77.0,97,83
11590,926,17,100,2024-10-21 05:27:58.368000,83.0,60,54
11591,926,12,100,2024-10-21 05:27:58.368000,74.0,87,64
11592,926,174,100,2024-10-21 05:27:58.368000,81.0,61,83
11593,926,115,100,2024-10-21 05:27:58.368000,79.0,82,92
11594,926,94,100,2024-10-21 05:27:58.368000,79.0,60,99
11595,926,73,100,2024-10-21 05:27:58.368000,77.0,92,99
11596,926,116,100,2024-10-21 05:27:58.368000,58.0,56,75
11597,926,193,100,2024-10-21 05:27:58.368000,97.0,93,64
11598,926,155,100,2024-10-21 05:27:58.368000,89.0,62,52
11599,926,14,100,2024-10-21 05:27:58.368000,81.0,78,88
11600,927,166,100,2024-10-21 05:27:58.368000,66.0,50,64
11601,927,13,100,2024-10-21 05:27:58.368000,98.0,95,88
11602,927,17,100,2024-10-21 05:27:58.368000,68.0,70,87
11603,927,12,100,2024-10-21 05:27:58.368000,80.0,51,71
11604,927,20,100,2024-10-21 05:27:58.368000,51.0,77,50
11605,927,179,100,2024-10-21 05:27:58.368000,64.0,91,57
11606,927,107,100,2024-10-21 05:27:58.368000,87.0,96,58
11607,927,19,100,2024-10-21 05:27:58.368000,69.0,70,51
11608,927,120,100,2024-10-21 05:27:58.368000,55.0,57,73
11609,927,9,100,2024-10-21 05:27:58.368000,95.0,91,73
11610,927,156,100,2024-10-21 05:27:58.368000,97.0,61,99
11611,927,22,100,2024-10-21 05:27:58.368000,92.0,84,55
11612,928,166,100,2024-10-21 05:27:58.368000,79.0,65,69
11613,928,20,100,2024-10-21 05:27:58.368000,92.0,64,75
11614,928,17,100,2024-10-21 05:27:58.368000,85.0,67,59
11615,928,13,100,2024-10-21 05:27:58.368000,76.0,92,72
11616,928,12,100,2024-10-21 05:27:58.368000,100.0,52,77
11617,928,164,100,2024-10-21 05:27:58.368000,60.0,56,75
11618,928,51,100,2024-10-21 05:27:58.368000,76.0,80,97
11619,928,179,100,2024-10-21 05:27:58.368000,74.0,64,63
11620,928,38,100,2024-10-21 05:27:58.368000,51.0,51,68
11621,928,180,100,2024-10-21 05:27:58.368000,68.0,55,82
11622,928,170,100,2024-10-21 05:27:58.368000,72.0,79,90
11623,928,143,100,2024-10-21 05:27:58.368000,94.0,79,82
11624,928,183,100,2024-10-21 05:27:58.368000,58.0,66,56
11625,929,13,100,2024-10-21 05:27:58.368000,95.0,62,84
11626,929,20,100,2024-10-21 05:27:58.368000,91.0,72,74
11627,929,17,100,2024-10-21 05:27:58.368000,73.0,79,56
11628,929,166,100,2024-10-21 05:27:58.368000,84.0,81,86
11629,929,12,100,2024-10-21 05:27:58.368000,69.0,55,69
11630,929,145,100,2024-10-21 05:27:58.368000,83.0,64,65
11631,929,125,100,2024-10-21 05:27:58.368000,56.0,63,61
11632,929,139,100,2024-10-21 05:27:58.368000,75.0,69,78
11633,929,58,100,2024-10-21 05:27:58.368000,99.0,79,65
11634,929,143,100,2024-10-21 05:27:58.368000,86.0,60,72
11635,929,9,100,2024-10-21 05:27:58.368000,87.0,61,67
11636,929,163,100,2024-10-21 05:27:58.368000,98.0,74,50
11637,929,42,100,2024-10-21 05:27:58.368000,77.0,85,97
11638,930,20,100,2024-10-21 05:27:58.368000,72.0,56,72
11639,930,166,100,2024-10-21 05:27:58.368000,87.0,84,70
11640,930,17,100,2024-10-21 05:27:58.368000,78.0,69,81
11641,930,13,100,2024-10-21 05:27:58.368000,96.0,95,55
11642,930,12,100,2024-10-21 05:27:58.368000,99.0,67,97
11643,930,121,100,2024-10-21 05:27:58.368000,61.0,65,78
11644,930,181,100,2024-10-21 05:27:58.368000,72.0,73,56
11645,930,25,100,2024-10-21 05:27:58.368000,93.0,58,93
11646,930,157,100,2024-10-21 05:27:58.368000,59.0,95,56
11647,930,109,100,2024-10-21 05:27:58.368000,71.0,78,78
11648,930,97,100,2024-10-21 05:27:58.368000,70.0,98,93
11649,930,118,100,2024-10-21 05:27:58.368000,78.0,56,67
11650,930,141,100,2024-10-21 05:27:58.368000,86.0,92,84
11651,930,72,100,2024-10-21 05:27:58.368000,69.0,67,61
11652,930,177,100,2024-10-21 05:27:58.368000,100.0,61,60
11653,931,17,100,2024-10-21 05:27:58.368000,58.0,77,70
11654,931,13,100,2024-10-21 05:27:58.368000,100.0,92,56
11655,931,20,100,2024-10-21 05:27:58.368000,57.0,91,98
11656,931,166,100,2024-10-21 05:27:58.368000,74.0,84,91
11657,931,12,100,2024-10-21 05:27:58.368000,93.0,88,59
11658,931,110,100,2024-10-21 05:27:58.368000,97.0,62,86
11659,931,89,100,2024-10-21 05:27:58.368000,88.0,93,83
11660,931,90,100,2024-10-21 05:27:58.368000,55.0,64,67
11661,931,130,100,2024-10-21 05:27:58.368000,74.0,88,68
11662,931,72,100,2024-10-21 05:27:58.368000,51.0,53,92
11663,931,163,100,2024-10-21 05:27:58.368000,98.0,52,53
11664,931,74,100,2024-10-21 05:27:58.368000,71.0,98,96
11665,932,20,100,2024-10-21 05:27:58.368000,82.0,63,50
11666,932,17,100,2024-10-21 05:27:58.368000,87.0,55,86
11667,932,166,100,2024-10-21 05:27:58.368000,97.0,97,98
11668,932,12,100,2024-10-21 05:27:58.368000,63.0,100,76
11669,932,13,100,2024-10-21 05:27:58.368000,61.0,62,50
11670,932,2,100,2024-10-21 05:27:58.368000,81.0,80,98
11671,932,140,100,2024-10-21 05:27:58.368000,54.0,90,76
11672,932,23,100,2024-10-21 05:27:58.368000,53.0,69,57
11673,932,56,100,2024-10-21 05:27:58.368000,88.0,95,70
11674,932,83,100,2024-10-21 05:27:58.368000,50.0,60,85
11675,933,17,100,2024-10-21 05:27:58.368000,53.0,87,54
11676,933,13,100,2024-10-21 05:27:58.368000,66.0,94,60
11677,933,12,100,2024-10-21 05:27:58.368000,85.0,57,84
11678,933,166,100,2024-10-21 05:27:58.368000,99.0,67,50
11679,933,20,100,2024-10-21 05:27:58.368000,79.0,55,99
11680,933,126,100,2024-10-21 05:27:58.368000,57.0,54,53
11681,933,181,100,2024-10-21 05:27:58.368000,51.0,72,77
11682,933,155,100,2024-10-21 05:27:58.368000,79.0,99,88
11683,933,51,100,2024-10-21 05:27:58.368000,96.0,65,89
11684,933,112,100,2024-10-21 05:27:58.368000,66.0,80,53
11685,933,185,100,2024-10-21 05:27:58.368000,82.0,76,53
11686,933,180,100,2024-10-21 05:27:58.368000,59.0,69,96
11687,933,104,100,2024-10-21 05:27:58.368000,58.0,74,96
11688,933,158,100,2024-10-21 05:27:58.368000,58.0,97,62
11689,933,127,100,2024-10-21 05:27:58.368000,61.0,94,82
11690,934,13,100,2024-10-21 05:27:58.368000,83.0,81,80
11691,934,20,100,2024-10-21 05:27:58.368000,56.0,76,70
11692,934,17,100,2024-10-21 05:27:58.368000,93.0,83,77
11693,934,166,100,2024-10-21 05:27:58.368000,67.0,82,93
11694,934,12,100,2024-10-21 05:27:58.368000,63.0,84,69
11695,934,126,100,2024-10-21 05:27:58.368000,60.0,63,62
11696,934,6,100,2024-10-21 05:27:58.368000,90.0,63,98
11697,934,101,100,2024-10-21 05:27:58.368000,59.0,65,78
11698,934,118,100,2024-10-21 05:27:58.368000,67.0,90,72
11699,934,195,100,2024-10-21 05:27:58.368000,93.0,93,79
11700,934,147,100,2024-10-21 05:27:58.368000,71.0,58,70
11701,934,69,100,2024-10-21 05:27:58.368000,62.0,96,87
11702,935,17,100,2024-10-21 05:27:58.369000,61.0,94,91
11703,935,13,100,2024-10-21 05:27:58.369000,85.0,53,95
11704,935,12,100,2024-10-21 05:27:58.369000,85.0,62,97
11705,935,20,100,2024-10-21 05:27:58.369000,72.0,94,95
11706,935,166,100,2024-10-21 05:27:58.369000,99.0,57,61
11707,935,178,100,2024-10-21 05:27:58.369000,90.0,99,95
11708,935,189,100,2024-10-21 05:27:58.369000,52.0,71,93
11709,935,185,100,2024-10-21 05:27:58.369000,100.0,71,74
11710,935,37,100,2024-10-21 05:27:58.369000,62.0,85,70
11711,935,93,100,2024-10-21 05:27:58.369000,54.0,75,53
11712,935,32,100,2024-10-21 05:27:58.369000,50.0,62,61
11713,935,82,100,2024-10-21 05:27:58.369000,62.0,58,51
11714,935,70,100,2024-10-21 05:27:58.369000,69.0,72,53
11715,935,111,100,2024-10-21 05:27:58.369000,99.0,53,97
11716,935,199,100,2024-10-21 05:27:58.369000,89.0,93,54
11717,936,20,100,2024-10-21 05:27:58.369000,73.0,74,88
11718,936,17,100,2024-10-21 05:27:58.369000,91.0,75,63
11719,936,12,100,2024-10-21 05:27:58.369000,65.0,62,59
11720,936,13,100,2024-10-21 05:27:58.369000,90.0,96,63
11721,936,166,100,2024-10-21 05:27:58.369000,52.0,82,91
11722,936,79,100,2024-10-21 05:27:58.369000,78.0,86,82
11723,936,129,100,2024-10-21 05:27:58.369000,53.0,50,59
11724,936,141,100,2024-10-21 05:27:58.369000,61.0,55,88
11725,936,132,100,2024-10-21 05:27:58.369000,88.0,97,94
11726,936,52,100,2024-10-21 05:27:58.369000,81.0,100,53
11727,936,40,100,2024-10-21 05:27:58.369000,84.0,91,81
11728,937,13,100,2024-10-21 05:27:58.369000,84.0,59,75
11729,937,166,100,2024-10-21 05:27:58.369000,92.0,63,80
11730,937,17,100,2024-10-21 05:27:58.369000,57.0,88,90
11731,937,12,100,2024-10-21 05:27:58.369000,70.0,86,97
11732,937,20,100,2024-10-21 05:27:58.369000,64.0,71,92
11733,937,85,100,2024-10-21 05:27:58.369000,54.0,92,92
11734,937,28,100,2024-10-21 05:27:58.369000,98.0,58,50
11735,937,200,100,2024-10-21 05:27:58.369000,66.0,90,86
11736,937,31,100,2024-10-21 05:27:58.369000,68.0,93,63
11737,937,135,100,2024-10-21 05:27:58.369000,77.0,80,74
11738,937,33,100,2024-10-21 05:27:58.369000,83.0,67,63
11739,938,17,100,2024-10-21 05:27:58.369000,76.0,88,94
11740,938,166,100,2024-10-21 05:27:58.369000,52.0,78,80
11741,938,20,100,2024-10-21 05:27:58.369000,80.0,96,55
11742,938,12,100,2024-10-21 05:27:58.369000,57.0,51,63
11743,938,109,100,2024-10-21 05:27:58.369000,71.0,63,77
11744,938,172,100,2024-10-21 05:27:58.369000,53.0,97,55
11745,938,152,100,2024-10-21 05:27:58.369000,56.0,62,88
11746,938,146,100,2024-10-21 05:27:58.369000,61.0,69,64
11747,938,102,100,2024-10-21 05:27:58.369000,84.0,98,97
11748,938,3,100,2024-10-21 05:27:58.369000,70.0,92,54
11749,938,105,100,2024-10-21 05:27:58.369000,70.0,54,97
11750,938,181,100,2024-10-21 05:27:58.369000,50.0,59,90
11751,938,132,100,2024-10-21 05:27:58.369000,91.0,71,86
11752,939,17,100,2024-10-21 05:27:58.369000,61.0,55,77
11753,939,13,100,2024-10-21 05:27:58.369000,67.0,68,88
11754,939,12,100,2024-10-21 05:27:58.369000,52.0,56,93
11755,939,166,100,2024-10-21 05:27:58.369000,61.0,66,76
11756,939,20,100,2024-10-21 05:27:58.369000,56.0,89,60
11757,939,27,100,2024-10-21 05:27:58.369000,82.0,63,61
11758,939,124,100,2024-10-21 05:27:58.369000,94.0,69,96
11759,939,174,100,2024-10-21 05:27:58.369000,58.0,76,54
11760,939,61,100,2024-10-21 05:27:58.369000,74.0,97,69
11761,939,33,100,2024-10-21 05:27:58.369000,78.0,98,88
11762,939,30,100,2024-10-21 05:27:58.369000,79.0,50,75
11763,939,158,100,2024-10-21 05:27:58.369000,51.0,52,60
11764,939,58,100,2024-10-21 05:27:58.369000,52.0,57,100
11765,939,195,100,2024-10-21 05:27:58.369000,67.0,61,54
11766,940,20,100,2024-10-21 05:27:58.369000,82.0,70,67
11767,940,12,100,2024-10-21 05:27:58.369000,85.0,88,99
11768,940,166,100,2024-10-21 05:27:58.369000,50.0,76,72
11769,940,17,100,2024-10-21 05:27:58.369000,95.0,76,90
11770,940,13,100,2024-10-21 05:27:58.369000,100.0,75,59
11771,940,53,100,2024-10-21 05:27:58.369000,90.0,73,60
11772,940,22,100,2024-10-21 05:27:58.369000,93.0,50,100
11773,940,90,100,2024-10-21 05:27:58.369000,86.0,81,94
11774,940,154,100,2024-10-21 05:27:58.369000,84.0,70,84
11775,940,151,100,2024-10-21 05:27:58.369000,83.0,61,71
11776,940,70,100,2024-10-21 05:27:58.369000,94.0,75,91
11777,940,110,100,2024-10-21 05:27:58.369000,95.0,84,71
11778,941,20,100,2024-10-21 05:27:58.369000,89.0,61,51
11779,941,12,100,2024-10-21 05:27:58.369000,99.0,88,100
11780,941,166,100,2024-10-21 05:27:58.369000,70.0,83,82
11781,941,17,100,2024-10-21 05:27:58.369000,56.0,88,73
11782,941,13,100,2024-10-21 05:27:58.369000,100.0,76,90
11783,941,75,100,2024-10-21 05:27:58.369000,75.0,68,96
11784,941,124,100,2024-10-21 05:27:58.369000,53.0,65,68
11785,941,79,100,2024-10-21 05:27:58.369000,68.0,53,69
11786,941,179,100,2024-10-21 05:27:58.369000,67.0,89,82
11787,941,132,100,2024-10-21 05:27:58.369000,88.0,73,86
11788,941,170,100,2024-10-21 05:27:58.369000,62.0,51,92
11789,941,51,100,2024-10-21 05:27:58.369000,66.0,65,84
11790,941,193,100,2024-10-21 05:27:58.369000,61.0,64,84
11791,941,126,100,2024-10-21 05:27:58.369000,78.0,62,70
11792,942,13,100,2024-10-21 05:27:58.369000,81.0,85,84
11793,942,12,100,2024-10-21 05:27:58.369000,63.0,62,74
11794,942,20,100,2024-10-21 05:27:58.369000,94.0,86,86
11795,942,17,100,2024-10-21 05:27:58.369000,52.0,90,100
11796,942,166,100,2024-10-21 05:27:58.369000,73.0,77,71
11797,942,63,100,2024-10-21 05:27:58.369000,58.0,63,84
11798,942,37,100,2024-10-21 05:27:58.369000,94.0,93,75
11799,942,119,100,2024-10-21 05:27:58.369000,72.0,50,96
11800,942,26,100,2024-10-21 05:27:58.369000,52.0,51,73
11801,942,81,100,2024-10-21 05:27:58.369000,73.0,77,93
11802,942,71,100,2024-10-21 05:27:58.369000,89.0,91,75
11803,943,166,100,2024-10-21 05:27:58.369000,75.0,79,63
11804,943,17,100,2024-10-21 05:27:58.369000,71.0,89,93
11805,943,20,100,2024-10-21 05:27:58.369000,70.0,100,55
11806,943,12,100,2024-10-21 05:27:58.369000,51.0,84,81
11807,943,13,100,2024-10-21 05:27:58.369000,57.0,100,53
11808,943,67,100,2024-10-21 05:27:58.369000,83.0,90,69
11809,943,189,100,2024-10-21 05:27:58.369000,96.0,88,78
11810,943,200,100,2024-10-21 05:27:58.369000,62.0,65,65
11811,943,93,100,2024-10-21 05:27:58.369000,85.0,69,59
11812,943,155,100,2024-10-21 05:27:58.369000,87.0,81,66
11813,943,60,100,2024-10-21 05:27:58.369000,95.0,92,89
11814,943,180,100,2024-10-21 05:27:58.369000,76.0,98,98
11815,943,53,100,2024-10-21 05:27:58.369000,74.0,63,54
11816,943,49,100,2024-10-21 05:27:58.369000,86.0,96,95
11817,944,166,100,2024-10-21 05:27:58.369000,78.0,95,92
11818,944,17,100,2024-10-21 05:27:58.369000,62.0,58,66
11819,944,12,100,2024-10-21 05:27:58.369000,89.0,66,91
11820,944,20,100,2024-10-21 05:27:58.369000,60.0,83,77
11821,944,13,100,2024-10-21 05:27:58.369000,53.0,69,91
11822,944,180,100,2024-10-21 05:27:58.369000,63.0,52,92
11823,944,60,100,2024-10-21 05:27:58.369000,59.0,51,63
11824,944,70,100,2024-10-21 05:27:58.369000,58.0,87,67
11825,944,48,100,2024-10-21 05:27:58.369000,69.0,99,58
11826,944,169,100,2024-10-21 05:27:58.369000,66.0,77,57
11827,945,17,100,2024-10-21 05:27:58.369000,61.0,62,99
11828,945,166,100,2024-10-21 05:27:58.369000,74.0,65,52
11829,945,12,100,2024-10-21 05:27:58.369000,67.0,100,92
11830,945,13,100,2024-10-21 05:27:58.369000,98.0,59,79
11831,945,148,100,2024-10-21 05:27:58.369000,93.0,85,82
11832,945,130,100,2024-10-21 05:27:58.369000,70.0,92,82
11833,945,24,100,2024-10-21 05:27:58.369000,55.0,81,73
11834,945,85,100,2024-10-21 05:27:58.369000,71.0,92,89
11835,945,163,100,2024-10-21 05:27:58.369000,97.0,62,93
11836,945,97,100,2024-10-21 05:27:58.369000,80.0,86,77
11837,945,156,100,2024-10-21 05:27:58.369000,100.0,62,63
11838,945,67,100,2024-10-21 05:27:58.369000,86.0,100,72
11839,945,84,100,2024-10-21 05:27:58.369000,69.0,100,55
11840,945,178,100,2024-10-21 05:27:58.369000,82.0,90,82
11841,945,149,100,2024-10-21 05:27:58.369000,87.0,56,68
11842,946,12,100,2024-10-21 05:27:58.369000,90.0,91,94
11843,946,20,100,2024-10-21 05:27:58.369000,67.0,58,85
11844,946,17,100,2024-10-21 05:27:58.369000,84.0,92,74
11845,946,166,100,2024-10-21 05:27:58.369000,50.0,95,77
11846,946,134,100,2024-10-21 05:27:58.369000,69.0,69,74
11847,946,124,100,2024-10-21 05:27:58.369000,58.0,52,55
11848,946,32,100,2024-10-21 05:27:58.369000,84.0,70,85
11849,946,165,100,2024-10-21 05:27:58.369000,96.0,84,95
11850,946,154,100,2024-10-21 05:27:58.369000,51.0,93,71
11851,946,91,100,2024-10-21 05:27:58.369000,89.0,56,66
11852,946,6,100,2024-10-21 05:27:58.369000,75.0,99,89
11853,946,121,100,2024-10-21 05:27:58.369000,59.0,80,81
11854,946,25,100,2024-10-21 05:27:58.369000,87.0,97,55
11855,946,73,100,2024-10-21 05:27:58.369000,93.0,92,52
11856,946,83,100,2024-10-21 05:27:58.369000,77.0,80,80
11857,947,13,100,2024-10-21 05:27:58.369000,66.0,97,67
11858,947,17,100,2024-10-21 05:27:58.369000,69.0,57,71
11859,947,20,100,2024-10-21 05:27:58.369000,84.0,76,90
11860,947,166,100,2024-10-21 05:27:58.369000,71.0,86,84
11861,947,12,100,2024-10-21 05:27:58.369000,58.0,65,92
11862,947,164,100,2024-10-21 05:27:58.369000,64.0,68,66
11863,947,100,100,2024-10-21 05:27:58.369000,59.0,58,63
11864,947,73,100,2024-10-21 05:27:58.369000,95.0,80,70
11865,947,155,100,2024-10-21 05:27:58.370000,55.0,75,53
11866,947,153,100,2024-10-21 05:27:58.370000,50.0,91,85
11867,947,78,100,2024-10-21 05:27:58.370000,85.0,75,71
11868,947,167,100,2024-10-21 05:27:58.370000,65.0,81,66
11869,947,90,100,2024-10-21 05:27:58.370000,64.0,55,65
11870,947,77,100,2024-10-21 05:27:58.370000,95.0,60,63
11871,948,13,100,2024-10-21 05:27:58.370000,64.0,68,78
11872,948,20,100,2024-10-21 05:27:58.370000,92.0,89,68
11873,948,17,100,2024-10-21 05:27:58.370000,85.0,97,87
11874,948,166,100,2024-10-21 05:27:58.370000,72.0,97,52
11875,948,12,100,2024-10-21 05:27:58.370000,58.0,73,84
11876,948,44,100,2024-10-21 05:27:58.370000,93.0,90,54
11877,948,85,100,2024-10-21 05:27:58.370000,53.0,57,69
11878,948,83,100,2024-10-21 05:27:58.370000,74.0,59,99
11879,948,15,100,2024-10-21 05:27:58.370000,57.0,52,61
11880,948,28,100,2024-10-21 05:27:58.370000,62.0,57,81
11881,948,156,100,2024-10-21 05:27:58.370000,59.0,69,93
11882,948,87,100,2024-10-21 05:27:58.370000,90.0,63,55
11883,948,169,100,2024-10-21 05:27:58.370000,84.0,90,53
11884,949,12,100,2024-10-21 05:27:58.370000,82.0,81,88
11885,949,166,100,2024-10-21 05:27:58.370000,80.0,55,50
11886,949,20,100,2024-10-21 05:27:58.370000,72.0,53,94
11887,949,17,100,2024-10-21 05:27:58.370000,62.0,65,77
11888,949,13,100,2024-10-21 05:27:58.370000,82.0,88,84
11889,949,138,100,2024-10-21 05:27:58.370000,78.0,60,54
11890,949,145,100,2024-10-21 05:27:58.370000,78.0,77,74
11891,949,179,100,2024-10-21 05:27:58.370000,65.0,86,91
11892,949,45,100,2024-10-21 05:27:58.370000,65.0,78,56
11893,949,86,100,2024-10-21 05:27:58.370000,97.0,50,79
11894,949,50,100,2024-10-21 05:27:58.370000,74.0,87,64
11895,949,170,100,2024-10-21 05:27:58.370000,76.0,64,99
11896,949,135,100,2024-10-21 05:27:58.370000,99.0,64,71
11897,950,20,100,2024-10-21 05:27:58.370000,71.0,80,61
11898,950,166,100,2024-10-21 05:27:58.370000,64.0,89,100
11899,950,17,100,2024-10-21 05:27:58.370000,91.0,59,80
11900,950,12,100,2024-10-21 05:27:58.370000,85.0,87,99
11901,950,13,100,2024-10-21 05:27:58.370000,61.0,76,91
11902,950,183,100,2024-10-21 05:27:58.370000,70.0,90,82
11903,950,87,100,2024-10-21 05:27:58.370000,93.0,64,74
11904,950,109,100,2024-10-21 05:27:58.370000,57.0,57,67
11905,950,165,100,2024-10-21 05:27:58.370000,84.0,72,66
11906,950,152,100,2024-10-21 05:27:58.370000,89.0,77,74
11907,950,193,100,2024-10-21 05:27:58.370000,80.0,66,68
11908,950,86,100,2024-10-21 05:27:58.370000,56.0,93,71
11909,950,48,100,2024-10-21 05:27:58.370000,65.0,91,52
11910,950,102,100,2024-10-21 05:27:58.370000,56.0,85,50
11911,950,134,100,2024-10-21 05:27:58.370000,87.0,69,91
11912,951,166,100,2024-10-21 05:27:58.370000,77.0,65,98
11913,951,12,100,2024-10-21 05:27:58.370000,86.0,69,81
11914,951,20,100,2024-10-21 05:27:58.370000,92.0,55,53
11915,951,17,100,2024-10-21 05:27:58.370000,51.0,75,84
11916,951,13,100,2024-10-21 05:27:58.370000,80.0,75,60
11917,951,199,100,2024-10-21 05:27:58.370000,84.0,61,97
11918,951,14,100,2024-10-21 05:27:58.370000,75.0,77,93
11919,951,184,100,2024-10-21 05:27:58.370000,67.0,56,62
11920,951,44,100,2024-10-21 05:27:58.370000,64.0,74,87
11921,951,24,100,2024-10-21 05:27:58.370000,72.0,79,74
11922,951,174,100,2024-10-21 05:27:58.370000,59.0,96,92
11923,951,186,100,2024-10-21 05:27:58.370000,82.0,93,64
11924,951,42,100,2024-10-21 05:27:58.370000,74.0,58,77
11925,951,70,100,2024-10-21 05:27:58.370000,88.0,65,66
11926,951,51,100,2024-10-21 05:27:58.370000,64.0,58,61
11927,952,166,100,2024-10-21 05:27:58.370000,70.0,92,97
11928,952,20,100,2024-10-21 05:27:58.370000,97.0,74,71
11929,952,12,100,2024-10-21 05:27:58.370000,88.0,68,99
11930,952,13,100,2024-10-21 05:27:58.370000,82.0,97,59
11931,952,17,100,2024-10-21 05:27:58.370000,86.0,83,95
11932,952,188,100,2024-10-21 05:27:58.370000,79.0,95,79
11933,952,162,100,2024-10-21 05:27:58.370000,95.0,76,90
11934,952,147,100,2024-10-21 05:27:58.370000,50.0,80,89
11935,952,7,100,2024-10-21 05:27:58.370000,81.0,60,89
11936,952,133,100,2024-10-21 05:27:58.370000,61.0,88,66
11937,952,173,100,2024-10-21 05:27:58.370000,75.0,90,95
11938,953,17,100,2024-10-21 05:27:58.370000,97.0,61,93
11939,953,166,100,2024-10-21 05:27:58.370000,81.0,93,74
11940,953,20,100,2024-10-21 05:27:58.370000,54.0,79,71
11941,953,13,100,2024-10-21 05:27:58.370000,66.0,88,90
11942,953,12,100,2024-10-21 05:27:58.370000,94.0,78,93
11943,953,178,100,2024-10-21 05:27:58.370000,67.0,68,86
11944,953,8,100,2024-10-21 05:27:58.370000,74.0,64,51
11945,953,146,100,2024-10-21 05:27:58.370000,100.0,81,76
11946,953,100,100,2024-10-21 05:27:58.370000,53.0,79,86
11947,953,39,100,2024-10-21 05:27:58.370000,65.0,85,62
11948,953,185,100,2024-10-21 05:27:58.370000,90.0,57,78
11949,953,72,100,2024-10-21 05:27:58.370000,56.0,78,99
11950,954,20,100,2024-10-21 05:27:58.370000,94.0,51,100
11951,954,13,100,2024-10-21 05:27:58.370000,90.0,65,75
11952,954,12,100,2024-10-21 05:27:58.370000,56.0,52,67
11953,954,17,100,2024-10-21 05:27:58.370000,72.0,76,59
11954,954,166,100,2024-10-21 05:27:58.370000,91.0,95,96
11955,954,174,100,2024-10-21 05:27:58.370000,54.0,55,99
11956,954,151,100,2024-10-21 05:27:58.370000,92.0,83,91
11957,954,113,100,2024-10-21 05:27:58.370000,78.0,55,88
11958,954,180,100,2024-10-21 05:27:58.370000,56.0,82,95
11959,954,101,100,2024-10-21 05:27:58.370000,64.0,82,68
11960,954,150,100,2024-10-21 05:27:58.370000,61.0,53,53
11961,954,26,100,2024-10-21 05:27:58.370000,91.0,86,63
11962,954,55,100,2024-10-21 05:27:58.370000,51.0,90,59
11963,954,89,100,2024-10-21 05:27:58.370000,87.0,91,56
11964,954,31,100,2024-10-21 05:27:58.370000,89.0,94,84
11965,955,13,100,2024-10-21 05:27:58.370000,50.0,84,94
11966,955,12,100,2024-10-21 05:27:58.370000,67.0,61,89
11967,955,17,100,2024-10-21 05:27:58.370000,82.0,92,50
11968,955,166,100,2024-10-21 05:27:58.370000,55.0,99,97
11969,955,20,100,2024-10-21 05:27:58.370000,51.0,97,68
11970,955,118,100,2024-10-21 05:27:58.370000,73.0,78,69
11971,955,117,100,2024-10-21 05:27:58.370000,55.0,86,76
11972,955,73,100,2024-10-21 05:27:58.370000,59.0,96,83
11973,955,55,100,2024-10-21 05:27:58.370000,71.0,50,57
11974,955,160,100,2024-10-21 05:27:58.370000,71.0,73,88
11975,955,199,100,2024-10-21 05:27:58.370000,62.0,95,63
11976,955,11,100,2024-10-21 05:27:58.370000,83.0,79,87
11977,955,66,100,2024-10-21 05:27:58.370000,85.0,69,62
11978,956,12,100,2024-10-21 05:27:58.370000,69.0,52,71
11979,956,17,100,2024-10-21 05:27:58.370000,77.0,92,99
11980,956,20,100,2024-10-21 05:27:58.370000,94.0,77,60
11981,956,13,100,2024-10-21 05:27:58.370000,64.0,94,81
11982,956,38,100,2024-10-21 05:27:58.370000,82.0,97,91
11983,956,79,100,2024-10-21 05:27:58.370000,61.0,61,95
11984,956,58,100,2024-10-21 05:27:58.370000,62.0,68,79
11985,956,186,100,2024-10-21 05:27:58.370000,89.0,58,71
11986,956,41,100,2024-10-21 05:27:58.370000,57.0,64,68
11987,956,174,100,2024-10-21 05:27:58.370000,67.0,92,77
11988,956,160,100,2024-10-21 05:27:58.370000,80.0,55,90
11989,956,180,100,2024-10-21 05:27:58.370000,61.0,75,82
11990,956,176,100,2024-10-21 05:27:58.370000,89.0,58,62
11991,957,20,100,2024-10-21 05:27:58.370000,94.0,53,70
11992,957,166,100,2024-10-21 05:27:58.370000,85.0,85,98
11993,957,13,100,2024-10-21 05:27:58.370000,84.0,94,64
11994,957,12,100,2024-10-21 05:27:58.370000,67.0,57,66
11995,957,39,100,2024-10-21 05:27:58.370000,83.0,69,77
11996,957,68,100,2024-10-21 05:27:58.370000,81.0,69,62
11997,957,168,100,2024-10-21 05:27:58.370000,88.0,84,68
11998,957,56,100,2024-10-21 05:27:58.370000,79.0,73,98
11999,957,46,100,2024-10-21 05:27:58.370000,87.0,57,84
12000,957,43,100,2024-10-21 05:27:58.370000,70.0,52,72
12001,957,132,100,2024-10-21 05:27:58.370000,83.0,80,51
12002,957,142,100,2024-10-21 05:27:58.370000,74.0,95,66
12003,957,28,100,2024-10-21 05:27:58.370000,89.0,86,55
12004,958,13,100,2024-10-21 05:27:58.370000,91.0,95,100
12005,958,166,100,2024-10-21 05:27:58.370000,66.0,70,95
12006,958,20,100,2024-10-21 05:27:58.370000,85.0,75,78
12007,958,17,100,2024-10-21 05:27:58.370000,99.0,66,84
12008,958,12,100,2024-10-21 05:27:58.370000,81.0,91,57
12009,958,141,100,2024-10-21 05:27:58.370000,100.0,79,87
12010,958,43,100,2024-10-21 05:27:58.370000,82.0,88,86
12011,958,69,100,2024-10-21 05:27:58.370000,73.0,72,71
12012,958,4,100,2024-10-21 05:27:58.370000,72.0,69,84
12013,958,167,100,2024-10-21 05:27:58.370000,72.0,51,67
12014,958,27,100,2024-10-21 05:27:58.370000,56.0,79,80
12015,958,139,100,2024-10-21 05:27:58.370000,84.0,81,59
12016,959,12,100,2024-10-21 05:27:58.370000,65.0,81,58
12017,959,13,100,2024-10-21 05:27:58.370000,85.0,99,71
12018,959,17,100,2024-10-21 05:27:58.370000,51.0,87,71
12019,959,20,100,2024-10-21 05:27:58.370000,63.0,54,71
12020,959,166,100,2024-10-21 05:27:58.370000,58.0,76,52
12021,959,174,100,2024-10-21 05:27:58.370000,60.0,62,87
12022,959,98,100,2024-10-21 05:27:58.370000,55.0,93,54
12023,959,167,100,2024-10-21 05:27:58.370000,57.0,75,85
12024,959,48,100,2024-10-21 05:27:58.370000,85.0,81,89
12025,959,170,100,2024-10-21 05:27:58.370000,51.0,54,86
12026,959,72,100,2024-10-21 05:27:58.370000,83.0,52,59
12027,959,194,100,2024-10-21 05:27:58.370000,63.0,91,52
12028,959,171,100,2024-10-21 05:27:58.370000,70.0,97,88
12029,959,93,100,2024-10-21 05:27:58.370000,50.0,60,91
12030,960,17,100,2024-10-21 05:27:58.371000,96.0,93,87
12031,960,20,100,2024-10-21 05:27:58.371000,73.0,95,93
12032,960,166,100,2024-10-21 05:27:58.371000,59.0,62,86
12033,960,12,100,2024-10-21 05:27:58.371000,52.0,71,50
12034,960,13,100,2024-10-21 05:27:58.371000,52.0,60,94
12035,960,134,100,2024-10-21 05:27:58.371000,81.0,97,95
12036,960,78,100,2024-10-21 05:27:58.371000,85.0,91,69
12037,960,197,100,2024-10-21 05:27:58.371000,56.0,75,92
12038,960,144,100,2024-10-21 05:27:58.371000,100.0,87,100
12039,960,164,100,2024-10-21 05:27:58.371000,87.0,66,84
12040,960,177,100,2024-10-21 05:27:58.371000,93.0,80,74
12041,960,72,100,2024-10-21 05:27:58.371000,62.0,61,97
12042,960,68,100,2024-10-21 05:27:58.371000,83.0,54,78
12043,961,12,100,2024-10-21 05:27:58.371000,50.0,85,87
12044,961,13,100,2024-10-21 05:27:58.371000,98.0,97,82
12045,961,17,100,2024-10-21 05:27:58.371000,65.0,93,84
12046,961,20,100,2024-10-21 05:27:58.371000,59.0,62,93
12047,961,166,100,2024-10-21 05:27:58.371000,95.0,99,63
12048,961,118,100,2024-10-21 05:27:58.371000,75.0,73,75
12049,961,85,100,2024-10-21 05:27:58.371000,96.0,97,77
12050,961,27,100,2024-10-21 05:27:58.371000,57.0,55,52
12051,961,178,100,2024-10-21 05:27:58.371000,78.0,71,95
12052,961,99,100,2024-10-21 05:27:58.371000,51.0,81,74
12053,961,160,100,2024-10-21 05:27:58.371000,98.0,73,60
12054,961,195,100,2024-10-21 05:27:58.371000,71.0,72,85
12055,962,166,100,2024-10-21 05:27:58.371000,79.0,81,70
12056,962,20,100,2024-10-21 05:27:58.371000,82.0,86,81
12057,962,17,100,2024-10-21 05:27:58.371000,58.0,69,93
12058,962,12,100,2024-10-21 05:27:58.371000,85.0,76,91
12059,962,13,100,2024-10-21 05:27:58.371000,87.0,57,94
12060,962,98,100,2024-10-21 05:27:58.371000,99.0,53,65
12061,962,170,100,2024-10-21 05:27:58.371000,68.0,70,88
12062,962,68,100,2024-10-21 05:27:58.371000,52.0,64,66
12063,962,163,100,2024-10-21 05:27:58.371000,54.0,79,58
12064,962,3,100,2024-10-21 05:27:58.371000,71.0,53,82
12065,963,20,100,2024-10-21 05:27:58.371000,73.0,90,54
12066,963,166,100,2024-10-21 05:27:58.371000,89.0,96,69
12067,963,12,100,2024-10-21 05:27:58.371000,77.0,67,80
12068,963,13,100,2024-10-21 05:27:58.371000,65.0,65,79
12069,963,17,100,2024-10-21 05:27:58.371000,56.0,64,95
12070,963,85,100,2024-10-21 05:27:58.371000,60.0,52,57
12071,963,97,100,2024-10-21 05:27:58.371000,81.0,94,97
12072,963,183,100,2024-10-21 05:27:58.371000,68.0,56,66
12073,963,95,100,2024-10-21 05:27:58.371000,84.0,89,53
12074,963,87,100,2024-10-21 05:27:58.371000,52.0,80,73
12075,963,131,100,2024-10-21 05:27:58.371000,51.0,52,69
12076,964,17,100,2024-10-21 05:27:58.371000,92.0,100,68
12077,964,12,100,2024-10-21 05:27:58.371000,94.0,85,82
12078,964,13,100,2024-10-21 05:27:58.371000,67.0,74,57
12079,964,166,100,2024-10-21 05:27:58.371000,69.0,67,83
12080,964,20,100,2024-10-21 05:27:58.371000,81.0,68,82
12081,964,58,100,2024-10-21 05:27:58.371000,95.0,91,78
12082,964,46,100,2024-10-21 05:27:58.371000,79.0,60,88
12083,964,2,100,2024-10-21 05:27:58.371000,74.0,51,76
12084,964,59,100,2024-10-21 05:27:58.371000,93.0,82,97
12085,964,32,100,2024-10-21 05:27:58.371000,67.0,68,73
12086,964,113,100,2024-10-21 05:27:58.371000,97.0,54,82
12087,964,185,100,2024-10-21 05:27:58.371000,83.0,88,54
12088,964,67,100,2024-10-21 05:27:58.371000,62.0,78,63
12089,965,13,100,2024-10-21 05:27:58.371000,61.0,57,96
12090,965,12,100,2024-10-21 05:27:58.371000,55.0,64,92
12091,965,166,100,2024-10-21 05:27:58.371000,60.0,55,84
12092,965,17,100,2024-10-21 05:27:58.371000,100.0,89,99
12093,965,20,100,2024-10-21 05:27:58.371000,52.0,50,80
12094,965,58,100,2024-10-21 05:27:58.371000,74.0,78,95
12095,965,63,100,2024-10-21 05:27:58.371000,62.0,52,61
12096,965,172,100,2024-10-21 05:27:58.371000,51.0,62,85
12097,965,113,100,2024-10-21 05:27:58.371000,82.0,55,62
12098,965,197,100,2024-10-21 05:27:58.371000,96.0,57,75
12099,965,178,100,2024-10-21 05:27:58.371000,69.0,63,61
12100,966,20,100,2024-10-21 05:27:58.371000,51.0,58,92
12101,966,17,100,2024-10-21 05:27:58.371000,79.0,57,69
12102,966,166,100,2024-10-21 05:27:58.371000,67.0,55,67
12103,966,13,100,2024-10-21 05:27:58.371000,51.0,55,66
12104,966,12,100,2024-10-21 05:27:58.371000,77.0,53,89
12105,966,16,100,2024-10-21 05:27:58.371000,79.0,70,83
12106,966,3,100,2024-10-21 05:27:58.371000,70.0,52,99
12107,966,48,100,2024-10-21 05:27:58.371000,62.0,87,99
12108,966,56,100,2024-10-21 05:27:58.371000,92.0,56,95
12109,966,24,100,2024-10-21 05:27:58.371000,85.0,91,81
12110,967,12,100,2024-10-21 05:27:58.371000,65.0,61,71
12111,967,166,100,2024-10-21 05:27:58.371000,73.0,91,64
12112,967,20,100,2024-10-21 05:27:58.371000,92.0,52,93
12113,967,17,100,2024-10-21 05:27:58.371000,58.0,61,97
12114,967,54,100,2024-10-21 05:27:58.371000,56.0,87,50
12115,967,37,100,2024-10-21 05:27:58.371000,58.0,61,59
12116,967,13,100,2024-10-21 05:27:58.371000,54.0,51,55
12117,967,8,100,2024-10-21 05:27:58.371000,77.0,84,56
12118,967,88,100,2024-10-21 05:27:58.371000,91.0,87,57
12119,967,175,100,2024-10-21 05:27:58.371000,82.0,87,86
12120,968,17,100,2024-10-21 05:27:58.371000,88.0,79,84
12121,968,166,100,2024-10-21 05:27:58.371000,95.0,69,70
12122,968,20,100,2024-10-21 05:27:58.371000,84.0,87,50
12123,968,12,100,2024-10-21 05:27:58.371000,90.0,83,68
12124,968,13,100,2024-10-21 05:27:58.371000,65.0,93,100
12125,968,93,100,2024-10-21 05:27:58.371000,93.0,72,70
12126,968,18,100,2024-10-21 05:27:58.371000,71.0,82,96
12127,968,49,100,2024-10-21 05:27:58.371000,99.0,62,64
12128,968,53,100,2024-10-21 05:27:58.371000,56.0,87,85
12129,968,145,100,2024-10-21 05:27:58.371000,65.0,99,88
12130,968,130,100,2024-10-21 05:27:58.371000,89.0,99,85
12131,968,70,100,2024-10-21 05:27:58.371000,71.0,84,86
12132,968,189,100,2024-10-21 05:27:58.371000,86.0,59,58
12133,968,122,100,2024-10-21 05:27:58.371000,76.0,76,76
12134,968,72,100,2024-10-21 05:27:58.371000,53.0,79,87
12135,969,20,100,2024-10-21 05:27:58.371000,54.0,55,90
12136,969,12,100,2024-10-21 05:27:58.371000,64.0,96,58
12137,969,17,100,2024-10-21 05:27:58.371000,73.0,53,68
12138,969,13,100,2024-10-21 05:27:58.371000,81.0,54,67
12139,969,166,100,2024-10-21 05:27:58.371000,84.0,68,75
12140,969,110,100,2024-10-21 05:27:58.371000,58.0,50,85
12141,969,135,100,2024-10-21 05:27:58.371000,86.0,73,79
12142,969,152,100,2024-10-21 05:27:58.371000,77.0,76,70
12143,969,142,100,2024-10-21 05:27:58.371000,85.0,90,85
12144,969,48,100,2024-10-21 05:27:58.371000,89.0,81,93
12145,969,5,100,2024-10-21 05:27:58.371000,64.0,86,98
12146,969,37,100,2024-10-21 05:27:58.371000,63.0,95,52
12147,970,20,100,2024-10-21 05:27:58.371000,71.0,77,64
12148,970,12,100,2024-10-21 05:27:58.371000,70.0,93,87
12149,970,13,100,2024-10-21 05:27:58.371000,75.0,98,89
12150,970,17,100,2024-10-21 05:27:58.371000,100.0,86,79
12151,970,166,100,2024-10-21 05:27:58.371000,61.0,77,77
12152,970,179,100,2024-10-21 05:27:58.371000,50.0,61,94
12153,970,39,100,2024-10-21 05:27:58.371000,83.0,55,67
12154,970,173,100,2024-10-21 05:27:58.371000,60.0,100,97
12155,970,53,100,2024-10-21 05:27:58.371000,66.0,100,51
12156,970,41,100,2024-10-21 05:27:58.371000,97.0,99,52
12157,970,27,100,2024-10-21 05:27:58.371000,90.0,66,92
12158,971,166,100,2024-10-21 05:27:58.371000,68.0,53,72
12159,971,12,100,2024-10-21 05:27:58.371000,97.0,92,54
12160,971,17,100,2024-10-21 05:27:58.371000,82.0,83,74
12161,971,20,100,2024-10-21 05:27:58.371000,73.0,60,79
12162,971,13,100,2024-10-21 05:27:58.371000,94.0,80,51
12163,971,50,100,2024-10-21 05:27:58.371000,80.0,64,76
12164,971,154,100,2024-10-21 05:27:58.371000,50.0,81,53
12165,971,67,100,2024-10-21 05:27:58.371000,84.0,97,77
12166,971,96,100,2024-10-21 05:27:58.371000,56.0,91,51
12167,971,48,100,2024-10-21 05:27:58.371000,79.0,78,96
12168,971,83,100,2024-10-21 05:27:58.371000,95.0,99,59
12169,971,186,100,2024-10-21 05:27:58.371000,60.0,95,97
12170,971,55,100,2024-10-21 05:27:58.371000,83.0,93,59
12171,972,166,100,2024-10-21 05:27:58.371000,62.0,60,51
12172,972,13,100,2024-10-21 05:27:58.371000,78.0,88,86
12173,972,20,100,2024-10-21 05:27:58.371000,58.0,99,64
12174,972,12,100,2024-10-21 05:27:58.371000,60.0,59,69
12175,972,17,100,2024-10-21 05:27:58.371000,98.0,82,78
12176,972,197,100,2024-10-21 05:27:58.371000,82.0,60,65
12177,972,140,100,2024-10-21 05:27:58.371000,54.0,88,78
12178,972,6,100,2024-10-21 05:27:58.371000,86.0,56,71
12179,972,85,100,2024-10-21 05:27:58.371000,67.0,70,87
12180,972,32,100,2024-10-21 05:27:58.371000,85.0,96,76
12181,972,119,100,2024-10-21 05:27:58.371000,100.0,94,74
12182,972,80,100,2024-10-21 05:27:58.371000,74.0,63,58
12183,972,194,100,2024-10-21 05:27:58.371000,73.0,90,86
12184,973,13,100,2024-10-21 05:27:58.371000,85.0,85,70
12185,973,20,100,2024-10-21 05:27:58.371000,78.0,52,63
12186,973,12,100,2024-10-21 05:27:58.371000,92.0,97,53
12187,973,17,100,2024-10-21 05:27:58.371000,72.0,51,91
12188,973,166,100,2024-10-21 05:27:58.371000,89.0,69,99
12189,973,124,100,2024-10-21 05:27:58.371000,87.0,98,68
12190,973,16,100,2024-10-21 05:27:58.371000,71.0,89,55
12191,973,183,100,2024-10-21 05:27:58.371000,71.0,80,92
12192,973,112,100,2024-10-21 05:27:58.371000,55.0,90,78
12193,973,140,100,2024-10-21 05:27:58.371000,86.0,92,91
12194,973,68,100,2024-10-21 05:27:58.371000,96.0,52,67
12195,973,79,100,2024-10-21 05:27:58.371000,86.0,60,55
12196,973,136,100,2024-10-21 05:27:58.371000,54.0,76,94
12197,974,17,100,2024-10-21 05:27:58.371000,85.0,68,53
12198,974,166,100,2024-10-21 05:27:58.371000,51.0,53,61
12199,974,20,100,2024-10-21 05:27:58.371000,95.0,99,74
12200,974,13,100,2024-10-21 05:27:58.371000,94.0,94,56
12201,974,12,100,2024-10-21 05:27:58.371000,51.0,57,71
12202,974,47,100,2024-10-21 05:27:58.371000,60.0,83,94
12203,974,66,100,2024-10-21 05:27:58.371000,73.0,54,59
12204,974,139,100,2024-10-21 05:27:58.371000,98.0,54,81
12205,974,45,100,2024-10-21 05:27:58.371000,92.0,55,72
12206,974,167,100,2024-10-21 05:27:58.371000,59.0,76,57
12207,974,46,100,2024-10-21 05:27:58.371000,88.0,68,86
12208,974,123,100,2024-10-21 05:27:58.371000,50.0,95,88
12209,974,165,100,2024-10-21 05:27:58.371000,81.0,91,59
12210,974,23,100,2024-10-21 05:27:58.371000,70.0,94,90
12211,975,20,100,2024-10-21 05:27:58.371000,71.0,68,83
12212,975,17,100,2024-10-21 05:27:58.371000,75.0,93,97
12213,975,166,100,2024-10-21 05:27:58.371000,79.0,50,72
12214,975,13,100,2024-10-21 05:27:58.371000,54.0,64,99
12215,975,12,100,2024-10-21 05:27:58.371000,53.0,65,68
12216,975,182,100,2024-10-21 05:27:58.371000,90.0,68,60
12217,975,31,100,2024-10-21 05:27:58.371000,80.0,93,88
12218,975,196,100,2024-10-21 05:27:58.371000,71.0,97,66
12219,975,148,100,2024-10-21 05:27:58.371000,92.0,75,91
12220,975,131,100,2024-10-21 05:27:58.371000,61.0,100,77
12221,975,117,100,2024-10-21 05:27:58.371000,87.0,84,56
12222,975,96,100,2024-10-21 05:27:58.371000,51.0,63,63
12223,975,40,100,2024-10-21 05:27:58.371000,79.0,56,77
12224,975,142,100,2024-10-21 05:27:58.371000,67.0,72,100
12225,976,17,100,2024-10-21 05:27:58.371000,57.0,98,51
12226,976,166,100,2024-10-21 05:27:58.371000,84.0,69,79
12227,976,13,100,2024-10-21 05:27:58.371000,76.0,99,86
12228,976,12,100,2024-10-21 05:27:58.371000,74.0,52,66
12229,976,20,100,2024-10-21 05:27:58.371000,57.0,87,51
12230,976,117,100,2024-10-21 05:27:58.371000,97.0,93,59
12231,976,132,100,2024-10-21 05:27:58.371000,63.0,85,76
12232,976,87,100,2024-10-21 05:27:58.371000,97.0,63,92
12233,976,139,100,2024-10-21 05:27:58.371000,52.0,67,75
12234,976,68,100,2024-10-21 05:27:58.371000,78.0,87,80
12235,976,74,100,2024-10-21 05:27:58.371000,71.0,51,76
12236,976,169,100,2024-10-21 05:27:58.371000,76.0,51,89
12237,976,89,100,2024-10-21 05:27:58.371000,78.0,51,76
12238,976,60,100,2024-10-21 05:27:58.371000,81.0,58,77
12239,976,76,100,2024-10-21 05:27:58.371000,98.0,91,60
12240,977,12,100,2024-10-21 05:27:58.371000,69.0,72,87
12241,977,13,100,2024-10-21 05:27:58.371000,78.0,94,69
12242,977,17,100,2024-10-21 05:27:58.371000,78.0,59,92
12243,977,20,100,2024-10-21 05:27:58.371000,83.0,80,66
12244,977,166,100,2024-10-21 05:27:58.371000,82.0,51,88
12245,977,142,100,2024-10-21 05:27:58.371000,64.0,61,75
12246,977,193,100,2024-10-21 05:27:58.371000,56.0,52,94
12247,977,129,100,2024-10-21 05:27:58.371000,50.0,53,86
12248,977,85,100,2024-10-21 05:27:58.371000,79.0,58,91
12249,977,75,100,2024-10-21 05:27:58.371000,79.0,63,67
12250,977,190,100,2024-10-21 05:27:58.371000,68.0,60,85
12251,978,12,100,2024-10-21 05:27:58.371000,89.0,63,68
12252,978,13,100,2024-10-21 05:27:58.371000,94.0,61,67
12253,978,20,100,2024-10-21 05:27:58.371000,93.0,95,57
12254,978,166,100,2024-10-21 05:27:58.371000,67.0,54,65
12255,978,150,100,2024-10-21 05:27:58.371000,51.0,59,81
12256,978,139,100,2024-10-21 05:27:58.371000,84.0,77,53
12257,978,50,100,2024-10-21 05:27:58.371000,93.0,64,92
12258,978,18,100,2024-10-21 05:27:58.371000,86.0,73,54
12259,978,138,100,2024-10-21 05:27:58.371000,51.0,74,89
12260,978,101,100,2024-10-21 05:27:58.371000,55.0,65,96
12261,978,178,100,2024-10-21 05:27:58.371000,84.0,78,69
12262,978,105,100,2024-10-21 05:27:58.371000,52.0,71,86
12263,978,61,100,2024-10-21 05:27:58.371000,64.0,84,52
12264,978,183,100,2024-10-21 05:27:58.371000,99.0,71,54
12265,979,12,100,2024-10-21 05:27:58.371000,63.0,74,99
12266,979,20,100,2024-10-21 05:27:58.371000,79.0,81,82
12267,979,17,100,2024-10-21 05:27:58.371000,98.0,100,57
12268,979,166,100,2024-10-21 05:27:58.371000,78.0,93,96
12269,979,13,100,2024-10-21 05:27:58.371000,83.0,60,84
12270,979,174,100,2024-10-21 05:27:58.371000,85.0,79,72
12271,979,10,100,2024-10-21 05:27:58.371000,88.0,59,100
12272,979,128,100,2024-10-21 05:27:58.371000,79.0,75,96
12273,979,134,100,2024-10-21 05:27:58.371000,90.0,86,57
12274,979,58,100,2024-10-21 05:27:58.371000,54.0,58,77
12275,979,142,100,2024-10-21 05:27:58.371000,95.0,59,61
12276,980,17,100,2024-10-21 05:27:58.371000,53.0,97,69
12277,980,166,100,2024-10-21 05:27:58.371000,85.0,71,91
12278,980,20,100,2024-10-21 05:27:58.371000,66.0,68,68
12279,980,12,100,2024-10-21 05:27:58.371000,57.0,59,84
12280,980,13,100,2024-10-21 05:27:58.371000,51.0,86,82
12281,980,49,100,2024-10-21 05:27:58.371000,97.0,55,58
12282,980,39,100,2024-10-21 05:27:58.371000,50.0,89,60
12283,980,127,100,2024-10-21 05:27:58.371000,80.0,82,67
12284,980,71,100,2024-10-21 05:27:58.371000,86.0,97,78
12285,980,57,100,2024-10-21 05:27:58.371000,84.0,82,98
12286,980,157,100,2024-10-21 05:27:58.371000,60.0,74,87
12287,980,28,100,2024-10-21 05:27:58.371000,52.0,62,83
12288,981,20,100,2024-10-21 05:27:58.371000,77.0,60,94
12289,981,17,100,2024-10-21 05:27:58.371000,56.0,77,59
12290,981,166,100,2024-10-21 05:27:58.371000,71.0,77,54
12291,981,12,100,2024-10-21 05:27:58.371000,90.0,60,91
12292,981,13,100,2024-10-21 05:27:58.371000,89.0,76,59
12293,981,44,100,2024-10-21 05:27:58.371000,72.0,66,78
12294,981,52,100,2024-10-21 05:27:58.371000,76.0,78,91
12295,981,142,100,2024-10-21 05:27:58.371000,68.0,55,76
12296,981,122,100,2024-10-21 05:27:58.371000,69.0,65,58
12297,981,161,100,2024-10-21 05:27:58.371000,82.0,66,83
12298,981,171,100,2024-10-21 05:27:58.371000,72.0,59,97
12299,981,80,100,2024-10-21 05:27:58.371000,73.0,94,79
12300,981,78,100,2024-10-21 05:27:58.371000,66.0,98,78
12301,981,146,100,2024-10-21 05:27:58.371000,63.0,64,63
12302,982,13,100,2024-10-21 05:27:58.371000,93.0,100,94
12303,982,12,100,2024-10-21 05:27:58.371000,67.0,76,61
12304,982,20,100,2024-10-21 05:27:58.371000,57.0,73,64
12305,982,17,100,2024-10-21 05:27:58.371000,54.0,77,78
12306,982,166,100,2024-10-21 05:27:58.371000,56.0,91,93
12307,982,42,100,2024-10-21 05:27:58.371000,61.0,64,96
12308,982,29,100,2024-10-21 05:27:58.371000,51.0,62,95
12309,982,104,100,2024-10-21 05:27:58.371000,98.0,53,95
12310,982,67,100,2024-10-21 05:27:58.371000,52.0,59,74
12311,982,8,100,2024-10-21 05:27:58.371000,76.0,62,72
12312,982,101,100,2024-10-21 05:27:58.371000,77.0,57,95
12313,982,145,100,2024-10-21 05:27:58.371000,69.0,62,77
12314,983,13,100,2024-10-21 05:27:58.371000,100.0,92,66
12315,983,20,100,2024-10-21 05:27:58.371000,64.0,86,96
12316,983,17,100,2024-10-21 05:27:58.371000,59.0,58,59
12317,983,12,100,2024-10-21 05:27:58.371000,52.0,99,77
12318,983,166,100,2024-10-21 05:27:58.371000,92.0,61,90
12319,983,102,100,2024-10-21 05:27:58.371000,84.0,94,93
12320,983,181,100,2024-10-21 05:27:58.371000,77.0,55,93
12321,983,67,100,2024-10-21 05:27:58.371000,64.0,50,91
12322,983,96,100,2024-10-21 05:27:58.371000,77.0,69,64
12323,983,147,100,2024-10-21 05:27:58.371000,90.0,82,100
12324,983,121,100,2024-10-21 05:27:58.371000,81.0,67,77
12325,984,13,100,2024-10-21 05:27:58.371000,95.0,55,59
12326,984,17,100,2024-10-21 05:27:58.371000,72.0,72,97
12327,984,12,100,2024-10-21 05:27:58.371000,57.0,68,72
12328,984,20,100,2024-10-21 05:27:58.371000,80.0,50,100
12329,984,166,100,2024-10-21 05:27:58.371000,73.0,75,90
12330,984,96,100,2024-10-21 05:27:58.371000,93.0,89,58
12331,984,184,100,2024-10-21 05:27:58.371000,84.0,78,85
12332,984,198,100,2024-10-21 05:27:58.371000,83.0,77,72
12333,984,6,100,2024-10-21 05:27:58.371000,53.0,75,86
12334,984,87,100,2024-10-21 05:27:58.371000,75.0,98,71
12335,984,83,100,2024-10-21 05:27:58.371000,56.0,74,52
12336,984,186,100,2024-10-21 05:27:58.371000,65.0,69,76
12337,984,175,100,2024-10-21 05:27:58.371000,91.0,86,84
12338,984,33,100,2024-10-21 05:27:58.371000,62.0,99,73
12339,985,13,100,2024-10-21 05:27:58.371000,93.0,78,58
12340,985,12,100,2024-10-21 05:27:58.371000,60.0,54,74
12341,985,17,100,2024-10-21 05:27:58.371000,51.0,54,98
12342,985,20,100,2024-10-21 05:27:58.371000,50.0,64,73
12343,985,166,100,2024-10-21 05:27:58.371000,92.0,70,78
12344,985,197,100,2024-10-21 05:27:58.371000,72.0,60,89
12345,985,170,100,2024-10-21 05:27:58.371000,100.0,79,73
12346,985,191,100,2024-10-21 05:27:58.371000,50.0,97,60
12347,985,57,100,2024-10-21 05:27:58.371000,92.0,83,95
12348,985,160,100,2024-10-21 05:27:58.371000,67.0,53,87
12349,985,102,100,2024-10-21 05:27:58.371000,76.0,88,50
12350,985,51,100,2024-10-21 05:27:58.371000,57.0,67,60
12351,985,38,100,2024-10-21 05:27:58.371000,91.0,54,95
12352,985,176,100,2024-10-21 05:27:58.371000,50.0,69,55
12353,986,12,100,2024-10-21 05:27:58.373000,57.0,74,97
12354,986,20,100,2024-10-21 05:27:58.373000,79.0,89,53
12355,986,17,100,2024-10-21 05:27:58.373000,62.0,68,55
12356,986,13,100,2024-10-21 05:27:58.373000,87.0,68,82
12357,986,166,100,2024-10-21 05:27:58.373000,85.0,52,76
12358,986,138,100,2024-10-21 05:27:58.373000,89.0,72,86
12359,986,117,100,2024-10-21 05:27:58.373000,95.0,96,77
12360,986,192,100,2024-10-21 05:27:58.373000,99.0,91,70
12361,986,114,100,2024-10-21 05:27:58.373000,74.0,59,81
12362,986,144,100,2024-10-21 05:27:58.373000,87.0,82,90
12363,986,55,100,2024-10-21 05:27:58.373000,54.0,52,64
12364,986,197,100,2024-10-21 05:27:58.373000,67.0,58,94
12365,986,1,100,2024-10-21 05:27:58.373000,74.0,93,86
12366,987,17,100,2024-10-21 05:27:58.373000,85.0,53,78
12367,987,12,100,2024-10-21 05:27:58.373000,61.0,90,66
12368,987,20,100,2024-10-21 05:27:58.373000,68.0,78,59
12369,987,166,100,2024-10-21 05:27:58.373000,51.0,63,85
12370,987,13,100,2024-10-21 05:27:58.373000,73.0,52,93
12371,987,105,100,2024-10-21 05:27:58.373000,52.0,60,97
12372,987,149,100,2024-10-21 05:27:58.373000,65.0,93,84
12373,987,145,100,2024-10-21 05:27:58.373000,73.0,51,50
12374,987,102,100,2024-10-21 05:27:58.373000,78.0,100,95
12375,987,95,100,2024-10-21 05:27:58.373000,71.0,51,79
12376,987,130,100,2024-10-21 05:27:58.373000,60.0,76,84
12377,987,189,100,2024-10-21 05:27:58.373000,78.0,61,85
12378,988,12,100,2024-10-21 05:27:58.373000,97.0,69,97
12379,988,17,100,2024-10-21 05:27:58.373000,87.0,63,97
12380,988,20,100,2024-10-21 05:27:58.373000,53.0,95,88
12381,988,166,100,2024-10-21 05:27:58.373000,77.0,85,82
12382,988,13,100,2024-10-21 05:27:58.373000,99.0,75,80
12383,988,63,100,2024-10-21 05:27:58.373000,83.0,63,92
12384,988,82,100,2024-10-21 05:27:58.373000,66.0,94,50
12385,988,127,100,2024-10-21 05:27:58.373000,87.0,55,83
12386,988,122,100,2024-10-21 05:27:58.373000,54.0,54,95
12387,988,43,100,2024-10-21 05:27:58.373000,100.0,99,50
12388,988,171,100,2024-10-21 05:27:58.373000,85.0,51,59
12389,988,8,100,2024-10-21 05:27:58.373000,92.0,93,86
12390,988,148,100,2024-10-21 05:27:58.373000,57.0,63,51
12391,988,84,100,2024-10-21 05:27:58.373000,50.0,92,61
12392,988,114,100,2024-10-21 05:27:58.373000,77.0,62,91
12393,989,166,100,2024-10-21 05:27:58.373000,83.0,51,82
12394,989,12,100,2024-10-21 05:27:58.373000,90.0,87,60
12395,989,20,100,2024-10-21 05:27:58.373000,91.0,67,52
12396,989,13,100,2024-10-21 05:27:58.373000,99.0,50,67
12397,989,17,100,2024-10-21 05:27:58.373000,62.0,91,83
12398,989,99,100,2024-10-21 05:27:58.373000,51.0,56,56
12399,989,133,100,2024-10-21 05:27:58.373000,50.0,57,97
12400,989,58,100,2024-10-21 05:27:58.373000,70.0,55,82
12401,989,36,100,2024-10-21 05:27:58.373000,88.0,96,62
12402,989,189,100,2024-10-21 05:27:58.373000,62.0,73,96
12403,989,149,100,2024-10-21 05:27:58.373000,94.0,91,59
12404,989,141,100,2024-10-21 05:27:58.373000,57.0,52,89
12405,989,69,100,2024-10-21 05:27:58.373000,73.0,72,63
12406,989,187,100,2024-10-21 05:27:58.373000,69.0,94,79
12407,990,13,100,2024-10-21 05:27:58.373000,77.0,74,62
12408,990,20,100,2024-10-21 05:27:58.373000,87.0,55,61
12409,990,12,100,2024-10-21 05:27:58.373000,98.0,84,50
12410,990,166,100,2024-10-21 05:27:58.373000,80.0,67,84
12411,990,17,100,2024-10-21 05:27:58.373000,99.0,67,65
12412,990,47,100,2024-10-21 05:27:58.373000,57.0,56,84
12413,990,93,100,2024-10-21 05:27:58.373000,82.0,91,73
12414,990,67,100,2024-10-21 05:27:58.373000,95.0,56,75
12415,990,173,100,2024-10-21 05:27:58.373000,90.0,69,65
12416,990,80,100,2024-10-21 05:27:58.373000,98.0,87,72
12417,991,17,100,2024-10-21 05:27:58.373000,82.0,99,67
12418,991,12,100,2024-10-21 05:27:58.373000,74.0,98,86
12419,991,13,100,2024-10-21 05:27:58.373000,62.0,61,57
12420,991,20,100,2024-10-21 05:27:58.373000,52.0,83,92
12421,991,166,100,2024-10-21 05:27:58.373000,84.0,50,90
12422,991,109,100,2024-10-21 05:27:58.373000,53.0,99,93
12423,991,82,100,2024-10-21 05:27:58.373000,81.0,98,66
12424,991,167,100,2024-10-21 05:27:58.373000,62.0,63,78
12425,991,143,100,2024-10-21 05:27:58.373000,54.0,64,60
12426,991,185,100,2024-10-21 05:27:58.373000,86.0,57,60
12427,991,118,100,2024-10-21 05:27:58.373000,58.0,66,77
12428,992,12,100,2024-10-21 05:27:58.373000,50.0,50,68
12429,992,13,100,2024-10-21 05:27:58.373000,90.0,51,53
12430,992,17,100,2024-10-21 05:27:58.373000,62.0,99,71
12431,992,166,100,2024-10-21 05:27:58.373000,91.0,77,67
12432,992,20,100,2024-10-21 05:27:58.373000,75.0,70,68
12433,992,132,100,2024-10-21 05:27:58.373000,62.0,59,68
12434,992,18,100,2024-10-21 05:27:58.373000,60.0,79,96
12435,992,10,100,2024-10-21 05:27:58.373000,95.0,67,59
12436,992,131,100,2024-10-21 05:27:58.373000,92.0,61,64
12437,992,190,100,2024-10-21 05:27:58.373000,77.0,59,79
12438,992,124,100,2024-10-21 05:27:58.373000,51.0,80,81
12439,992,196,100,2024-10-21 05:27:58.373000,76.0,75,86
12440,993,17,100,2024-10-21 05:27:58.373000,61.0,84,98
12441,993,166,100,2024-10-21 05:27:58.373000,54.0,68,89
12442,993,20,100,2024-10-21 05:27:58.373000,94.0,83,50
12443,993,13,100,2024-10-21 05:27:58.373000,68.0,60,77
12444,993,12,100,2024-10-21 05:27:58.373000,90.0,68,55
12445,993,18,100,2024-10-21 05:27:58.373000,76.0,80,58
12446,993,168,100,2024-10-21 05:27:58.373000,65.0,80,96
12447,993,198,100,2024-10-21 05:27:58.373000,84.0,58,99
12448,993,195,100,2024-10-21 05:27:58.373000,90.0,76,95
12449,993,97,100,2024-10-21 05:27:58.373000,72.0,52,69
12450,993,109,100,2024-10-21 05:27:58.373000,96.0,67,82
12451,993,103,100,2024-10-21 05:27:58.373000,83.0,76,81
12452,993,181,100,2024-10-21 05:27:58.373000,68.0,99,68
12453,993,74,100,2024-10-21 05:27:58.373000,99.0,84,59
12454,994,12,100,2024-10-21 05:27:58.373000,88.0,100,84
12455,994,17,100,2024-10-21 05:27:58.373000,91.0,83,60
12456,994,13,100,2024-10-21 05:27:58.373000,75.0,69,81
12457,994,20,100,2024-10-21 05:27:58.373000,67.0,99,57
12458,994,166,100,2024-10-21 05:27:58.373000,60.0,96,73
12459,994,46,100,2024-10-21 05:27:58.373000,57.0,59,88
12460,994,67,100,2024-10-21 05:27:58.373000,91.0,79,77
12461,994,56,100,2024-10-21 05:27:58.373000,92.0,73,87
12462,994,145,100,2024-10-21 05:27:58.373000,50.0,54,53
12463,994,135,100,2024-10-21 05:27:58.373000,79.0,63,53
12464,994,75,100,2024-10-21 05:27:58.373000,79.0,79,91
12465,994,32,100,2024-10-21 05:27:58.373000,69.0,56,52
12466,994,35,100,2024-10-21 05:27:58.373000,100.0,93,90
12467,995,166,100,2024-10-21 05:27:58.373000,70.0,67,63
12468,995,17,100,2024-10-21 05:27:58.373000,63.0,97,63
12469,995,12,100,2024-10-21 05:27:58.373000,94.0,99,74
12470,995,13,100,2024-10-21 05:27:58.373000,64.0,81,77
12471,995,20,100,2024-10-21 05:27:58.373000,93.0,98,92
12472,995,161,100,2024-10-21 05:27:58.373000,66.0,87,90
12473,995,88,100,2024-10-21 05:27:58.373000,58.0,98,61
12474,995,176,100,2024-10-21 05:27:58.373000,52.0,77,87
12475,995,84,100,2024-10-21 05:27:58.373000,63.0,84,79
12476,995,180,100,2024-10-21 05:27:58.373000,89.0,86,58
12477,995,3,100,2024-10-21 05:27:58.373000,92.0,77,63
12478,995,136,100,2024-10-21 05:27:58.373000,99.0,51,88
12479,995,162,100,2024-10-21 05:27:58.373000,87.0,85,83
12480,995,7,100,2024-10-21 05:27:58.373000,58.0,86,68
12481,995,174,100,2024-10-21 05:27:58.373000,91.0,90,83
12482,996,12,100,2024-10-21 05:27:58.373000,62.0,75,60
12483,996,166,100,2024-10-21 05:27:58.373000,97.0,99,67
12484,996,13,100,2024-10-21 05:27:58.373000,80.0,85,98
12485,996,17,100,2024-10-21 05:27:58.373000,56.0,86,100
12486,996,41,100,2024-10-21 05:27:58.373000,69.0,52,77
12487,996,165,100,2024-10-21 05:27:58.373000,87.0,86,61
12488,996,84,100,2024-10-21 05:27:58.373000,80.0,66,75
12489,996,86,100,2024-10-21 05:27:58.373000,60.0,52,80
12490,996,126,100,2024-10-21 05:27:58.373000,64.0,54,79
12491,996,76,100,2024-10-21 05:27:58.373000,68.0,55,96
12492,996,31,100,2024-10-21 05:27:58.373000,98.0,91,96
12493,996,176,100,2024-10-21 05:27:58.373000,98.0,69,51
12494,996,59,100,2024-10-21 05:27:58.373000,66.0,75,73
12495,996,100,100,2024-10-21 05:27:58.373000,68.0,87,54
12496,996,22,100,2024-10-21 05:27:58.373000,65.0,73,89
12497,997,20,100,2024-10-21 05:27:58.373000,62.0,68,99
12498,997,12,100,2024-10-21 05:27:58.373000,80.0,81,94
12499,997,13,100,2024-10-21 05:27:58.373000,57.0,86,88
12500,997,17,100,2024-10-21 05:27:58.373000,92.0,88,91
12501,997,68,100,2024-10-21 05:27:58.373000,73.0,66,99
12502,997,2,100,2024-10-21 05:27:58.373000,98.0,97,81
12503,997,62,100,2024-10-21 05:27:58.373000,99.0,60,79
12504,997,56,100,2024-10-21 05:27:58.373000,70.0,64,95
12505,997,40,100,2024-10-21 05:27:58.373000,66.0,54,59
12506,997,198,100,2024-10-21 05:27:58.373000,51.0,93,51
12507,997,99,100,2024-10-21 05:27:58.373000,83.0,63,85
12508,997,6,100,2024-10-21 05:27:58.373000,73.0,88,93
12509,997,66,100,2024-10-21 05:27:58.373000,78.0,51,76
12510,998,166,100,2024-10-21 05:27:58.373000,86.0,86,93
12511,998,20,100,2024-10-21 05:27:58.373000,50.0,94,78
12512,998,13,100,2024-10-21 05:27:58.373000,65.0,76,75
12513,998,12,100,2024-10-21 05:27:58.373000,73.0,59,68
12514,998,17,100,2024-10-21 05:27:58.373000,70.0,95,79
12515,998,105,100,2024-10-21 05:27:58.374000,72.0,54,66
12516,998,170,100,2024-10-21 05:27:58.374000,90.0,60,92
12517,998,25,100,2024-10-21 05:27:58.374000,96.0,77,93
12518,998,26,100,2024-10-21 05:27:58.374000,79.0,56,98
12519,998,91,100,2024-10-21 05:27:58.374000,86.0,86,77
12520,998,103,100,2024-10-21 05:27:58.374000,51.0,85,85
12521,998,157,100,2024-10-21 05:27:58.374000,86.0,77,70
12522,999,20,100,2024-10-21 05:27:58.374000,87.0,81,86
12523,999,12,100,2024-10-21 05:27:58.374000,100.0,51,53
12524,999,166,100,2024-10-21 05:27:58.374000,93.0,88,62
12525,999,13,100,2024-10-21 05:27:58.374000,57.0,95,59
12526,999,75,100,2024-10-21 05:27:58.374000,78.0,90,82
12527,999,146,100,2024-10-21 05:27:58.374000,69.0,65,90
12528,999,95,100,2024-10-21 05:27:58.374000,91.0,58,78
12529,999,73,100,2024-10-21 05:27:58.374000,61.0,54,78
12530,999,16,100,2024-10-21 05:27:58.374000,54.0,82,65
12531,999,33,100,2024-10-21 05:27:58.374000,87.0,86,83
12532,999,200,100,2024-10-21 05:27:58.374000,72.0,50,54
12533,999,41,100,2024-10-21 05:27:58.374000,88.0,71,81
12534,999,63,100,2024-10-21 05:27:58.374000,59.0,91,73
12535,999,152,100,2024-10-21 05:27:58.374000,50.0,74,64
12536,999,118,100,2024-10-21 05:27:58.374000,64.0,64,68
12537,1000,166,100,2024-10-21 05:27:58.374000,84.0,81,75
12538,1000,17,100,2024-10-21 05:27:58.374000,60.0,88,93
12539,1000,12,100,2024-10-21 05:27:58.374000,79.0,71,85
12540,1000,20,100,2024-10-21 05:27:58.374000,79.0,81,98
12541,1000,13,100,2024-10-21 05:27:58.374000,99.0,57,89
12542,1000,168,100,2024-10-21 05:27:58.374000,60.0,64,67
12543,1000,62,100,2024-10-21 05:27:58.374000,63.0,72,72
12544,1000,112,100,2024-10-21 05:27:58.374000,96.0,97,66
12545,1000,130,100,2024-10-21 05:27:58.374000,100.0,96,62
12546,1000,27,100,2024-10-21 05:27:58.374000,64.0,97,98
12547,1000,196,100,2024-10-21 05:27:58.374000,60.0,94,96
12548,1000,186,100,2024-10-21 05:27:58.374000,69.0,76,99
12549,1000,6,100,2024-10-21 05:27:58.374000,91.0,63,93
12550,1000,86,100,2024-10-21 05:27:58.374000,63.0,96,100
12551,1000,178,100,2024-10-21 05:27:58.374000,76.0,61,59
