User Name,Course Title,Progress (%),Assignment Date
Erik Gamble,Data Ethics,100,2024-10-21 05:27:58.294000
Erik Gamble,Data Analysis for Business Decisions,100,2024-10-21 05:27:58.294000
Erik Gamble,Data Visualization with Matplotlib,100,2024-10-21 05:27:58.294000
Erik Gamble,Data Analysis with Pandas,100,2024-10-21 05:27:58.294000
Erik Gamble,Data Cleaning & Preprocessing,100,2024-10-21 05:27:58.294000
Erik Gamble,Cryptocurrency Fundamentals,100,2024-10-21 05:27:58.294000
Erik Gamble,SWOT Analysis for Business,100,2024-10-21 05:27:58.294000
Erik Gamble,HR Technology Tools,100,2024-10-21 05:27:58.294000
Erik Gamble,Introduction to Machine Learning,100,2024-10-21 05:27:58.294000
Erik Gamble,Operating Systems Overview,100,2024-10-21 05:27:58.294000
Erik Gamble,AI for Business,100,2024-10-21 05:27:58.294000
Sarah Clark,Data Visualization with Matplotlib,100,2024-10-21 05:27:58.294000
Sarah Clark,Data Ethics,100,2024-10-21 05:27:58.294000
Sarah Clark,Data Cleaning & Preprocessing,100,2024-10-21 05:27:58.294000
Sarah Clark,Data Analysis with Pandas,100,2024-10-21 05:27:58.294000
Sarah Clark,Data Analysis for Business Decisions,100,2024-10-21 05:27:58.294000
Sarah Clark,Risk Management in Projects,100,2024-10-21 05:27:58.294000
Sarah Clark,Python for Data Science,100,2024-10-21 05:27:58.294000
Sarah Clark,Malware Analysis,100,2024-10-21 05:27:58.294000
Sarah Clark,Budgeting Basics,100,2024-10-21 05:27:58.294000
Sarah Clark,Game Monetization Strategies,100,2024-10-21 05:27:58.294000
Sarah Clark,Automating Cloud Deployments,100,2024-10-21 05:27:58.295000
Sarah Clark,Understanding Consumer Behavior,100,2024-10-21 05:27:58.295000
Sarah Clark,User Research Techniques,100,2024-10-21 05:27:58.295000
Kelly Baldwin,Data Ethics,100,2024-10-21 05:27:58.295000
Kelly Baldwin,Data Cleaning & Preprocessing,100,2024-10-21 05:27:58.295000
Kelly Baldwin,Data Analysis for Business Decisions,100,2024-10-21 05:27:58.295000
Kelly Baldwin,Data Visualization with Matplotlib,100,2024-10-21 05:27:58.295000
Kelly Baldwin,Reinforcement Learning,100,2024-10-21 05:27:58.295000
Kelly Baldwin,Networking Basics,100,2024-10-21 05:27:58.295000
Kelly Baldwin,Web Accessibility Standards,100,2024-10-21 05:27:58.295000
Kelly Baldwin,Web Application Security,100,2024-10-21 05:27:58.295000
Kelly Baldwin,Mobile App Design,100,2024-10-21 05:27:58.295000
Kelly Baldwin,Unsupervised Learning,100,2024-10-21 05:27:58.295000
Mia Andrews,Data Analysis for Business Decisions,100,2024-10-21 05:27:58.295000
Mia Andrews,Data Visualization with Matplotlib,100,2024-10-21 05:27:58.295000
Mia Andrews,Data Cleaning & Preprocessing,100,2024-10-21 05:27:58.295000
Mia Andrews,Data Analysis with Pandas,100,2024-10-21 05:27:58.295000
Mia Andrews,AI for Business,100,2024-10-21 05:27:58.295000
Mia Andrews,Financial Analysis Techniques,100,2024-10-21 05:27:58.295000
Mia Andrews,Digital Sales Techniques,100,2024-10-21 05:27:58.295000
Mia Andrews,Big Data with Spark,100,2024-10-21 05:27:58.295000
Mia Andrews,React,100,2024-10-21 05:27:58.295000
Mia Andrews,Visual Design Basics,100,2024-10-21 05:27:58.295000
Andrea Smith,Data Ethics,100,2024-10-21 05:27:58.295000
Andrea Smith,Data Visualization with Matplotlib,100,2024-10-21 05:27:58.295000
Andrea Smith,Data Cleaning & Preprocessing,100,2024-10-21 05:27:58.295000
Andrea Smith,Data Analysis for Business Decisions,100,2024-10-21 05:27:58.295000
Andrea Smith,Data Analysis with Pandas,100,2024-10-21 05:27:58.295000
Andrea Smith,Big Data with Spark,100,2024-10-21 05:27:58.295000
Andrea Smith,Deep Learning Fundamentals,100,2024-10-21 05:27:58.295000
Andrea Smith,Digital Sales Techniques,100,2024-10-21 05:27:58.295000
Andrea Smith,Machine Learning Basics,100,2024-10-21 05:27:58.295000
Andrea Smith,Sales Analytics,100,2024-10-21 05:27:58.295000
Andrea Smith,Blockchain Use Cases,100,2024-10-21 05:27:58.295000
Andrea Smith,Customer Service Skills for IT,100,2024-10-21 05:27:58.295000
Mitchell Thomas,Data Visualization with Matplotlib,100,2024-10-21 05:27:58.295000
Mitchell Thomas,Data Analysis with Pandas,100,2024-10-21 05:27:58.295000
Mitchell Thomas,Data Cleaning & Preprocessing,100,2024-10-21 05:27:58.295000
Mitchell Thomas,Data Analysis for Business Decisions,100,2024-10-21 05:27:58.295000
Mitchell Thomas,Vulnerability Assessment,100,2024-10-21 05:27:58.295000
Mitchell Thomas,Design Thinking Process,100,2024-10-21 05:27:58.295000
Mitchell Thomas,Infrastructure as Code,100,2024-10-21 05:27:58.295000
Mitchell Thomas,Presentation Skills for Business Analysts,100,2024-10-21 05:27:58.295000
Mitchell Thomas,API Development,100,2024-10-21 05:27:58.295000
Mitchell Thomas,Web Performance Optimization,100,2024-10-21 05:27:58.295000
Mitchell Thomas,Cross-Platform Development with Flutter,100,2024-10-21 05:27:58.295000
Mitchell Thomas,AI in Robotics,100,2024-10-21 05:27:58.295000
Mitchell Thomas,MongoDB,100,2024-10-21 05:27:58.295000
William Thompson,Data Analysis with Pandas,100,2024-10-21 05:27:58.295000
William Thompson,Data Visualization with Matplotlib,100,2024-10-21 05:27:58.295000
William Thompson,Data Ethics,100,2024-10-21 05:27:58.295000
William Thompson,Data Cleaning & Preprocessing,100,2024-10-21 05:27:58.295000
William Thompson,Data Analysis for Business Decisions,100,2024-10-21 05:27:58.295000
William Thompson,Introduction to Machine Learning,100,2024-10-21 05:27:58.295000
William Thompson,Employee Engagement Techniques,100,2024-10-21 05:27:58.295000
William Thompson,Smart Contracts Development,100,2024-10-21 05:27:58.295000
William Thompson,Version Control with Git,100,2024-10-21 05:27:58.295000
William Thompson,Requirements Gathering Techniques,100,2024-10-21 05:27:58.295000
William Thompson,Infrastructure as Code,100,2024-10-21 05:27:58.295000
William Thompson,AI in Healthcare,100,2024-10-21 05:27:58.295000
William Thompson,AI for Business,100,2024-10-21 05:27:58.295000
Frank Parker,Data Cleaning & Preprocessing,100,2024-10-21 05:27:58.295000
Frank Parker,Data Analysis for Business Decisions,100,2024-10-21 05:27:58.295000
Frank Parker,Data Analysis with Pandas,100,2024-10-21 05:27:58.295000
Frank Parker,Data Visualization with Matplotlib,100,2024-10-21 05:27:58.295000
Frank Parker,Data Ethics,100,2024-10-21 05:27:58.295000
Frank Parker,JavaScript Frameworks Overview,100,2024-10-21 05:27:58.295000
Frank Parker,Content Marketing Strategies,100,2024-10-21 05:27:58.295000
Frank Parker,Editing and Proofreading Techniques,100,2024-10-21 05:27:58.295000
Frank Parker,Decentralized Applications (DApps),100,2024-10-21 05:27:58.295000
Frank Parker,Labor Laws and Compliance,100,2024-10-21 05:27:58.295000
Frank Parker,Cloud Cost Management,100,2024-10-21 05:27:58.295000
Frank Parker,JavaScript Basics,100,2024-10-21 05:27:58.295000
Alicia Smith,Data Analysis for Business Decisions,100,2024-10-21 05:27:58.295000
Alicia Smith,Data Ethics,100,2024-10-21 05:27:58.295000
Alicia Smith,Data Visualization with Matplotlib,100,2024-10-21 05:27:58.295000
Alicia Smith,Data Cleaning & Preprocessing,100,2024-10-21 05:27:58.295000
Alicia Smith,Data Analysis with Pandas,100,2024-10-21 05:27:58.295000
Alicia Smith,Business Process Modeling,100,2024-10-21 05:27:58.295000
Alicia Smith,Labor Laws and Compliance,100,2024-10-21 05:27:58.295000
Alicia Smith,Game Design Principles,100,2024-10-21 05:27:58.295000
Alicia Smith,Negotiation Techniques,100,2024-10-21 05:27:58.295000
Alicia Smith,Corporate Finance Essentials,100,2024-10-21 05:27:58.295000
Alicia Smith,Interaction Design Principles,100,2024-10-21 05:27:58.295000
Alicia Smith,Node.js,100,2024-10-21 05:27:58.295000
Alicia Smith,Introduction to UI/UX Design,100,2024-10-21 05:27:58.295000
Robert Tran,Data Visualization with Matplotlib,100,2024-10-21 05:27:58.295000
Robert Tran,Data Ethics,100,2024-10-21 05:27:58.295000
Robert Tran,Data Cleaning & Preprocessing,100,2024-10-21 05:27:58.295000
Robert Tran,Data Analysis for Business Decisions,100,2024-10-21 05:27:58.295000
Robert Tran,Data Analysis with Pandas,100,2024-10-21 05:27:58.295000
Robert Tran,Game Monetization Strategies,100,2024-10-21 05:27:58.295000
Robert Tran,Ethical Hacking Basics,100,2024-10-21 05:27:58.295000
Robert Tran,Design Thinking Process,100,2024-10-21 05:27:58.295000
Robert Tran,Model Evaluation,100,2024-10-21 05:27:58.295000
Robert Tran,Communication Skills for Project Managers,100,2024-10-21 05:27:58.295000
Robert Tran,Virtual Reality Development,100,2024-10-21 05:27:58.295000
Robert Tran,Responsive Web Design,100,2024-10-21 05:27:58.295000
Robert Tran,Game Design Principles,100,2024-10-21 05:27:58.295000
Robert Tran,Talent Acquisition Strategies,100,2024-10-21 05:27:58.295000
David Levy,Data Ethics,100,2024-10-21 05:27:58.295000
David Levy,Data Analysis with Pandas,100,2024-10-21 05:27:58.295000
David Levy,Data Analysis for Business Decisions,100,2024-10-21 05:27:58.295000
David Levy,Data Visualization with Matplotlib,100,2024-10-21 05:27:58.295000
David Levy,Data Cleaning & Preprocessing,100,2024-10-21 05:27:58.295000
David Levy,Ethereum Development,100,2024-10-21 05:27:58.295000
David Levy,Git & GitHub,100,2024-10-21 05:27:58.295000
David Levy,RESTful Services,100,2024-10-21 05:27:58.295000
David Levy,Change Management Strategies,100,2024-10-21 05:27:58.295000
David Levy,Incident Response,100,2024-10-21 05:27:58.295000
Philip Evans,Data Cleaning & Preprocessing,100,2024-10-21 05:27:58.295000
Philip Evans,Data Ethics,100,2024-10-21 05:27:58.295000
Philip Evans,Data Analysis for Business Decisions,100,2024-10-21 05:27:58.295000
Philip Evans,Data Visualization with Matplotlib,100,2024-10-21 05:27:58.295000
Philip Evans,Data Analysis with Pandas,100,2024-10-21 05:27:58.295000
Philip Evans,Express.js,100,2024-10-21 05:27:58.295000
Philip Evans,App Monetization Strategies,100,2024-10-21 05:27:58.295000
Philip Evans,Consensus Algorithms,100,2024-10-21 05:27:58.295000
Philip Evans,Web Performance Optimization,100,2024-10-21 05:27:58.295000
Philip Evans,Content Strategy Development,100,2024-10-21 05:27:58.295000
Philip Evans,Game Testing Techniques,100,2024-10-21 05:27:58.295000
Philip Evans,Personal Finance Skills,100,2024-10-21 05:27:58.295000
Philip Evans,Vulnerability Assessment,100,2024-10-21 05:27:58.295000
Philip Evans,Digital Sales Techniques,100,2024-10-21 05:27:58.295000
Philip Evans,HR Analytics,100,2024-10-21 05:27:58.295000
Heather Bender,Data Analysis for Business Decisions,100,2024-10-21 05:27:58.295000
Heather Bender,Data Ethics,100,2024-10-21 05:27:58.295000
Heather Bender,Data Visualization with Matplotlib,100,2024-10-21 05:27:58.295000
Heather Bender,Data Analysis with Pandas,100,2024-10-21 05:27:58.295000
Heather Bender,Data Cleaning & Preprocessing,100,2024-10-21 05:27:58.295000
Heather Bender,Responsive Web Design,100,2024-10-21 05:27:58.295000
Heather Bender,Introduction to Machine Learning,100,2024-10-21 05:27:58.295000
Heather Bender,App Monetization Strategies,100,2024-10-21 05:27:58.295000
Heather Bender,SEO Best Practices,100,2024-10-21 05:27:58.295000
Heather Bender,Web Performance Optimization,100,2024-10-21 05:27:58.295000
Lisa Jones,Data Cleaning & Preprocessing,100,2024-10-21 05:27:58.295000
Lisa Jones,Data Visualization with Matplotlib,100,2024-10-21 05:27:58.295000
Lisa Jones,Data Analysis for Business Decisions,100,2024-10-21 05:27:58.295000
Lisa Jones,Data Ethics,100,2024-10-21 05:27:58.295000
Lisa Jones,Data Analysis with Pandas,100,2024-10-21 05:27:58.295000
Lisa Jones,Customer Service Skills for IT,100,2024-10-21 05:27:58.295000
Lisa Jones,Network Security Fundamentals,100,2024-10-21 05:27:58.295000
Lisa Jones,Deployment & Hosting,100,2024-10-21 05:27:58.295000
Lisa Jones,Express.js,100,2024-10-21 05:27:58.295000
Lisa Jones,Customer Service Excellence,100,2024-10-21 05:27:58.295000
Lisa Jones,AI in Robotics,100,2024-10-21 05:27:58.295000
Lisa Jones,React,100,2024-10-21 05:27:58.295000
Patricia Graves,Data Analysis for Business Decisions,100,2024-10-21 05:27:58.296000
Patricia Graves,Data Visualization with Matplotlib,100,2024-10-21 05:27:58.296000
Patricia Graves,Data Ethics,100,2024-10-21 05:27:58.296000
Patricia Graves,Data Analysis with Pandas,100,2024-10-21 05:27:58.296000
Patricia Graves,Data Cleaning & Preprocessing,100,2024-10-21 05:27:58.296000
Patricia Graves,Microservices in Cloud,100,2024-10-21 05:27:58.296000
Patricia Graves,Sales Analytics,100,2024-10-21 05:27:58.296000
Patricia Graves,Interaction Design Principles,100,2024-10-21 05:27:58.296000
Patricia Graves,Understanding Consumer Behavior,100,2024-10-21 05:27:58.296000
Patricia Graves,Brand Management Online,100,2024-10-21 05:27:58.296000
Patricia Graves,Analytics for Marketers,100,2024-10-21 05:27:58.296000
Cheryl Bishop,Data Analysis with Pandas,100,2024-10-21 05:27:58.296000
Cheryl Bishop,Data Ethics,100,2024-10-21 05:27:58.296000
Cheryl Bishop,Data Visualization with Matplotlib,100,2024-10-21 05:27:58.296000
Cheryl Bishop,Data Analysis for Business Decisions,100,2024-10-21 05:27:58.296000
Cheryl Bishop,Data Cleaning & Preprocessing,100,2024-10-21 05:27:58.296000
Cheryl Bishop,Game Design Principles,100,2024-10-21 05:27:58.296000
Cheryl Bishop,SWOT Analysis for Business,100,2024-10-21 05:27:58.296000
Cheryl Bishop,Conversion Rate Optimization,100,2024-10-21 05:27:58.296000
Cheryl Bishop,Introduction to Content Creation,100,2024-10-21 05:27:58.296000
Cheryl Bishop,Employee Engagement Techniques,100,2024-10-21 05:27:58.296000
Cheryl Bishop,Personal Finance Skills,100,2024-10-21 05:27:58.296000
Cheryl Bishop,Hardware Repair Skills,100,2024-10-21 05:27:58.296000
Cheryl Bishop,Infrastructure as Code,100,2024-10-21 05:27:58.296000
Cheryl Bishop,Predictive Analytics,100,2024-10-21 05:27:58.296000
Cheryl Bishop,SEO Best Practices,100,2024-10-21 05:27:58.296000
Rachel Jones,Data Visualization with Matplotlib,100,2024-10-21 05:27:58.296000
Rachel Jones,Data Ethics,100,2024-10-21 05:27:58.296000
Rachel Jones,Data Analysis for Business Decisions,100,2024-10-21 05:27:58.296000
Rachel Jones,Data Cleaning & Preprocessing,100,2024-10-21 05:27:58.296000
Rachel Jones,Data Analysis with Pandas,100,2024-10-21 05:27:58.296000
Rachel Jones,Social Media Marketing,100,2024-10-21 05:27:58.296000
Rachel Jones,Conflict Resolution in HR,100,2024-10-21 05:27:58.296000
Rachel Jones,Introduction to Cloud Computing,100,2024-10-21 05:27:58.296000
Rachel Jones,Predictive Analytics,100,2024-10-21 05:27:58.296000
Rachel Jones,API Development,100,2024-10-21 05:27:58.296000
Rachel Jones,Social Media Content Creation,100,2024-10-21 05:27:58.296000
Rachel Jones,Financial Reporting Standards,100,2024-10-21 05:27:58.296000
Joseph Sexton,Data Analysis for Business Decisions,100,2024-10-21 05:27:58.296000
Joseph Sexton,Data Analysis with Pandas,100,2024-10-21 05:27:58.296000
Joseph Sexton,Data Visualization with Matplotlib,100,2024-10-21 05:27:58.296000
Joseph Sexton,Data Cleaning & Preprocessing,100,2024-10-21 05:27:58.296000
Joseph Sexton,Data Ethics,100,2024-10-21 05:27:58.296000
Joseph Sexton,Social Media Marketing,100,2024-10-21 05:27:58.296000
Joseph Sexton,Introduction to Business Analysis,100,2024-10-21 05:27:58.296000
Joseph Sexton,Introduction to Game Development,100,2024-10-21 05:27:58.296000
Joseph Sexton,Corporate Finance Essentials,100,2024-10-21 05:27:58.296000
Joseph Sexton,Content Marketing Strategies,100,2024-10-21 05:27:58.296000
Joseph Sexton,Graphic Design Basics for Content,100,2024-10-21 05:27:58.296000
Joseph Sexton,DevOps in the Cloud,100,2024-10-21 05:27:58.296000
Joseph Sexton,Git & GitHub,100,2024-10-21 05:27:58.296000
Joseph Sexton,Cryptography Basics,100,2024-10-21 05:27:58.296000
Valerie Ayala,Data Ethics,100,2024-10-21 05:27:58.296000
Valerie Ayala,Data Analysis for Business Decisions,100,2024-10-21 05:27:58.296000
Valerie Ayala,Data Cleaning & Preprocessing,100,2024-10-21 05:27:58.296000
Valerie Ayala,Data Analysis with Pandas,100,2024-10-21 05:27:58.296000
Valerie Ayala,Data Visualization with Matplotlib,100,2024-10-21 05:27:58.296000
Valerie Ayala,Cryptography Basics,100,2024-10-21 05:27:58.296000
Valerie Ayala,Risk Management in Cybersecurity,100,2024-10-21 05:27:58.296000
Valerie Ayala,Blockchain Security,100,2024-10-21 05:27:58.296000
Valerie Ayala,Podcasting Fundamentals,100,2024-10-21 05:27:58.296000
Valerie Ayala,3D Game Development,100,2024-10-21 05:27:58.296000
Valerie Ayala,Sales Analytics,100,2024-10-21 05:27:58.296000
Valerie Ayala,Talent Acquisition Strategies,100,2024-10-21 05:27:58.296000
Valerie Ayala,Risk Management in Projects,100,2024-10-21 05:27:58.296000
Frank Green,Data Cleaning & Preprocessing,100,2024-10-21 05:27:58.296000
Frank Green,Data Analysis for Business Decisions,100,2024-10-21 05:27:58.296000
Frank Green,Data Visualization with Matplotlib,100,2024-10-21 05:27:58.296000
Frank Green,Data Analysis with Pandas,100,2024-10-21 05:27:58.296000
Frank Green,Data Ethics,100,2024-10-21 05:27:58.296000
Frank Green,Visual Design Basics,100,2024-10-21 05:27:58.296000
Frank Green,Labor Laws and Compliance,100,2024-10-21 05:27:58.296000
Frank Green,Deep Learning with TensorFlow,100,2024-10-21 05:27:58.296000
Frank Green,Training and Development,100,2024-10-21 05:27:58.296000
Frank Green,HR Technology Tools,100,2024-10-21 05:27:58.296000
Frank Green,Reinforcement Learning Techniques,100,2024-10-21 05:27:58.296000
Frank Green,Reinforcement Learning,100,2024-10-21 05:27:58.296000
Frank Green,Introduction to IT Support,100,2024-10-21 05:27:58.296000
Frank Green,Collaboration Tools in DevOps,100,2024-10-21 05:27:58.296000
Frank Green,Email Marketing Basics,100,2024-10-21 05:27:58.296000
Alexis Pugh,Data Analysis for Business Decisions,100,2024-10-21 05:27:58.296000
Alexis Pugh,Data Ethics,100,2024-10-21 05:27:58.296000
Alexis Pugh,Data Analysis with Pandas,100,2024-10-21 05:27:58.296000
Alexis Pugh,Data Visualization with Matplotlib,100,2024-10-21 05:27:58.296000
Alexis Pugh,Data Cleaning & Preprocessing,100,2024-10-21 05:27:58.296000
Alexis Pugh,Presentation Skills for Sales,100,2024-10-21 05:27:58.296000
Alexis Pugh,Container Orchestration with Kubernetes,100,2024-10-21 05:27:58.296000
Alexis Pugh,Project Scheduling Techniques,100,2024-10-21 05:27:58.296000
Alexis Pugh,Introduction to Cloud Computing,100,2024-10-21 05:27:58.296000
Alexis Pugh,AWS Fundamentals,100,2024-10-21 05:27:58.296000
Alexis Pugh,MongoDB,100,2024-10-21 05:27:58.296000
Alexis Pugh,Editing and Proofreading Techniques,100,2024-10-21 05:27:58.296000
Alexis Pugh,AI in IoT,100,2024-10-21 05:27:58.296000
Alexis Pugh,Influencer Marketing,100,2024-10-21 05:27:58.296000
Alexis Pugh,AI in Robotics,100,2024-10-21 05:27:58.296000
Manuel Boyle,Data Visualization with Matplotlib,100,2024-10-21 05:27:58.296000
Manuel Boyle,Data Ethics,100,2024-10-21 05:27:58.296000
Manuel Boyle,Data Analysis with Pandas,100,2024-10-21 05:27:58.296000
Manuel Boyle,Data Cleaning & Preprocessing,100,2024-10-21 05:27:58.296000
Manuel Boyle,Data Analysis for Business Decisions,100,2024-10-21 05:27:58.296000
Manuel Boyle,Change Management,100,2024-10-21 05:27:58.296000
Manuel Boyle,Brand Management Online,100,2024-10-21 05:27:58.296000
Manuel Boyle,Usability Testing,100,2024-10-21 05:27:58.296000
Manuel Boyle,Agile Project Management,100,2024-10-21 05:27:58.296000
Manuel Boyle,2D Game Development,100,2024-10-21 05:27:58.296000
Manuel Boyle,Talent Acquisition Strategies,100,2024-10-21 05:27:58.296000
Ashley Moore,Data Analysis with Pandas,100,2024-10-21 05:27:58.296000
Ashley Moore,Data Cleaning & Preprocessing,100,2024-10-21 05:27:58.296000
Ashley Moore,Data Ethics,100,2024-10-21 05:27:58.296000
Ashley Moore,Data Visualization with Matplotlib,100,2024-10-21 05:27:58.296000
Ashley Moore,Data Analysis for Business Decisions,100,2024-10-21 05:27:58.296000
Ashley Moore,Collaboration Tools in DevOps,100,2024-10-21 05:27:58.296000
Ashley Moore,Publishing Mobile Apps,100,2024-10-21 05:27:58.296000
Ashley Moore,Virtual Reality Development,100,2024-10-21 05:27:58.296000
Ashley Moore,Ethics in AI,100,2024-10-21 05:27:58.296000
Ashley Moore,Digital Sales Techniques,100,2024-10-21 05:27:58.296000
Steven Miller,Data Ethics,100,2024-10-21 05:27:58.296000
Steven Miller,Data Analysis for Business Decisions,100,2024-10-21 05:27:58.296000
Steven Miller,Data Analysis with Pandas,100,2024-10-21 05:27:58.296000
Steven Miller,Data Visualization with Matplotlib,100,2024-10-21 05:27:58.296000
Steven Miller,Data Cleaning & Preprocessing,100,2024-10-21 05:27:58.296000
Steven Miller,Email Marketing Basics,100,2024-10-21 05:27:58.296000
Steven Miller,Version Control with Git,100,2024-10-21 05:27:58.296000
Steven Miller,Infrastructure as Code,100,2024-10-21 05:27:58.296000
Steven Miller,Progressive Web Apps (PWAs),100,2024-10-21 05:27:58.296000
Steven Miller,Agile Methodologies,100,2024-10-21 05:27:58.296000
Steven Miller,Requirements Gathering Techniques,100,2024-10-21 05:27:58.296000
Steven Miller,Introduction to UI/UX Design,100,2024-10-21 05:27:58.296000
Teresa Gonzalez,Data Visualization with Matplotlib,100,2024-10-21 05:27:58.296000
Teresa Gonzalez,Data Analysis for Business Decisions,100,2024-10-21 05:27:58.296000
Teresa Gonzalez,Data Analysis with Pandas,100,2024-10-21 05:27:58.296000
Teresa Gonzalez,Data Ethics,100,2024-10-21 05:27:58.296000
Teresa Gonzalez,Data Cleaning & Preprocessing,100,2024-10-21 05:27:58.296000
Teresa Gonzalez,Introduction to UI/UX Design,100,2024-10-21 05:27:58.296000
Teresa Gonzalez,Project Scheduling Techniques,100,2024-10-21 05:27:58.296000
Teresa Gonzalez,Ethics in AI,100,2024-10-21 05:27:58.296000
Teresa Gonzalez,HR Analytics,100,2024-10-21 05:27:58.296000
Teresa Gonzalez,Computer Vision Basics,100,2024-10-21 05:27:58.296000
Teresa Gonzalez,Network Security Fundamentals,100,2024-10-21 05:27:58.296000
Justin Ross,Data Ethics,100,2024-10-21 05:27:58.296000
Justin Ross,Data Cleaning & Preprocessing,100,2024-10-21 05:27:58.296000
Justin Ross,Data Analysis with Pandas,100,2024-10-21 05:27:58.296000
Justin Ross,Data Analysis for Business Decisions,100,2024-10-21 05:27:58.296000
Justin Ross,Data Visualization with Matplotlib,100,2024-10-21 05:27:58.296000
Justin Ross,Cryptocurrency Fundamentals,100,2024-10-21 05:27:58.296000
Justin Ross,Social Media Marketing,100,2024-10-21 05:27:58.296000
Justin Ross,iOS Development Basics,100,2024-10-21 05:27:58.296000
Justin Ross,Introduction to IT Support,100,2024-10-21 05:27:58.296000
Justin Ross,Influencer Marketing,100,2024-10-21 05:27:58.296000
Justin Ross,Personal Finance Skills,100,2024-10-21 05:27:58.296000
Justin Ross,Mobile App Design,100,2024-10-21 05:27:58.296000
Justin Ross,Model Evaluation,100,2024-10-21 05:27:58.296000
Justin Ross,Express.js,100,2024-10-21 05:27:58.296000
Justin Ross,Quality Management,100,2024-10-21 05:27:58.296000
Johnny Sullivan,Data Ethics,100,2024-10-21 05:27:58.296000
Johnny Sullivan,Data Analysis with Pandas,100,2024-10-21 05:27:58.296000
Johnny Sullivan,Data Visualization with Matplotlib,100,2024-10-21 05:27:58.296000
Johnny Sullivan,Data Analysis for Business Decisions,100,2024-10-21 05:27:58.296000
Johnny Sullivan,Data Cleaning & Preprocessing,100,2024-10-21 05:27:58.296000
Johnny Sullivan,Financial Analysis Techniques,100,2024-10-21 05:27:58.296000
Johnny Sullivan,HR Technology Tools,100,2024-10-21 05:27:58.297000
Johnny Sullivan,API Development,100,2024-10-21 05:27:58.297000
Johnny Sullivan,Ethical Hacking Basics,100,2024-10-21 05:27:58.297000
Johnny Sullivan,Responsive Web Design,100,2024-10-21 05:27:58.297000
Johnny Sullivan,Troubleshooting Techniques,100,2024-10-21 05:27:58.297000
Alicia Short,Data Analysis with Pandas,100,2024-10-21 05:27:58.297000
Alicia Short,Data Ethics,100,2024-10-21 05:27:58.297000
Alicia Short,Data Cleaning & Preprocessing,100,2024-10-21 05:27:58.297000
Alicia Short,Data Analysis for Business Decisions,100,2024-10-21 05:27:58.297000
Alicia Short,Data Visualization with Matplotlib,100,2024-10-21 05:27:58.297000
Alicia Short,Understanding Financial Markets,100,2024-10-21 05:27:58.297000
Alicia Short,Wireframing and Prototyping,100,2024-10-21 05:27:58.297000
Alicia Short,Reinforcement Learning Techniques,100,2024-10-21 05:27:58.297000
Alicia Short,ITIL Foundations,100,2024-10-21 05:27:58.297000
Alicia Short,Editing and Proofreading Techniques,100,2024-10-21 05:27:58.297000
Alicia Short,Time Series Analysis,100,2024-10-21 05:27:58.297000
Alex Thompson,Data Ethics,100,2024-10-21 05:27:58.297000
Alex Thompson,Data Visualization with Matplotlib,100,2024-10-21 05:27:58.297000
Alex Thompson,Data Analysis for Business Decisions,100,2024-10-21 05:27:58.297000
Alex Thompson,Data Analysis with Pandas,100,2024-10-21 05:27:58.297000
Alex Thompson,Data Cleaning & Preprocessing,100,2024-10-21 05:27:58.297000
Alex Thompson,AI in Healthcare,100,2024-10-21 05:27:58.297000
Alex Thompson,Blockchain Use Cases,100,2024-10-21 05:27:58.297000
Alex Thompson,Usability Testing,100,2024-10-21 05:27:58.297000
Alex Thompson,Remote Support Techniques,100,2024-10-21 05:27:58.297000
Alex Thompson,Business Case Development,100,2024-10-21 05:27:58.297000
Steve Montoya,Data Visualization with Matplotlib,100,2024-10-21 05:27:58.297000
Steve Montoya,Data Analysis with Pandas,100,2024-10-21 05:27:58.297000
Steve Montoya,Data Analysis for Business Decisions,100,2024-10-21 05:27:58.297000
Steve Montoya,Data Ethics,100,2024-10-21 05:27:58.297000
Steve Montoya,Data Cleaning & Preprocessing,100,2024-10-21 05:27:58.297000
Steve Montoya,DevOps in the Cloud,100,2024-10-21 05:27:58.297000
Steve Montoya,Closing Sales Strategies,100,2024-10-21 05:27:58.297000
Steve Montoya,Sales Fundamentals,100,2024-10-21 05:27:58.297000
Steve Montoya,Visual Design Basics,100,2024-10-21 05:27:58.297000
Steve Montoya,MongoDB,100,2024-10-21 05:27:58.297000
Steve Montoya,Blockchain Security,100,2024-10-21 05:27:58.297000
Steve Montoya,Google Ads Fundamentals,100,2024-10-21 05:27:58.297000
Jesse Cruz,Data Visualization with Matplotlib,100,2024-10-21 05:27:58.297000
Jesse Cruz,Data Ethics,100,2024-10-21 05:27:58.297000
Jesse Cruz,Data Analysis with Pandas,100,2024-10-21 05:27:58.297000
Jesse Cruz,Data Cleaning & Preprocessing,100,2024-10-21 05:27:58.297000
Jesse Cruz,Data Analysis for Business Decisions,100,2024-10-21 05:27:58.297000
Jesse Cruz,Decentralized Applications (DApps),100,2024-10-21 05:27:58.297000
Jesse Cruz,API Integration in Mobile Apps,100,2024-10-21 05:27:58.297000
Jesse Cruz,Closing Sales Strategies,100,2024-10-21 05:27:58.297000
Jesse Cruz,Cloud Support Fundamentals,100,2024-10-21 05:27:58.297000
Jesse Cruz,Stakeholder Analysis,100,2024-10-21 05:27:58.297000
Jesse Cruz,Cryptocurrency Fundamentals,100,2024-10-21 05:27:58.297000
Jesse Cruz,Python for Data Science,100,2024-10-21 05:27:58.297000
Jesse Cruz,E-commerce Development Basics,100,2024-10-21 05:27:58.297000
Wanda Welch,Data Analysis with Pandas,100,2024-10-21 05:27:58.297000
Wanda Welch,Data Visualization with Matplotlib,100,2024-10-21 05:27:58.297000
Wanda Welch,Data Cleaning & Preprocessing,100,2024-10-21 05:27:58.297000
Wanda Welch,Data Ethics,100,2024-10-21 05:27:58.297000
Wanda Welch,Data Analysis for Business Decisions,100,2024-10-21 05:27:58.297000
Wanda Welch,Customer Service Skills for IT,100,2024-10-21 05:27:58.297000
Wanda Welch,Security Awareness for IT Support,100,2024-10-21 05:27:58.297000
Wanda Welch,Remote Support Techniques,100,2024-10-21 05:27:58.297000
Wanda Welch,Risk Analysis and Management,100,2024-10-21 05:27:58.297000
Wanda Welch,Podcasting Fundamentals,100,2024-10-21 05:27:58.297000
Wanda Welch,Version Control with Git,100,2024-10-21 05:27:58.297000
Wanda Welch,Presentation Skills for Sales,100,2024-10-21 05:27:58.297000
Wanda Welch,Project Scheduling Techniques,100,2024-10-21 05:27:58.297000
Stephanie Hanna,Data Ethics,100,2024-10-21 05:27:58.297000
Stephanie Hanna,Data Visualization with Matplotlib,100,2024-10-21 05:27:58.297000
Stephanie Hanna,Data Analysis with Pandas,100,2024-10-21 05:27:58.297000
Stephanie Hanna,Data Analysis for Business Decisions,100,2024-10-21 05:27:58.297000
Stephanie Hanna,Data Cleaning & Preprocessing,100,2024-10-21 05:27:58.297000
Stephanie Hanna,AI in Healthcare,100,2024-10-21 05:27:58.297000
Stephanie Hanna,Change Management Strategies,100,2024-10-21 05:27:58.297000
Stephanie Hanna,Responsive Web Design,100,2024-10-21 05:27:58.297000
Stephanie Hanna,Game Monetization Strategies,100,2024-10-21 05:27:58.297000
Stephanie Hanna,HTML & CSS,100,2024-10-21 05:27:58.297000
Stephanie Hanna,Network Security Fundamentals,100,2024-10-21 05:27:58.297000
Stephanie Hanna,Cloud Cost Management,100,2024-10-21 05:27:58.297000
Diamond Sims,Data Analysis with Pandas,100,2024-10-21 05:27:58.297000
Diamond Sims,Data Cleaning & Preprocessing,100,2024-10-21 05:27:58.297000
Diamond Sims,Data Visualization with Matplotlib,100,2024-10-21 05:27:58.297000
Diamond Sims,Data Ethics,100,2024-10-21 05:27:58.297000
Diamond Sims,Data Analysis for Business Decisions,100,2024-10-21 05:27:58.297000
Diamond Sims,Ethics in AI,100,2024-10-21 05:27:58.297000
Diamond Sims,Unreal Engine Basics,100,2024-10-21 05:27:58.297000
Diamond Sims,Hyperledger Basics,100,2024-10-21 05:27:58.297000
Diamond Sims,Google Cloud Platform Essentials,100,2024-10-21 05:27:58.297000
Diamond Sims,Negotiation Techniques,100,2024-10-21 05:27:58.297000
Seth Joseph,Data Cleaning & Preprocessing,100,2024-10-21 05:27:58.297000
Seth Joseph,Data Analysis with Pandas,100,2024-10-21 05:27:58.297000
Seth Joseph,Data Analysis for Business Decisions,100,2024-10-21 05:27:58.297000
Seth Joseph,Data Visualization with Matplotlib,100,2024-10-21 05:27:58.297000
Seth Joseph,Data Ethics,100,2024-10-21 05:27:58.297000
Seth Joseph,Predictive Analytics,100,2024-10-21 05:27:58.297000
Seth Joseph,ITIL Foundations,100,2024-10-21 05:27:58.297000
Seth Joseph,Talent Acquisition Strategies,100,2024-10-21 05:27:58.297000
Seth Joseph,Web Application Security,100,2024-10-21 05:27:58.297000
Seth Joseph,Game Testing Techniques,100,2024-10-21 05:27:58.297000
Seth Joseph,HTML & CSS,100,2024-10-21 05:27:58.297000
Seth Joseph,Time Series Analysis,100,2024-10-21 05:27:58.297000
Seth Joseph,Employee Engagement Techniques,100,2024-10-21 05:27:58.297000
Heather Evans,Data Visualization with Matplotlib,100,2024-10-21 05:27:58.297000
Heather Evans,Data Analysis for Business Decisions,100,2024-10-21 05:27:58.297000
Heather Evans,Data Analysis with Pandas,100,2024-10-21 05:27:58.297000
Heather Evans,Data Ethics,100,2024-10-21 05:27:58.297000
Heather Evans,Data Cleaning & Preprocessing,100,2024-10-21 05:27:58.297000
Heather Evans,Analytics for Marketers,100,2024-10-21 05:27:58.297000
Heather Evans,Ethical Hacking Basics,100,2024-10-21 05:27:58.297000
Heather Evans,Publishing Mobile Apps,100,2024-10-21 05:27:58.297000
Heather Evans,Hyperledger Basics,100,2024-10-21 05:27:58.297000
Heather Evans,Design Tools Overview,100,2024-10-21 05:27:58.297000
Heather Evans,Game Design Principles,100,2024-10-21 05:27:58.297000
Heather Evans,Infrastructure as Code,100,2024-10-21 05:27:58.297000
Heather Evans,Graphic Design Basics for Content,100,2024-10-21 05:27:58.297000
Heather Evans,HTML & CSS,100,2024-10-21 05:27:58.297000
Heather Evans,Big Data with Spark,100,2024-10-21 05:27:58.297000
Amy Green DDS,Data Visualization with Matplotlib,100,2024-10-21 05:27:58.297000
Amy Green DDS,Data Analysis for Business Decisions,100,2024-10-21 05:27:58.297000
Amy Green DDS,Data Cleaning & Preprocessing,100,2024-10-21 05:27:58.297000
Amy Green DDS,Data Analysis with Pandas,100,2024-10-21 05:27:58.297000
Amy Green DDS,Data Ethics,100,2024-10-21 05:27:58.297000
Amy Green DDS,App Monetization Strategies,100,2024-10-21 05:27:58.297000
Amy Green DDS,Web Performance Optimization,100,2024-10-21 05:27:58.297000
Amy Green DDS,Video Production Basics,100,2024-10-21 05:27:58.297000
Amy Green DDS,Mobile Testing Strategies,100,2024-10-21 05:27:58.297000
Amy Green DDS,Collaboration Tools in DevOps,100,2024-10-21 05:27:58.297000
Sierra Murphy,Data Cleaning & Preprocessing,100,2024-10-21 05:27:58.297000
Sierra Murphy,Data Visualization with Matplotlib,100,2024-10-21 05:27:58.297000
Sierra Murphy,Data Analysis with Pandas,100,2024-10-21 05:27:58.297000
Sierra Murphy,Data Analysis for Business Decisions,100,2024-10-21 05:27:58.297000
Sierra Murphy,Data Ethics,100,2024-10-21 05:27:58.297000
Sierra Murphy,Risk Management in Projects,100,2024-10-21 05:27:58.297000
Sierra Murphy,Predictive Analytics,100,2024-10-21 05:27:58.297000
Sierra Murphy,Requirements Gathering Techniques,100,2024-10-21 05:27:58.297000
Sierra Murphy,Troubleshooting Techniques,100,2024-10-21 05:27:58.297000
Sierra Murphy,Hyperledger Basics,100,2024-10-21 05:27:58.297000
Sierra Murphy,Labor Laws and Compliance,100,2024-10-21 05:27:58.297000
Sierra Murphy,Investing Fundamentals,100,2024-10-21 05:27:58.297000
Sierra Murphy,Personal Finance Skills,100,2024-10-21 05:27:58.297000
James Mills,Data Analysis with Pandas,100,2024-10-21 05:27:58.297000
James Mills,Data Analysis for Business Decisions,100,2024-10-21 05:27:58.297000
James Mills,Data Visualization with Matplotlib,100,2024-10-21 05:27:58.297000
James Mills,Data Ethics,100,2024-10-21 05:27:58.297000
James Mills,Configuration Management with Ansible,100,2024-10-21 05:27:58.297000
James Mills,Interaction Design Principles,100,2024-10-21 05:27:58.298000
James Mills,Serverless Architecture,100,2024-10-21 05:27:58.298000
James Mills,Progressive Web Apps (PWAs),100,2024-10-21 05:27:58.298000
James Mills,Backend Development Fundamentals,100,2024-10-21 05:27:58.298000
James Mills,Requirements Gathering Techniques,100,2024-10-21 05:27:58.298000
James Mills,Remote Support Techniques,100,2024-10-21 05:27:58.298000
James Mills,Natural Language Processing,100,2024-10-21 05:27:58.298000
James Mills,Cloud Security Best Practices,100,2024-10-21 05:27:58.298000
Joseph Gordon,Data Ethics,100,2024-10-21 05:27:58.298000
Joseph Gordon,Data Visualization with Matplotlib,100,2024-10-21 05:27:58.298000
Joseph Gordon,Data Cleaning & Preprocessing,100,2024-10-21 05:27:58.298000
Joseph Gordon,Data Analysis with Pandas,100,2024-10-21 05:27:58.298000
Joseph Gordon,Data Analysis for Business Decisions,100,2024-10-21 05:27:58.298000
Joseph Gordon,Digital Sales Techniques,100,2024-10-21 05:27:58.298000
Joseph Gordon,Ethereum Development,100,2024-10-21 05:27:58.298000
Joseph Gordon,Requirements Gathering Techniques,100,2024-10-21 05:27:58.298000
Joseph Gordon,Multiplayer Game Development,100,2024-10-21 05:27:58.298000
Joseph Gordon,Continuous Integration and Delivery,100,2024-10-21 05:27:58.298000
Robert Mclaughlin,Data Cleaning & Preprocessing,100,2024-10-21 05:27:58.298000
Robert Mclaughlin,Data Analysis for Business Decisions,100,2024-10-21 05:27:58.298000
Robert Mclaughlin,Data Visualization with Matplotlib,100,2024-10-21 05:27:58.298000
Robert Mclaughlin,Data Ethics,100,2024-10-21 05:27:58.298000
Robert Mclaughlin,Data Analysis with Pandas,100,2024-10-21 05:27:58.298000
Robert Mclaughlin,Time Series Analysis,100,2024-10-21 05:27:58.298000
Robert Mclaughlin,Budgeting for Projects,100,2024-10-21 05:27:58.298000
Robert Mclaughlin,ITIL Foundations,100,2024-10-21 05:27:58.298000
Robert Mclaughlin,Training and Development,100,2024-10-21 05:27:58.298000
Robert Mclaughlin,Introduction to Human Resources,100,2024-10-21 05:27:58.298000
Robert Mclaughlin,Hardware Repair Skills,100,2024-10-21 05:27:58.298000
Robert Mclaughlin,SEO for Content Creators,100,2024-10-21 05:27:58.298000
Justin Reynolds,Data Visualization with Matplotlib,100,2024-10-21 05:27:58.298000
Justin Reynolds,Data Analysis with Pandas,100,2024-10-21 05:27:58.298000
Justin Reynolds,Data Analysis for Business Decisions,100,2024-10-21 05:27:58.298000
Justin Reynolds,Data Ethics,100,2024-10-21 05:27:58.298000
Justin Reynolds,Data Cleaning & Preprocessing,100,2024-10-21 05:27:58.298000
Justin Reynolds,SEO for Content Creators,100,2024-10-21 05:27:58.298000
Justin Reynolds,Big Data with Spark,100,2024-10-21 05:27:58.298000
Justin Reynolds,Networking Basics,100,2024-10-21 05:27:58.298000
Justin Reynolds,Change Management,100,2024-10-21 05:27:58.298000
Justin Reynolds,Cloud Security Best Practices,100,2024-10-21 05:27:58.298000
Justin Reynolds,Speech Recognition Technologies,100,2024-10-21 05:27:58.298000
Justin Reynolds,Computer Vision Applications,100,2024-10-21 05:27:58.298000
Justin Reynolds,Diversity and Inclusion Initiatives,100,2024-10-21 05:27:58.298000
Justin Reynolds,Budgeting for Projects,100,2024-10-21 05:27:58.298000
Michael Turner,Data Analysis for Business Decisions,100,2024-10-21 05:27:58.298000
Michael Turner,Data Visualization with Matplotlib,100,2024-10-21 05:27:58.298000
Michael Turner,Data Cleaning & Preprocessing,100,2024-10-21 05:27:58.298000
Michael Turner,Data Ethics,100,2024-10-21 05:27:58.298000
Michael Turner,Data Analysis with Pandas,100,2024-10-21 05:27:58.298000
Michael Turner,Graphic Design Basics for Content,100,2024-10-21 05:27:58.298000
Michael Turner,Deployment of ML Models,100,2024-10-21 05:27:58.298000
Michael Turner,Presentation Skills for Business Analysts,100,2024-10-21 05:27:58.298000
Michael Turner,Ethical Hacking Basics,100,2024-10-21 05:27:58.298000
Michael Turner,SEO Fundamentals,100,2024-10-21 05:27:58.298000
Michael Turner,Introduction to Cloud Computing,100,2024-10-21 05:27:58.298000
Michael Turner,Employee Engagement Techniques,100,2024-10-21 05:27:58.298000
Michael Turner,Introduction to UI/UX Design,100,2024-10-21 05:27:58.298000
Michael Turner,HR Technology Tools,100,2024-10-21 05:27:58.298000
Michael Turner,Visual Design Basics,100,2024-10-21 05:27:58.298000
Crystal Wilson,Data Ethics,100,2024-10-21 05:27:58.298000
Crystal Wilson,Data Visualization with Matplotlib,100,2024-10-21 05:27:58.298000
Crystal Wilson,Data Analysis with Pandas,100,2024-10-21 05:27:58.298000
Crystal Wilson,Data Analysis for Business Decisions,100,2024-10-21 05:27:58.298000
Crystal Wilson,Data Cleaning & Preprocessing,100,2024-10-21 05:27:58.298000
Crystal Wilson,SEO Best Practices,100,2024-10-21 05:27:58.298000
Crystal Wilson,User Interface Design for Mobile Apps,100,2024-10-21 05:27:58.298000
Crystal Wilson,Statistical Analysis,100,2024-10-21 05:27:58.298000
Crystal Wilson,HTML & CSS,100,2024-10-21 05:27:58.298000
Crystal Wilson,Azure Basics,100,2024-10-21 05:27:58.298000
Crystal Wilson,AI for Business,100,2024-10-21 05:27:58.298000
Crystal Wilson,Usability Testing,100,2024-10-21 05:27:58.298000
Crystal Wilson,Ethics in AI,100,2024-10-21 05:27:58.298000
Seth Stokes,Data Cleaning & Preprocessing,100,2024-10-21 05:27:58.298000
Seth Stokes,Data Visualization with Matplotlib,100,2024-10-21 05:27:58.298000
Seth Stokes,Data Analysis with Pandas,100,2024-10-21 05:27:58.298000
Seth Stokes,Data Analysis for Business Decisions,100,2024-10-21 05:27:58.298000
Seth Stokes,Machine Learning Basics,100,2024-10-21 05:27:58.298000
Seth Stokes,Business Process Modeling,100,2024-10-21 05:27:58.298000
Seth Stokes,Communication Skills for Project Managers,100,2024-10-21 05:27:58.298000
Seth Stokes,Understanding Financial Markets,100,2024-10-21 05:27:58.298000
Seth Stokes,2D Game Development,100,2024-10-21 05:27:58.298000
Seth Stokes,Presentation Skills for Business Analysts,100,2024-10-21 05:27:58.298000
Seth Stokes,Natural Language Processing,100,2024-10-21 05:27:58.298000
John Wilcox,Data Analysis with Pandas,100,2024-10-21 05:27:58.298000
John Wilcox,Data Analysis for Business Decisions,100,2024-10-21 05:27:58.298000
John Wilcox,Data Cleaning & Preprocessing,100,2024-10-21 05:27:58.298000
John Wilcox,Data Ethics,100,2024-10-21 05:27:58.298000
John Wilcox,Data Visualization with Matplotlib,100,2024-10-21 05:27:58.298000
John Wilcox,Natural Language Processing,100,2024-10-21 05:27:58.298000
John Wilcox,iOS Development Basics,100,2024-10-21 05:27:58.298000
John Wilcox,Hardware Repair Skills,100,2024-10-21 05:27:58.298000
John Wilcox,Blockchain Security,100,2024-10-21 05:27:58.298000
John Wilcox,Ethics in AI,100,2024-10-21 05:27:58.298000
John Wilcox,Cryptocurrency Fundamentals,100,2024-10-21 05:27:58.298000
John Wilcox,Mobile App Design,100,2024-10-21 05:27:58.298000
Keith Williams,Data Cleaning & Preprocessing,100,2024-10-21 05:27:58.298000
Keith Williams,Data Analysis for Business Decisions,100,2024-10-21 05:27:58.298000
Keith Williams,Data Ethics,100,2024-10-21 05:27:58.298000
Keith Williams,Data Analysis with Pandas,100,2024-10-21 05:27:58.298000
Keith Williams,Data Visualization with Matplotlib,100,2024-10-21 05:27:58.298000
Keith Williams,Configuration Management with Ansible,100,2024-10-21 05:27:58.298000
Keith Williams,Diversity and Inclusion Initiatives,100,2024-10-21 05:27:58.298000
Keith Williams,Ethereum Development,100,2024-10-21 05:27:58.298000
Keith Williams,Game Design Principles,100,2024-10-21 05:27:58.298000
Keith Williams,Talent Acquisition Strategies,100,2024-10-21 05:27:58.298000
Ivan James,Data Analysis with Pandas,100,2024-10-21 05:27:58.298000
Ivan James,Data Ethics,100,2024-10-21 05:27:58.298000
Ivan James,Data Visualization with Matplotlib,100,2024-10-21 05:27:58.298000
Ivan James,Data Analysis for Business Decisions,100,2024-10-21 05:27:58.298000
Ivan James,Data Cleaning & Preprocessing,100,2024-10-21 05:27:58.298000
Ivan James,SEO Fundamentals,100,2024-10-21 05:27:58.298000
Ivan James,Speech Recognition Technologies,100,2024-10-21 05:27:58.298000
Ivan James,Blockchain Use Cases,100,2024-10-21 05:27:58.298000
Ivan James,Corporate Finance Essentials,100,2024-10-21 05:27:58.298000
Ivan James,Tokenomics,100,2024-10-21 05:27:58.298000
Ivan James,Usability Testing,100,2024-10-21 05:27:58.298000
Ivan James,Stakeholder Management,100,2024-10-21 05:27:58.298000
Ivan James,Wireframing and Prototyping,100,2024-10-21 05:27:58.298000
Ivan James,Introduction to Machine Learning,100,2024-10-21 05:27:58.298000
Raven Fields,Data Cleaning & Preprocessing,100,2024-10-21 05:27:58.298000
Raven Fields,Data Analysis for Business Decisions,100,2024-10-21 05:27:58.298000
Raven Fields,Data Analysis with Pandas,100,2024-10-21 05:27:58.298000
Raven Fields,Data Visualization with Matplotlib,100,2024-10-21 05:27:58.298000
Raven Fields,Data Ethics,100,2024-10-21 05:27:58.298000
Raven Fields,Understanding Consumer Behavior,100,2024-10-21 05:27:58.298000
Raven Fields,Building Customer Relationships,100,2024-10-21 05:27:58.298000
Raven Fields,Diversity and Inclusion Initiatives,100,2024-10-21 05:27:58.298000
Raven Fields,Remote Support Techniques,100,2024-10-21 05:27:58.298000
Raven Fields,Introduction to Game Development,100,2024-10-21 05:27:58.298000
Raven Fields,Usability Testing,100,2024-10-21 05:27:58.298000
Raven Fields,Personal Finance Skills,100,2024-10-21 05:27:58.298000
Raven Fields,Project Scheduling Techniques,100,2024-10-21 05:27:58.298000
Raven Fields,Penetration Testing,100,2024-10-21 05:27:58.298000
Jamie Massey,Data Ethics,100,2024-10-21 05:27:58.298000
Jamie Massey,Data Visualization with Matplotlib,100,2024-10-21 05:27:58.298000
Jamie Massey,Data Analysis for Business Decisions,100,2024-10-21 05:27:58.298000
Jamie Massey,Data Analysis with Pandas,100,2024-10-21 05:27:58.298000
Jamie Massey,Data Cleaning & Preprocessing,100,2024-10-21 05:27:58.298000
Jamie Massey,Consensus Algorithms,100,2024-10-21 05:27:58.298000
Jamie Massey,Supervised Learning,100,2024-10-21 05:27:58.298000
Jamie Massey,Hyperledger Basics,100,2024-10-21 05:27:58.298000
Jamie Massey,Content Management Systems (CMS),100,2024-10-21 05:27:58.298000
Jamie Massey,Risk Management in Finance,100,2024-10-21 05:27:58.298000
Michael Webb,Data Analysis with Pandas,100,2024-10-21 05:27:58.298000
Michael Webb,Data Cleaning & Preprocessing,100,2024-10-21 05:27:58.298000
Michael Webb,Data Visualization with Matplotlib,100,2024-10-21 05:27:58.298000
Michael Webb,Data Analysis for Business Decisions,100,2024-10-21 05:27:58.298000
Michael Webb,Data Ethics,100,2024-10-21 05:27:58.298000
Michael Webb,AI in Healthcare,100,2024-10-21 05:27:58.298000
Michael Webb,Monitoring and Logging,100,2024-10-21 05:27:58.299000
Michael Webb,Deployment & Hosting,100,2024-10-21 05:27:58.299000
Michael Webb,DevOps in the Cloud,100,2024-10-21 05:27:58.299000
Michael Webb,Computer Vision Basics,100,2024-10-21 05:27:58.299000
Michael Webb,Performance Optimization for Mobile Apps,100,2024-10-21 05:27:58.299000
Theodore James,Data Analysis for Business Decisions,100,2024-10-21 05:27:58.299000
Theodore James,Data Ethics,100,2024-10-21 05:27:58.299000
Theodore James,Data Analysis with Pandas,100,2024-10-21 05:27:58.299000
Theodore James,Data Visualization with Matplotlib,100,2024-10-21 05:27:58.299000
Theodore James,Data Cleaning & Preprocessing,100,2024-10-21 05:27:58.299000
Theodore James,Remote Support Techniques,100,2024-10-21 05:27:58.299000
Theodore James,Git & GitHub,100,2024-10-21 05:27:58.299000
Theodore James,Vulnerability Assessment,100,2024-10-21 05:27:58.299000
Theodore James,Ethereum Development,100,2024-10-21 05:27:58.299000
Theodore James,Consensus Algorithms,100,2024-10-21 05:27:58.299000
Theodore James,Configuration Management with Ansible,100,2024-10-21 05:27:58.299000
Theodore James,Video Production Basics,100,2024-10-21 05:27:58.299000
Theodore James,Blockchain Use Cases,100,2024-10-21 05:27:58.299000
Theodore James,Content Strategy Development,100,2024-10-21 05:27:58.299000
Rhonda Myers,Data Analysis with Pandas,100,2024-10-21 05:27:58.299000
Rhonda Myers,Data Cleaning & Preprocessing,100,2024-10-21 05:27:58.299000
Rhonda Myers,Data Visualization with Matplotlib,100,2024-10-21 05:27:58.299000
Rhonda Myers,Data Ethics,100,2024-10-21 05:27:58.299000
Rhonda Myers,Data Analysis for Business Decisions,100,2024-10-21 05:27:58.299000
Rhonda Myers,Risk Management in Finance,100,2024-10-21 05:27:58.299000
Rhonda Myers,Express.js,100,2024-10-21 05:27:58.299000
Rhonda Myers,Version Control with Git,100,2024-10-21 05:27:58.299000
Rhonda Myers,Diversity and Inclusion Initiatives,100,2024-10-21 05:27:58.299000
Rhonda Myers,HTML & CSS,100,2024-10-21 05:27:58.299000
Rhonda Myers,Financial Planning and Forecasting,100,2024-10-21 05:27:58.299000
Rhonda Myers,Infrastructure as Code,100,2024-10-21 05:27:58.299000
Rhonda Myers,Introduction to Human Resources,100,2024-10-21 05:27:58.299000
Erika Russell,Data Ethics,100,2024-10-21 05:27:58.299000
Erika Russell,Data Cleaning & Preprocessing,100,2024-10-21 05:27:58.299000
Erika Russell,Data Analysis with Pandas,100,2024-10-21 05:27:58.299000
Erika Russell,Data Analysis for Business Decisions,100,2024-10-21 05:27:58.299000
Erika Russell,Data Visualization with Matplotlib,100,2024-10-21 05:27:58.299000
Erika Russell,Express.js,100,2024-10-21 05:27:58.299000
Erika Russell,Blockchain Use Cases,100,2024-10-21 05:27:58.299000
Erika Russell,Risk Management in Finance,100,2024-10-21 05:27:58.299000
Erika Russell,Requirements Gathering Techniques,100,2024-10-21 05:27:58.299000
Erika Russell,Business Case Development,100,2024-10-21 05:27:58.299000
Erika Russell,Change Management,100,2024-10-21 05:27:58.299000
Erika Russell,JavaScript Basics,100,2024-10-21 05:27:58.299000
Erika Russell,Introduction to Machine Learning,100,2024-10-21 05:27:58.299000
Erika Russell,E-commerce Development Basics,100,2024-10-21 05:27:58.299000
Erika Russell,Cryptography Basics,100,2024-10-21 05:27:58.299000
Dustin Booker,Data Visualization with Matplotlib,100,2024-10-21 05:27:58.299000
Dustin Booker,Data Analysis with Pandas,100,2024-10-21 05:27:58.299000
Dustin Booker,Data Cleaning & Preprocessing,100,2024-10-21 05:27:58.299000
Dustin Booker,Data Ethics,100,2024-10-21 05:27:58.299000
Dustin Booker,Data Analysis for Business Decisions,100,2024-10-21 05:27:58.299000
Dustin Booker,Requirements Gathering Techniques,100,2024-10-21 05:27:58.299000
Dustin Booker,Ethics in AI,100,2024-10-21 05:27:58.299000
Dustin Booker,Big Data with Spark,100,2024-10-21 05:27:58.299000
Dustin Booker,Risk Analysis and Management,100,2024-10-21 05:27:58.299000
Dustin Booker,Risk Management in Finance,100,2024-10-21 05:27:58.299000
Dustin Booker,Troubleshooting Techniques,100,2024-10-21 05:27:58.299000
Dustin Booker,Computer Vision Applications,100,2024-10-21 05:27:58.299000
Dustin Booker,Labor Laws and Compliance,100,2024-10-21 05:27:58.299000
Erin Anderson,Data Analysis with Pandas,100,2024-10-21 05:27:58.299000
Erin Anderson,Data Analysis for Business Decisions,100,2024-10-21 05:27:58.299000
Erin Anderson,Data Cleaning & Preprocessing,100,2024-10-21 05:27:58.299000
Erin Anderson,Data Visualization with Matplotlib,100,2024-10-21 05:27:58.299000
Erin Anderson,Data Ethics,100,2024-10-21 05:27:58.299000
Erin Anderson,Computer Vision Basics,100,2024-10-21 05:27:58.299000
Erin Anderson,2D Game Development,100,2024-10-21 05:27:58.299000
Erin Anderson,Sales Analytics,100,2024-10-21 05:27:58.299000
Erin Anderson,Stakeholder Management,100,2024-10-21 05:27:58.299000
Erin Anderson,Google Ads Fundamentals,100,2024-10-21 05:27:58.299000
Sandra Tran,Data Ethics,100,2024-10-21 05:27:58.299000
Sandra Tran,Data Visualization with Matplotlib,100,2024-10-21 05:27:58.299000
Sandra Tran,Data Analysis for Business Decisions,100,2024-10-21 05:27:58.299000
Sandra Tran,Data Cleaning & Preprocessing,100,2024-10-21 05:27:58.299000
Sandra Tran,Data Analysis with Pandas,100,2024-10-21 05:27:58.299000
Sandra Tran,Introduction to Game Development,100,2024-10-21 05:27:58.299000
Sandra Tran,Understanding Financial Markets,100,2024-10-21 05:27:58.299000
Sandra Tran,Corporate Finance Essentials,100,2024-10-21 05:27:58.299000
Sandra Tran,Microservices in Cloud,100,2024-10-21 05:27:58.299000
Sandra Tran,Introduction to DevOps,100,2024-10-21 05:27:58.299000
Sandra Tran,Publishing Mobile Apps,100,2024-10-21 05:27:58.299000
Sandra Tran,Performance Management Systems,100,2024-10-21 05:27:58.299000
Sandra Tran,Mobile App Security,100,2024-10-21 05:27:58.299000
Sandra Tran,Game Testing Techniques,100,2024-10-21 05:27:58.299000
Sandra Tran,Introduction to AI,100,2024-10-21 05:27:58.299000
Leslie Ruiz,Data Analysis with Pandas,100,2024-10-21 05:27:58.299000
Leslie Ruiz,Data Visualization with Matplotlib,100,2024-10-21 05:27:58.299000
Leslie Ruiz,Data Ethics,100,2024-10-21 05:27:58.299000
Leslie Ruiz,Data Analysis for Business Decisions,100,2024-10-21 05:27:58.299000
Leslie Ruiz,Data Cleaning & Preprocessing,100,2024-10-21 05:27:58.299000
Leslie Ruiz,Operating Systems Overview,100,2024-10-21 05:27:58.299000
Leslie Ruiz,Azure Basics,100,2024-10-21 05:27:58.299000
Leslie Ruiz,Understanding Financial Markets,100,2024-10-21 05:27:58.299000
Leslie Ruiz,Interaction Design Principles,100,2024-10-21 05:27:58.299000
Leslie Ruiz,Container Orchestration with Kubernetes,100,2024-10-21 05:27:58.299000
Leslie Ruiz,Introduction to Blockchain,100,2024-10-21 05:27:58.299000
Leslie Ruiz,Hyperledger Basics,100,2024-10-21 05:27:58.299000
Leslie Ruiz,Malware Analysis,100,2024-10-21 05:27:58.299000
Leslie Ruiz,Mobile App Design,100,2024-10-21 05:27:58.299000
Leslie Ruiz,Continuous Integration and Delivery,100,2024-10-21 05:27:58.299000
Rebecca Butler,Data Cleaning & Preprocessing,100,2024-10-21 05:27:58.299000
Rebecca Butler,Data Ethics,100,2024-10-21 05:27:58.299000
Rebecca Butler,Data Analysis with Pandas,100,2024-10-21 05:27:58.299000
Rebecca Butler,Data Analysis for Business Decisions,100,2024-10-21 05:27:58.299000
Rebecca Butler,Data Visualization with Matplotlib,100,2024-10-21 05:27:58.299000
Rebecca Butler,Time Series Analysis,100,2024-10-21 05:27:58.299000
Rebecca Butler,Web Accessibility Standards,100,2024-10-21 05:27:58.299000
Rebecca Butler,Decentralized Applications (DApps),100,2024-10-21 05:27:58.299000
Rebecca Butler,Introduction to Content Creation,100,2024-10-21 05:27:58.299000
Rebecca Butler,Cross-Platform Development with Flutter,100,2024-10-21 05:27:58.299000
Rebecca Butler,ITIL Foundations,100,2024-10-21 05:27:58.299000
Derek Smith,Data Ethics,100,2024-10-21 05:27:58.299000
Derek Smith,Data Cleaning & Preprocessing,100,2024-10-21 05:27:58.299000
Derek Smith,Data Analysis with Pandas,100,2024-10-21 05:27:58.299000
Derek Smith,Data Analysis for Business Decisions,100,2024-10-21 05:27:58.299000
Derek Smith,Data Visualization with Matplotlib,100,2024-10-21 05:27:58.299000
Derek Smith,Communication Skills for Project Managers,100,2024-10-21 05:27:58.299000
Derek Smith,Mobile App Security,100,2024-10-21 05:27:58.299000
Derek Smith,Diversity and Inclusion Initiatives,100,2024-10-21 05:27:58.299000
Derek Smith,Smart Contracts Development,100,2024-10-21 05:27:58.299000
Derek Smith,Container Orchestration with Kubernetes,100,2024-10-21 05:27:58.299000
Derek Smith,Building Customer Relationships,100,2024-10-21 05:27:58.299000
Derek Smith,Corporate Finance Essentials,100,2024-10-21 05:27:58.299000
Kevin Joseph,Data Ethics,100,2024-10-21 05:27:58.299000
Kevin Joseph,Data Visualization with Matplotlib,100,2024-10-21 05:27:58.299000
Kevin Joseph,Data Analysis with Pandas,100,2024-10-21 05:27:58.299000
Kevin Joseph,Data Analysis for Business Decisions,100,2024-10-21 05:27:58.299000
Kevin Joseph,Data Cleaning & Preprocessing,100,2024-10-21 05:27:58.299000
Kevin Joseph,Deployment of ML Models,100,2024-10-21 05:27:58.299000
Kevin Joseph,Budgeting Basics,100,2024-10-21 05:27:58.299000
Kevin Joseph,Requirements Gathering Techniques,100,2024-10-21 05:27:58.299000
Kevin Joseph,Introduction to Blockchain,100,2024-10-21 05:27:58.299000
Kevin Joseph,Introduction to Business Analysis,100,2024-10-21 05:27:58.299000
Kevin Joseph,API Development,100,2024-10-21 05:27:58.299000
Kevin Joseph,React,100,2024-10-21 05:27:58.299000
Kevin Joseph,Stakeholder Management,100,2024-10-21 05:27:58.299000
Kevin Joseph,Risk Management in Cybersecurity,100,2024-10-21 05:27:58.299000
Kevin Joseph,Game Testing Techniques,100,2024-10-21 05:27:58.299000
Nicole Howard,Data Analysis with Pandas,100,2024-10-21 05:27:58.299000
Nicole Howard,Data Analysis for Business Decisions,100,2024-10-21 05:27:58.299000
Nicole Howard,Data Visualization with Matplotlib,100,2024-10-21 05:27:58.299000
Nicole Howard,Data Ethics,100,2024-10-21 05:27:58.299000
Nicole Howard,Data Cleaning & Preprocessing,100,2024-10-21 05:27:58.299000
Nicole Howard,iOS Development Basics,100,2024-10-21 05:27:58.299000
Nicole Howard,2D Game Development,100,2024-10-21 05:27:58.299000
Nicole Howard,Express.js,100,2024-10-21 05:27:58.299000
Nicole Howard,Game Testing Techniques,100,2024-10-21 05:27:58.299000
Nicole Howard,Deep Learning Fundamentals,100,2024-10-21 05:27:58.299000
Nicole Howard,Ethical Hacking Basics,100,2024-10-21 05:27:58.299000
Nicole Howard,HTML & CSS,100,2024-10-21 05:27:58.299000
Cheryl Rojas,Data Analysis with Pandas,100,2024-10-21 05:27:58.299000
Cheryl Rojas,Data Ethics,100,2024-10-21 05:27:58.300000
Cheryl Rojas,Data Cleaning & Preprocessing,100,2024-10-21 05:27:58.300000
Cheryl Rojas,Data Analysis for Business Decisions,100,2024-10-21 05:27:58.300000
Cheryl Rojas,Data Visualization with Matplotlib,100,2024-10-21 05:27:58.300000
Cheryl Rojas,Social Media Marketing,100,2024-10-21 05:27:58.300000
Cheryl Rojas,Web Performance Optimization,100,2024-10-21 05:27:58.300000
Cheryl Rojas,Smart Contracts Development,100,2024-10-21 05:27:58.300000
Cheryl Rojas,Customer Service Skills for IT,100,2024-10-21 05:27:58.300000
Cheryl Rojas,Understanding Financial Markets,100,2024-10-21 05:27:58.300000
Cheryl Rojas,Automating Cloud Deployments,100,2024-10-21 05:27:58.300000
Cheryl Rojas,Mobile App Design,100,2024-10-21 05:27:58.300000
Cheryl Rojas,Cryptocurrency Fundamentals,100,2024-10-21 05:27:58.300000
Cheryl Rojas,Statistical Analysis,100,2024-10-21 05:27:58.300000
Richard Blair,Data Ethics,100,2024-10-21 05:27:58.300000
Richard Blair,Data Analysis with Pandas,100,2024-10-21 05:27:58.300000
Richard Blair,Data Cleaning & Preprocessing,100,2024-10-21 05:27:58.300000
Richard Blair,Data Analysis for Business Decisions,100,2024-10-21 05:27:58.300000
Richard Blair,Data Visualization with Matplotlib,100,2024-10-21 05:27:58.300000
Richard Blair,Change Management Strategies,100,2024-10-21 05:27:58.300000
Richard Blair,Content Strategy Development,100,2024-10-21 05:27:58.300000
Richard Blair,Cross-Platform Development with Flutter,100,2024-10-21 05:27:58.300000
Richard Blair,Change Management,100,2024-10-21 05:27:58.300000
Richard Blair,Understanding Financial Markets,100,2024-10-21 05:27:58.300000
Richard Blair,Vulnerability Assessment,100,2024-10-21 05:27:58.300000
Richard Blair,Social Media Content Creation,100,2024-10-21 05:27:58.300000
Sean Tucker,Data Analysis for Business Decisions,100,2024-10-21 05:27:58.300000
Sean Tucker,Data Ethics,100,2024-10-21 05:27:58.300000
Sean Tucker,Data Analysis with Pandas,100,2024-10-21 05:27:58.300000
Sean Tucker,Data Cleaning & Preprocessing,100,2024-10-21 05:27:58.300000
Sean Tucker,Data Visualization with Matplotlib,100,2024-10-21 05:27:58.300000
Sean Tucker,User Interface Design for Mobile Apps,100,2024-10-21 05:27:58.300000
Sean Tucker,3D Game Development,100,2024-10-21 05:27:58.300000
Sean Tucker,Security in Cloud Computing,100,2024-10-21 05:27:58.300000
Sean Tucker,Unsupervised Learning,100,2024-10-21 05:27:58.300000
Sean Tucker,Hardware Repair Skills,100,2024-10-21 05:27:58.300000
Sean Tucker,Introduction to Machine Learning,100,2024-10-21 05:27:58.300000
Jeremy Martin,Data Analysis for Business Decisions,100,2024-10-21 05:27:58.300000
Jeremy Martin,Data Analysis with Pandas,100,2024-10-21 05:27:58.300000
Jeremy Martin,Data Cleaning & Preprocessing,100,2024-10-21 05:27:58.300000
Jeremy Martin,Data Ethics,100,2024-10-21 05:27:58.300000
Jeremy Martin,Data Visualization with Matplotlib,100,2024-10-21 05:27:58.300000
Jeremy Martin,Deployment of ML Models,100,2024-10-21 05:27:58.300000
Jeremy Martin,Version Control with Git,100,2024-10-21 05:27:58.300000
Jeremy Martin,Configuration Management with Ansible,100,2024-10-21 05:27:58.300000
Jeremy Martin,Frontend Development Basics,100,2024-10-21 05:27:58.300000
Jeremy Martin,Network Security Fundamentals,100,2024-10-21 05:27:58.300000
Aaron Johnson,Data Ethics,100,2024-10-21 05:27:58.300000
Aaron Johnson,Data Visualization with Matplotlib,100,2024-10-21 05:27:58.300000
Aaron Johnson,Data Analysis for Business Decisions,100,2024-10-21 05:27:58.300000
Aaron Johnson,Data Analysis with Pandas,100,2024-10-21 05:27:58.300000
Aaron Johnson,Data Cleaning & Preprocessing,100,2024-10-21 05:27:58.300000
Aaron Johnson,Microservices in Cloud,100,2024-10-21 05:27:58.300000
Aaron Johnson,Building Customer Relationships,100,2024-10-21 05:27:58.300000
Aaron Johnson,Negotiation Techniques,100,2024-10-21 05:27:58.300000
Aaron Johnson,React,100,2024-10-21 05:27:58.300000
Aaron Johnson,Reinforcement Learning,100,2024-10-21 05:27:58.300000
Aaron Johnson,Talent Acquisition Strategies,100,2024-10-21 05:27:58.300000
Alice Gibson,Data Analysis for Business Decisions,100,2024-10-21 05:27:58.300000
Alice Gibson,Data Analysis with Pandas,100,2024-10-21 05:27:58.300000
Alice Gibson,Data Ethics,100,2024-10-21 05:27:58.300000
Alice Gibson,Data Visualization with Matplotlib,100,2024-10-21 05:27:58.300000
Alice Gibson,Data Cleaning & Preprocessing,100,2024-10-21 05:27:58.300000
Alice Gibson,Git & GitHub,100,2024-10-21 05:27:58.300000
Alice Gibson,SEO Best Practices,100,2024-10-21 05:27:58.300000
Alice Gibson,Automating Cloud Deployments,100,2024-10-21 05:27:58.300000
Alice Gibson,React,100,2024-10-21 05:27:58.300000
Alice Gibson,SEO Fundamentals,100,2024-10-21 05:27:58.300000
Jennifer Ward,Data Analysis for Business Decisions,100,2024-10-21 05:27:58.300000
Jennifer Ward,Data Ethics,100,2024-10-21 05:27:58.300000
Jennifer Ward,Data Visualization with Matplotlib,100,2024-10-21 05:27:58.300000
Jennifer Ward,Data Analysis with Pandas,100,2024-10-21 05:27:58.300000
Jennifer Ward,Data Cleaning & Preprocessing,100,2024-10-21 05:27:58.300000
Jennifer Ward,Personal Finance Skills,100,2024-10-21 05:27:58.300000
Jennifer Ward,MongoDB,100,2024-10-21 05:27:58.300000
Jennifer Ward,Understanding Financial Markets,100,2024-10-21 05:27:58.300000
Jennifer Ward,Performance Management Systems,100,2024-10-21 05:27:58.300000
Jennifer Ward,Reinforcement Learning Techniques,100,2024-10-21 05:27:58.300000
Jennifer Ward,AI for Business,100,2024-10-21 05:27:58.300000
Brad Barrett,Data Analysis with Pandas,100,2024-10-21 05:27:58.300000
Brad Barrett,Data Visualization with Matplotlib,100,2024-10-21 05:27:58.300000
Brad Barrett,Data Analysis for Business Decisions,100,2024-10-21 05:27:58.300000
Brad Barrett,Data Ethics,100,2024-10-21 05:27:58.300000
Brad Barrett,Data Cleaning & Preprocessing,100,2024-10-21 05:27:58.300000
Brad Barrett,Content Management Systems (CMS),100,2024-10-21 05:27:58.300000
Brad Barrett,Financial Reporting Standards,100,2024-10-21 05:27:58.300000
Brad Barrett,Building Customer Relationships,100,2024-10-21 05:27:58.300000
Brad Barrett,Game Testing Techniques,100,2024-10-21 05:27:58.300000
Brad Barrett,Network Security Fundamentals,100,2024-10-21 05:27:58.300000
Brad Barrett,Publishing Mobile Apps,100,2024-10-21 05:27:58.300000
Brad Barrett,Digital Sales Techniques,100,2024-10-21 05:27:58.300000
Whitney Howell,Data Cleaning & Preprocessing,100,2024-10-21 05:27:58.300000
Whitney Howell,Data Analysis with Pandas,100,2024-10-21 05:27:58.300000
Whitney Howell,Data Visualization with Matplotlib,100,2024-10-21 05:27:58.300000
Whitney Howell,Data Ethics,100,2024-10-21 05:27:58.300000
Whitney Howell,Data Analysis for Business Decisions,100,2024-10-21 05:27:58.300000
Whitney Howell,Ethics in AI,100,2024-10-21 05:27:58.300000
Whitney Howell,Supervised Learning,100,2024-10-21 05:27:58.300000
Whitney Howell,React,100,2024-10-21 05:27:58.300000
Whitney Howell,Financial Planning and Forecasting,100,2024-10-21 05:27:58.300000
Whitney Howell,JavaScript Basics,100,2024-10-21 05:27:58.300000
Whitney Howell,Content Management Systems (CMS),100,2024-10-21 05:27:58.300000
Whitney Howell,HTML & CSS,100,2024-10-21 05:27:58.300000
Cathy Gonzalez,Data Visualization with Matplotlib,100,2024-10-21 05:27:58.300000
Cathy Gonzalez,Data Analysis for Business Decisions,100,2024-10-21 05:27:58.300000
Cathy Gonzalez,Data Analysis with Pandas,100,2024-10-21 05:27:58.300000
Cathy Gonzalez,Data Cleaning & Preprocessing,100,2024-10-21 05:27:58.300000
Cathy Gonzalez,Data Ethics,100,2024-10-21 05:27:58.300000
Cathy Gonzalez,Collaboration Tools in DevOps,100,2024-10-21 05:27:58.300000
Cathy Gonzalez,Introduction to Human Resources,100,2024-10-21 05:27:58.300000
Cathy Gonzalez,Game Monetization Strategies,100,2024-10-21 05:27:58.300000
Cathy Gonzalez,Video Production Basics,100,2024-10-21 05:27:58.300000
Cathy Gonzalez,Communication Skills for Project Managers,100,2024-10-21 05:27:58.300000
Brian Kirby,Data Analysis for Business Decisions,100,2024-10-21 05:27:58.300000
Brian Kirby,Data Analysis with Pandas,100,2024-10-21 05:27:58.300000
Brian Kirby,Data Cleaning & Preprocessing,100,2024-10-21 05:27:58.300000
Brian Kirby,Data Visualization with Matplotlib,100,2024-10-21 05:27:58.300000
Brian Kirby,Data Ethics,100,2024-10-21 05:27:58.300000
Brian Kirby,AI in Robotics,100,2024-10-21 05:27:58.300000
Brian Kirby,Agile Project Management,100,2024-10-21 05:27:58.300000
Brian Kirby,Game Testing Techniques,100,2024-10-21 05:27:58.300000
Brian Kirby,SEO Fundamentals,100,2024-10-21 05:27:58.300000
Brian Kirby,Reinforcement Learning Techniques,100,2024-10-21 05:27:58.300000
Brian Kirby,Content Management Systems (CMS),100,2024-10-21 05:27:58.300000
Brian Kirby,Unsupervised Learning,100,2024-10-21 05:27:58.300000
Brian Kirby,Security Awareness for IT Support,100,2024-10-21 05:27:58.300000
Samuel Henry,Data Analysis with Pandas,100,2024-10-21 05:27:58.300000
Samuel Henry,Data Analysis for Business Decisions,100,2024-10-21 05:27:58.300000
Samuel Henry,Data Ethics,100,2024-10-21 05:27:58.300000
Samuel Henry,Data Visualization with Matplotlib,100,2024-10-21 05:27:58.300000
Samuel Henry,Data Cleaning & Preprocessing,100,2024-10-21 05:27:58.300000
Samuel Henry,Networking Basics,100,2024-10-21 05:27:58.300000
Samuel Henry,Introduction to Cloud Computing,100,2024-10-21 05:27:58.300000
Samuel Henry,Serverless Architecture,100,2024-10-21 05:27:58.300000
Samuel Henry,E-commerce Development Basics,100,2024-10-21 05:27:58.300000
Samuel Henry,Model Evaluation,100,2024-10-21 05:27:58.300000
Samuel Henry,RESTful Services,100,2024-10-21 05:27:58.300000
Samuel Henry,Presentation Skills for Business Analysts,100,2024-10-21 05:27:58.300000
Samuel Henry,SEO Fundamentals,100,2024-10-21 05:27:58.300000
Samuel Henry,Game Testing Techniques,100,2024-10-21 05:27:58.300000
Samuel Henry,Collaboration Tools in DevOps,100,2024-10-21 05:27:58.300000
Jason Collins,Data Visualization with Matplotlib,100,2024-10-21 05:27:58.300000
Jason Collins,Data Analysis with Pandas,100,2024-10-21 05:27:58.300000
Jason Collins,Data Ethics,100,2024-10-21 05:27:58.300000
Jason Collins,Data Analysis for Business Decisions,100,2024-10-21 05:27:58.300000
Jason Collins,Data Cleaning & Preprocessing,100,2024-10-21 05:27:58.300000
Jason Collins,Personal Finance Skills,100,2024-10-21 05:27:58.300000
Jason Collins,Vulnerability Assessment,100,2024-10-21 05:27:58.300000
Jason Collins,Financial Planning and Forecasting,100,2024-10-21 05:27:58.300000
Jason Collins,Container Orchestration with Kubernetes,100,2024-10-21 05:27:58.300000
Jason Collins,Understanding Consumer Behavior,100,2024-10-21 05:27:58.300000
Jason Collins,Computer Vision Applications,100,2024-10-21 05:27:58.300000
Jason Collins,Azure Basics,100,2024-10-21 05:27:58.300000
Julie Cox,Data Cleaning & Preprocessing,100,2024-10-21 05:27:58.300000
Julie Cox,Data Ethics,100,2024-10-21 05:27:58.300000
Julie Cox,Data Visualization with Matplotlib,100,2024-10-21 05:27:58.301000
Julie Cox,Data Analysis with Pandas,100,2024-10-21 05:27:58.301000
Julie Cox,Data Analysis for Business Decisions,100,2024-10-21 05:27:58.301000
Julie Cox,Collaboration Tools in DevOps,100,2024-10-21 05:27:58.301000
Julie Cox,Monitoring and Logging,100,2024-10-21 05:27:58.301000
Julie Cox,Risk Management in Finance,100,2024-10-21 05:27:58.301000
Julie Cox,SEO Best Practices,100,2024-10-21 05:27:58.301000
Julie Cox,Serverless Architecture,100,2024-10-21 05:27:58.301000
Julie Cox,Deployment of ML Models,100,2024-10-21 05:27:58.301000
Jamie Fleming,Data Analysis with Pandas,100,2024-10-21 05:27:58.301000
Jamie Fleming,Data Cleaning & Preprocessing,100,2024-10-21 05:27:58.301000
Jamie Fleming,Data Visualization with Matplotlib,100,2024-10-21 05:27:58.301000
Jamie Fleming,Data Ethics,100,2024-10-21 05:27:58.301000
Jamie Fleming,Data Analysis for Business Decisions,100,2024-10-21 05:27:58.301000
Jamie Fleming,SWOT Analysis for Business,100,2024-10-21 05:27:58.301000
Jamie Fleming,Corporate Finance Essentials,100,2024-10-21 05:27:58.301000
Jamie Fleming,Understanding Financial Markets,100,2024-10-21 05:27:58.301000
Jamie Fleming,Visual Design Basics,100,2024-10-21 05:27:58.301000
Jamie Fleming,Web Performance Optimization,100,2024-10-21 05:27:58.301000
Jamie Fleming,Collaboration Tools in DevOps,100,2024-10-21 05:27:58.301000
Jamie Fleming,Azure Basics,100,2024-10-21 05:27:58.301000
Jamie Fleming,RESTful Services,100,2024-10-21 05:27:58.301000
Renee Williams,Data Visualization with Matplotlib,100,2024-10-21 05:27:58.301000
Renee Williams,Data Analysis for Business Decisions,100,2024-10-21 05:27:58.301000
Renee Williams,Data Ethics,100,2024-10-21 05:27:58.301000
Renee Williams,Data Analysis with Pandas,100,2024-10-21 05:27:58.301000
Renee Williams,Data Cleaning & Preprocessing,100,2024-10-21 05:27:58.301000
Renee Williams,MongoDB,100,2024-10-21 05:27:58.301000
Renee Williams,3D Game Development,100,2024-10-21 05:27:58.301000
Renee Williams,Malware Analysis,100,2024-10-21 05:27:58.301000
Renee Williams,AI in Healthcare,100,2024-10-21 05:27:58.301000
Renee Williams,HR Analytics,100,2024-10-21 05:27:58.301000
Renee Williams,Content Strategy Development,100,2024-10-21 05:27:58.301000
Renee Williams,Sales Fundamentals,100,2024-10-21 05:27:58.301000
Renee Williams,Influencer Marketing,100,2024-10-21 05:27:58.301000
Samantha Boyd,Data Cleaning & Preprocessing,100,2024-10-21 05:27:58.301000
Samantha Boyd,Data Analysis with Pandas,100,2024-10-21 05:27:58.301000
Samantha Boyd,Data Ethics,100,2024-10-21 05:27:58.301000
Samantha Boyd,Data Analysis for Business Decisions,100,2024-10-21 05:27:58.301000
Samantha Boyd,Data Visualization with Matplotlib,100,2024-10-21 05:27:58.301000
Samantha Boyd,User Research Techniques,100,2024-10-21 05:27:58.301000
Samantha Boyd,Customer Service Excellence,100,2024-10-21 05:27:58.301000
Samantha Boyd,Training and Development,100,2024-10-21 05:27:58.301000
Samantha Boyd,Stakeholder Management,100,2024-10-21 05:27:58.301000
Samantha Boyd,Sales Fundamentals,100,2024-10-21 05:27:58.301000
Samantha Boyd,Game Monetization Strategies,100,2024-10-21 05:27:58.301000
Samantha Boyd,Natural Language Processing Techniques,100,2024-10-21 05:27:58.301000
James Smith,Data Analysis with Pandas,100,2024-10-21 05:27:58.301000
James Smith,Data Analysis for Business Decisions,100,2024-10-21 05:27:58.301000
James Smith,Data Cleaning & Preprocessing,100,2024-10-21 05:27:58.301000
James Smith,Data Visualization with Matplotlib,100,2024-10-21 05:27:58.301000
James Smith,Data Ethics,100,2024-10-21 05:27:58.301000
James Smith,Cloud Cost Management,100,2024-10-21 05:27:58.301000
James Smith,DevOps in the Cloud,100,2024-10-21 05:27:58.301000
James Smith,Introduction to Business Analysis,100,2024-10-21 05:27:58.301000
James Smith,Introduction to Cloud Computing,100,2024-10-21 05:27:58.301000
James Smith,Virtual Reality Development,100,2024-10-21 05:27:58.301000
James Smith,SEO Fundamentals,100,2024-10-21 05:27:58.301000
James Smith,Google Cloud Platform Essentials,100,2024-10-21 05:27:58.301000
James Smith,API Integration in Mobile Apps,100,2024-10-21 05:27:58.301000
James Smith,Mobile Testing Strategies,100,2024-10-21 05:27:58.301000
Daniel Moore,Data Analysis for Business Decisions,100,2024-10-21 05:27:58.301000
Daniel Moore,Data Visualization with Matplotlib,100,2024-10-21 05:27:58.301000
Daniel Moore,Data Ethics,100,2024-10-21 05:27:58.301000
Daniel Moore,Data Cleaning & Preprocessing,100,2024-10-21 05:27:58.301000
Daniel Moore,Data Analysis with Pandas,100,2024-10-21 05:27:58.301000
Daniel Moore,Personal Finance Skills,100,2024-10-21 05:27:58.301000
Daniel Moore,HTML & CSS,100,2024-10-21 05:27:58.301000
Daniel Moore,Introduction to Machine Learning,100,2024-10-21 05:27:58.301000
Daniel Moore,RESTful Services,100,2024-10-21 05:27:58.301000
Daniel Moore,3D Game Development,100,2024-10-21 05:27:58.301000
Daniel Moore,Project Scheduling Techniques,100,2024-10-21 05:27:58.301000
Daniel Moore,Sales Fundamentals,100,2024-10-21 05:27:58.301000
Daniel Moore,Introduction to UI/UX Design,100,2024-10-21 05:27:58.301000
Nicholas Henry,Data Analysis for Business Decisions,100,2024-10-21 05:27:58.301000
Nicholas Henry,Data Cleaning & Preprocessing,100,2024-10-21 05:27:58.301000
Nicholas Henry,Data Analysis with Pandas,100,2024-10-21 05:27:58.301000
Nicholas Henry,Data Visualization with Matplotlib,100,2024-10-21 05:27:58.301000
Nicholas Henry,Data Ethics,100,2024-10-21 05:27:58.301000
Nicholas Henry,Natural Language Processing,100,2024-10-21 05:27:58.301000
Nicholas Henry,Risk Analysis and Management,100,2024-10-21 05:27:58.301000
Nicholas Henry,Continuous Integration and Delivery,100,2024-10-21 05:27:58.301000
Nicholas Henry,Financial Analysis Techniques,100,2024-10-21 05:27:58.301000
Nicholas Henry,2D Game Development,100,2024-10-21 05:27:58.301000
Nicholas Henry,RESTful Services,100,2024-10-21 05:27:58.301000
Nicholas Henry,Introduction to Content Creation,100,2024-10-21 05:27:58.301000
Nicholas Henry,Influencer Marketing,100,2024-10-21 05:27:58.301000
Nicholas Henry,Corporate Finance Essentials,100,2024-10-21 05:27:58.301000
Alex Pineda,Data Analysis for Business Decisions,100,2024-10-21 05:27:58.301000
Alex Pineda,Data Ethics,100,2024-10-21 05:27:58.301000
Alex Pineda,Data Cleaning & Preprocessing,100,2024-10-21 05:27:58.301000
Alex Pineda,Data Visualization with Matplotlib,100,2024-10-21 05:27:58.301000
Alex Pineda,Data Analysis with Pandas,100,2024-10-21 05:27:58.301000
Alex Pineda,Deployment of ML Models,100,2024-10-21 05:27:58.301000
Alex Pineda,HR Technology Tools,100,2024-10-21 05:27:58.301000
Alex Pineda,Web Accessibility Standards,100,2024-10-21 05:27:58.301000
Alex Pineda,Multiplayer Game Development,100,2024-10-21 05:27:58.301000
Alex Pineda,Responsive Design Principles,100,2024-10-21 05:27:58.301000
Alex Pineda,Project Management Tools Overview,100,2024-10-21 05:27:58.301000
Alex Pineda,Social Media Content Creation,100,2024-10-21 05:27:58.301000
Alex Pineda,Quality Management,100,2024-10-21 05:27:58.301000
Alex Pineda,Closing Sales Strategies,100,2024-10-21 05:27:58.301000
Matthew Holland,Data Cleaning & Preprocessing,100,2024-10-21 05:27:58.301000
Matthew Holland,Data Ethics,100,2024-10-21 05:27:58.301000
Matthew Holland,Data Analysis for Business Decisions,100,2024-10-21 05:27:58.301000
Matthew Holland,Data Analysis with Pandas,100,2024-10-21 05:27:58.301000
Matthew Holland,Data Visualization with Matplotlib,100,2024-10-21 05:27:58.301000
Matthew Holland,Cross-Platform Development with Flutter,100,2024-10-21 05:27:58.301000
Matthew Holland,Natural Language Processing Techniques,100,2024-10-21 05:27:58.301000
Matthew Holland,User Research Techniques,100,2024-10-21 05:27:58.301000
Matthew Holland,Brand Management Online,100,2024-10-21 05:27:58.301000
Matthew Holland,Affiliate Marketing,100,2024-10-21 05:27:58.301000
Jennifer Boyd,Data Visualization with Matplotlib,100,2024-10-21 05:27:58.301000
Jennifer Boyd,Data Cleaning & Preprocessing,100,2024-10-21 05:27:58.301000
Jennifer Boyd,Data Analysis for Business Decisions,100,2024-10-21 05:27:58.301000
Jennifer Boyd,Data Ethics,100,2024-10-21 05:27:58.301000
Jennifer Boyd,Business Case Development,100,2024-10-21 05:27:58.301000
Jennifer Boyd,Blogging for Beginners,100,2024-10-21 05:27:58.301000
Jennifer Boyd,Training and Development,100,2024-10-21 05:27:58.301000
Jennifer Boyd,ITIL Foundations,100,2024-10-21 05:27:58.301000
Jennifer Boyd,User Research Techniques,100,2024-10-21 05:27:58.301000
Jennifer Boyd,AWS Fundamentals,100,2024-10-21 05:27:58.301000
Jennifer Boyd,Unity Basics,100,2024-10-21 05:27:58.301000
Joe Williams,Data Analysis with Pandas,100,2024-10-21 05:27:58.301000
Joe Williams,Data Analysis for Business Decisions,100,2024-10-21 05:27:58.301000
Joe Williams,Data Visualization with Matplotlib,100,2024-10-21 05:27:58.301000
Joe Williams,Data Cleaning & Preprocessing,100,2024-10-21 05:27:58.301000
Joe Williams,Data Ethics,100,2024-10-21 05:27:58.301000
Joe Williams,RESTful Services,100,2024-10-21 05:27:58.301000
Joe Williams,Predictive Analytics,100,2024-10-21 05:27:58.301000
Joe Williams,Risk Management in Projects,100,2024-10-21 05:27:58.301000
Joe Williams,Unsupervised Learning,100,2024-10-21 05:27:58.301000
Joe Williams,Big Data with Spark,100,2024-10-21 05:27:58.301000
Joe Williams,Computer Vision Applications,100,2024-10-21 05:27:58.301000
Joe Williams,Business Process Modeling,100,2024-10-21 05:27:58.301000
Joe Williams,Backend Development Fundamentals,100,2024-10-21 05:27:58.301000
Joe Williams,Time Series Analysis,100,2024-10-21 05:27:58.301000
Joe Williams,Ethics in AI,100,2024-10-21 05:27:58.301000
Howard Peters,Data Visualization with Matplotlib,100,2024-10-21 05:27:58.301000
Howard Peters,Data Analysis with Pandas,100,2024-10-21 05:27:58.301000
Howard Peters,Data Ethics,100,2024-10-21 05:27:58.301000
Howard Peters,Data Analysis for Business Decisions,100,2024-10-21 05:27:58.301000
Howard Peters,Google Ads Fundamentals,100,2024-10-21 05:27:58.301000
Howard Peters,AI in Robotics,100,2024-10-21 05:27:58.301000
Howard Peters,E-commerce Development Basics,100,2024-10-21 05:27:58.301000
Howard Peters,Container Orchestration with Kubernetes,100,2024-10-21 05:27:58.301000
Howard Peters,Time Management for Sales,100,2024-10-21 05:27:58.301000
Howard Peters,Project Management Basics,100,2024-10-21 05:27:58.301000
Howard Peters,Continuous Integration and Delivery,100,2024-10-21 05:27:58.301000
Howard Peters,Analytics for Marketers,100,2024-10-21 05:27:58.301000
Howard Peters,Project Scheduling Techniques,100,2024-10-21 05:27:58.301000
Crystal Walter,Data Analysis with Pandas,100,2024-10-21 05:27:58.301000
Crystal Walter,Data Ethics,100,2024-10-21 05:27:58.301000
Crystal Walter,Data Analysis for Business Decisions,100,2024-10-21 05:27:58.301000
Crystal Walter,Data Cleaning & Preprocessing,100,2024-10-21 05:27:58.301000
Crystal Walter,Performance Management Systems,100,2024-10-21 05:27:58.301000
Crystal Walter,Introduction to Business Analysis,100,2024-10-21 05:27:58.301000
Crystal Walter,Introduction to Machine Learning,100,2024-10-21 05:27:58.301000
Crystal Walter,Consensus Algorithms,100,2024-10-21 05:27:58.301000
Crystal Walter,JavaScript Frameworks Overview,100,2024-10-21 05:27:58.301000
Crystal Walter,Malware Analysis,100,2024-10-21 05:27:58.301000
Crystal Walter,Digital Sales Techniques,100,2024-10-21 05:27:58.301000
Patricia Carlson,Data Cleaning & Preprocessing,100,2024-10-21 05:27:58.302000
Patricia Carlson,Data Analysis with Pandas,100,2024-10-21 05:27:58.302000
Patricia Carlson,Data Analysis for Business Decisions,100,2024-10-21 05:27:58.302000
Patricia Carlson,Data Visualization with Matplotlib,100,2024-10-21 05:27:58.302000
Patricia Carlson,Data Ethics,100,2024-10-21 05:27:58.302000
Patricia Carlson,Introduction to Blockchain,100,2024-10-21 05:27:58.302000
Patricia Carlson,App Monetization Strategies,100,2024-10-21 05:27:58.302000
Patricia Carlson,Ethical Hacking Basics,100,2024-10-21 05:27:58.302000
Patricia Carlson,AWS Fundamentals,100,2024-10-21 05:27:58.302000
Patricia Carlson,Cloud Security Best Practices,100,2024-10-21 05:27:58.302000
Patricia Carlson,SEO Best Practices,100,2024-10-21 05:27:58.302000
Patricia Carlson,Agile Methodologies,100,2024-10-21 05:27:58.302000
Patricia Carlson,Predictive Analytics,100,2024-10-21 05:27:58.302000
Timothy Bray,Data Visualization with Matplotlib,100,2024-10-21 05:27:58.302000
Timothy Bray,Data Analysis with Pandas,100,2024-10-21 05:27:58.302000
Timothy Bray,Data Analysis for Business Decisions,100,2024-10-21 05:27:58.302000
Timothy Bray,Data Cleaning & Preprocessing,100,2024-10-21 05:27:58.302000
Timothy Bray,Data Ethics,100,2024-10-21 05:27:58.302000
Timothy Bray,Diversity and Inclusion Initiatives,100,2024-10-21 05:27:58.302000
Timothy Bray,3D Game Development,100,2024-10-21 05:27:58.302000
Timothy Bray,Mobile Testing Strategies,100,2024-10-21 05:27:58.302000
Timothy Bray,Blockchain Use Cases,100,2024-10-21 05:27:58.302000
Timothy Bray,Risk Analysis and Management,100,2024-10-21 05:27:58.302000
Lauren Phillips,Data Analysis for Business Decisions,100,2024-10-21 05:27:58.302000
Lauren Phillips,Data Analysis with Pandas,100,2024-10-21 05:27:58.302000
Lauren Phillips,Data Ethics,100,2024-10-21 05:27:58.302000
Lauren Phillips,Data Visualization with Matplotlib,100,2024-10-21 05:27:58.302000
Lauren Phillips,Data Cleaning & Preprocessing,100,2024-10-21 05:27:58.302000
Lauren Phillips,Cryptocurrency Fundamentals,100,2024-10-21 05:27:58.302000
Lauren Phillips,Publishing Mobile Apps,100,2024-10-21 05:27:58.302000
Lauren Phillips,Natural Language Processing Techniques,100,2024-10-21 05:27:58.302000
Lauren Phillips,Infrastructure as Code,100,2024-10-21 05:27:58.302000
Lauren Phillips,Design Tools Overview,100,2024-10-21 05:27:58.302000
Craig Fox,Data Cleaning & Preprocessing,100,2024-10-21 05:27:58.302000
Craig Fox,Data Analysis for Business Decisions,100,2024-10-21 05:27:58.302000
Craig Fox,Data Analysis with Pandas,100,2024-10-21 05:27:58.302000
Craig Fox,Data Visualization with Matplotlib,100,2024-10-21 05:27:58.302000
Craig Fox,Data Ethics,100,2024-10-21 05:27:58.302000
Craig Fox,E-commerce Development Basics,100,2024-10-21 05:27:58.302000
Craig Fox,Digital Sales Techniques,100,2024-10-21 05:27:58.302000
Craig Fox,Decentralized Applications (DApps),100,2024-10-21 05:27:58.302000
Craig Fox,Affiliate Marketing,100,2024-10-21 05:27:58.302000
Craig Fox,Diversity and Inclusion Initiatives,100,2024-10-21 05:27:58.302000
Craig Fox,Sales Fundamentals,100,2024-10-21 05:27:58.302000
Craig Fox,Risk Analysis and Management,100,2024-10-21 05:27:58.302000
Craig Fox,Ethics in AI,100,2024-10-21 05:27:58.302000
Daniel Hart,Data Cleaning & Preprocessing,100,2024-10-21 05:27:58.302000
Daniel Hart,Data Visualization with Matplotlib,100,2024-10-21 05:27:58.302000
Daniel Hart,Data Ethics,100,2024-10-21 05:27:58.302000
Daniel Hart,Data Analysis for Business Decisions,100,2024-10-21 05:27:58.302000
Daniel Hart,Data Analysis with Pandas,100,2024-10-21 05:27:58.302000
Daniel Hart,Responsive Web Design,100,2024-10-21 05:27:58.302000
Daniel Hart,Cryptocurrency Fundamentals,100,2024-10-21 05:27:58.302000
Daniel Hart,Introduction to DevOps,100,2024-10-21 05:27:58.302000
Daniel Hart,Deep Learning with TensorFlow,100,2024-10-21 05:27:58.302000
Daniel Hart,Project Scheduling Techniques,100,2024-10-21 05:27:58.302000
Daniel Hart,Express.js,100,2024-10-21 05:27:58.302000
Daniel Hart,Azure Basics,100,2024-10-21 05:27:58.302000
Daniel Hart,Cryptography Basics,100,2024-10-21 05:27:58.302000
Daniel Hart,Employee Engagement Techniques,100,2024-10-21 05:27:58.302000
Randy Bradshaw,Data Analysis with Pandas,100,2024-10-21 05:27:58.302000
Randy Bradshaw,Data Cleaning & Preprocessing,100,2024-10-21 05:27:58.302000
Randy Bradshaw,Data Analysis for Business Decisions,100,2024-10-21 05:27:58.302000
Randy Bradshaw,Data Visualization with Matplotlib,100,2024-10-21 05:27:58.302000
Randy Bradshaw,Data Ethics,100,2024-10-21 05:27:58.302000
Randy Bradshaw,Podcasting Fundamentals,100,2024-10-21 05:27:58.302000
Randy Bradshaw,Customer Service Skills for IT,100,2024-10-21 05:27:58.302000
Randy Bradshaw,Personal Finance Skills,100,2024-10-21 05:27:58.302000
Randy Bradshaw,Big Data with Spark,100,2024-10-21 05:27:58.302000
Randy Bradshaw,Reinforcement Learning Techniques,100,2024-10-21 05:27:58.302000
Randy Bradshaw,Design Tools Overview,100,2024-10-21 05:27:58.302000
Randy Bradshaw,Introduction to DevOps,100,2024-10-21 05:27:58.302000
Randy Bradshaw,SWOT Analysis for Business,100,2024-10-21 05:27:58.302000
Veronica Brandt,Data Visualization with Matplotlib,100,2024-10-21 05:27:58.302000
Veronica Brandt,Data Cleaning & Preprocessing,100,2024-10-21 05:27:58.302000
Veronica Brandt,Data Analysis with Pandas,100,2024-10-21 05:27:58.302000
Veronica Brandt,Data Ethics,100,2024-10-21 05:27:58.302000
Veronica Brandt,Data Analysis for Business Decisions,100,2024-10-21 05:27:58.302000
Veronica Brandt,Unsupervised Learning,100,2024-10-21 05:27:58.302000
Veronica Brandt,Backend Development Fundamentals,100,2024-10-21 05:27:58.302000
Veronica Brandt,Cloud Support Fundamentals,100,2024-10-21 05:27:58.302000
Veronica Brandt,Cryptocurrency Fundamentals,100,2024-10-21 05:27:58.302000
Veronica Brandt,Diversity and Inclusion Initiatives,100,2024-10-21 05:27:58.302000
Veronica Brandt,Deployment of ML Models,100,2024-10-21 05:27:58.302000
Veronica Brandt,Investing Fundamentals,100,2024-10-21 05:27:58.302000
Veronica Brandt,Agile Methodologies,100,2024-10-21 05:27:58.302000
Veronica Brandt,Risk Management in Projects,100,2024-10-21 05:27:58.302000
Veronica Brandt,Troubleshooting Techniques,100,2024-10-21 05:27:58.302000
Mark Franklin,Data Cleaning & Preprocessing,100,2024-10-21 05:27:58.302000
Mark Franklin,Data Analysis with Pandas,100,2024-10-21 05:27:58.302000
Mark Franklin,Data Analysis for Business Decisions,100,2024-10-21 05:27:58.302000
Mark Franklin,Data Visualization with Matplotlib,100,2024-10-21 05:27:58.302000
Mark Franklin,Data Ethics,100,2024-10-21 05:27:58.302000
Mark Franklin,Express.js,100,2024-10-21 05:27:58.302000
Mark Franklin,Conversion Rate Optimization,100,2024-10-21 05:27:58.302000
Mark Franklin,Collaboration Tools in DevOps,100,2024-10-21 05:27:58.302000
Mark Franklin,Performance Optimization for Mobile Apps,100,2024-10-21 05:27:58.302000
Mark Franklin,ITIL Foundations,100,2024-10-21 05:27:58.302000
Mark Franklin,Web Application Security,100,2024-10-21 05:27:58.302000
Mark Franklin,Cloud Cost Management,100,2024-10-21 05:27:58.302000
Heather Brown,Data Analysis for Business Decisions,100,2024-10-21 05:27:58.302000
Heather Brown,Data Analysis with Pandas,100,2024-10-21 05:27:58.302000
Heather Brown,Data Cleaning & Preprocessing,100,2024-10-21 05:27:58.302000
Heather Brown,Data Visualization with Matplotlib,100,2024-10-21 05:27:58.302000
Heather Brown,Data Ethics,100,2024-10-21 05:27:58.302000
Heather Brown,HR Analytics,100,2024-10-21 05:27:58.302000
Heather Brown,Configuration Management with Ansible,100,2024-10-21 05:27:58.302000
Heather Brown,Conflict Resolution in HR,100,2024-10-21 05:27:58.302000
Heather Brown,Natural Language Processing,100,2024-10-21 05:27:58.302000
Heather Brown,Agile Methodologies,100,2024-10-21 05:27:58.302000
Heather Brown,HTML & CSS,100,2024-10-21 05:27:58.302000
Heather Brown,Labor Laws and Compliance,100,2024-10-21 05:27:58.302000
Megan Tapia,Data Analysis for Business Decisions,100,2024-10-21 05:27:58.302000
Megan Tapia,Data Visualization with Matplotlib,100,2024-10-21 05:27:58.302000
Megan Tapia,Data Analysis with Pandas,100,2024-10-21 05:27:58.302000
Megan Tapia,Data Ethics,100,2024-10-21 05:27:58.302000
Megan Tapia,Data Cleaning & Preprocessing,100,2024-10-21 05:27:58.302000
Megan Tapia,Tokenomics,100,2024-10-21 05:27:58.302000
Megan Tapia,Agile Methodologies,100,2024-10-21 05:27:58.302000
Megan Tapia,AI in Healthcare,100,2024-10-21 05:27:58.302000
Megan Tapia,SEO Fundamentals,100,2024-10-21 05:27:58.302000
Megan Tapia,Introduction to UI/UX Design,100,2024-10-21 05:27:58.302000
Kimberly Dickson,Data Analysis with Pandas,100,2024-10-21 05:27:58.302000
Kimberly Dickson,Data Cleaning & Preprocessing,100,2024-10-21 05:27:58.302000
Kimberly Dickson,Data Visualization with Matplotlib,100,2024-10-21 05:27:58.302000
Kimberly Dickson,Data Ethics,100,2024-10-21 05:27:58.302000
Kimberly Dickson,Data Analysis for Business Decisions,100,2024-10-21 05:27:58.302000
Kimberly Dickson,Communication Skills for Project Managers,100,2024-10-21 05:27:58.302000
Kimberly Dickson,Ethical Hacking Basics,100,2024-10-21 05:27:58.302000
Kimberly Dickson,Machine Learning Basics,100,2024-10-21 05:27:58.302000
Kimberly Dickson,Introduction to Machine Learning,100,2024-10-21 05:27:58.302000
Kimberly Dickson,Sales Fundamentals,100,2024-10-21 05:27:58.302000
Kimberly Dickson,Git & GitHub,100,2024-10-21 05:27:58.302000
Kimberly Dickson,Content Strategy Development,100,2024-10-21 05:27:58.302000
Kimberly Dickson,Introduction to Cloud Computing,100,2024-10-21 05:27:58.302000
Kimberly Dickson,React,100,2024-10-21 05:27:58.302000
Kimberly Dickson,Content Promotion Strategies,100,2024-10-21 05:27:58.302000
Devon Ochoa,Data Cleaning & Preprocessing,100,2024-10-21 05:27:58.302000
Devon Ochoa,Data Ethics,100,2024-10-21 05:27:58.302000
Devon Ochoa,Data Visualization with Matplotlib,100,2024-10-21 05:27:58.302000
Devon Ochoa,Data Analysis with Pandas,100,2024-10-21 05:27:58.302000
Devon Ochoa,Data Analysis for Business Decisions,100,2024-10-21 05:27:58.302000
Devon Ochoa,Blogging for Beginners,100,2024-10-21 05:27:58.302000
Devon Ochoa,Infrastructure as Code,100,2024-10-21 05:27:58.302000
Devon Ochoa,Deployment & Hosting,100,2024-10-21 05:27:58.302000
Devon Ochoa,Business Process Modeling,100,2024-10-21 05:27:58.302000
Devon Ochoa,Machine Learning Basics,100,2024-10-21 05:27:58.302000
Dylan Johnson,Data Analysis for Business Decisions,100,2024-10-21 05:27:58.302000
Dylan Johnson,Data Visualization with Matplotlib,100,2024-10-21 05:27:58.302000
Dylan Johnson,Data Cleaning & Preprocessing,100,2024-10-21 05:27:58.302000
Dylan Johnson,Data Analysis with Pandas,100,2024-10-21 05:27:58.302000
Dylan Johnson,Data Ethics,100,2024-10-21 05:27:58.302000
Dylan Johnson,Content Management Systems (CMS),100,2024-10-21 05:27:58.302000
Dylan Johnson,Deep Learning Fundamentals,100,2024-10-21 05:27:58.302000
Dylan Johnson,Change Management Strategies,100,2024-10-21 05:27:58.302000
Dylan Johnson,Decentralized Applications (DApps),100,2024-10-21 05:27:58.302000
Dylan Johnson,Affiliate Marketing,100,2024-10-21 05:27:58.302000
Joshua Blair,Data Visualization with Matplotlib,100,2024-10-21 05:27:58.303000
Joshua Blair,Data Cleaning & Preprocessing,100,2024-10-21 05:27:58.303000
Joshua Blair,Data Analysis with Pandas,100,2024-10-21 05:27:58.303000
Joshua Blair,Data Analysis for Business Decisions,100,2024-10-21 05:27:58.303000
Joshua Blair,Data Ethics,100,2024-10-21 05:27:58.303000
Joshua Blair,Performance Optimization for Mobile Apps,100,2024-10-21 05:27:58.303000
Joshua Blair,DevOps in the Cloud,100,2024-10-21 05:27:58.303000
Joshua Blair,Introduction to IT Support,100,2024-10-21 05:27:58.303000
Joshua Blair,Backend Development Fundamentals,100,2024-10-21 05:27:58.303000
Joshua Blair,Cloud Support Fundamentals,100,2024-10-21 05:27:58.303000
Joshua Blair,Unsupervised Learning,100,2024-10-21 05:27:58.303000
Joshua Blair,Git & GitHub,100,2024-10-21 05:27:58.303000
Mrs. Jennifer Trevino MD,Data Visualization with Matplotlib,100,2024-10-21 05:27:58.303000
Mrs. Jennifer Trevino MD,Data Analysis for Business Decisions,100,2024-10-21 05:27:58.303000
Mrs. Jennifer Trevino MD,Data Analysis with Pandas,100,2024-10-21 05:27:58.303000
Mrs. Jennifer Trevino MD,Data Cleaning & Preprocessing,100,2024-10-21 05:27:58.303000
Mrs. Jennifer Trevino MD,Change Management Strategies,100,2024-10-21 05:27:58.303000
Mrs. Jennifer Trevino MD,Decentralized Applications (DApps),100,2024-10-21 05:27:58.303000
Mrs. Jennifer Trevino MD,Cloud Support Fundamentals,100,2024-10-21 05:27:58.303000
Mrs. Jennifer Trevino MD,Security Awareness for IT Support,100,2024-10-21 05:27:58.303000
Mrs. Jennifer Trevino MD,Network Security Fundamentals,100,2024-10-21 05:27:58.303000
Mrs. Jennifer Trevino MD,Content Management Systems (CMS),100,2024-10-21 05:27:58.303000
Mrs. Jennifer Trevino MD,Containerization with Docker,100,2024-10-21 05:27:58.303000
Mrs. Jennifer Trevino MD,Container Orchestration with Kubernetes,100,2024-10-21 05:27:58.303000
Mrs. Jennifer Trevino MD,Version Control with Git,100,2024-10-21 05:27:58.303000
Mrs. Jennifer Trevino MD,Configuration Management with Ansible,100,2024-10-21 05:27:58.303000
Mrs. Jennifer Trevino MD,Training and Development,100,2024-10-21 05:27:58.303000
John Fuentes,Data Analysis with Pandas,100,2024-10-21 05:27:58.303000
John Fuentes,Data Visualization with Matplotlib,100,2024-10-21 05:27:58.303000
John Fuentes,Data Analysis for Business Decisions,100,2024-10-21 05:27:58.303000
John Fuentes,Data Ethics,100,2024-10-21 05:27:58.303000
John Fuentes,Data Cleaning & Preprocessing,100,2024-10-21 05:27:58.303000
John Fuentes,Microservices in Cloud,100,2024-10-21 05:27:58.303000
John Fuentes,Blockchain Use Cases,100,2024-10-21 05:27:58.303000
John Fuentes,Affiliate Marketing,100,2024-10-21 05:27:58.303000
John Fuentes,Budgeting Basics,100,2024-10-21 05:27:58.303000
John Fuentes,Employee Engagement Techniques,100,2024-10-21 05:27:58.303000
John Fuentes,Mobile App Security,100,2024-10-21 05:27:58.303000
John Fuentes,Hyperledger Basics,100,2024-10-21 05:27:58.303000
Vanessa Dean,Data Analysis with Pandas,100,2024-10-21 05:27:58.303000
Vanessa Dean,Data Visualization with Matplotlib,100,2024-10-21 05:27:58.303000
Vanessa Dean,Data Analysis for Business Decisions,100,2024-10-21 05:27:58.303000
Vanessa Dean,Data Ethics,100,2024-10-21 05:27:58.303000
Vanessa Dean,Data Cleaning & Preprocessing,100,2024-10-21 05:27:58.303000
Vanessa Dean,AI in Robotics,100,2024-10-21 05:27:58.303000
Vanessa Dean,Customer Service Excellence,100,2024-10-21 05:27:58.303000
Vanessa Dean,Influencer Marketing,100,2024-10-21 05:27:58.303000
Vanessa Dean,Digital Sales Techniques,100,2024-10-21 05:27:58.303000
Vanessa Dean,Frontend Development Basics,100,2024-10-21 05:27:58.303000
Vanessa Dean,Affiliate Marketing,100,2024-10-21 05:27:58.303000
Sara Brown,Data Analysis with Pandas,100,2024-10-21 05:27:58.303000
Sara Brown,Data Analysis for Business Decisions,100,2024-10-21 05:27:58.303000
Sara Brown,Data Visualization with Matplotlib,100,2024-10-21 05:27:58.303000
Sara Brown,Data Ethics,100,2024-10-21 05:27:58.303000
Sara Brown,Data Cleaning & Preprocessing,100,2024-10-21 05:27:58.303000
Sara Brown,Continuous Integration and Delivery,100,2024-10-21 05:27:58.303000
Sara Brown,Version Control with Git,100,2024-10-21 05:27:58.303000
Sara Brown,Financial Reporting Standards,100,2024-10-21 05:27:58.303000
Sara Brown,Operating Systems Overview,100,2024-10-21 05:27:58.303000
Sara Brown,Publishing Mobile Apps,100,2024-10-21 05:27:58.303000
Sara Brown,Introduction to Business Analysis,100,2024-10-21 05:27:58.303000
Sara Brown,Speech Recognition Technologies,100,2024-10-21 05:27:58.303000
Sara Brown,Investing Fundamentals,100,2024-10-21 05:27:58.303000
Sara Brown,Predictive Analytics,100,2024-10-21 05:27:58.303000
Michael Nelson,Data Ethics,100,2024-10-21 05:27:58.303000
Michael Nelson,Data Analysis for Business Decisions,100,2024-10-21 05:27:58.303000
Michael Nelson,Data Analysis with Pandas,100,2024-10-21 05:27:58.303000
Michael Nelson,Data Visualization with Matplotlib,100,2024-10-21 05:27:58.303000
Michael Nelson,Data Cleaning & Preprocessing,100,2024-10-21 05:27:58.303000
Michael Nelson,Incident Response,100,2024-10-21 05:27:58.303000
Michael Nelson,Customer Service Excellence,100,2024-10-21 05:27:58.303000
Michael Nelson,Budgeting Basics,100,2024-10-21 05:27:58.303000
Michael Nelson,Unreal Engine Basics,100,2024-10-21 05:27:58.303000
Michael Nelson,Mobile Testing Strategies,100,2024-10-21 05:27:58.303000
Michael Nelson,Video Production Basics,100,2024-10-21 05:27:58.303000
Michael Nelson,Troubleshooting Techniques,100,2024-10-21 05:27:58.303000
Rachel Guerra,Data Visualization with Matplotlib,100,2024-10-21 05:27:58.303000
Rachel Guerra,Data Analysis with Pandas,100,2024-10-21 05:27:58.303000
Rachel Guerra,Data Ethics,100,2024-10-21 05:27:58.303000
Rachel Guerra,Data Cleaning & Preprocessing,100,2024-10-21 05:27:58.303000
Rachel Guerra,Data Analysis for Business Decisions,100,2024-10-21 05:27:58.303000
Rachel Guerra,Introduction to Content Creation,100,2024-10-21 05:27:58.303000
Rachel Guerra,Communication Skills for Project Managers,100,2024-10-21 05:27:58.303000
Rachel Guerra,Time Series Analysis,100,2024-10-21 05:27:58.303000
Rachel Guerra,Usability Testing,100,2024-10-21 05:27:58.303000
Rachel Guerra,Business Process Modeling,100,2024-10-21 05:27:58.303000
Rachel Guerra,Container Orchestration with Kubernetes,100,2024-10-21 05:27:58.303000
Rachel Guerra,Understanding Consumer Behavior,100,2024-10-21 05:27:58.303000
Louis Glover,Data Visualization with Matplotlib,100,2024-10-21 05:27:58.303000
Louis Glover,Data Analysis with Pandas,100,2024-10-21 05:27:58.303000
Louis Glover,Data Cleaning & Preprocessing,100,2024-10-21 05:27:58.303000
Louis Glover,Data Analysis for Business Decisions,100,2024-10-21 05:27:58.303000
Louis Glover,Data Ethics,100,2024-10-21 05:27:58.303000
Louis Glover,Collaboration Tools in DevOps,100,2024-10-21 05:27:58.303000
Louis Glover,Content Promotion Strategies,100,2024-10-21 05:27:58.303000
Louis Glover,Cryptography Basics,100,2024-10-21 05:27:58.303000
Louis Glover,Communication Skills for Project Managers,100,2024-10-21 05:27:58.303000
Louis Glover,Brand Management Online,100,2024-10-21 05:27:58.303000
Louis Glover,Conflict Resolution in HR,100,2024-10-21 05:27:58.303000
Blake Kaiser,Data Analysis with Pandas,100,2024-10-21 05:27:58.303000
Blake Kaiser,Data Analysis for Business Decisions,100,2024-10-21 05:27:58.303000
Blake Kaiser,Data Visualization with Matplotlib,100,2024-10-21 05:27:58.303000
Blake Kaiser,Data Cleaning & Preprocessing,100,2024-10-21 05:27:58.303000
Blake Kaiser,Remote Support Techniques,100,2024-10-21 05:27:58.303000
Blake Kaiser,Introduction to IT Support,100,2024-10-21 05:27:58.303000
Blake Kaiser,API Development,100,2024-10-21 05:27:58.303000
Blake Kaiser,Containerization with Docker,100,2024-10-21 05:27:58.303000
Blake Kaiser,Introduction to Blockchain,100,2024-10-21 05:27:58.303000
Blake Kaiser,Introduction to Game Development,100,2024-10-21 05:27:58.303000
Blake Kaiser,Security in Cloud Computing,100,2024-10-21 05:27:58.303000
Blake Kaiser,Malware Analysis,100,2024-10-21 05:27:58.303000
Blake Kaiser,Communication Skills for Project Managers,100,2024-10-21 05:27:58.303000
Blake Kaiser,Big Data with Spark,100,2024-10-21 05:27:58.303000
Blake Kaiser,Agile Project Management,100,2024-10-21 05:27:58.303000
Joshua Taylor,Data Analysis for Business Decisions,100,2024-10-21 05:27:58.303000
Joshua Taylor,Data Cleaning & Preprocessing,100,2024-10-21 05:27:58.303000
Joshua Taylor,Data Ethics,100,2024-10-21 05:27:58.303000
Joshua Taylor,Data Visualization with Matplotlib,100,2024-10-21 05:27:58.303000
Joshua Taylor,Data Analysis with Pandas,100,2024-10-21 05:27:58.303000
Joshua Taylor,Computer Vision Applications,100,2024-10-21 05:27:58.303000
Joshua Taylor,App Monetization Strategies,100,2024-10-21 05:27:58.303000
Joshua Taylor,Hardware Repair Skills,100,2024-10-21 05:27:58.303000
Joshua Taylor,Mobile Testing Strategies,100,2024-10-21 05:27:58.303000
Joshua Taylor,Azure Basics,100,2024-10-21 05:27:58.303000
Larry Horn,Data Analysis with Pandas,100,2024-10-21 05:27:58.303000
Larry Horn,Data Ethics,100,2024-10-21 05:27:58.303000
Larry Horn,Data Cleaning & Preprocessing,100,2024-10-21 05:27:58.303000
Larry Horn,Data Analysis for Business Decisions,100,2024-10-21 05:27:58.303000
Larry Horn,Data Visualization with Matplotlib,100,2024-10-21 05:27:58.303000
Larry Horn,SEO Fundamentals,100,2024-10-21 05:27:58.303000
Larry Horn,Computer Vision Basics,100,2024-10-21 05:27:58.303000
Larry Horn,Blockchain Security,100,2024-10-21 05:27:58.303000
Larry Horn,Content Marketing Strategies,100,2024-10-21 05:27:58.303000
Larry Horn,Blogging for Beginners,100,2024-10-21 05:27:58.303000
Larry Horn,React,100,2024-10-21 05:27:58.303000
Larry Horn,AI in Healthcare,100,2024-10-21 05:27:58.303000
Larry Horn,Cryptography Basics,100,2024-10-21 05:27:58.303000
Larry Horn,Consensus Algorithms,100,2024-10-21 05:27:58.303000
Heather Turner,Data Analysis with Pandas,100,2024-10-21 05:27:58.303000
Heather Turner,Data Cleaning & Preprocessing,100,2024-10-21 05:27:58.303000
Heather Turner,Data Ethics,100,2024-10-21 05:27:58.303000
Heather Turner,Data Visualization with Matplotlib,100,2024-10-21 05:27:58.303000
Heather Turner,Data Analysis for Business Decisions,100,2024-10-21 05:27:58.303000
Heather Turner,Remote Support Techniques,100,2024-10-21 05:27:58.303000
Heather Turner,Risk Management in Finance,100,2024-10-21 05:27:58.303000
Heather Turner,Cloud Cost Management,100,2024-10-21 05:27:58.303000
Heather Turner,Ethics in AI,100,2024-10-21 05:27:58.303000
Heather Turner,Labor Laws and Compliance,100,2024-10-21 05:27:58.303000
Heather Turner,Version Control with Git,100,2024-10-21 05:27:58.303000
Heather Turner,Tokenomics,100,2024-10-21 05:27:58.303000
Heather Turner,Agile Methodologies,100,2024-10-21 05:27:58.303000
Heather Turner,Web Performance Optimization,100,2024-10-21 05:27:58.303000
Heather Turner,Blockchain Security,100,2024-10-21 05:27:58.303000
Michael Rush,Data Visualization with Matplotlib,100,2024-10-21 05:27:58.303000
Michael Rush,Data Analysis with Pandas,100,2024-10-21 05:27:58.303000
Michael Rush,Data Ethics,100,2024-10-21 05:27:58.303000
Michael Rush,Data Cleaning & Preprocessing,100,2024-10-21 05:27:58.303000
Michael Rush,Data Analysis for Business Decisions,100,2024-10-21 05:27:58.303000
Michael Rush,Android Development Basics,100,2024-10-21 05:27:58.304000
Michael Rush,Financial Planning and Forecasting,100,2024-10-21 05:27:58.304000
Michael Rush,Introduction to UI/UX Design,100,2024-10-21 05:27:58.304000
Michael Rush,Change Management,100,2024-10-21 05:27:58.304000
Michael Rush,Ethical Hacking Basics,100,2024-10-21 05:27:58.304000
Michael Rush,Troubleshooting Techniques,100,2024-10-21 05:27:58.304000
Rebecca Garza,Data Analysis for Business Decisions,100,2024-10-21 05:27:58.304000
Rebecca Garza,Data Visualization with Matplotlib,100,2024-10-21 05:27:58.304000
Rebecca Garza,Data Cleaning & Preprocessing,100,2024-10-21 05:27:58.304000
Rebecca Garza,Data Ethics,100,2024-10-21 05:27:58.304000
Rebecca Garza,Data Analysis with Pandas,100,2024-10-21 05:27:58.304000
Rebecca Garza,SEO for Content Creators,100,2024-10-21 05:27:58.304000
Rebecca Garza,Game Monetization Strategies,100,2024-10-21 05:27:58.304000
Rebecca Garza,Deployment & Hosting,100,2024-10-21 05:27:58.304000
Rebecca Garza,Consensus Algorithms,100,2024-10-21 05:27:58.304000
Rebecca Garza,Understanding Financial Markets,100,2024-10-21 05:27:58.304000
Rebecca Garza,SEO Fundamentals,100,2024-10-21 05:27:58.304000
Sarah Palmer,Data Cleaning & Preprocessing,100,2024-10-21 05:27:58.304000
Sarah Palmer,Data Analysis with Pandas,100,2024-10-21 05:27:58.304000
Sarah Palmer,Data Visualization with Matplotlib,100,2024-10-21 05:27:58.304000
Sarah Palmer,Data Ethics,100,2024-10-21 05:27:58.304000
Sarah Palmer,Data Analysis for Business Decisions,100,2024-10-21 05:27:58.304000
Sarah Palmer,Unity Basics,100,2024-10-21 05:27:58.304000
Sarah Palmer,Stakeholder Analysis,100,2024-10-21 05:27:58.304000
Sarah Palmer,Natural Language Processing Techniques,100,2024-10-21 05:27:58.304000
Sarah Palmer,Azure Basics,100,2024-10-21 05:27:58.304000
Sarah Palmer,Financial Analysis Techniques,100,2024-10-21 05:27:58.304000
Sarah Palmer,Closing Sales Strategies,100,2024-10-21 05:27:58.304000
Sarah Palmer,Design Thinking Process,100,2024-10-21 05:27:58.304000
Sarah Palmer,Project Scheduling Techniques,100,2024-10-21 05:27:58.304000
Richard Matthews,Data Analysis for Business Decisions,100,2024-10-21 05:27:58.304000
Richard Matthews,Data Ethics,100,2024-10-21 05:27:58.304000
Richard Matthews,Data Analysis with Pandas,100,2024-10-21 05:27:58.304000
Richard Matthews,Data Cleaning & Preprocessing,100,2024-10-21 05:27:58.304000
Richard Matthews,Data Visualization with Matplotlib,100,2024-10-21 05:27:58.304000
Richard Matthews,Time Series Analysis,100,2024-10-21 05:27:58.304000
Richard Matthews,Web Application Security,100,2024-10-21 05:27:58.304000
Richard Matthews,React,100,2024-10-21 05:27:58.304000
Richard Matthews,Customer Service Excellence,100,2024-10-21 05:27:58.304000
Richard Matthews,Podcasting Fundamentals,100,2024-10-21 05:27:58.304000
Richard Matthews,AI in Robotics,100,2024-10-21 05:27:58.304000
Richard Matthews,Frontend Development Basics,100,2024-10-21 05:27:58.304000
Richard Matthews,Continuous Integration and Delivery,100,2024-10-21 05:27:58.304000
Timothy Silva,Data Analysis with Pandas,100,2024-10-21 05:27:58.304000
Timothy Silva,Data Visualization with Matplotlib,100,2024-10-21 05:27:58.304000
Timothy Silva,Data Analysis for Business Decisions,100,2024-10-21 05:27:58.304000
Timothy Silva,Data Ethics,100,2024-10-21 05:27:58.304000
Timothy Silva,Ethereum Development,100,2024-10-21 05:27:58.304000
Timothy Silva,Frontend Development Basics,100,2024-10-21 05:27:58.304000
Timothy Silva,Cloud Security Best Practices,100,2024-10-21 05:27:58.304000
Timothy Silva,Corporate Finance Essentials,100,2024-10-21 05:27:58.304000
Timothy Silva,Sales Fundamentals,100,2024-10-21 05:27:58.304000
Timothy Silva,Project Scheduling Techniques,100,2024-10-21 05:27:58.304000
Timothy Silva,Training and Development,100,2024-10-21 05:27:58.304000
Martha Peterson,Data Analysis with Pandas,100,2024-10-21 05:27:58.304000
Martha Peterson,Data Analysis for Business Decisions,100,2024-10-21 05:27:58.304000
Martha Peterson,Data Cleaning & Preprocessing,100,2024-10-21 05:27:58.304000
Martha Peterson,Data Ethics,100,2024-10-21 05:27:58.304000
Martha Peterson,Data Visualization with Matplotlib,100,2024-10-21 05:27:58.304000
Martha Peterson,iOS Development Basics,100,2024-10-21 05:27:58.304000
Martha Peterson,Natural Language Processing Techniques,100,2024-10-21 05:27:58.304000
Martha Peterson,HR Analytics,100,2024-10-21 05:27:58.304000
Martha Peterson,Conflict Resolution in HR,100,2024-10-21 05:27:58.304000
Martha Peterson,Agile Project Management,100,2024-10-21 05:27:58.304000
Martha Peterson,Blockchain Security,100,2024-10-21 05:27:58.304000
Martha Peterson,Game Monetization Strategies,100,2024-10-21 05:27:58.304000
Martha Peterson,Cryptography Basics,100,2024-10-21 05:27:58.304000
Martha Peterson,E-commerce Development Basics,100,2024-10-21 05:27:58.304000
Terri Smith,Data Ethics,100,2024-10-21 05:27:58.304000
Terri Smith,Data Analysis for Business Decisions,100,2024-10-21 05:27:58.304000
Terri Smith,Data Cleaning & Preprocessing,100,2024-10-21 05:27:58.304000
Terri Smith,Data Analysis with Pandas,100,2024-10-21 05:27:58.304000
Terri Smith,Data Visualization with Matplotlib,100,2024-10-21 05:27:58.304000
Terri Smith,Operating Systems Overview,100,2024-10-21 05:27:58.304000
Terri Smith,Introduction to DevOps,100,2024-10-21 05:27:58.304000
Terri Smith,Blockchain Security,100,2024-10-21 05:27:58.304000
Terri Smith,Supervised Learning,100,2024-10-21 05:27:58.304000
Terri Smith,iOS Development Basics,100,2024-10-21 05:27:58.304000
Terri Smith,Infrastructure as Code,100,2024-10-21 05:27:58.304000
Terri Smith,Unity Basics,100,2024-10-21 05:27:58.304000
Miguel Klein,Data Cleaning & Preprocessing,100,2024-10-21 05:27:58.304000
Miguel Klein,Data Analysis for Business Decisions,100,2024-10-21 05:27:58.304000
Miguel Klein,Data Ethics,100,2024-10-21 05:27:58.304000
Miguel Klein,Data Visualization with Matplotlib,100,2024-10-21 05:27:58.304000
Miguel Klein,Data Analysis with Pandas,100,2024-10-21 05:27:58.304000
Miguel Klein,Hyperledger Basics,100,2024-10-21 05:27:58.304000
Miguel Klein,Stakeholder Analysis,100,2024-10-21 05:27:58.304000
Miguel Klein,Financial Reporting Standards,100,2024-10-21 05:27:58.304000
Miguel Klein,HR Technology Tools,100,2024-10-21 05:27:58.304000
Miguel Klein,AI for Business,100,2024-10-21 05:27:58.304000
Miguel Klein,Content Promotion Strategies,100,2024-10-21 05:27:58.304000
Dylan Holmes,Data Analysis with Pandas,100,2024-10-21 05:27:58.304000
Dylan Holmes,Data Ethics,100,2024-10-21 05:27:58.304000
Dylan Holmes,Data Cleaning & Preprocessing,100,2024-10-21 05:27:58.304000
Dylan Holmes,Data Analysis for Business Decisions,100,2024-10-21 05:27:58.304000
Dylan Holmes,Data Visualization with Matplotlib,100,2024-10-21 05:27:58.304000
Dylan Holmes,Natural Language Processing,100,2024-10-21 05:27:58.304000
Dylan Holmes,Game Monetization Strategies,100,2024-10-21 05:27:58.304000
Dylan Holmes,Time Series Analysis,100,2024-10-21 05:27:58.304000
Dylan Holmes,Visual Design Basics,100,2024-10-21 05:27:58.304000
Dylan Holmes,Game Design Principles,100,2024-10-21 05:27:58.304000
Reginald Robles,Data Visualization with Matplotlib,100,2024-10-21 05:27:58.304000
Reginald Robles,Data Ethics,100,2024-10-21 05:27:58.304000
Reginald Robles,Data Analysis with Pandas,100,2024-10-21 05:27:58.304000
Reginald Robles,Data Analysis for Business Decisions,100,2024-10-21 05:27:58.304000
Reginald Robles,Data Cleaning & Preprocessing,100,2024-10-21 05:27:58.304000
Reginald Robles,Financial Reporting Standards,100,2024-10-21 05:27:58.304000
Reginald Robles,Budgeting for Projects,100,2024-10-21 05:27:58.304000
Reginald Robles,Risk Management in Finance,100,2024-10-21 05:27:58.304000
Reginald Robles,3D Game Development,100,2024-10-21 05:27:58.304000
Reginald Robles,Interaction Design Principles,100,2024-10-21 05:27:58.304000
Chelsea Austin,Data Visualization with Matplotlib,100,2024-10-21 05:27:58.304000
Chelsea Austin,Data Ethics,100,2024-10-21 05:27:58.304000
Chelsea Austin,Data Cleaning & Preprocessing,100,2024-10-21 05:27:58.304000
Chelsea Austin,Data Analysis for Business Decisions,100,2024-10-21 05:27:58.304000
Chelsea Austin,Data Analysis with Pandas,100,2024-10-21 05:27:58.304000
Chelsea Austin,3D Game Development,100,2024-10-21 05:27:58.304000
Chelsea Austin,Design Thinking Process,100,2024-10-21 05:27:58.304000
Chelsea Austin,Automating Cloud Deployments,100,2024-10-21 05:27:58.304000
Chelsea Austin,Security in Cloud Computing,100,2024-10-21 05:27:58.304000
Chelsea Austin,iOS Development Basics,100,2024-10-21 05:27:58.304000
Chelsea Austin,Penetration Testing,100,2024-10-21 05:27:58.304000
Chelsea Austin,Containerization with Docker,100,2024-10-21 05:27:58.304000
Chelsea Austin,Budgeting for Projects,100,2024-10-21 05:27:58.304000
Chelsea Austin,Talent Acquisition Strategies,100,2024-10-21 05:27:58.304000
Angela Grant,Data Cleaning & Preprocessing,100,2024-10-21 05:27:58.304000
Angela Grant,Data Visualization with Matplotlib,100,2024-10-21 05:27:58.304000
Angela Grant,Data Analysis for Business Decisions,100,2024-10-21 05:27:58.304000
Angela Grant,Data Ethics,100,2024-10-21 05:27:58.304000
Angela Grant,Data Analysis with Pandas,100,2024-10-21 05:27:58.304000
Angela Grant,Risk Management in Cybersecurity,100,2024-10-21 05:27:58.304000
Angela Grant,Stakeholder Analysis,100,2024-10-21 05:27:58.304000
Angela Grant,Git & GitHub,100,2024-10-21 05:27:58.304000
Angela Grant,Backend Development Fundamentals,100,2024-10-21 05:27:58.304000
Angela Grant,Budgeting for Projects,100,2024-10-21 05:27:58.304000
Angela Grant,Penetration Testing,100,2024-10-21 05:27:58.304000
Angela Grant,Hardware Repair Skills,100,2024-10-21 05:27:58.304000
Angela Grant,Introduction to Finance,100,2024-10-21 05:27:58.304000
Angela Grant,HR Analytics,100,2024-10-21 05:27:58.304000
Henry Garcia,Data Ethics,100,2024-10-21 05:27:58.304000
Henry Garcia,Data Analysis with Pandas,100,2024-10-21 05:27:58.304000
Henry Garcia,Data Visualization with Matplotlib,100,2024-10-21 05:27:58.304000
Henry Garcia,Data Cleaning & Preprocessing,100,2024-10-21 05:27:58.304000
Henry Garcia,Data Analysis for Business Decisions,100,2024-10-21 05:27:58.304000
Henry Garcia,Frontend Development Basics,100,2024-10-21 05:27:58.304000
Henry Garcia,Ethereum Development,100,2024-10-21 05:27:58.304000
Henry Garcia,Agile Project Management,100,2024-10-21 05:27:58.304000
Henry Garcia,Closing Sales Strategies,100,2024-10-21 05:27:58.304000
Henry Garcia,Unreal Engine Basics,100,2024-10-21 05:27:58.304000
Henry Garcia,Publishing Mobile Apps,100,2024-10-21 05:27:58.304000
Henry Garcia,Natural Language Processing Techniques,100,2024-10-21 05:27:58.304000
Henry Garcia,Project Management Basics,100,2024-10-21 05:27:58.304000
Henry Garcia,Backend Development Fundamentals,100,2024-10-21 05:27:58.304000
Henry Garcia,HR Analytics,100,2024-10-21 05:27:58.304000
Alicia Johnson,Data Visualization with Matplotlib,100,2024-10-21 05:27:58.304000
Alicia Johnson,Data Analysis for Business Decisions,100,2024-10-21 05:27:58.304000
Alicia Johnson,Data Ethics,100,2024-10-21 05:27:58.305000
Alicia Johnson,Data Cleaning & Preprocessing,100,2024-10-21 05:27:58.305000
Alicia Johnson,Data Analysis with Pandas,100,2024-10-21 05:27:58.305000
Alicia Johnson,User Research Techniques,100,2024-10-21 05:27:58.305000
Alicia Johnson,Machine Learning Basics,100,2024-10-21 05:27:58.305000
Alicia Johnson,Building Customer Relationships,100,2024-10-21 05:27:58.305000
Alicia Johnson,Content Management Systems (CMS),100,2024-10-21 05:27:58.305000
Alicia Johnson,Introduction to IT Support,100,2024-10-21 05:27:58.305000
Alicia Johnson,Automating Cloud Deployments,100,2024-10-21 05:27:58.305000
John Howard,Data Ethics,100,2024-10-21 05:27:58.305000
John Howard,Data Visualization with Matplotlib,100,2024-10-21 05:27:58.305000
John Howard,Data Cleaning & Preprocessing,100,2024-10-21 05:27:58.305000
John Howard,Data Analysis with Pandas,100,2024-10-21 05:27:58.305000
John Howard,Data Analysis for Business Decisions,100,2024-10-21 05:27:58.305000
John Howard,Interaction Design Principles,100,2024-10-21 05:27:58.305000
John Howard,Training and Development,100,2024-10-21 05:27:58.305000
John Howard,Customer Service Skills for IT,100,2024-10-21 05:27:58.305000
John Howard,Ethical Hacking Basics,100,2024-10-21 05:27:58.305000
John Howard,Cross-Platform Development with Flutter,100,2024-10-21 05:27:58.305000
John Howard,Business Case Development,100,2024-10-21 05:27:58.305000
John Howard,Closing Sales Strategies,100,2024-10-21 05:27:58.305000
John Howard,iOS Development Basics,100,2024-10-21 05:27:58.305000
John Howard,SEO for Content Creators,100,2024-10-21 05:27:58.305000
Melissa Powers,Data Cleaning & Preprocessing,100,2024-10-21 05:27:58.305000
Melissa Powers,Data Analysis with Pandas,100,2024-10-21 05:27:58.305000
Melissa Powers,Data Ethics,100,2024-10-21 05:27:58.305000
Melissa Powers,Data Analysis for Business Decisions,100,2024-10-21 05:27:58.305000
Melissa Powers,Data Visualization with Matplotlib,100,2024-10-21 05:27:58.305000
Melissa Powers,Time Management for Sales,100,2024-10-21 05:27:58.305000
Melissa Powers,Google Ads Fundamentals,100,2024-10-21 05:27:58.305000
Melissa Powers,Malware Analysis,100,2024-10-21 05:27:58.305000
Melissa Powers,Reinforcement Learning Techniques,100,2024-10-21 05:27:58.305000
Melissa Powers,Introduction to Business Analysis,100,2024-10-21 05:27:58.305000
Melissa Powers,Content Promotion Strategies,100,2024-10-21 05:27:58.305000
Melissa Powers,Deep Learning Fundamentals,100,2024-10-21 05:27:58.305000
Melissa Powers,Cryptocurrency Fundamentals,100,2024-10-21 05:27:58.305000
Melissa Powers,Presentation Skills for Business Analysts,100,2024-10-21 05:27:58.305000
Melissa Powers,Smart Contracts Development,100,2024-10-21 05:27:58.305000
Miguel Bishop,Data Visualization with Matplotlib,100,2024-10-21 05:27:58.305000
Miguel Bishop,Data Ethics,100,2024-10-21 05:27:58.305000
Miguel Bishop,Data Analysis with Pandas,100,2024-10-21 05:27:58.305000
Miguel Bishop,Data Cleaning & Preprocessing,100,2024-10-21 05:27:58.305000
Miguel Bishop,Data Analysis for Business Decisions,100,2024-10-21 05:27:58.305000
Miguel Bishop,Responsive Web Design,100,2024-10-21 05:27:58.305000
Miguel Bishop,Natural Language Processing Techniques,100,2024-10-21 05:27:58.305000
Miguel Bishop,API Development,100,2024-10-21 05:27:58.305000
Miguel Bishop,Performance Management Systems,100,2024-10-21 05:27:58.305000
Miguel Bishop,Introduction to IT Support,100,2024-10-21 05:27:58.305000
Miguel Bishop,Google Cloud Platform Essentials,100,2024-10-21 05:27:58.305000
Miguel Bishop,Understanding Financial Markets,100,2024-10-21 05:27:58.305000
Miguel Bishop,Labor Laws and Compliance,100,2024-10-21 05:27:58.305000
Miguel Bishop,User Research Techniques,100,2024-10-21 05:27:58.305000
Miguel Bishop,Unsupervised Learning,100,2024-10-21 05:27:58.305000
Brent Jones,Data Ethics,100,2024-10-21 05:27:58.305000
Brent Jones,Data Visualization with Matplotlib,100,2024-10-21 05:27:58.305000
Brent Jones,Data Analysis with Pandas,100,2024-10-21 05:27:58.305000
Brent Jones,Data Cleaning & Preprocessing,100,2024-10-21 05:27:58.305000
Brent Jones,Data Analysis for Business Decisions,100,2024-10-21 05:27:58.305000
Brent Jones,Introduction to AI,100,2024-10-21 05:27:58.305000
Brent Jones,Podcasting Fundamentals,100,2024-10-21 05:27:58.305000
Brent Jones,Quality Management,100,2024-10-21 05:27:58.305000
Brent Jones,Python for Data Science,100,2024-10-21 05:27:58.305000
Brent Jones,Conflict Resolution in HR,100,2024-10-21 05:27:58.305000
Brent Jones,Hardware Repair Skills,100,2024-10-21 05:27:58.305000
Brent Jones,Computer Vision Applications,100,2024-10-21 05:27:58.305000
Wendy Peters,Data Analysis for Business Decisions,100,2024-10-21 05:27:58.305000
Wendy Peters,Data Visualization with Matplotlib,100,2024-10-21 05:27:58.305000
Wendy Peters,Data Ethics,100,2024-10-21 05:27:58.305000
Wendy Peters,Data Cleaning & Preprocessing,100,2024-10-21 05:27:58.305000
Wendy Peters,Data Analysis with Pandas,100,2024-10-21 05:27:58.305000
Wendy Peters,Time Series Analysis,100,2024-10-21 05:27:58.305000
Wendy Peters,Introduction to Content Creation,100,2024-10-21 05:27:58.305000
Wendy Peters,Financial Planning and Forecasting,100,2024-10-21 05:27:58.305000
Wendy Peters,Budgeting for Projects,100,2024-10-21 05:27:58.305000
Wendy Peters,Diversity and Inclusion Initiatives,100,2024-10-21 05:27:58.305000
Natasha Perez,Data Analysis for Business Decisions,100,2024-10-21 05:27:58.305000
Natasha Perez,Data Analysis with Pandas,100,2024-10-21 05:27:58.305000
Natasha Perez,Data Ethics,100,2024-10-21 05:27:58.305000
Natasha Perez,Data Visualization with Matplotlib,100,2024-10-21 05:27:58.305000
Natasha Perez,Data Cleaning & Preprocessing,100,2024-10-21 05:27:58.305000
Natasha Perez,Machine Learning Basics,100,2024-10-21 05:27:58.305000
Natasha Perez,Understanding Financial Markets,100,2024-10-21 05:27:58.305000
Natasha Perez,Cryptocurrency Fundamentals,100,2024-10-21 05:27:58.305000
Natasha Perez,2D Game Development,100,2024-10-21 05:27:58.305000
Natasha Perez,Stakeholder Analysis,100,2024-10-21 05:27:58.305000
Natasha Perez,Smart Contracts Development,100,2024-10-21 05:27:58.305000
Natasha Perez,Natural Language Processing,100,2024-10-21 05:27:58.305000
Scott Mitchell,Data Cleaning & Preprocessing,100,2024-10-21 05:27:58.305000
Scott Mitchell,Data Analysis with Pandas,100,2024-10-21 05:27:58.305000
Scott Mitchell,Data Ethics,100,2024-10-21 05:27:58.305000
Scott Mitchell,Data Visualization with Matplotlib,100,2024-10-21 05:27:58.305000
Scott Mitchell,Data Analysis for Business Decisions,100,2024-10-21 05:27:58.305000
Scott Mitchell,RESTful Services,100,2024-10-21 05:27:58.305000
Scott Mitchell,Git & GitHub,100,2024-10-21 05:27:58.305000
Scott Mitchell,Tokenomics,100,2024-10-21 05:27:58.305000
Scott Mitchell,Backend Development Fundamentals,100,2024-10-21 05:27:58.305000
Scott Mitchell,Analytics for Marketers,100,2024-10-21 05:27:58.305000
Scott Mitchell,Risk Management in Projects,100,2024-10-21 05:27:58.305000
Scott Mitchell,Email Marketing Basics,100,2024-10-21 05:27:58.305000
Scott Mitchell,Deep Learning Fundamentals,100,2024-10-21 05:27:58.305000
Scott Mitchell,API Integration in Mobile Apps,100,2024-10-21 05:27:58.305000
Deanna Lawson,Data Analysis for Business Decisions,100,2024-10-21 05:27:58.305000
Deanna Lawson,Data Cleaning & Preprocessing,100,2024-10-21 05:27:58.305000
Deanna Lawson,Data Analysis with Pandas,100,2024-10-21 05:27:58.305000
Deanna Lawson,Data Ethics,100,2024-10-21 05:27:58.305000
Deanna Lawson,Data Visualization with Matplotlib,100,2024-10-21 05:27:58.305000
Deanna Lawson,E-commerce Development Basics,100,2024-10-21 05:27:58.305000
Deanna Lawson,Social Media Marketing,100,2024-10-21 05:27:58.305000
Deanna Lawson,Customer Service Skills for IT,100,2024-10-21 05:27:58.305000
Deanna Lawson,API Development,100,2024-10-21 05:27:58.305000
Deanna Lawson,AI in Healthcare,100,2024-10-21 05:27:58.305000
Deanna Lawson,Financial Reporting Standards,100,2024-10-21 05:27:58.305000
Deanna Lawson,Container Orchestration with Kubernetes,100,2024-10-21 05:27:58.305000
Deanna Lawson,Predictive Analytics,100,2024-10-21 05:27:58.305000
Todd Newman,Data Analysis with Pandas,100,2024-10-21 05:27:58.305000
Todd Newman,Data Analysis for Business Decisions,100,2024-10-21 05:27:58.305000
Todd Newman,Data Ethics,100,2024-10-21 05:27:58.305000
Todd Newman,Data Cleaning & Preprocessing,100,2024-10-21 05:27:58.305000
Todd Newman,Data Visualization with Matplotlib,100,2024-10-21 05:27:58.305000
Todd Newman,Content Marketing Strategies,100,2024-10-21 05:27:58.305000
Todd Newman,Cryptography Basics,100,2024-10-21 05:27:58.305000
Todd Newman,Content Management Systems (CMS),100,2024-10-21 05:27:58.305000
Todd Newman,Express.js,100,2024-10-21 05:27:58.305000
Todd Newman,Deployment & Hosting,100,2024-10-21 05:27:58.305000
Todd Newman,Video Production Basics,100,2024-10-21 05:27:58.305000
Todd Newman,Natural Language Processing Techniques,100,2024-10-21 05:27:58.305000
Katherine Johnson,Data Analysis with Pandas,100,2024-10-21 05:27:58.305000
Katherine Johnson,Data Cleaning & Preprocessing,100,2024-10-21 05:27:58.305000
Katherine Johnson,Data Visualization with Matplotlib,100,2024-10-21 05:27:58.305000
Katherine Johnson,Data Analysis for Business Decisions,100,2024-10-21 05:27:58.305000
Katherine Johnson,HTML & CSS,100,2024-10-21 05:27:58.305000
Katherine Johnson,Content Strategy Development,100,2024-10-21 05:27:58.305000
Katherine Johnson,Presentation Skills for Sales,100,2024-10-21 05:27:58.305000
Katherine Johnson,Influencer Marketing,100,2024-10-21 05:27:58.305000
Katherine Johnson,Agile Project Management,100,2024-10-21 05:27:58.305000
Katherine Johnson,Android Development Basics,100,2024-10-21 05:27:58.305000
Katherine Johnson,Web Accessibility Standards,100,2024-10-21 05:27:58.305000
Katherine Johnson,Computer Vision Basics,100,2024-10-21 05:27:58.305000
Jeffrey Schultz III,Data Ethics,100,2024-10-21 05:27:58.305000
Jeffrey Schultz III,Data Analysis for Business Decisions,100,2024-10-21 05:27:58.305000
Jeffrey Schultz III,Data Cleaning & Preprocessing,100,2024-10-21 05:27:58.305000
Jeffrey Schultz III,Data Visualization with Matplotlib,100,2024-10-21 05:27:58.305000
Jeffrey Schultz III,Data Analysis with Pandas,100,2024-10-21 05:27:58.305000
Jeffrey Schultz III,Requirements Gathering Techniques,100,2024-10-21 05:27:58.305000
Jeffrey Schultz III,AI in Healthcare,100,2024-10-21 05:27:58.305000
Jeffrey Schultz III,Cryptocurrency Fundamentals,100,2024-10-21 05:27:58.305000
Jeffrey Schultz III,Blockchain Use Cases,100,2024-10-21 05:27:58.305000
Jeffrey Schultz III,Google Cloud Platform Essentials,100,2024-10-21 05:27:58.305000
Jeffrey Schultz III,Conflict Resolution in HR,100,2024-10-21 05:27:58.305000
Jeffrey Schultz III,Computer Vision Applications,100,2024-10-21 05:27:58.305000
Stephanie Pham,Data Analysis for Business Decisions,100,2024-10-21 05:27:58.305000
Stephanie Pham,Data Cleaning & Preprocessing,100,2024-10-21 05:27:58.305000
Stephanie Pham,Data Visualization with Matplotlib,100,2024-10-21 05:27:58.305000
Stephanie Pham,Data Analysis with Pandas,100,2024-10-21 05:27:58.305000
Stephanie Pham,AI in Robotics,100,2024-10-21 05:27:58.305000
Stephanie Pham,Negotiation Techniques,100,2024-10-21 05:27:58.305000
Stephanie Pham,Risk Management in Projects,100,2024-10-21 05:27:58.305000
Stephanie Pham,Risk Management in Cybersecurity,100,2024-10-21 05:27:58.305000
Stephanie Pham,Progressive Web Apps (PWAs),100,2024-10-21 05:27:58.305000
Stephanie Pham,Container Orchestration with Kubernetes,100,2024-10-21 05:27:58.305000
Stephanie Pham,Presentation Skills for Sales,100,2024-10-21 05:27:58.306000
Joseph Lawrence,Data Analysis with Pandas,100,2024-10-21 05:27:58.306000
Joseph Lawrence,Data Analysis for Business Decisions,100,2024-10-21 05:27:58.306000
Joseph Lawrence,Data Cleaning & Preprocessing,100,2024-10-21 05:27:58.306000
Joseph Lawrence,Data Visualization with Matplotlib,100,2024-10-21 05:27:58.306000
Joseph Lawrence,Data Ethics,100,2024-10-21 05:27:58.306000
Joseph Lawrence,Deployment & Hosting,100,2024-10-21 05:27:58.306000
Joseph Lawrence,Social Media Content Creation,100,2024-10-21 05:27:58.306000
Joseph Lawrence,Stakeholder Analysis,100,2024-10-21 05:27:58.306000
Joseph Lawrence,AI in Healthcare,100,2024-10-21 05:27:58.306000
Joseph Lawrence,Android Development Basics,100,2024-10-21 05:27:58.306000
Joseph Lawrence,Version Control with Git,100,2024-10-21 05:27:58.306000
Joseph Lawrence,Digital Sales Techniques,100,2024-10-21 05:27:58.306000
Joseph Lawrence,Talent Acquisition Strategies,100,2024-10-21 05:27:58.306000
Nicole Wyatt,Data Analysis with Pandas,100,2024-10-21 05:27:58.306000
Nicole Wyatt,Data Analysis for Business Decisions,100,2024-10-21 05:27:58.306000
Nicole Wyatt,Data Ethics,100,2024-10-21 05:27:58.306000
Nicole Wyatt,Data Cleaning & Preprocessing,100,2024-10-21 05:27:58.306000
Nicole Wyatt,Data Visualization with Matplotlib,100,2024-10-21 05:27:58.306000
Nicole Wyatt,Statistical Analysis,100,2024-10-21 05:27:58.306000
Nicole Wyatt,Presentation Skills for Business Analysts,100,2024-10-21 05:27:58.306000
Nicole Wyatt,Change Management,100,2024-10-21 05:27:58.306000
Nicole Wyatt,Monitoring and Logging,100,2024-10-21 05:27:58.306000
Nicole Wyatt,ITIL Foundations,100,2024-10-21 05:27:58.306000
Nicole Wyatt,Content Marketing Strategies,100,2024-10-21 05:27:58.306000
Nicole Wyatt,Responsive Web Design,100,2024-10-21 05:27:58.306000
Nicole Wyatt,User Interface Design for Mobile Apps,100,2024-10-21 05:27:58.306000
Melissa Andersen,Data Analysis for Business Decisions,100,2024-10-21 05:27:58.306000
Melissa Andersen,Data Analysis with Pandas,100,2024-10-21 05:27:58.306000
Melissa Andersen,Data Ethics,100,2024-10-21 05:27:58.306000
Melissa Andersen,Data Visualization with Matplotlib,100,2024-10-21 05:27:58.306000
Melissa Andersen,Data Cleaning & Preprocessing,100,2024-10-21 05:27:58.306000
Melissa Andersen,Game Monetization Strategies,100,2024-10-21 05:27:58.306000
Melissa Andersen,App Monetization Strategies,100,2024-10-21 05:27:58.306000
Melissa Andersen,Reinforcement Learning,100,2024-10-21 05:27:58.306000
Melissa Andersen,Machine Learning Basics,100,2024-10-21 05:27:58.306000
Melissa Andersen,User Research Techniques,100,2024-10-21 05:27:58.306000
Karen Garcia,Data Analysis for Business Decisions,100,2024-10-21 05:27:58.306000
Karen Garcia,Data Visualization with Matplotlib,100,2024-10-21 05:27:58.306000
Karen Garcia,Data Ethics,100,2024-10-21 05:27:58.306000
Karen Garcia,Data Cleaning & Preprocessing,100,2024-10-21 05:27:58.306000
Karen Garcia,Data Analysis with Pandas,100,2024-10-21 05:27:58.306000
Karen Garcia,Content Marketing Strategies,100,2024-10-21 05:27:58.306000
Karen Garcia,Containerization with Docker,100,2024-10-21 05:27:58.306000
Karen Garcia,Hardware Repair Skills,100,2024-10-21 05:27:58.306000
Karen Garcia,Computer Vision Applications,100,2024-10-21 05:27:58.306000
Karen Garcia,Networking Basics,100,2024-10-21 05:27:58.306000
Karen Garcia,Risk Management in Cybersecurity,100,2024-10-21 05:27:58.306000
Karen Garcia,Presentation Skills for Sales,100,2024-10-21 05:27:58.306000
Karen Garcia,Analytics for Marketers,100,2024-10-21 05:27:58.306000
Karen Garcia,Python for Data Science,100,2024-10-21 05:27:58.306000
Karen Garcia,Web Application Security,100,2024-10-21 05:27:58.306000
Jennifer Fields,Data Analysis for Business Decisions,100,2024-10-21 05:27:58.306000
Jennifer Fields,Data Analysis with Pandas,100,2024-10-21 05:27:58.306000
Jennifer Fields,Data Ethics,100,2024-10-21 05:27:58.306000
Jennifer Fields,Data Visualization with Matplotlib,100,2024-10-21 05:27:58.306000
Jennifer Fields,Data Cleaning & Preprocessing,100,2024-10-21 05:27:58.306000
Jennifer Fields,Labor Laws and Compliance,100,2024-10-21 05:27:58.306000
Jennifer Fields,Unsupervised Learning,100,2024-10-21 05:27:58.306000
Jennifer Fields,API Development,100,2024-10-21 05:27:58.306000
Jennifer Fields,Content Promotion Strategies,100,2024-10-21 05:27:58.306000
Jennifer Fields,Progressive Web Apps (PWAs),100,2024-10-21 05:27:58.306000
Jennifer Fields,Azure Basics,100,2024-10-21 05:27:58.306000
Andrew Osborn,Data Analysis for Business Decisions,100,2024-10-21 05:27:58.306000
Andrew Osborn,Data Analysis with Pandas,100,2024-10-21 05:27:58.306000
Andrew Osborn,Data Ethics,100,2024-10-21 05:27:58.306000
Andrew Osborn,Data Visualization with Matplotlib,100,2024-10-21 05:27:58.306000
Andrew Osborn,Data Cleaning & Preprocessing,100,2024-10-21 05:27:58.306000
Andrew Osborn,Personal Finance Skills,100,2024-10-21 05:27:58.306000
Andrew Osborn,Git & GitHub,100,2024-10-21 05:27:58.306000
Andrew Osborn,DevOps in the Cloud,100,2024-10-21 05:27:58.306000
Andrew Osborn,Analytics for Marketers,100,2024-10-21 05:27:58.306000
Andrew Osborn,Labor Laws and Compliance,100,2024-10-21 05:27:58.306000
Nicole Quinn,Data Analysis for Business Decisions,100,2024-10-21 05:27:58.306000
Nicole Quinn,Data Visualization with Matplotlib,100,2024-10-21 05:27:58.306000
Nicole Quinn,Data Cleaning & Preprocessing,100,2024-10-21 05:27:58.306000
Nicole Quinn,Data Ethics,100,2024-10-21 05:27:58.306000
Nicole Quinn,Design Thinking Process,100,2024-10-21 05:27:58.306000
Nicole Quinn,Android Development Basics,100,2024-10-21 05:27:58.306000
Nicole Quinn,API Development,100,2024-10-21 05:27:58.306000
Nicole Quinn,Unreal Engine Basics,100,2024-10-21 05:27:58.306000
Nicole Quinn,Tokenomics,100,2024-10-21 05:27:58.306000
Nicole Quinn,Networking Basics,100,2024-10-21 05:27:58.306000
Nicole Quinn,Security in Cloud Computing,100,2024-10-21 05:27:58.306000
Nicole Quinn,Web Application Security,100,2024-10-21 05:27:58.306000
Nicole Quinn,AWS Fundamentals,100,2024-10-21 05:27:58.306000
Richard Harris,Data Cleaning & Preprocessing,100,2024-10-21 05:27:58.306000
Richard Harris,Data Visualization with Matplotlib,100,2024-10-21 05:27:58.306000
Richard Harris,Data Analysis for Business Decisions,100,2024-10-21 05:27:58.306000
Richard Harris,Data Ethics,100,2024-10-21 05:27:58.306000
Richard Harris,Data Analysis with Pandas,100,2024-10-21 05:27:58.306000
Richard Harris,Speech Recognition Technologies,100,2024-10-21 05:27:58.306000
Richard Harris,Web Accessibility Standards,100,2024-10-21 05:27:58.306000
Richard Harris,Introduction to Blockchain,100,2024-10-21 05:27:58.306000
Richard Harris,Labor Laws and Compliance,100,2024-10-21 05:27:58.306000
Richard Harris,Automating Cloud Deployments,100,2024-10-21 05:27:58.306000
Jose Sosa,Data Cleaning & Preprocessing,100,2024-10-21 05:27:58.306000
Jose Sosa,Data Visualization with Matplotlib,100,2024-10-21 05:27:58.306000
Jose Sosa,Data Analysis with Pandas,100,2024-10-21 05:27:58.306000
Jose Sosa,Data Ethics,100,2024-10-21 05:27:58.306000
Jose Sosa,Data Analysis for Business Decisions,100,2024-10-21 05:27:58.306000
Jose Sosa,Visual Design Basics,100,2024-10-21 05:27:58.306000
Jose Sosa,API Development,100,2024-10-21 05:27:58.306000
Jose Sosa,Cloud Cost Management,100,2024-10-21 05:27:58.306000
Jose Sosa,Node.js,100,2024-10-21 05:27:58.306000
Jose Sosa,SEO for Content Creators,100,2024-10-21 05:27:58.306000
Brandon Gomez,Data Visualization with Matplotlib,100,2024-10-21 05:27:58.306000
Brandon Gomez,Data Ethics,100,2024-10-21 05:27:58.306000
Brandon Gomez,Data Analysis with Pandas,100,2024-10-21 05:27:58.306000
Brandon Gomez,Data Analysis for Business Decisions,100,2024-10-21 05:27:58.306000
Brandon Gomez,Data Cleaning & Preprocessing,100,2024-10-21 05:27:58.306000
Brandon Gomez,Game Testing Techniques,100,2024-10-21 05:27:58.306000
Brandon Gomez,Reinforcement Learning Techniques,100,2024-10-21 05:27:58.306000
Brandon Gomez,Automating Cloud Deployments,100,2024-10-21 05:27:58.306000
Brandon Gomez,Decentralized Applications (DApps),100,2024-10-21 05:27:58.306000
Brandon Gomez,Deployment of ML Models,100,2024-10-21 05:27:58.306000
Brandon Gomez,Diversity and Inclusion Initiatives,100,2024-10-21 05:27:58.306000
Brandon Gomez,JavaScript Frameworks Overview,100,2024-10-21 05:27:58.306000
Meghan Gonzalez,Data Analysis for Business Decisions,100,2024-10-21 05:27:58.306000
Meghan Gonzalez,Data Analysis with Pandas,100,2024-10-21 05:27:58.306000
Meghan Gonzalez,Data Visualization with Matplotlib,100,2024-10-21 05:27:58.306000
Meghan Gonzalez,Data Ethics,100,2024-10-21 05:27:58.306000
Meghan Gonzalez,Data Cleaning & Preprocessing,100,2024-10-21 05:27:58.306000
Meghan Gonzalez,Backend Development Fundamentals,100,2024-10-21 05:27:58.306000
Meghan Gonzalez,Stakeholder Analysis,100,2024-10-21 05:27:58.306000
Meghan Gonzalez,Cross-Platform Development with Flutter,100,2024-10-21 05:27:58.306000
Meghan Gonzalez,Business Case Development,100,2024-10-21 05:27:58.306000
Meghan Gonzalez,Machine Learning Basics,100,2024-10-21 05:27:58.306000
Meghan Gonzalez,Sales Analytics,100,2024-10-21 05:27:58.306000
Meghan Gonzalez,Google Cloud Platform Essentials,100,2024-10-21 05:27:58.306000
Meghan Gonzalez,Ethics in AI,100,2024-10-21 05:27:58.306000
Meghan Gonzalez,Negotiation Techniques,100,2024-10-21 05:27:58.306000
Meghan Gonzalez,Automating Cloud Deployments,100,2024-10-21 05:27:58.306000
Aaron Brown,Data Analysis with Pandas,100,2024-10-21 05:27:58.306000
Aaron Brown,Data Ethics,100,2024-10-21 05:27:58.306000
Aaron Brown,Data Cleaning & Preprocessing,100,2024-10-21 05:27:58.306000
Aaron Brown,Data Analysis for Business Decisions,100,2024-10-21 05:27:58.306000
Aaron Brown,Data Visualization with Matplotlib,100,2024-10-21 05:27:58.306000
Aaron Brown,Predictive Analytics,100,2024-10-21 05:27:58.306000
Aaron Brown,Training and Development,100,2024-10-21 05:27:58.306000
Aaron Brown,Project Scheduling Techniques,100,2024-10-21 05:27:58.306000
Aaron Brown,Blogging for Beginners,100,2024-10-21 05:27:58.306000
Aaron Brown,Model Evaluation,100,2024-10-21 05:27:58.306000
Aaron Brown,Supervised Learning,100,2024-10-21 05:27:58.306000
Aaron Brown,AWS Fundamentals,100,2024-10-21 05:27:58.306000
Aaron Brown,Cloud Security Best Practices,100,2024-10-21 05:27:58.306000
Aaron Brown,Stakeholder Analysis,100,2024-10-21 05:27:58.306000
Aaron Brown,Content Promotion Strategies,100,2024-10-21 05:27:58.306000
Mr. Mark Griffin DDS,Data Visualization with Matplotlib,100,2024-10-21 05:27:58.306000
Mr. Mark Griffin DDS,Data Analysis for Business Decisions,100,2024-10-21 05:27:58.306000
Mr. Mark Griffin DDS,Data Analysis with Pandas,100,2024-10-21 05:27:58.306000
Mr. Mark Griffin DDS,Data Cleaning & Preprocessing,100,2024-10-21 05:27:58.306000
Mr. Mark Griffin DDS,Data Ethics,100,2024-10-21 05:27:58.307000
Mr. Mark Griffin DDS,Presentation Skills for Business Analysts,100,2024-10-21 05:27:58.307000
Mr. Mark Griffin DDS,SEO for Content Creators,100,2024-10-21 05:27:58.307000
Mr. Mark Griffin DDS,Speech Recognition Technologies,100,2024-10-21 05:27:58.307000
Mr. Mark Griffin DDS,Web Performance Optimization,100,2024-10-21 05:27:58.307000
Mr. Mark Griffin DDS,Podcasting Fundamentals,100,2024-10-21 05:27:58.307000
Mr. Mark Griffin DDS,Introduction to Cloud Computing,100,2024-10-21 05:27:58.307000
Mr. Mark Griffin DDS,Analytics for Marketers,100,2024-10-21 05:27:58.307000
Mr. Mark Griffin DDS,Remote Support Techniques,100,2024-10-21 05:27:58.307000
Brian Burns,Data Analysis with Pandas,100,2024-10-21 05:27:58.307000
Brian Burns,Data Visualization with Matplotlib,100,2024-10-21 05:27:58.307000
Brian Burns,Data Cleaning & Preprocessing,100,2024-10-21 05:27:58.307000
Brian Burns,Data Ethics,100,2024-10-21 05:27:58.307000
Brian Burns,Data Analysis for Business Decisions,100,2024-10-21 05:27:58.307000
Brian Burns,Negotiation Techniques,100,2024-10-21 05:27:58.307000
Brian Burns,Introduction to AI,100,2024-10-21 05:27:58.307000
Brian Burns,Publishing Mobile Apps,100,2024-10-21 05:27:58.307000
Brian Burns,SEO for Content Creators,100,2024-10-21 05:27:58.307000
Brian Burns,HR Analytics,100,2024-10-21 05:27:58.307000
Brian Burns,Financial Analysis Techniques,100,2024-10-21 05:27:58.307000
Brian Burns,Business Case Development,100,2024-10-21 05:27:58.307000
Tami Johnson,Data Analysis for Business Decisions,100,2024-10-21 05:27:58.307000
Tami Johnson,Data Ethics,100,2024-10-21 05:27:58.307000
Tami Johnson,Data Analysis with Pandas,100,2024-10-21 05:27:58.307000
Tami Johnson,Data Visualization with Matplotlib,100,2024-10-21 05:27:58.307000
Tami Johnson,Data Cleaning & Preprocessing,100,2024-10-21 05:27:58.307000
Tami Johnson,Conversion Rate Optimization,100,2024-10-21 05:27:58.307000
Tami Johnson,Customer Service Skills for IT,100,2024-10-21 05:27:58.307000
Tami Johnson,Risk Management in Cybersecurity,100,2024-10-21 05:27:58.307000
Tami Johnson,AI in IoT,100,2024-10-21 05:27:58.307000
Tami Johnson,Automating Cloud Deployments,100,2024-10-21 05:27:58.307000
Nicholas Hamilton,Data Visualization with Matplotlib,100,2024-10-21 05:27:58.307000
Nicholas Hamilton,Data Analysis with Pandas,100,2024-10-21 05:27:58.307000
Nicholas Hamilton,Data Cleaning & Preprocessing,100,2024-10-21 05:27:58.307000
Nicholas Hamilton,Data Ethics,100,2024-10-21 05:27:58.307000
Nicholas Hamilton,Continuous Integration and Delivery,100,2024-10-21 05:27:58.307000
Nicholas Hamilton,Introduction to Blockchain,100,2024-10-21 05:27:58.307000
Nicholas Hamilton,Containerization with Docker,100,2024-10-21 05:27:58.307000
Nicholas Hamilton,Sales Fundamentals,100,2024-10-21 05:27:58.307000
Nicholas Hamilton,Project Management Basics,100,2024-10-21 05:27:58.307000
Nicholas Hamilton,API Development,100,2024-10-21 05:27:58.307000
Nicholas Hamilton,HR Analytics,100,2024-10-21 05:27:58.307000
Nicholas Hamilton,Networking Basics,100,2024-10-21 05:27:58.307000
Nicholas Hamilton,Cloud Cost Management,100,2024-10-21 05:27:58.307000
Nicholas Hamilton,Hardware Repair Skills,100,2024-10-21 05:27:58.307000
Nicholas Hamilton,ITIL Foundations,100,2024-10-21 05:27:58.307000
Beth Robles,Data Cleaning & Preprocessing,100,2024-10-21 05:27:58.307000
Beth Robles,Data Analysis for Business Decisions,100,2024-10-21 05:27:58.307000
Beth Robles,Data Ethics,100,2024-10-21 05:27:58.307000
Beth Robles,Data Analysis with Pandas,100,2024-10-21 05:27:58.307000
Beth Robles,Data Visualization with Matplotlib,100,2024-10-21 05:27:58.307000
Beth Robles,3D Game Development,100,2024-10-21 05:27:58.307000
Beth Robles,Decentralized Applications (DApps),100,2024-10-21 05:27:58.307000
Beth Robles,Conversion Rate Optimization,100,2024-10-21 05:27:58.307000
Beth Robles,HTML & CSS,100,2024-10-21 05:27:58.307000
Beth Robles,Unsupervised Learning,100,2024-10-21 05:27:58.307000
Jeffery Adkins,Data Cleaning & Preprocessing,100,2024-10-21 05:27:58.307000
Jeffery Adkins,Data Visualization with Matplotlib,100,2024-10-21 05:27:58.307000
Jeffery Adkins,Data Analysis for Business Decisions,100,2024-10-21 05:27:58.307000
Jeffery Adkins,Data Analysis with Pandas,100,2024-10-21 05:27:58.307000
Jeffery Adkins,Data Ethics,100,2024-10-21 05:27:58.307000
Jeffery Adkins,Cloud Cost Management,100,2024-10-21 05:27:58.307000
Jeffery Adkins,Social Media Marketing,100,2024-10-21 05:27:58.307000
Jeffery Adkins,Game Design Principles,100,2024-10-21 05:27:58.307000
Jeffery Adkins,Game Testing Techniques,100,2024-10-21 05:27:58.307000
Jeffery Adkins,Operating Systems Overview,100,2024-10-21 05:27:58.307000
Jeffery Adkins,Personal Finance Skills,100,2024-10-21 05:27:58.307000
Jeffery Adkins,Visual Design Basics,100,2024-10-21 05:27:58.307000
Jeffery Adkins,Presentation Skills for Business Analysts,100,2024-10-21 05:27:58.307000
Jeffery Adkins,Communication Skills for Project Managers,100,2024-10-21 05:27:58.307000
Karla Mills,Data Ethics,100,2024-10-21 05:27:58.307000
Karla Mills,Data Visualization with Matplotlib,100,2024-10-21 05:27:58.307000
Karla Mills,Data Analysis with Pandas,100,2024-10-21 05:27:58.307000
Karla Mills,Data Analysis for Business Decisions,100,2024-10-21 05:27:58.307000
Karla Mills,Data Cleaning & Preprocessing,100,2024-10-21 05:27:58.307000
Karla Mills,Wireframing and Prototyping,100,2024-10-21 05:27:58.307000
Karla Mills,Speech Recognition Technologies,100,2024-10-21 05:27:58.307000
Karla Mills,Node.js,100,2024-10-21 05:27:58.307000
Karla Mills,Usability Testing,100,2024-10-21 05:27:58.307000
Karla Mills,DevOps in the Cloud,100,2024-10-21 05:27:58.307000
Karla Mills,Understanding Financial Markets,100,2024-10-21 05:27:58.307000
Karla Mills,Reinforcement Learning,100,2024-10-21 05:27:58.307000
Karla Mills,Multiplayer Game Development,100,2024-10-21 05:27:58.307000
Karla Mills,Unsupervised Learning,100,2024-10-21 05:27:58.307000
Karen Cruz,Data Ethics,100,2024-10-21 05:27:58.307000
Karen Cruz,Data Analysis for Business Decisions,100,2024-10-21 05:27:58.307000
Karen Cruz,Data Cleaning & Preprocessing,100,2024-10-21 05:27:58.307000
Karen Cruz,Data Analysis with Pandas,100,2024-10-21 05:27:58.307000
Karen Cruz,Data Visualization with Matplotlib,100,2024-10-21 05:27:58.307000
Karen Cruz,Interaction Design Principles,100,2024-10-21 05:27:58.307000
Karen Cruz,Talent Acquisition Strategies,100,2024-10-21 05:27:58.307000
Karen Cruz,Video Production Basics,100,2024-10-21 05:27:58.307000
Karen Cruz,Statistical Analysis,100,2024-10-21 05:27:58.307000
Karen Cruz,E-commerce Development Basics,100,2024-10-21 05:27:58.307000
Karen Cruz,JavaScript Basics,100,2024-10-21 05:27:58.307000
Deanna Sanchez,Data Ethics,100,2024-10-21 05:27:58.307000
Deanna Sanchez,Data Visualization with Matplotlib,100,2024-10-21 05:27:58.307000
Deanna Sanchez,Data Cleaning & Preprocessing,100,2024-10-21 05:27:58.307000
Deanna Sanchez,Data Analysis for Business Decisions,100,2024-10-21 05:27:58.307000
Deanna Sanchez,Data Analysis with Pandas,100,2024-10-21 05:27:58.307000
Deanna Sanchez,AI for Business,100,2024-10-21 05:27:58.307000
Deanna Sanchez,Time Management for Sales,100,2024-10-21 05:27:58.307000
Deanna Sanchez,Machine Learning Basics,100,2024-10-21 05:27:58.307000
Deanna Sanchez,Security Awareness for IT Support,100,2024-10-21 05:27:58.307000
Deanna Sanchez,API Integration in Mobile Apps,100,2024-10-21 05:27:58.307000
Deanna Sanchez,Sales Fundamentals,100,2024-10-21 05:27:58.307000
Rita Marks,Data Analysis for Business Decisions,100,2024-10-21 05:27:58.307000
Rita Marks,Data Ethics,100,2024-10-21 05:27:58.307000
Rita Marks,Data Cleaning & Preprocessing,100,2024-10-21 05:27:58.307000
Rita Marks,Data Visualization with Matplotlib,100,2024-10-21 05:27:58.307000
Rita Marks,Introduction to DevOps,100,2024-10-21 05:27:58.307000
Rita Marks,Microservices in Cloud,100,2024-10-21 05:27:58.307000
Rita Marks,Communication Skills for Project Managers,100,2024-10-21 05:27:58.307000
Rita Marks,Web Accessibility Standards,100,2024-10-21 05:27:58.307000
Rita Marks,Corporate Finance Essentials,100,2024-10-21 05:27:58.307000
Rita Marks,Cryptography Basics,100,2024-10-21 05:27:58.307000
Rita Marks,Natural Language Processing Techniques,100,2024-10-21 05:27:58.307000
Rita Marks,Content Promotion Strategies,100,2024-10-21 05:27:58.307000
Catherine Dawson,Data Cleaning & Preprocessing,100,2024-10-21 05:27:58.307000
Catherine Dawson,Data Analysis with Pandas,100,2024-10-21 05:27:58.307000
Catherine Dawson,Data Ethics,100,2024-10-21 05:27:58.307000
Catherine Dawson,Data Analysis for Business Decisions,100,2024-10-21 05:27:58.307000
Catherine Dawson,Data Visualization with Matplotlib,100,2024-10-21 05:27:58.307000
Catherine Dawson,Introduction to AI,100,2024-10-21 05:27:58.307000
Catherine Dawson,3D Game Development,100,2024-10-21 05:27:58.307000
Catherine Dawson,SWOT Analysis for Business,100,2024-10-21 05:27:58.307000
Catherine Dawson,Python for Data Science,100,2024-10-21 05:27:58.307000
Catherine Dawson,Collaboration Tools in DevOps,100,2024-10-21 05:27:58.307000
Catherine Dawson,Closing Sales Strategies,100,2024-10-21 05:27:58.307000
Catherine Dawson,Introduction to DevOps,100,2024-10-21 05:27:58.307000
Catherine Dawson,Operating Systems Overview,100,2024-10-21 05:27:58.307000
Catherine Dawson,Deep Learning Fundamentals,100,2024-10-21 05:27:58.307000
Kevin Rice II,Data Analysis with Pandas,100,2024-10-21 05:27:58.307000
Kevin Rice II,Data Ethics,100,2024-10-21 05:27:58.307000
Kevin Rice II,Data Visualization with Matplotlib,100,2024-10-21 05:27:58.307000
Kevin Rice II,Data Analysis for Business Decisions,100,2024-10-21 05:27:58.307000
Kevin Rice II,Data Cleaning & Preprocessing,100,2024-10-21 05:27:58.307000
Kevin Rice II,Incident Response,100,2024-10-21 05:27:58.307000
Kevin Rice II,Change Management Strategies,100,2024-10-21 05:27:58.307000
Kevin Rice II,Multiplayer Game Development,100,2024-10-21 05:27:58.307000
Kevin Rice II,Reinforcement Learning Techniques,100,2024-10-21 05:27:58.307000
Kevin Rice II,Ethics in AI,100,2024-10-21 05:27:58.307000
Kevin Rice II,Presentation Skills for Sales,100,2024-10-21 05:27:58.307000
Kevin Rice II,Introduction to Human Resources,100,2024-10-21 05:27:58.307000
Dennis Odonnell,Data Analysis for Business Decisions,100,2024-10-21 05:27:58.307000
Dennis Odonnell,Data Ethics,100,2024-10-21 05:27:58.307000
Dennis Odonnell,Data Cleaning & Preprocessing,100,2024-10-21 05:27:58.307000
Dennis Odonnell,Data Analysis with Pandas,100,2024-10-21 05:27:58.307000
Dennis Odonnell,Data Visualization with Matplotlib,100,2024-10-21 05:27:58.307000
Dennis Odonnell,Interaction Design Principles,100,2024-10-21 05:27:58.307000
Dennis Odonnell,Performance Optimization for Mobile Apps,100,2024-10-21 05:27:58.307000
Dennis Odonnell,Training and Development,100,2024-10-21 05:27:58.307000
Dennis Odonnell,Time Management for Sales,100,2024-10-21 05:27:58.307000
Dennis Odonnell,Git & GitHub,100,2024-10-21 05:27:58.307000
Dennis Odonnell,Project Scheduling Techniques,100,2024-10-21 05:27:58.307000
Dennis Odonnell,RESTful Services,100,2024-10-21 05:27:58.307000
Natalie Lopez,Data Analysis for Business Decisions,100,2024-10-21 05:27:58.307000
Natalie Lopez,Data Cleaning & Preprocessing,100,2024-10-21 05:27:58.307000
Natalie Lopez,Data Visualization with Matplotlib,100,2024-10-21 05:27:58.307000
Natalie Lopez,Data Ethics,100,2024-10-21 05:27:58.307000
Natalie Lopez,Podcasting Fundamentals,100,2024-10-21 05:27:58.308000
Natalie Lopez,Reinforcement Learning,100,2024-10-21 05:27:58.308000
Natalie Lopez,Serverless Architecture,100,2024-10-21 05:27:58.308000
Natalie Lopez,Introduction to Cloud Computing,100,2024-10-21 05:27:58.308000
Natalie Lopez,Google Cloud Platform Essentials,100,2024-10-21 05:27:58.308000
Natalie Lopez,Collaboration Tools in DevOps,100,2024-10-21 05:27:58.308000
Natalie Lopez,Business Case Development,100,2024-10-21 05:27:58.308000
Natalie Lopez,Git & GitHub,100,2024-10-21 05:27:58.308000
Natalie Lopez,Cloud Cost Management,100,2024-10-21 05:27:58.308000
David Delacruz,Data Cleaning & Preprocessing,100,2024-10-21 05:27:58.308000
David Delacruz,Data Analysis for Business Decisions,100,2024-10-21 05:27:58.308000
David Delacruz,Data Ethics,100,2024-10-21 05:27:58.308000
David Delacruz,Data Visualization with Matplotlib,100,2024-10-21 05:27:58.308000
David Delacruz,Data Analysis with Pandas,100,2024-10-21 05:27:58.308000
David Delacruz,Business Process Modeling,100,2024-10-21 05:27:58.308000
David Delacruz,Change Management Strategies,100,2024-10-21 05:27:58.308000
David Delacruz,Containerization with Docker,100,2024-10-21 05:27:58.308000
David Delacruz,User Research Techniques,100,2024-10-21 05:27:58.308000
David Delacruz,Cloud Support Fundamentals,100,2024-10-21 05:27:58.308000
David Delacruz,Consensus Algorithms,100,2024-10-21 05:27:58.308000
David Delacruz,E-commerce Development Basics,100,2024-10-21 05:27:58.308000
David Delacruz,Communication Skills for Project Managers,100,2024-10-21 05:27:58.308000
David Delacruz,Introduction to UI/UX Design,100,2024-10-21 05:27:58.308000
Kelly Moore,Data Ethics,100,2024-10-21 05:27:58.308000
Kelly Moore,Data Cleaning & Preprocessing,100,2024-10-21 05:27:58.308000
Kelly Moore,Data Analysis for Business Decisions,100,2024-10-21 05:27:58.308000
Kelly Moore,Data Visualization with Matplotlib,100,2024-10-21 05:27:58.308000
Kelly Moore,Data Analysis with Pandas,100,2024-10-21 05:27:58.308000
Kelly Moore,Microservices in Cloud,100,2024-10-21 05:27:58.308000
Kelly Moore,Training and Development,100,2024-10-21 05:27:58.308000
Kelly Moore,Deep Learning with TensorFlow,100,2024-10-21 05:27:58.308000
Kelly Moore,Computer Vision Basics,100,2024-10-21 05:27:58.308000
Kelly Moore,Introduction to Blockchain,100,2024-10-21 05:27:58.308000
Kelly Moore,Game Testing Techniques,100,2024-10-21 05:27:58.308000
Kelly Moore,Unity Basics,100,2024-10-21 05:27:58.308000
Kelly Moore,Azure Basics,100,2024-10-21 05:27:58.308000
Kelly Moore,React,100,2024-10-21 05:27:58.308000
Kelly Moore,Container Orchestration with Kubernetes,100,2024-10-21 05:27:58.308000
Kayla Cook,Data Ethics,100,2024-10-21 05:27:58.308000
Kayla Cook,Data Analysis with Pandas,100,2024-10-21 05:27:58.308000
Kayla Cook,Data Analysis for Business Decisions,100,2024-10-21 05:27:58.308000
Kayla Cook,Data Visualization with Matplotlib,100,2024-10-21 05:27:58.308000
Kayla Cook,Data Cleaning & Preprocessing,100,2024-10-21 05:27:58.308000
Kayla Cook,API Integration in Mobile Apps,100,2024-10-21 05:27:58.308000
Kayla Cook,Supervised Learning,100,2024-10-21 05:27:58.308000
Kayla Cook,Affiliate Marketing,100,2024-10-21 05:27:58.308000
Kayla Cook,Remote Support Techniques,100,2024-10-21 05:27:58.308000
Kayla Cook,Virtual Reality Development,100,2024-10-21 05:27:58.308000
Kayla Cook,Google Cloud Platform Essentials,100,2024-10-21 05:27:58.308000
Kayla Cook,Design Tools Overview,100,2024-10-21 05:27:58.308000
Kayla Cook,Email Marketing Basics,100,2024-10-21 05:27:58.308000
Kayla Cook,App Monetization Strategies,100,2024-10-21 05:27:58.308000
Christopher Young,Data Ethics,100,2024-10-21 05:27:58.308000
Christopher Young,Data Visualization with Matplotlib,100,2024-10-21 05:27:58.308000
Christopher Young,Data Cleaning & Preprocessing,100,2024-10-21 05:27:58.308000
Christopher Young,Data Analysis for Business Decisions,100,2024-10-21 05:27:58.308000
Christopher Young,Continuous Integration and Delivery,100,2024-10-21 05:27:58.308000
Christopher Young,Decentralized Applications (DApps),100,2024-10-21 05:27:58.308000
Christopher Young,Sales Fundamentals,100,2024-10-21 05:27:58.308000
Christopher Young,Agile Project Management,100,2024-10-21 05:27:58.308000
Christopher Young,Remote Support Techniques,100,2024-10-21 05:27:58.308000
Christopher Young,Natural Language Processing,100,2024-10-21 05:27:58.308000
Christopher Young,Data Analysis with Pandas,100,2024-10-21 05:27:58.308000
Christopher Young,Node.js,100,2024-10-21 05:27:58.308000
Christopher Young,Computer Vision Applications,100,2024-10-21 05:27:58.308000
Christopher Young,Visual Design Basics,100,2024-10-21 05:27:58.308000
Christopher Young,Presentation Skills for Sales,100,2024-10-21 05:27:58.308000
Taylor Jones,Data Cleaning & Preprocessing,100,2024-10-21 05:27:58.308000
Taylor Jones,Data Visualization with Matplotlib,100,2024-10-21 05:27:58.308000
Taylor Jones,Data Analysis for Business Decisions,100,2024-10-21 05:27:58.308000
Taylor Jones,Data Analysis with Pandas,100,2024-10-21 05:27:58.308000
Taylor Jones,AWS Fundamentals,100,2024-10-21 05:27:58.308000
Taylor Jones,Version Control with Git,100,2024-10-21 05:27:58.308000
Taylor Jones,Blockchain Use Cases,100,2024-10-21 05:27:58.308000
Taylor Jones,HTML & CSS,100,2024-10-21 05:27:58.308000
Taylor Jones,Sales Fundamentals,100,2024-10-21 05:27:58.308000
Taylor Jones,Backend Development Fundamentals,100,2024-10-21 05:27:58.308000
Taylor Jones,AI in Healthcare,100,2024-10-21 05:27:58.308000
Taylor Jones,Content Promotion Strategies,100,2024-10-21 05:27:58.308000
Taylor Jones,Introduction to DevOps,100,2024-10-21 05:27:58.308000
Taylor Jones,Introduction to Human Resources,100,2024-10-21 05:27:58.308000
Taylor Jones,Introduction to Finance,100,2024-10-21 05:27:58.308000
Jason Scott,Data Cleaning & Preprocessing,100,2024-10-21 05:27:58.308000
Jason Scott,Data Analysis with Pandas,100,2024-10-21 05:27:58.308000
Jason Scott,Data Visualization with Matplotlib,100,2024-10-21 05:27:58.308000
Jason Scott,Data Ethics,100,2024-10-21 05:27:58.308000
Jason Scott,Data Analysis for Business Decisions,100,2024-10-21 05:27:58.308000
Jason Scott,Risk Management in Cybersecurity,100,2024-10-21 05:27:58.308000
Jason Scott,Android Development Basics,100,2024-10-21 05:27:58.308000
Jason Scott,Email Marketing Basics,100,2024-10-21 05:27:58.308000
Jason Scott,Natural Language Processing,100,2024-10-21 05:27:58.308000
Jason Scott,Agile Methodologies,100,2024-10-21 05:27:58.308000
Jason Scott,Presentation Skills for Business Analysts,100,2024-10-21 05:27:58.308000
Jason Scott,Introduction to UI/UX Design,100,2024-10-21 05:27:58.308000
Jason Scott,Project Scheduling Techniques,100,2024-10-21 05:27:58.308000
Warren Tucker,Data Analysis with Pandas,100,2024-10-21 05:27:58.308000
Warren Tucker,Data Visualization with Matplotlib,100,2024-10-21 05:27:58.308000
Warren Tucker,Data Cleaning & Preprocessing,100,2024-10-21 05:27:58.308000
Warren Tucker,Data Analysis for Business Decisions,100,2024-10-21 05:27:58.308000
Warren Tucker,Data Ethics,100,2024-10-21 05:27:58.308000
Warren Tucker,Financial Analysis Techniques,100,2024-10-21 05:27:58.308000
Warren Tucker,Content Promotion Strategies,100,2024-10-21 05:27:58.308000
Warren Tucker,Business Case Development,100,2024-10-21 05:27:58.308000
Warren Tucker,Employee Engagement Techniques,100,2024-10-21 05:27:58.308000
Warren Tucker,Unity Basics,100,2024-10-21 05:27:58.308000
Warren Tucker,Risk Management in Cybersecurity,100,2024-10-21 05:27:58.308000
Warren Tucker,Deep Learning with TensorFlow,100,2024-10-21 05:27:58.308000
Warren Tucker,Introduction to Cloud Computing,100,2024-10-21 05:27:58.308000
Stacey Cooper,Data Visualization with Matplotlib,100,2024-10-21 05:27:58.308000
Stacey Cooper,Data Ethics,100,2024-10-21 05:27:58.308000
Stacey Cooper,Data Analysis for Business Decisions,100,2024-10-21 05:27:58.308000
Stacey Cooper,Data Analysis with Pandas,100,2024-10-21 05:27:58.308000
Stacey Cooper,Data Cleaning & Preprocessing,100,2024-10-21 05:27:58.308000
Stacey Cooper,Networking Basics,100,2024-10-21 05:27:58.308000
Stacey Cooper,Unity Basics,100,2024-10-21 05:27:58.308000
Stacey Cooper,API Integration in Mobile Apps,100,2024-10-21 05:27:58.308000
Stacey Cooper,Machine Learning Basics,100,2024-10-21 05:27:58.308000
Stacey Cooper,Game Design Principles,100,2024-10-21 05:27:58.308000
Stacey Cooper,Introduction to UI/UX Design,100,2024-10-21 05:27:58.308000
Mark Haynes,Data Analysis with Pandas,100,2024-10-21 05:27:58.308000
Mark Haynes,Data Analysis for Business Decisions,100,2024-10-21 05:27:58.308000
Mark Haynes,Data Cleaning & Preprocessing,100,2024-10-21 05:27:58.308000
Mark Haynes,Data Ethics,100,2024-10-21 05:27:58.308000
Mark Haynes,Deployment & Hosting,100,2024-10-21 05:27:58.308000
Mark Haynes,Agile Project Management,100,2024-10-21 05:27:58.308000
Mark Haynes,Multiplayer Game Development,100,2024-10-21 05:27:58.308000
Mark Haynes,Serverless Architecture,100,2024-10-21 05:27:58.308000
Mark Haynes,Talent Acquisition Strategies,100,2024-10-21 05:27:58.308000
Mark Haynes,Model Evaluation,100,2024-10-21 05:27:58.308000
Mark Haynes,Presentation Skills for Business Analysts,100,2024-10-21 05:27:58.308000
Mark Haynes,Unreal Engine Basics,100,2024-10-21 05:27:58.308000
Mark Haynes,Risk Management in Cybersecurity,100,2024-10-21 05:27:58.308000
Adrienne Roberts,Data Visualization with Matplotlib,100,2024-10-21 05:27:58.308000
Adrienne Roberts,Data Cleaning & Preprocessing,100,2024-10-21 05:27:58.308000
Adrienne Roberts,Data Analysis for Business Decisions,100,2024-10-21 05:27:58.308000
Adrienne Roberts,Data Ethics,100,2024-10-21 05:27:58.308000
Adrienne Roberts,Data Analysis with Pandas,100,2024-10-21 05:27:58.308000
Adrienne Roberts,Smart Contracts Development,100,2024-10-21 05:27:58.308000
Adrienne Roberts,Understanding Consumer Behavior,100,2024-10-21 05:27:58.308000
Adrienne Roberts,React,100,2024-10-21 05:27:58.308000
Adrienne Roberts,Hyperledger Basics,100,2024-10-21 05:27:58.308000
Adrienne Roberts,Closing Sales Strategies,100,2024-10-21 05:27:58.308000
Adrienne Roberts,Mobile App Design,100,2024-10-21 05:27:58.308000
Courtney Phillips,Data Cleaning & Preprocessing,100,2024-10-21 05:27:58.308000
Courtney Phillips,Data Visualization with Matplotlib,100,2024-10-21 05:27:58.308000
Courtney Phillips,Data Ethics,100,2024-10-21 05:27:58.308000
Courtney Phillips,Data Analysis with Pandas,100,2024-10-21 05:27:58.308000
Courtney Phillips,Data Analysis for Business Decisions,100,2024-10-21 05:27:58.308000
Courtney Phillips,Video Production Basics,100,2024-10-21 05:27:58.308000
Courtney Phillips,Cloud Security Best Practices,100,2024-10-21 05:27:58.308000
Courtney Phillips,Microservices in Cloud,100,2024-10-21 05:27:58.308000
Courtney Phillips,Business Case Development,100,2024-10-21 05:27:58.308000
Courtney Phillips,Configuration Management with Ansible,100,2024-10-21 05:27:58.308000
Courtney Phillips,Mobile App Security,100,2024-10-21 05:27:58.308000
Courtney Phillips,Consensus Algorithms,100,2024-10-21 05:27:58.308000
Courtney Phillips,Personal Finance Skills,100,2024-10-21 05:27:58.308000
Courtney Phillips,Financial Analysis Techniques,100,2024-10-21 05:27:58.308000
Courtney Phillips,Analytics for Marketers,100,2024-10-21 05:27:58.308000
Jeffery Brown,Data Ethics,100,2024-10-21 05:27:58.308000
Jeffery Brown,Data Cleaning & Preprocessing,100,2024-10-21 05:27:58.308000
Jeffery Brown,Data Analysis with Pandas,100,2024-10-21 05:27:58.308000
Jeffery Brown,Data Visualization with Matplotlib,100,2024-10-21 05:27:58.308000
Jeffery Brown,Data Analysis for Business Decisions,100,2024-10-21 05:27:58.308000
Jeffery Brown,Automating Cloud Deployments,100,2024-10-21 05:27:58.308000
Jeffery Brown,Malware Analysis,100,2024-10-21 05:27:58.309000
Jeffery Brown,Cryptocurrency Fundamentals,100,2024-10-21 05:27:58.309000
Jeffery Brown,API Development,100,2024-10-21 05:27:58.309000
Jeffery Brown,E-commerce Development Basics,100,2024-10-21 05:27:58.309000
Jeffery Brown,Cloud Cost Management,100,2024-10-21 05:27:58.309000
Jeffery Brown,Cloud Support Fundamentals,100,2024-10-21 05:27:58.309000
Terry Pierce,Data Visualization with Matplotlib,100,2024-10-21 05:27:58.309000
Terry Pierce,Data Analysis with Pandas,100,2024-10-21 05:27:58.309000
Terry Pierce,Data Cleaning & Preprocessing,100,2024-10-21 05:27:58.309000
Terry Pierce,Data Ethics,100,2024-10-21 05:27:58.309000
Terry Pierce,Data Analysis for Business Decisions,100,2024-10-21 05:27:58.309000
Terry Pierce,Google Ads Fundamentals,100,2024-10-21 05:27:58.309000
Terry Pierce,Continuous Integration and Delivery,100,2024-10-21 05:27:58.309000
Terry Pierce,Reinforcement Learning,100,2024-10-21 05:27:58.309000
Terry Pierce,Troubleshooting Techniques,100,2024-10-21 05:27:58.309000
Terry Pierce,Financial Planning and Forecasting,100,2024-10-21 05:27:58.309000
Terry Pierce,Customer Service Skills for IT,100,2024-10-21 05:27:58.309000
Brandon Ferguson,Data Analysis for Business Decisions,100,2024-10-21 05:27:58.309000
Brandon Ferguson,Data Ethics,100,2024-10-21 05:27:58.309000
Brandon Ferguson,Data Visualization with Matplotlib,100,2024-10-21 05:27:58.309000
Brandon Ferguson,Data Analysis with Pandas,100,2024-10-21 05:27:58.309000
Brandon Ferguson,Data Cleaning & Preprocessing,100,2024-10-21 05:27:58.309000
Brandon Ferguson,Customer Service Skills for IT,100,2024-10-21 05:27:58.309000
Brandon Ferguson,Introduction to Finance,100,2024-10-21 05:27:58.309000
Brandon Ferguson,Multiplayer Game Development,100,2024-10-21 05:27:58.309000
Brandon Ferguson,Requirements Gathering Techniques,100,2024-10-21 05:27:58.309000
Brandon Ferguson,Presentation Skills for Business Analysts,100,2024-10-21 05:27:58.309000
Brandon Ferguson,Introduction to Blockchain,100,2024-10-21 05:27:58.309000
Brandon Ferguson,Web Application Security,100,2024-10-21 05:27:58.309000
Brandon Ferguson,MongoDB,100,2024-10-21 05:27:58.309000
Maria Wilson,Data Cleaning & Preprocessing,100,2024-10-21 05:27:58.309000
Maria Wilson,Data Visualization with Matplotlib,100,2024-10-21 05:27:58.309000
Maria Wilson,Data Ethics,100,2024-10-21 05:27:58.309000
Maria Wilson,Data Analysis for Business Decisions,100,2024-10-21 05:27:58.309000
Maria Wilson,Data Analysis with Pandas,100,2024-10-21 05:27:58.309000
Maria Wilson,Introduction to Human Resources,100,2024-10-21 05:27:58.309000
Maria Wilson,Design Tools Overview,100,2024-10-21 05:27:58.309000
Maria Wilson,Version Control with Git,100,2024-10-21 05:27:58.309000
Maria Wilson,Influencer Marketing,100,2024-10-21 05:27:58.309000
Maria Wilson,RESTful Services,100,2024-10-21 05:27:58.309000
Martin Long,Data Analysis for Business Decisions,100,2024-10-21 05:27:58.309000
Martin Long,Data Visualization with Matplotlib,100,2024-10-21 05:27:58.309000
Martin Long,Data Cleaning & Preprocessing,100,2024-10-21 05:27:58.309000
Martin Long,Data Ethics,100,2024-10-21 05:27:58.309000
Martin Long,Data Analysis with Pandas,100,2024-10-21 05:27:58.309000
Martin Long,Conversion Rate Optimization,100,2024-10-21 05:27:58.309000
Martin Long,Node.js,100,2024-10-21 05:27:58.309000
Martin Long,Game Testing Techniques,100,2024-10-21 05:27:58.309000
Martin Long,Introduction to Human Resources,100,2024-10-21 05:27:58.309000
Martin Long,Interaction Design Principles,100,2024-10-21 05:27:58.309000
Martin Long,Microservices in Cloud,100,2024-10-21 05:27:58.309000
Martin Long,Natural Language Processing,100,2024-10-21 05:27:58.309000
Martin Long,Training and Development,100,2024-10-21 05:27:58.309000
Martin Long,iOS Development Basics,100,2024-10-21 05:27:58.309000
Joseph Lutz,Data Ethics,100,2024-10-21 05:27:58.309000
Joseph Lutz,Data Visualization with Matplotlib,100,2024-10-21 05:27:58.309000
Joseph Lutz,Data Analysis for Business Decisions,100,2024-10-21 05:27:58.309000
Joseph Lutz,Data Cleaning & Preprocessing,100,2024-10-21 05:27:58.309000
Joseph Lutz,Data Analysis with Pandas,100,2024-10-21 05:27:58.309000
Joseph Lutz,Podcasting Fundamentals,100,2024-10-21 05:27:58.309000
Joseph Lutz,Analytics for Marketers,100,2024-10-21 05:27:58.309000
Joseph Lutz,Financial Analysis Techniques,100,2024-10-21 05:27:58.309000
Joseph Lutz,Hyperledger Basics,100,2024-10-21 05:27:58.309000
Joseph Lutz,Digital Sales Techniques,100,2024-10-21 05:27:58.309000
Joseph Lutz,Risk Management in Cybersecurity,100,2024-10-21 05:27:58.309000
Stephanie Chambers,Data Cleaning & Preprocessing,100,2024-10-21 05:27:58.309000
Stephanie Chambers,Data Visualization with Matplotlib,100,2024-10-21 05:27:58.309000
Stephanie Chambers,Data Ethics,100,2024-10-21 05:27:58.309000
Stephanie Chambers,Data Analysis with Pandas,100,2024-10-21 05:27:58.309000
Stephanie Chambers,Data Analysis for Business Decisions,100,2024-10-21 05:27:58.309000
Stephanie Chambers,Customer Service Skills for IT,100,2024-10-21 05:27:58.309000
Stephanie Chambers,Blockchain Security,100,2024-10-21 05:27:58.309000
Stephanie Chambers,Supervised Learning,100,2024-10-21 05:27:58.309000
Stephanie Chambers,Sales Analytics,100,2024-10-21 05:27:58.309000
Stephanie Chambers,Google Ads Fundamentals,100,2024-10-21 05:27:58.309000
Adam Bass,Data Analysis with Pandas,100,2024-10-21 05:27:58.309000
Adam Bass,Data Ethics,100,2024-10-21 05:27:58.309000
Adam Bass,Data Visualization with Matplotlib,100,2024-10-21 05:27:58.309000
Adam Bass,Data Cleaning & Preprocessing,100,2024-10-21 05:27:58.309000
Adam Bass,Data Analysis for Business Decisions,100,2024-10-21 05:27:58.309000
Adam Bass,Malware Analysis,100,2024-10-21 05:27:58.309000
Adam Bass,Project Management Tools Overview,100,2024-10-21 05:27:58.309000
Adam Bass,MongoDB,100,2024-10-21 05:27:58.309000
Adam Bass,Containerization with Docker,100,2024-10-21 05:27:58.309000
Adam Bass,Introduction to Content Creation,100,2024-10-21 05:27:58.309000
Adam Bass,Deep Learning with TensorFlow,100,2024-10-21 05:27:58.309000
Adam Bass,Interaction Design Principles,100,2024-10-21 05:27:58.309000
Adam Bass,Risk Analysis and Management,100,2024-10-21 05:27:58.309000
Devin Huffman,Data Analysis for Business Decisions,100,2024-10-21 05:27:58.309000
Devin Huffman,Data Ethics,100,2024-10-21 05:27:58.309000
Devin Huffman,Data Analysis with Pandas,100,2024-10-21 05:27:58.309000
Devin Huffman,Data Visualization with Matplotlib,100,2024-10-21 05:27:58.309000
Devin Huffman,Project Management Basics,100,2024-10-21 05:27:58.309000
Devin Huffman,Web Application Security,100,2024-10-21 05:27:58.309000
Devin Huffman,Node.js,100,2024-10-21 05:27:58.309000
Devin Huffman,Analytics for Marketers,100,2024-10-21 05:27:58.309000
Devin Huffman,Project Scheduling Techniques,100,2024-10-21 05:27:58.309000
Devin Huffman,Container Orchestration with Kubernetes,100,2024-10-21 05:27:58.309000
Devin Huffman,Performance Management Systems,100,2024-10-21 05:27:58.309000
Devin Huffman,Communication Skills for Project Managers,100,2024-10-21 05:27:58.309000
Gregory Torres,Data Analysis for Business Decisions,100,2024-10-21 05:27:58.309000
Gregory Torres,Data Ethics,100,2024-10-21 05:27:58.309000
Gregory Torres,Data Visualization with Matplotlib,100,2024-10-21 05:27:58.309000
Gregory Torres,Data Analysis with Pandas,100,2024-10-21 05:27:58.309000
Gregory Torres,Financial Planning and Forecasting,100,2024-10-21 05:27:58.309000
Gregory Torres,Customer Service Excellence,100,2024-10-21 05:27:58.309000
Gregory Torres,Reinforcement Learning,100,2024-10-21 05:27:58.309000
Gregory Torres,Introduction to UI/UX Design,100,2024-10-21 05:27:58.309000
Gregory Torres,Sales Fundamentals,100,2024-10-21 05:27:58.309000
Gregory Torres,Conversion Rate Optimization,100,2024-10-21 05:27:58.309000
Gregory Torres,Business Case Development,100,2024-10-21 05:27:58.309000
Gregory Torres,API Development,100,2024-10-21 05:27:58.309000
Gregory Torres,Ethical Hacking Basics,100,2024-10-21 05:27:58.309000
Gregory Torres,Responsive Web Design,100,2024-10-21 05:27:58.309000
Gregory Torres,Influencer Marketing,100,2024-10-21 05:27:58.309000
William Perez,Data Ethics,100,2024-10-21 05:27:58.309000
William Perez,Data Visualization with Matplotlib,100,2024-10-21 05:27:58.309000
William Perez,Data Analysis for Business Decisions,100,2024-10-21 05:27:58.309000
William Perez,Data Cleaning & Preprocessing,100,2024-10-21 05:27:58.309000
William Perez,Data Analysis with Pandas,100,2024-10-21 05:27:58.309000
William Perez,Backend Development Fundamentals,100,2024-10-21 05:27:58.309000
William Perez,Agile Methodologies,100,2024-10-21 05:27:58.309000
William Perez,HR Analytics,100,2024-10-21 05:27:58.309000
William Perez,Deployment of ML Models,100,2024-10-21 05:27:58.309000
William Perez,Understanding Financial Markets,100,2024-10-21 05:27:58.309000
William Perez,Microservices in Cloud,100,2024-10-21 05:27:58.309000
William Perez,Introduction to Human Resources,100,2024-10-21 05:27:58.309000
William Perez,Change Management Strategies,100,2024-10-21 05:27:58.309000
James Garcia,Data Visualization with Matplotlib,100,2024-10-21 05:27:58.309000
James Garcia,Data Cleaning & Preprocessing,100,2024-10-21 05:27:58.309000
James Garcia,Data Analysis with Pandas,100,2024-10-21 05:27:58.309000
James Garcia,Data Ethics,100,2024-10-21 05:27:58.309000
James Garcia,Data Analysis for Business Decisions,100,2024-10-21 05:27:58.309000
James Garcia,Training and Development,100,2024-10-21 05:27:58.309000
James Garcia,Requirements Gathering Techniques,100,2024-10-21 05:27:58.309000
James Garcia,ITIL Foundations,100,2024-10-21 05:27:58.309000
James Garcia,Security in Cloud Computing,100,2024-10-21 05:27:58.309000
James Garcia,Google Cloud Platform Essentials,100,2024-10-21 05:27:58.309000
James Garcia,Decentralized Applications (DApps),100,2024-10-21 05:27:58.309000
James Garcia,Computer Vision Applications,100,2024-10-21 05:27:58.309000
Carol Smith,Data Cleaning & Preprocessing,100,2024-10-21 05:27:58.309000
Carol Smith,Data Analysis with Pandas,100,2024-10-21 05:27:58.309000
Carol Smith,Data Ethics,100,2024-10-21 05:27:58.309000
Carol Smith,Data Visualization with Matplotlib,100,2024-10-21 05:27:58.309000
Carol Smith,Introduction to Business Analysis,100,2024-10-21 05:27:58.309000
Carol Smith,AI in Robotics,100,2024-10-21 05:27:58.309000
Carol Smith,User Interface Design for Mobile Apps,100,2024-10-21 05:27:58.309000
Carol Smith,Big Data with Spark,100,2024-10-21 05:27:58.309000
Carol Smith,Continuous Integration and Delivery,100,2024-10-21 05:27:58.309000
Carol Smith,Introduction to AI,100,2024-10-21 05:27:58.309000
Carol Smith,Malware Analysis,100,2024-10-21 05:27:58.309000
Carol Smith,Introduction to Finance,100,2024-10-21 05:27:58.309000
Carol Smith,Introduction to Cloud Computing,100,2024-10-21 05:27:58.309000
Nicholas Walter,Data Visualization with Matplotlib,100,2024-10-21 05:27:58.309000
Nicholas Walter,Data Analysis with Pandas,100,2024-10-21 05:27:58.309000
Nicholas Walter,Data Cleaning & Preprocessing,100,2024-10-21 05:27:58.309000
Nicholas Walter,Data Analysis for Business Decisions,100,2024-10-21 05:27:58.310000
Nicholas Walter,Data Ethics,100,2024-10-21 05:27:58.310000
Nicholas Walter,Web Application Security,100,2024-10-21 05:27:58.310000
Nicholas Walter,Digital Sales Techniques,100,2024-10-21 05:27:58.310000
Nicholas Walter,DevOps in the Cloud,100,2024-10-21 05:27:58.310000
Nicholas Walter,Stakeholder Management,100,2024-10-21 05:27:58.310000
Nicholas Walter,Quality Management,100,2024-10-21 05:27:58.310000
Nicholas Walter,Risk Management in Cybersecurity,100,2024-10-21 05:27:58.310000
Nicholas Walter,Monitoring and Logging,100,2024-10-21 05:27:58.310000
Nicholas Walter,Vulnerability Assessment,100,2024-10-21 05:27:58.310000
Nicholas Walter,Video Production Basics,100,2024-10-21 05:27:58.310000
Dr. Tiffany White,Data Ethics,100,2024-10-21 05:27:58.310000
Dr. Tiffany White,Data Visualization with Matplotlib,100,2024-10-21 05:27:58.310000
Dr. Tiffany White,Data Analysis with Pandas,100,2024-10-21 05:27:58.310000
Dr. Tiffany White,Data Analysis for Business Decisions,100,2024-10-21 05:27:58.310000
Dr. Tiffany White,Data Cleaning & Preprocessing,100,2024-10-21 05:27:58.310000
Dr. Tiffany White,Stakeholder Management,100,2024-10-21 05:27:58.310000
Dr. Tiffany White,Mobile Testing Strategies,100,2024-10-21 05:27:58.310000
Dr. Tiffany White,Azure Basics,100,2024-10-21 05:27:58.310000
Dr. Tiffany White,Automating Cloud Deployments,100,2024-10-21 05:27:58.310000
Dr. Tiffany White,E-commerce Development Basics,100,2024-10-21 05:27:58.310000
Dr. Tiffany White,Introduction to Blockchain,100,2024-10-21 05:27:58.310000
Dr. Tiffany White,HTML & CSS,100,2024-10-21 05:27:58.310000
Jenna Woodward,Data Ethics,100,2024-10-21 05:27:58.310000
Jenna Woodward,Data Analysis for Business Decisions,100,2024-10-21 05:27:58.310000
Jenna Woodward,Data Analysis with Pandas,100,2024-10-21 05:27:58.310000
Jenna Woodward,Data Cleaning & Preprocessing,100,2024-10-21 05:27:58.310000
Jenna Woodward,Data Visualization with Matplotlib,100,2024-10-21 05:27:58.310000
Jenna Woodward,Tokenomics,100,2024-10-21 05:27:58.310000
Jenna Woodward,Reinforcement Learning,100,2024-10-21 05:27:58.310000
Jenna Woodward,Introduction to Business Analysis,100,2024-10-21 05:27:58.310000
Jenna Woodward,Introduction to DevOps,100,2024-10-21 05:27:58.310000
Jenna Woodward,Web Application Security,100,2024-10-21 05:27:58.310000
Jenna Woodward,Azure Basics,100,2024-10-21 05:27:58.310000
Jenna Woodward,Responsive Web Design,100,2024-10-21 05:27:58.310000
Jenna Woodward,Android Development Basics,100,2024-10-21 05:27:58.310000
Jenna Woodward,Agile Methodologies,100,2024-10-21 05:27:58.310000
Jenna Woodward,Container Orchestration with Kubernetes,100,2024-10-21 05:27:58.310000
Kevin Smith,Data Ethics,100,2024-10-21 05:27:58.310000
Kevin Smith,Data Cleaning & Preprocessing,100,2024-10-21 05:27:58.310000
Kevin Smith,Data Analysis for Business Decisions,100,2024-10-21 05:27:58.310000
Kevin Smith,Data Analysis with Pandas,100,2024-10-21 05:27:58.310000
Kevin Smith,Data Visualization with Matplotlib,100,2024-10-21 05:27:58.310000
Kevin Smith,Computer Vision Applications,100,2024-10-21 05:27:58.310000
Kevin Smith,Node.js,100,2024-10-21 05:27:58.310000
Kevin Smith,Mobile App Design,100,2024-10-21 05:27:58.310000
Kevin Smith,Machine Learning Basics,100,2024-10-21 05:27:58.310000
Kevin Smith,Remote Support Techniques,100,2024-10-21 05:27:58.310000
Kevin Smith,Business Case Development,100,2024-10-21 05:27:58.310000
Kevin Smith,Wireframing and Prototyping,100,2024-10-21 05:27:58.310000
Kevin Smith,Responsive Design Principles,100,2024-10-21 05:27:58.310000
Kevin Smith,Change Management,100,2024-10-21 05:27:58.310000
Kevin Smith,Quality Management,100,2024-10-21 05:27:58.310000
Alexis Jones,Data Cleaning & Preprocessing,100,2024-10-21 05:27:58.310000
Alexis Jones,Data Analysis for Business Decisions,100,2024-10-21 05:27:58.310000
Alexis Jones,Data Ethics,100,2024-10-21 05:27:58.310000
Alexis Jones,Data Analysis with Pandas,100,2024-10-21 05:27:58.310000
Alexis Jones,Data Visualization with Matplotlib,100,2024-10-21 05:27:58.310000
Alexis Jones,User Research Techniques,100,2024-10-21 05:27:58.310000
Alexis Jones,2D Game Development,100,2024-10-21 05:27:58.310000
Alexis Jones,Incident Response,100,2024-10-21 05:27:58.310000
Alexis Jones,HR Analytics,100,2024-10-21 05:27:58.310000
Alexis Jones,Financial Reporting Standards,100,2024-10-21 05:27:58.310000
Alexis Jones,Wireframing and Prototyping,100,2024-10-21 05:27:58.310000
Alexis Jones,Sales Fundamentals,100,2024-10-21 05:27:58.310000
Alexis Jones,Customer Service Skills for IT,100,2024-10-21 05:27:58.310000
Alexis Jones,Communication Skills for Project Managers,100,2024-10-21 05:27:58.310000
Ernest Brown,Data Analysis with Pandas,100,2024-10-21 05:27:58.310000
Ernest Brown,Data Analysis for Business Decisions,100,2024-10-21 05:27:58.310000
Ernest Brown,Data Ethics,100,2024-10-21 05:27:58.310000
Ernest Brown,Data Visualization with Matplotlib,100,2024-10-21 05:27:58.310000
Ernest Brown,Data Cleaning & Preprocessing,100,2024-10-21 05:27:58.310000
Ernest Brown,Content Marketing Strategies,100,2024-10-21 05:27:58.310000
Ernest Brown,Vulnerability Assessment,100,2024-10-21 05:27:58.310000
Ernest Brown,Reinforcement Learning,100,2024-10-21 05:27:58.310000
Ernest Brown,Email Marketing Basics,100,2024-10-21 05:27:58.310000
Ernest Brown,Network Security Fundamentals,100,2024-10-21 05:27:58.310000
Ernest Brown,Supervised Learning,100,2024-10-21 05:27:58.310000
Ernest Brown,Introduction to AI,100,2024-10-21 05:27:58.310000
Ernest Brown,Risk Management in Projects,100,2024-10-21 05:27:58.310000
Ernest Brown,Negotiation Techniques,100,2024-10-21 05:27:58.310000
Ernest Brown,Content Promotion Strategies,100,2024-10-21 05:27:58.310000
Matthew Ramirez,Data Cleaning & Preprocessing,100,2024-10-21 05:27:58.310000
Matthew Ramirez,Data Analysis with Pandas,100,2024-10-21 05:27:58.310000
Matthew Ramirez,Data Visualization with Matplotlib,100,2024-10-21 05:27:58.310000
Matthew Ramirez,Data Analysis for Business Decisions,100,2024-10-21 05:27:58.310000
Matthew Ramirez,Data Ethics,100,2024-10-21 05:27:58.310000
Matthew Ramirez,Closing Sales Strategies,100,2024-10-21 05:27:58.310000
Matthew Ramirez,Stakeholder Management,100,2024-10-21 05:27:58.310000
Matthew Ramirez,Conflict Resolution in HR,100,2024-10-21 05:27:58.310000
Matthew Ramirez,Model Evaluation,100,2024-10-21 05:27:58.310000
Matthew Ramirez,Blogging for Beginners,100,2024-10-21 05:27:58.310000
Matthew Ramirez,Virtual Reality Development,100,2024-10-21 05:27:58.310000
Matthew Ramirez,SWOT Analysis for Business,100,2024-10-21 05:27:58.310000
Timothy Moore,Data Analysis for Business Decisions,100,2024-10-21 05:27:58.310000
Timothy Moore,Data Ethics,100,2024-10-21 05:27:58.310000
Timothy Moore,Data Cleaning & Preprocessing,100,2024-10-21 05:27:58.310000
Timothy Moore,Data Visualization with Matplotlib,100,2024-10-21 05:27:58.310000
Timothy Moore,Data Analysis with Pandas,100,2024-10-21 05:27:58.310000
Timothy Moore,Web Accessibility Standards,100,2024-10-21 05:27:58.310000
Timothy Moore,Introduction to AI,100,2024-10-21 05:27:58.310000
Timothy Moore,Communication Skills for Project Managers,100,2024-10-21 05:27:58.310000
Timothy Moore,Deep Learning Fundamentals,100,2024-10-21 05:27:58.310000
Timothy Moore,Training and Development,100,2024-10-21 05:27:58.310000
Timothy Moore,Responsive Design Principles,100,2024-10-21 05:27:58.310000
Timothy Moore,Conflict Resolution in HR,100,2024-10-21 05:27:58.310000
Matthew Brown,Data Visualization with Matplotlib,100,2024-10-21 05:27:58.310000
Matthew Brown,Data Cleaning & Preprocessing,100,2024-10-21 05:27:58.310000
Matthew Brown,Data Ethics,100,2024-10-21 05:27:58.310000
Matthew Brown,Data Analysis with Pandas,100,2024-10-21 05:27:58.310000
Matthew Brown,Data Analysis for Business Decisions,100,2024-10-21 05:27:58.310000
Matthew Brown,Design Thinking Process,100,2024-10-21 05:27:58.310000
Matthew Brown,Responsive Web Design,100,2024-10-21 05:27:58.310000
Matthew Brown,User Research Techniques,100,2024-10-21 05:27:58.310000
Matthew Brown,Containerization with Docker,100,2024-10-21 05:27:58.310000
Matthew Brown,Introduction to Business Analysis,100,2024-10-21 05:27:58.310000
Matthew Brown,SWOT Analysis for Business,100,2024-10-21 05:27:58.310000
Amanda Lopez,Data Cleaning & Preprocessing,100,2024-10-21 05:27:58.310000
Amanda Lopez,Data Ethics,100,2024-10-21 05:27:58.310000
Amanda Lopez,Data Analysis with Pandas,100,2024-10-21 05:27:58.310000
Amanda Lopez,Data Visualization with Matplotlib,100,2024-10-21 05:27:58.310000
Amanda Lopez,Data Analysis for Business Decisions,100,2024-10-21 05:27:58.310000
Amanda Lopez,iOS Development Basics,100,2024-10-21 05:27:58.310000
Amanda Lopez,Operating Systems Overview,100,2024-10-21 05:27:58.310000
Amanda Lopez,Video Production Basics,100,2024-10-21 05:27:58.310000
Amanda Lopez,Ethical Hacking Basics,100,2024-10-21 05:27:58.310000
Amanda Lopez,Speech Recognition Technologies,100,2024-10-21 05:27:58.310000
Amanda Lopez,Vulnerability Assessment,100,2024-10-21 05:27:58.310000
Amanda Lopez,Microservices in Cloud,100,2024-10-21 05:27:58.310000
Amanda Lopez,Risk Management in Finance,100,2024-10-21 05:27:58.310000
Amanda Lopez,JavaScript Frameworks Overview,100,2024-10-21 05:27:58.310000
Timothy Graham,Data Analysis for Business Decisions,100,2024-10-21 05:27:58.310000
Timothy Graham,Data Cleaning & Preprocessing,100,2024-10-21 05:27:58.310000
Timothy Graham,Data Visualization with Matplotlib,100,2024-10-21 05:27:58.310000
Timothy Graham,Data Ethics,100,2024-10-21 05:27:58.310000
Timothy Graham,Data Analysis with Pandas,100,2024-10-21 05:27:58.310000
Timothy Graham,Agile Methodologies,100,2024-10-21 05:27:58.310000
Timothy Graham,Project Management Basics,100,2024-10-21 05:27:58.310000
Timothy Graham,Supervised Learning,100,2024-10-21 05:27:58.310000
Timothy Graham,Mobile App Security,100,2024-10-21 05:27:58.310000
Timothy Graham,Deep Learning with TensorFlow,100,2024-10-21 05:27:58.310000
Timothy Graham,Risk Management in Cybersecurity,100,2024-10-21 05:27:58.310000
Timothy Graham,Email Marketing Basics,100,2024-10-21 05:27:58.310000
Melissa Shepard,Data Analysis with Pandas,100,2024-10-21 05:27:58.310000
Melissa Shepard,Data Analysis for Business Decisions,100,2024-10-21 05:27:58.310000
Melissa Shepard,Data Ethics,100,2024-10-21 05:27:58.310000
Melissa Shepard,Data Visualization with Matplotlib,100,2024-10-21 05:27:58.310000
Melissa Shepard,Data Cleaning & Preprocessing,100,2024-10-21 05:27:58.310000
Melissa Shepard,Labor Laws and Compliance,100,2024-10-21 05:27:58.310000
Melissa Shepard,Presentation Skills for Business Analysts,100,2024-10-21 05:27:58.310000
Melissa Shepard,JavaScript Frameworks Overview,100,2024-10-21 05:27:58.310000
Melissa Shepard,Multiplayer Game Development,100,2024-10-21 05:27:58.310000
Melissa Shepard,AI in Healthcare,100,2024-10-21 05:27:58.310000
David Gomez,Data Analysis with Pandas,100,2024-10-21 05:27:58.310000
David Gomez,Data Visualization with Matplotlib,100,2024-10-21 05:27:58.310000
David Gomez,Data Analysis for Business Decisions,100,2024-10-21 05:27:58.310000
David Gomez,Data Cleaning & Preprocessing,100,2024-10-21 05:27:58.310000
David Gomez,Data Ethics,100,2024-10-21 05:27:58.311000
David Gomez,Smart Contracts Development,100,2024-10-21 05:27:58.311000
David Gomez,Affiliate Marketing,100,2024-10-21 05:27:58.311000
David Gomez,SEO for Content Creators,100,2024-10-21 05:27:58.311000
David Gomez,Configuration Management with Ansible,100,2024-10-21 05:27:58.311000
David Gomez,Azure Basics,100,2024-10-21 05:27:58.311000
David Gomez,Financial Planning and Forecasting,100,2024-10-21 05:27:58.311000
David Gomez,Interaction Design Principles,100,2024-10-21 05:27:58.311000
Joseph Allison,Data Visualization with Matplotlib,100,2024-10-21 05:27:58.311000
Joseph Allison,Data Cleaning & Preprocessing,100,2024-10-21 05:27:58.311000
Joseph Allison,Data Ethics,100,2024-10-21 05:27:58.311000
Joseph Allison,Data Analysis with Pandas,100,2024-10-21 05:27:58.311000
Joseph Allison,Data Analysis for Business Decisions,100,2024-10-21 05:27:58.311000
Joseph Allison,Network Security Fundamentals,100,2024-10-21 05:27:58.311000
Joseph Allison,Git & GitHub,100,2024-10-21 05:27:58.311000
Joseph Allison,DevOps in the Cloud,100,2024-10-21 05:27:58.311000
Joseph Allison,Interaction Design Principles,100,2024-10-21 05:27:58.311000
Joseph Allison,Cryptocurrency Fundamentals,100,2024-10-21 05:27:58.311000
Joseph Allison,Publishing Mobile Apps,100,2024-10-21 05:27:58.311000
Joseph Allison,Blogging for Beginners,100,2024-10-21 05:27:58.311000
Joseph Allison,Node.js,100,2024-10-21 05:27:58.311000
Joseph Allison,Computer Vision Applications,100,2024-10-21 05:27:58.311000
Jennifer Hall,Data Cleaning & Preprocessing,100,2024-10-21 05:27:58.311000
Jennifer Hall,Data Visualization with Matplotlib,100,2024-10-21 05:27:58.311000
Jennifer Hall,Data Ethics,100,2024-10-21 05:27:58.311000
Jennifer Hall,Data Analysis for Business Decisions,100,2024-10-21 05:27:58.311000
Jennifer Hall,Data Analysis with Pandas,100,2024-10-21 05:27:58.311000
Jennifer Hall,Network Security Fundamentals,100,2024-10-21 05:27:58.311000
Jennifer Hall,Employee Engagement Techniques,100,2024-10-21 05:27:58.311000
Jennifer Hall,Introduction to IT Support,100,2024-10-21 05:27:58.311000
Jennifer Hall,Time Management for Sales,100,2024-10-21 05:27:58.311000
Jennifer Hall,Unreal Engine Basics,100,2024-10-21 05:27:58.311000
Stacy Gibson,Data Cleaning & Preprocessing,100,2024-10-21 05:27:58.311000
Stacy Gibson,Data Analysis for Business Decisions,100,2024-10-21 05:27:58.311000
Stacy Gibson,Data Visualization with Matplotlib,100,2024-10-21 05:27:58.311000
Stacy Gibson,Data Analysis with Pandas,100,2024-10-21 05:27:58.311000
Stacy Gibson,Introduction to Blockchain,100,2024-10-21 05:27:58.311000
Stacy Gibson,Troubleshooting Techniques,100,2024-10-21 05:27:58.311000
Stacy Gibson,Time Series Analysis,100,2024-10-21 05:27:58.311000
Stacy Gibson,Budgeting Basics,100,2024-10-21 05:27:58.311000
Stacy Gibson,Introduction to UI/UX Design,100,2024-10-21 05:27:58.311000
Stacy Gibson,Affiliate Marketing,100,2024-10-21 05:27:58.311000
Elizabeth Williams,Data Analysis with Pandas,100,2024-10-21 05:27:58.311000
Elizabeth Williams,Data Visualization with Matplotlib,100,2024-10-21 05:27:58.311000
Elizabeth Williams,Data Analysis for Business Decisions,100,2024-10-21 05:27:58.311000
Elizabeth Williams,Data Cleaning & Preprocessing,100,2024-10-21 05:27:58.311000
Elizabeth Williams,Data Ethics,100,2024-10-21 05:27:58.311000
Elizabeth Williams,Introduction to Cloud Computing,100,2024-10-21 05:27:58.311000
Elizabeth Williams,Blogging for Beginners,100,2024-10-21 05:27:58.311000
Elizabeth Williams,Network Security Fundamentals,100,2024-10-21 05:27:58.311000
Elizabeth Williams,Video Production Basics,100,2024-10-21 05:27:58.311000
Elizabeth Williams,Understanding Consumer Behavior,100,2024-10-21 05:27:58.311000
Elizabeth Williams,Tokenomics,100,2024-10-21 05:27:58.311000
Elizabeth Williams,Content Management Systems (CMS),100,2024-10-21 05:27:58.311000
Elizabeth Williams,Collaboration Tools in DevOps,100,2024-10-21 05:27:58.311000
Elizabeth Williams,Presentation Skills for Business Analysts,100,2024-10-21 05:27:58.311000
Elizabeth Williams,Azure Basics,100,2024-10-21 05:27:58.311000
Dr. Shannon Wilson,Data Analysis with Pandas,100,2024-10-21 05:27:58.311000
Dr. Shannon Wilson,Data Visualization with Matplotlib,100,2024-10-21 05:27:58.311000
Dr. Shannon Wilson,Data Cleaning & Preprocessing,100,2024-10-21 05:27:58.311000
Dr. Shannon Wilson,Data Analysis for Business Decisions,100,2024-10-21 05:27:58.311000
Dr. Shannon Wilson,Data Ethics,100,2024-10-21 05:27:58.311000
Dr. Shannon Wilson,Diversity and Inclusion Initiatives,100,2024-10-21 05:27:58.311000
Dr. Shannon Wilson,Troubleshooting Techniques,100,2024-10-21 05:27:58.311000
Dr. Shannon Wilson,Web Accessibility Standards,100,2024-10-21 05:27:58.311000
Dr. Shannon Wilson,Reinforcement Learning Techniques,100,2024-10-21 05:27:58.311000
Dr. Shannon Wilson,Cross-Platform Development with Flutter,100,2024-10-21 05:27:58.311000
Dr. Shannon Wilson,Presentation Skills for Business Analysts,100,2024-10-21 05:27:58.311000
Dr. Shannon Wilson,Deployment of ML Models,100,2024-10-21 05:27:58.311000
Adam Santana,Data Cleaning & Preprocessing,100,2024-10-21 05:27:58.311000
Adam Santana,Data Analysis with Pandas,100,2024-10-21 05:27:58.311000
Adam Santana,Data Analysis for Business Decisions,100,2024-10-21 05:27:58.311000
Adam Santana,Data Visualization with Matplotlib,100,2024-10-21 05:27:58.311000
Adam Santana,Vulnerability Assessment,100,2024-10-21 05:27:58.311000
Adam Santana,Cryptography Basics,100,2024-10-21 05:27:58.311000
Adam Santana,Project Management Basics,100,2024-10-21 05:27:58.311000
Adam Santana,Podcasting Fundamentals,100,2024-10-21 05:27:58.311000
Adam Santana,Game Testing Techniques,100,2024-10-21 05:27:58.311000
Adam Santana,Node.js,100,2024-10-21 05:27:58.311000
Tamara Brown,Data Cleaning & Preprocessing,100,2024-10-21 05:27:58.311000
Tamara Brown,Data Analysis with Pandas,100,2024-10-21 05:27:58.311000
Tamara Brown,Data Visualization with Matplotlib,100,2024-10-21 05:27:58.311000
Tamara Brown,Data Analysis for Business Decisions,100,2024-10-21 05:27:58.311000
Tamara Brown,Data Ethics,100,2024-10-21 05:27:58.311000
Tamara Brown,Cloud Security Best Practices,100,2024-10-21 05:27:58.311000
Tamara Brown,Introduction to Game Development,100,2024-10-21 05:27:58.311000
Tamara Brown,HR Technology Tools,100,2024-10-21 05:27:58.311000
Tamara Brown,AI in Healthcare,100,2024-10-21 05:27:58.311000
Tamara Brown,Financial Planning and Forecasting,100,2024-10-21 05:27:58.311000
Tamara Brown,Decentralized Applications (DApps),100,2024-10-21 05:27:58.311000
Tamara Brown,Penetration Testing,100,2024-10-21 05:27:58.311000
David Barton,Data Analysis for Business Decisions,100,2024-10-21 05:27:58.311000
David Barton,Data Analysis with Pandas,100,2024-10-21 05:27:58.311000
David Barton,Data Visualization with Matplotlib,100,2024-10-21 05:27:58.311000
David Barton,Data Cleaning & Preprocessing,100,2024-10-21 05:27:58.311000
David Barton,Data Ethics,100,2024-10-21 05:27:58.311000
David Barton,Employee Engagement Techniques,100,2024-10-21 05:27:58.311000
David Barton,SEO Fundamentals,100,2024-10-21 05:27:58.311000
David Barton,Hyperledger Basics,100,2024-10-21 05:27:58.311000
David Barton,Blogging for Beginners,100,2024-10-21 05:27:58.311000
David Barton,Natural Language Processing,100,2024-10-21 05:27:58.311000
David Barton,Digital Sales Techniques,100,2024-10-21 05:27:58.311000
Sheila Ford,Data Visualization with Matplotlib,100,2024-10-21 05:27:58.311000
Sheila Ford,Data Cleaning & Preprocessing,100,2024-10-21 05:27:58.311000
Sheila Ford,Data Ethics,100,2024-10-21 05:27:58.311000
Sheila Ford,Data Analysis with Pandas,100,2024-10-21 05:27:58.311000
Sheila Ford,Data Analysis for Business Decisions,100,2024-10-21 05:27:58.311000
Sheila Ford,Brand Management Online,100,2024-10-21 05:27:58.311000
Sheila Ford,Conversion Rate Optimization,100,2024-10-21 05:27:58.311000
Sheila Ford,Training and Development,100,2024-10-21 05:27:58.311000
Sheila Ford,Decentralized Applications (DApps),100,2024-10-21 05:27:58.311000
Sheila Ford,Cloud Security Best Practices,100,2024-10-21 05:27:58.311000
Sheila Ford,User Interface Design for Mobile Apps,100,2024-10-21 05:27:58.311000
Sheila Ford,Configuration Management with Ansible,100,2024-10-21 05:27:58.311000
Sheila Ford,Introduction to IT Support,100,2024-10-21 05:27:58.311000
Sheila Ford,AI in Robotics,100,2024-10-21 05:27:58.311000
John Carr,Data Analysis with Pandas,100,2024-10-21 05:27:58.311000
John Carr,Data Visualization with Matplotlib,100,2024-10-21 05:27:58.311000
John Carr,Data Cleaning & Preprocessing,100,2024-10-21 05:27:58.311000
John Carr,Data Ethics,100,2024-10-21 05:27:58.311000
John Carr,Customer Service Excellence,100,2024-10-21 05:27:58.311000
John Carr,Hyperledger Basics,100,2024-10-21 05:27:58.311000
John Carr,Progressive Web Apps (PWAs),100,2024-10-21 05:27:58.311000
John Carr,Agile Project Management,100,2024-10-21 05:27:58.311000
John Carr,Consensus Algorithms,100,2024-10-21 05:27:58.311000
John Carr,Computer Vision Applications,100,2024-10-21 05:27:58.311000
John Carr,Employee Engagement Techniques,100,2024-10-21 05:27:58.311000
John Carr,Ethics in AI,100,2024-10-21 05:27:58.311000
John Carr,Security in Cloud Computing,100,2024-10-21 05:27:58.311000
Caitlyn Lopez,Data Ethics,100,2024-10-21 05:27:58.311000
Caitlyn Lopez,Data Cleaning & Preprocessing,100,2024-10-21 05:27:58.311000
Caitlyn Lopez,Data Analysis with Pandas,100,2024-10-21 05:27:58.311000
Caitlyn Lopez,Data Analysis for Business Decisions,100,2024-10-21 05:27:58.311000
Caitlyn Lopez,Data Visualization with Matplotlib,100,2024-10-21 05:27:58.311000
Caitlyn Lopez,Project Scheduling Techniques,100,2024-10-21 05:27:58.311000
Caitlyn Lopez,AI for Business,100,2024-10-21 05:27:58.311000
Caitlyn Lopez,2D Game Development,100,2024-10-21 05:27:58.311000
Caitlyn Lopez,Introduction to Human Resources,100,2024-10-21 05:27:58.311000
Caitlyn Lopez,Customer Service Skills for IT,100,2024-10-21 05:27:58.311000
Caitlyn Lopez,JavaScript Frameworks Overview,100,2024-10-21 05:27:58.311000
Caitlyn Lopez,Training and Development,100,2024-10-21 05:27:58.311000
Caitlyn Lopez,Game Testing Techniques,100,2024-10-21 05:27:58.311000
Lauren Smith,Data Analysis with Pandas,100,2024-10-21 05:27:58.311000
Lauren Smith,Data Cleaning & Preprocessing,100,2024-10-21 05:27:58.311000
Lauren Smith,Data Ethics,100,2024-10-21 05:27:58.311000
Lauren Smith,Data Visualization with Matplotlib,100,2024-10-21 05:27:58.311000
Lauren Smith,Data Analysis for Business Decisions,100,2024-10-21 05:27:58.311000
Lauren Smith,HTML & CSS,100,2024-10-21 05:27:58.311000
Lauren Smith,Decentralized Applications (DApps),100,2024-10-21 05:27:58.311000
Lauren Smith,Podcasting Fundamentals,100,2024-10-21 05:27:58.312000
Lauren Smith,Cross-Platform Development with Flutter,100,2024-10-21 05:27:58.312000
Lauren Smith,Smart Contracts Development,100,2024-10-21 05:27:58.312000
Lauren Smith,Game Monetization Strategies,100,2024-10-21 05:27:58.312000
Holly Gibson,Data Analysis for Business Decisions,100,2024-10-21 05:27:58.312000
Holly Gibson,Data Analysis with Pandas,100,2024-10-21 05:27:58.312000
Holly Gibson,Data Cleaning & Preprocessing,100,2024-10-21 05:27:58.312000
Holly Gibson,Data Ethics,100,2024-10-21 05:27:58.312000
Holly Gibson,Data Visualization with Matplotlib,100,2024-10-21 05:27:58.312000
Holly Gibson,Cloud Cost Management,100,2024-10-21 05:27:58.312000
Holly Gibson,Conflict Resolution in HR,100,2024-10-21 05:27:58.312000
Holly Gibson,Tokenomics,100,2024-10-21 05:27:58.312000
Holly Gibson,SEO for Content Creators,100,2024-10-21 05:27:58.312000
Holly Gibson,Introduction to Human Resources,100,2024-10-21 05:27:58.312000
Holly Gibson,Cryptography Basics,100,2024-10-21 05:27:58.312000
Holly Gibson,AI for Business,100,2024-10-21 05:27:58.312000
Holly Gibson,Negotiation Techniques,100,2024-10-21 05:27:58.312000
Terry Barnes,Data Analysis with Pandas,100,2024-10-21 05:27:58.312000
Terry Barnes,Data Visualization with Matplotlib,100,2024-10-21 05:27:58.312000
Terry Barnes,Data Cleaning & Preprocessing,100,2024-10-21 05:27:58.312000
Terry Barnes,Data Analysis for Business Decisions,100,2024-10-21 05:27:58.312000
Terry Barnes,Data Ethics,100,2024-10-21 05:27:58.312000
Terry Barnes,Web Accessibility Standards,100,2024-10-21 05:27:58.312000
Terry Barnes,Visual Design Basics,100,2024-10-21 05:27:58.312000
Terry Barnes,Introduction to UI/UX Design,100,2024-10-21 05:27:58.312000
Terry Barnes,Introduction to DevOps,100,2024-10-21 05:27:58.312000
Terry Barnes,Financial Planning and Forecasting,100,2024-10-21 05:27:58.312000
Terry Barnes,Deployment of ML Models,100,2024-10-21 05:27:58.312000
Terry Barnes,Investing Fundamentals,100,2024-10-21 05:27:58.312000
Terry Barnes,Change Management Strategies,100,2024-10-21 05:27:58.312000
Terry Barnes,Risk Analysis and Management,100,2024-10-21 05:27:58.312000
Terry Barnes,Multiplayer Game Development,100,2024-10-21 05:27:58.312000
Jamie Taylor,Data Visualization with Matplotlib,100,2024-10-21 05:27:58.312000
Jamie Taylor,Data Analysis with Pandas,100,2024-10-21 05:27:58.312000
Jamie Taylor,Data Cleaning & Preprocessing,100,2024-10-21 05:27:58.312000
Jamie Taylor,Data Ethics,100,2024-10-21 05:27:58.312000
Jamie Taylor,Data Analysis for Business Decisions,100,2024-10-21 05:27:58.312000
Jamie Taylor,Introduction to Machine Learning,100,2024-10-21 05:27:58.312000
Jamie Taylor,Visual Design Basics,100,2024-10-21 05:27:58.312000
Jamie Taylor,Introduction to Blockchain,100,2024-10-21 05:27:58.312000
Jamie Taylor,Responsive Web Design,100,2024-10-21 05:27:58.312000
Jamie Taylor,Statistical Analysis,100,2024-10-21 05:27:58.312000
Jamie Taylor,Infrastructure as Code,100,2024-10-21 05:27:58.312000
Jamie Taylor,Reinforcement Learning Techniques,100,2024-10-21 05:27:58.312000
Jamie Taylor,Consensus Algorithms,100,2024-10-21 05:27:58.312000
Jamie Taylor,Vulnerability Assessment,100,2024-10-21 05:27:58.312000
Denise Simon,Data Cleaning & Preprocessing,100,2024-10-21 05:27:58.312000
Denise Simon,Data Analysis with Pandas,100,2024-10-21 05:27:58.312000
Denise Simon,Data Visualization with Matplotlib,100,2024-10-21 05:27:58.312000
Denise Simon,Data Ethics,100,2024-10-21 05:27:58.312000
Denise Simon,Data Analysis for Business Decisions,100,2024-10-21 05:27:58.312000
Denise Simon,SEO Best Practices,100,2024-10-21 05:27:58.312000
Denise Simon,Visual Design Basics,100,2024-10-21 05:27:58.312000
Denise Simon,Node.js,100,2024-10-21 05:27:58.312000
Denise Simon,Networking Basics,100,2024-10-21 05:27:58.312000
Denise Simon,Introduction to DevOps,100,2024-10-21 05:27:58.312000
Nicholas Brown,Data Analysis for Business Decisions,100,2024-10-21 05:27:58.312000
Nicholas Brown,Data Visualization with Matplotlib,100,2024-10-21 05:27:58.312000
Nicholas Brown,Data Analysis with Pandas,100,2024-10-21 05:27:58.312000
Nicholas Brown,Data Ethics,100,2024-10-21 05:27:58.312000
Nicholas Brown,Performance Optimization for Mobile Apps,100,2024-10-21 05:27:58.312000
Nicholas Brown,Infrastructure as Code,100,2024-10-21 05:27:58.312000
Nicholas Brown,Presentation Skills for Sales,100,2024-10-21 05:27:58.312000
Nicholas Brown,Cloud Cost Management,100,2024-10-21 05:27:58.312000
Nicholas Brown,Analytics for Marketers,100,2024-10-21 05:27:58.312000
Nicholas Brown,3D Game Development,100,2024-10-21 05:27:58.312000
Sarah Mitchell,Data Visualization with Matplotlib,100,2024-10-21 05:27:58.312000
Sarah Mitchell,Data Ethics,100,2024-10-21 05:27:58.312000
Sarah Mitchell,Data Analysis for Business Decisions,100,2024-10-21 05:27:58.312000
Sarah Mitchell,Data Analysis with Pandas,100,2024-10-21 05:27:58.312000
Sarah Mitchell,Data Cleaning & Preprocessing,100,2024-10-21 05:27:58.312000
Sarah Mitchell,Decentralized Applications (DApps),100,2024-10-21 05:27:58.312000
Sarah Mitchell,Financial Reporting Standards,100,2024-10-21 05:27:58.312000
Sarah Mitchell,Operating Systems Overview,100,2024-10-21 05:27:58.312000
Sarah Mitchell,Game Testing Techniques,100,2024-10-21 05:27:58.312000
Sarah Mitchell,Model Evaluation,100,2024-10-21 05:27:58.312000
Sarah Mitchell,DevOps in the Cloud,100,2024-10-21 05:27:58.312000
Sarah Mitchell,Diversity and Inclusion Initiatives,100,2024-10-21 05:27:58.312000
Sarah Mitchell,Containerization with Docker,100,2024-10-21 05:27:58.312000
Sarah Mitchell,React,100,2024-10-21 05:27:58.312000
Sarah Mitchell,iOS Development Basics,100,2024-10-21 05:27:58.312000
Steven Ochoa MD,Data Analysis for Business Decisions,100,2024-10-21 05:27:58.312000
Steven Ochoa MD,Data Ethics,100,2024-10-21 05:27:58.312000
Steven Ochoa MD,Data Analysis with Pandas,100,2024-10-21 05:27:58.312000
Steven Ochoa MD,Data Cleaning & Preprocessing,100,2024-10-21 05:27:58.312000
Steven Ochoa MD,Data Visualization with Matplotlib,100,2024-10-21 05:27:58.312000
Steven Ochoa MD,Training and Development,100,2024-10-21 05:27:58.312000
Steven Ochoa MD,E-commerce Development Basics,100,2024-10-21 05:27:58.312000
Steven Ochoa MD,Infrastructure as Code,100,2024-10-21 05:27:58.312000
Steven Ochoa MD,Troubleshooting Techniques,100,2024-10-21 05:27:58.312000
Steven Ochoa MD,Reinforcement Learning Techniques,100,2024-10-21 05:27:58.312000
Martin Robinson,Data Visualization with Matplotlib,100,2024-10-21 05:27:58.312000
Martin Robinson,Data Ethics,100,2024-10-21 05:27:58.312000
Martin Robinson,Data Analysis for Business Decisions,100,2024-10-21 05:27:58.312000
Martin Robinson,Data Cleaning & Preprocessing,100,2024-10-21 05:27:58.312000
Martin Robinson,Data Analysis with Pandas,100,2024-10-21 05:27:58.312000
Martin Robinson,Unsupervised Learning,100,2024-10-21 05:27:58.312000
Martin Robinson,Sales Analytics,100,2024-10-21 05:27:58.312000
Martin Robinson,Digital Sales Techniques,100,2024-10-21 05:27:58.312000
Martin Robinson,Reinforcement Learning Techniques,100,2024-10-21 05:27:58.312000
Martin Robinson,HR Technology Tools,100,2024-10-21 05:27:58.312000
Martin Robinson,Statistical Analysis,100,2024-10-21 05:27:58.312000
Martin Robinson,Podcasting Fundamentals,100,2024-10-21 05:27:58.312000
Martin Robinson,Unreal Engine Basics,100,2024-10-21 05:27:58.312000
Martin Robinson,JavaScript Basics,100,2024-10-21 05:27:58.312000
Martin Robinson,Time Series Analysis,100,2024-10-21 05:27:58.312000
Jacob Pena,Data Visualization with Matplotlib,100,2024-10-21 05:27:58.312000
Jacob Pena,Data Analysis with Pandas,100,2024-10-21 05:27:58.312000
Jacob Pena,Data Cleaning & Preprocessing,100,2024-10-21 05:27:58.312000
Jacob Pena,Data Ethics,100,2024-10-21 05:27:58.312000
Jacob Pena,Data Analysis for Business Decisions,100,2024-10-21 05:27:58.312000
Jacob Pena,Introduction to Machine Learning,100,2024-10-21 05:27:58.312000
Jacob Pena,Financial Planning and Forecasting,100,2024-10-21 05:27:58.312000
Jacob Pena,Closing Sales Strategies,100,2024-10-21 05:27:58.312000
Jacob Pena,Collaboration Tools in DevOps,100,2024-10-21 05:27:58.312000
Jacob Pena,Continuous Integration and Delivery,100,2024-10-21 05:27:58.312000
Jacob Pena,Digital Sales Techniques,100,2024-10-21 05:27:58.312000
Jacob Pena,Operating Systems Overview,100,2024-10-21 05:27:58.312000
Jacob Pena,Multiplayer Game Development,100,2024-10-21 05:27:58.312000
James Johnson,Data Ethics,100,2024-10-21 05:27:58.312000
James Johnson,Data Cleaning & Preprocessing,100,2024-10-21 05:27:58.312000
James Johnson,Data Analysis for Business Decisions,100,2024-10-21 05:27:58.312000
James Johnson,Data Visualization with Matplotlib,100,2024-10-21 05:27:58.312000
James Johnson,Data Analysis with Pandas,100,2024-10-21 05:27:58.312000
James Johnson,Talent Acquisition Strategies,100,2024-10-21 05:27:58.312000
James Johnson,Continuous Integration and Delivery,100,2024-10-21 05:27:58.312000
James Johnson,Network Security Fundamentals,100,2024-10-21 05:27:58.312000
James Johnson,Podcasting Fundamentals,100,2024-10-21 05:27:58.312000
James Johnson,Model Evaluation,100,2024-10-21 05:27:58.312000
James Johnson,Google Ads Fundamentals,100,2024-10-21 05:27:58.312000
James Johnson,User Research Techniques,100,2024-10-21 05:27:58.312000
Frank Walsh,Data Ethics,100,2024-10-21 05:27:58.312000
Frank Walsh,Data Analysis with Pandas,100,2024-10-21 05:27:58.312000
Frank Walsh,Data Cleaning & Preprocessing,100,2024-10-21 05:27:58.312000
Frank Walsh,Data Analysis for Business Decisions,100,2024-10-21 05:27:58.312000
Frank Walsh,Data Visualization with Matplotlib,100,2024-10-21 05:27:58.312000
Frank Walsh,Mobile App Design,100,2024-10-21 05:27:58.312000
Frank Walsh,DevOps in the Cloud,100,2024-10-21 05:27:58.312000
Frank Walsh,Remote Support Techniques,100,2024-10-21 05:27:58.312000
Frank Walsh,Diversity and Inclusion Initiatives,100,2024-10-21 05:27:58.312000
Frank Walsh,Introduction to AI,100,2024-10-21 05:27:58.312000
Tamara Ramirez,Data Analysis for Business Decisions,100,2024-10-21 05:27:58.312000
Tamara Ramirez,Data Visualization with Matplotlib,100,2024-10-21 05:27:58.312000
Tamara Ramirez,Data Analysis with Pandas,100,2024-10-21 05:27:58.312000
Tamara Ramirez,Data Cleaning & Preprocessing,100,2024-10-21 05:27:58.312000
Tamara Ramirez,SEO Fundamentals,100,2024-10-21 05:27:58.312000
Tamara Ramirez,Networking Basics,100,2024-10-21 05:27:58.312000
Tamara Ramirez,Azure Basics,100,2024-10-21 05:27:58.312000
Tamara Ramirez,AI for Business,100,2024-10-21 05:27:58.312000
Tamara Ramirez,Design Tools Overview,100,2024-10-21 05:27:58.312000
Tamara Ramirez,Statistical Analysis,100,2024-10-21 05:27:58.312000
Tamara Ramirez,Incident Response,100,2024-10-21 05:27:58.312000
Larry Moran,Data Visualization with Matplotlib,100,2024-10-21 05:27:58.313000
Larry Moran,Data Ethics,100,2024-10-21 05:27:58.313000
Larry Moran,Data Analysis for Business Decisions,100,2024-10-21 05:27:58.313000
Larry Moran,Data Analysis with Pandas,100,2024-10-21 05:27:58.313000
Larry Moran,Data Cleaning & Preprocessing,100,2024-10-21 05:27:58.313000
Larry Moran,Content Marketing Strategies,100,2024-10-21 05:27:58.313000
Larry Moran,Change Management,100,2024-10-21 05:27:58.313000
Larry Moran,Publishing Mobile Apps,100,2024-10-21 05:27:58.313000
Larry Moran,Content Management Systems (CMS),100,2024-10-21 05:27:58.313000
Larry Moran,Statistical Analysis,100,2024-10-21 05:27:58.313000
Larry Moran,Hyperledger Basics,100,2024-10-21 05:27:58.313000
Larry Moran,Communication Skills for Project Managers,100,2024-10-21 05:27:58.313000
Larry Moran,Infrastructure as Code,100,2024-10-21 05:27:58.313000
Larry Moran,HTML & CSS,100,2024-10-21 05:27:58.313000
Larry Moran,Stakeholder Management,100,2024-10-21 05:27:58.313000
Melinda Murray,Data Analysis for Business Decisions,100,2024-10-21 05:27:58.313000
Melinda Murray,Data Ethics,100,2024-10-21 05:27:58.313000
Melinda Murray,Data Cleaning & Preprocessing,100,2024-10-21 05:27:58.313000
Melinda Murray,Data Visualization with Matplotlib,100,2024-10-21 05:27:58.313000
Melinda Murray,Automating Cloud Deployments,100,2024-10-21 05:27:58.313000
Melinda Murray,App Monetization Strategies,100,2024-10-21 05:27:58.313000
Melinda Murray,Responsive Design Principles,100,2024-10-21 05:27:58.313000
Melinda Murray,Operating Systems Overview,100,2024-10-21 05:27:58.313000
Melinda Murray,Agile Methodologies,100,2024-10-21 05:27:58.313000
Melinda Murray,Risk Management in Finance,100,2024-10-21 05:27:58.313000
Melinda Murray,Node.js,100,2024-10-21 05:27:58.313000
Melinda Murray,Speech Recognition Technologies,100,2024-10-21 05:27:58.313000
Kenneth Johnson,Data Cleaning & Preprocessing,100,2024-10-21 05:27:58.313000
Kenneth Johnson,Data Analysis for Business Decisions,100,2024-10-21 05:27:58.313000
Kenneth Johnson,Data Ethics,100,2024-10-21 05:27:58.313000
Kenneth Johnson,Data Visualization with Matplotlib,100,2024-10-21 05:27:58.313000
Kenneth Johnson,Data Analysis with Pandas,100,2024-10-21 05:27:58.313000
Kenneth Johnson,Operating Systems Overview,100,2024-10-21 05:27:58.313000
Kenneth Johnson,Unsupervised Learning,100,2024-10-21 05:27:58.313000
Kenneth Johnson,Cloud Support Fundamentals,100,2024-10-21 05:27:58.313000
Kenneth Johnson,Supervised Learning,100,2024-10-21 05:27:58.313000
Kenneth Johnson,Mobile App Security,100,2024-10-21 05:27:58.313000
Kenneth Johnson,Financial Planning and Forecasting,100,2024-10-21 05:27:58.313000
Kenneth Johnson,SEO Best Practices,100,2024-10-21 05:27:58.313000
Kenneth Johnson,Content Marketing Strategies,100,2024-10-21 05:27:58.313000
Kenneth Johnson,Microservices in Cloud,100,2024-10-21 05:27:58.313000
Kenneth Johnson,Cross-Platform Development with Flutter,100,2024-10-21 05:27:58.313000
Crystal Howell,Data Visualization with Matplotlib,100,2024-10-21 05:27:58.313000
Crystal Howell,Data Cleaning & Preprocessing,100,2024-10-21 05:27:58.313000
Crystal Howell,Data Ethics,100,2024-10-21 05:27:58.313000
Crystal Howell,Data Analysis for Business Decisions,100,2024-10-21 05:27:58.313000
Crystal Howell,Data Analysis with Pandas,100,2024-10-21 05:27:58.313000
Crystal Howell,Financial Reporting Standards,100,2024-10-21 05:27:58.313000
Crystal Howell,React,100,2024-10-21 05:27:58.313000
Crystal Howell,App Monetization Strategies,100,2024-10-21 05:27:58.313000
Crystal Howell,Content Management Systems (CMS),100,2024-10-21 05:27:58.313000
Crystal Howell,Diversity and Inclusion Initiatives,100,2024-10-21 05:27:58.313000
Crystal Howell,Financial Planning and Forecasting,100,2024-10-21 05:27:58.313000
Crystal Howell,User Research Techniques,100,2024-10-21 05:27:58.313000
Crystal Howell,Virtual Reality Development,100,2024-10-21 05:27:58.313000
Crystal Howell,Publishing Mobile Apps,100,2024-10-21 05:27:58.313000
Teresa Gutierrez,Data Cleaning & Preprocessing,100,2024-10-21 05:27:58.313000
Teresa Gutierrez,Data Visualization with Matplotlib,100,2024-10-21 05:27:58.313000
Teresa Gutierrez,Data Analysis for Business Decisions,100,2024-10-21 05:27:58.313000
Teresa Gutierrez,Data Ethics,100,2024-10-21 05:27:58.313000
Teresa Gutierrez,Data Analysis with Pandas,100,2024-10-21 05:27:58.313000
Teresa Gutierrez,Visual Design Basics,100,2024-10-21 05:27:58.313000
Teresa Gutierrez,Android Development Basics,100,2024-10-21 05:27:58.313000
Teresa Gutierrez,Graphic Design Basics for Content,100,2024-10-21 05:27:58.313000
Teresa Gutierrez,iOS Development Basics,100,2024-10-21 05:27:58.313000
Teresa Gutierrez,Reinforcement Learning Techniques,100,2024-10-21 05:27:58.313000
Teresa Gutierrez,Unsupervised Learning,100,2024-10-21 05:27:58.313000
Teresa Gutierrez,Video Production Basics,100,2024-10-21 05:27:58.313000
Teresa Gutierrez,Penetration Testing,100,2024-10-21 05:27:58.313000
Teresa Gutierrez,Hardware Repair Skills,100,2024-10-21 05:27:58.313000
Marilyn Le,Data Cleaning & Preprocessing,100,2024-10-21 05:27:58.313000
Marilyn Le,Data Analysis for Business Decisions,100,2024-10-21 05:27:58.313000
Marilyn Le,Data Visualization with Matplotlib,100,2024-10-21 05:27:58.313000
Marilyn Le,Data Ethics,100,2024-10-21 05:27:58.313000
Marilyn Le,Data Analysis with Pandas,100,2024-10-21 05:27:58.313000
Marilyn Le,Risk Management in Projects,100,2024-10-21 05:27:58.313000
Marilyn Le,API Integration in Mobile Apps,100,2024-10-21 05:27:58.313000
Marilyn Le,Customer Service Skills for IT,100,2024-10-21 05:27:58.313000
Marilyn Le,Design Thinking Process,100,2024-10-21 05:27:58.313000
Marilyn Le,Investing Fundamentals,100,2024-10-21 05:27:58.313000
Marilyn Le,Sales Fundamentals,100,2024-10-21 05:27:58.313000
Marilyn Le,Container Orchestration with Kubernetes,100,2024-10-21 05:27:58.313000
Marilyn Le,Virtual Reality Development,100,2024-10-21 05:27:58.313000
Laura Warren,Data Analysis for Business Decisions,100,2024-10-21 05:27:58.313000
Laura Warren,Data Cleaning & Preprocessing,100,2024-10-21 05:27:58.313000
Laura Warren,Data Visualization with Matplotlib,100,2024-10-21 05:27:58.313000
Laura Warren,Data Analysis with Pandas,100,2024-10-21 05:27:58.313000
Laura Warren,Data Ethics,100,2024-10-21 05:27:58.313000
Laura Warren,Time Management for Sales,100,2024-10-21 05:27:58.313000
Laura Warren,Introduction to Machine Learning,100,2024-10-21 05:27:58.313000
Laura Warren,Introduction to IT Support,100,2024-10-21 05:27:58.313000
Laura Warren,Introduction to AI,100,2024-10-21 05:27:58.313000
Laura Warren,Requirements Gathering Techniques,100,2024-10-21 05:27:58.313000
Laura Warren,Infrastructure as Code,100,2024-10-21 05:27:58.313000
Laura Warren,Virtual Reality Development,100,2024-10-21 05:27:58.313000
Laura Warren,SEO Best Practices,100,2024-10-21 05:27:58.313000
Laura Warren,Web Performance Optimization,100,2024-10-21 05:27:58.313000
Kyle Moran,Data Cleaning & Preprocessing,100,2024-10-21 05:27:58.313000
Kyle Moran,Data Analysis for Business Decisions,100,2024-10-21 05:27:58.313000
Kyle Moran,Data Analysis with Pandas,100,2024-10-21 05:27:58.313000
Kyle Moran,Data Visualization with Matplotlib,100,2024-10-21 05:27:58.313000
Kyle Moran,Data Ethics,100,2024-10-21 05:27:58.313000
Kyle Moran,Sales Fundamentals,100,2024-10-21 05:27:58.313000
Kyle Moran,Performance Optimization for Mobile Apps,100,2024-10-21 05:27:58.313000
Kyle Moran,Negotiation Techniques,100,2024-10-21 05:27:58.313000
Kyle Moran,Affiliate Marketing,100,2024-10-21 05:27:58.313000
Kyle Moran,Social Media Marketing,100,2024-10-21 05:27:58.313000
Kyle Moran,Ethics in AI,100,2024-10-21 05:27:58.313000
Kyle Moran,Training and Development,100,2024-10-21 05:27:58.313000
Kyle Moran,Deep Learning Fundamentals,100,2024-10-21 05:27:58.313000
Kimberly Acosta,Data Ethics,100,2024-10-21 05:27:58.313000
Kimberly Acosta,Data Visualization with Matplotlib,100,2024-10-21 05:27:58.313000
Kimberly Acosta,Data Analysis with Pandas,100,2024-10-21 05:27:58.313000
Kimberly Acosta,Data Cleaning & Preprocessing,100,2024-10-21 05:27:58.313000
Kimberly Acosta,Data Analysis for Business Decisions,100,2024-10-21 05:27:58.313000
Kimberly Acosta,Penetration Testing,100,2024-10-21 05:27:58.313000
Kimberly Acosta,Deep Learning Fundamentals,100,2024-10-21 05:27:58.313000
Kimberly Acosta,Introduction to Game Development,100,2024-10-21 05:27:58.313000
Kimberly Acosta,Progressive Web Apps (PWAs),100,2024-10-21 05:27:58.313000
Kimberly Acosta,Mobile Testing Strategies,100,2024-10-21 05:27:58.313000
Kimberly Acosta,Unity Basics,100,2024-10-21 05:27:58.313000
Kimberly Acosta,Influencer Marketing,100,2024-10-21 05:27:58.313000
Kimberly Acosta,Budgeting Basics,100,2024-10-21 05:27:58.313000
Kimberly Acosta,Project Management Basics,100,2024-10-21 05:27:58.313000
Kenneth Walsh,Data Ethics,100,2024-10-21 05:27:58.313000
Kenneth Walsh,Data Analysis with Pandas,100,2024-10-21 05:27:58.313000
Kenneth Walsh,Data Cleaning & Preprocessing,100,2024-10-21 05:27:58.313000
Kenneth Walsh,Data Visualization with Matplotlib,100,2024-10-21 05:27:58.313000
Kenneth Walsh,Data Analysis for Business Decisions,100,2024-10-21 05:27:58.313000
Kenneth Walsh,Quality Management,100,2024-10-21 05:27:58.313000
Kenneth Walsh,Python for Data Science,100,2024-10-21 05:27:58.313000
Kenneth Walsh,Introduction to Content Creation,100,2024-10-21 05:27:58.313000
Kenneth Walsh,Serverless Architecture,100,2024-10-21 05:27:58.313000
Kenneth Walsh,Closing Sales Strategies,100,2024-10-21 05:27:58.313000
Kenneth Walsh,Financial Reporting Standards,100,2024-10-21 05:27:58.313000
Kenneth Walsh,Deep Learning Fundamentals,100,2024-10-21 05:27:58.313000
Kenneth Walsh,Introduction to Machine Learning,100,2024-10-21 05:27:58.313000
Kenneth Walsh,Remote Support Techniques,100,2024-10-21 05:27:58.313000
Kenneth Walsh,Computer Vision Basics,100,2024-10-21 05:27:58.313000
Kevin Hawkins,Data Cleaning & Preprocessing,100,2024-10-21 05:27:58.313000
Kevin Hawkins,Data Analysis with Pandas,100,2024-10-21 05:27:58.313000
Kevin Hawkins,Data Visualization with Matplotlib,100,2024-10-21 05:27:58.313000
Kevin Hawkins,Data Analysis for Business Decisions,100,2024-10-21 05:27:58.313000
Kevin Hawkins,Data Ethics,100,2024-10-21 05:27:58.313000
Kevin Hawkins,Sales Analytics,100,2024-10-21 05:27:58.313000
Kevin Hawkins,Ethical Hacking Basics,100,2024-10-21 05:27:58.313000
Kevin Hawkins,Interaction Design Principles,100,2024-10-21 05:27:58.313000
Kevin Hawkins,Business Case Development,100,2024-10-21 05:27:58.313000
Kevin Hawkins,User Research Techniques,100,2024-10-21 05:27:58.313000
Kevin Hawkins,HR Analytics,100,2024-10-21 05:27:58.313000
Kevin Hawkins,Ethics in AI,100,2024-10-21 05:27:58.313000
Kevin Hawkins,Video Production Basics,100,2024-10-21 05:27:58.313000
Kevin Hawkins,Performance Management Systems,100,2024-10-21 05:27:58.313000
Kayla Lawson,Data Visualization with Matplotlib,100,2024-10-21 05:27:58.313000
Kayla Lawson,Data Analysis with Pandas,100,2024-10-21 05:27:58.313000
Kayla Lawson,Data Cleaning & Preprocessing,100,2024-10-21 05:27:58.313000
Kayla Lawson,Data Analysis for Business Decisions,100,2024-10-21 05:27:58.313000
Kayla Lawson,Data Ethics,100,2024-10-21 05:27:58.313000
Kayla Lawson,Smart Contracts Development,100,2024-10-21 05:27:58.313000
Kayla Lawson,Game Monetization Strategies,100,2024-10-21 05:27:58.313000
Kayla Lawson,User Research Techniques,100,2024-10-21 05:27:58.313000
Kayla Lawson,Computer Vision Basics,100,2024-10-21 05:27:58.313000
Kayla Lawson,Cryptocurrency Fundamentals,100,2024-10-21 05:27:58.314000
Kayla Lawson,App Monetization Strategies,100,2024-10-21 05:27:58.314000
Kayla Lawson,Brand Management Online,100,2024-10-21 05:27:58.314000
Kayla Lawson,Usability Testing,100,2024-10-21 05:27:58.314000
Kayla Lawson,Negotiation Techniques,100,2024-10-21 05:27:58.314000
Amanda King,Data Analysis with Pandas,100,2024-10-21 05:27:58.314000
Amanda King,Data Analysis for Business Decisions,100,2024-10-21 05:27:58.314000
Amanda King,Data Ethics,100,2024-10-21 05:27:58.314000
Amanda King,Data Visualization with Matplotlib,100,2024-10-21 05:27:58.314000
Amanda King,Data Cleaning & Preprocessing,100,2024-10-21 05:27:58.314000
Amanda King,Virtual Reality Development,100,2024-10-21 05:27:58.314000
Amanda King,AI in Robotics,100,2024-10-21 05:27:58.314000
Amanda King,Continuous Integration and Delivery,100,2024-10-21 05:27:58.314000
Amanda King,Corporate Finance Essentials,100,2024-10-21 05:27:58.314000
Amanda King,Reinforcement Learning,100,2024-10-21 05:27:58.314000
Amanda King,Computer Vision Applications,100,2024-10-21 05:27:58.314000
Amanda King,Editing and Proofreading Techniques,100,2024-10-21 05:27:58.314000
Patrick Rangel,Data Visualization with Matplotlib,100,2024-10-21 05:27:58.314000
Patrick Rangel,Data Ethics,100,2024-10-21 05:27:58.314000
Patrick Rangel,Data Analysis for Business Decisions,100,2024-10-21 05:27:58.314000
Patrick Rangel,Data Cleaning & Preprocessing,100,2024-10-21 05:27:58.314000
Patrick Rangel,Data Analysis with Pandas,100,2024-10-21 05:27:58.314000
Patrick Rangel,Remote Support Techniques,100,2024-10-21 05:27:58.314000
Patrick Rangel,Computer Vision Applications,100,2024-10-21 05:27:58.314000
Patrick Rangel,Web Performance Optimization,100,2024-10-21 05:27:58.314000
Patrick Rangel,Cryptocurrency Fundamentals,100,2024-10-21 05:27:58.314000
Patrick Rangel,DevOps in the Cloud,100,2024-10-21 05:27:58.314000
Patrick Rangel,AI in Robotics,100,2024-10-21 05:27:58.314000
Patrick Rangel,Project Management Tools Overview,100,2024-10-21 05:27:58.314000
Adam Murphy,Data Visualization with Matplotlib,100,2024-10-21 05:27:58.314000
Adam Murphy,Data Ethics,100,2024-10-21 05:27:58.314000
Adam Murphy,Data Analysis for Business Decisions,100,2024-10-21 05:27:58.314000
Adam Murphy,Data Analysis with Pandas,100,2024-10-21 05:27:58.314000
Adam Murphy,Data Cleaning & Preprocessing,100,2024-10-21 05:27:58.314000
Adam Murphy,Cryptocurrency Fundamentals,100,2024-10-21 05:27:58.314000
Adam Murphy,Reinforcement Learning,100,2024-10-21 05:27:58.314000
Adam Murphy,Blockchain Security,100,2024-10-21 05:27:58.314000
Adam Murphy,Performance Optimization for Mobile Apps,100,2024-10-21 05:27:58.314000
Adam Murphy,Troubleshooting Techniques,100,2024-10-21 05:27:58.314000
Adam Murphy,JavaScript Frameworks Overview,100,2024-10-21 05:27:58.314000
Jeffery Griffin,Data Analysis with Pandas,100,2024-10-21 05:27:58.314000
Jeffery Griffin,Data Visualization with Matplotlib,100,2024-10-21 05:27:58.314000
Jeffery Griffin,Data Ethics,100,2024-10-21 05:27:58.314000
Jeffery Griffin,Data Cleaning & Preprocessing,100,2024-10-21 05:27:58.314000
Jeffery Griffin,Data Analysis for Business Decisions,100,2024-10-21 05:27:58.314000
Jeffery Griffin,Mobile Testing Strategies,100,2024-10-21 05:27:58.314000
Jeffery Griffin,Unity Basics,100,2024-10-21 05:27:58.314000
Jeffery Griffin,Training and Development,100,2024-10-21 05:27:58.314000
Jeffery Griffin,Introduction to Blockchain,100,2024-10-21 05:27:58.314000
Jeffery Griffin,Computer Vision Basics,100,2024-10-21 05:27:58.314000
Andrew Buck,Data Visualization with Matplotlib,100,2024-10-21 05:27:58.314000
Andrew Buck,Data Analysis for Business Decisions,100,2024-10-21 05:27:58.314000
Andrew Buck,Data Cleaning & Preprocessing,100,2024-10-21 05:27:58.314000
Andrew Buck,Data Analysis with Pandas,100,2024-10-21 05:27:58.314000
Andrew Buck,HTML & CSS,100,2024-10-21 05:27:58.314000
Andrew Buck,Hyperledger Basics,100,2024-10-21 05:27:58.314000
Andrew Buck,Azure Basics,100,2024-10-21 05:27:58.314000
Andrew Buck,Malware Analysis,100,2024-10-21 05:27:58.314000
Andrew Buck,Web Application Security,100,2024-10-21 05:27:58.314000
Andrew Buck,Design Thinking Process,100,2024-10-21 05:27:58.314000
Andrew Buck,Introduction to Content Creation,100,2024-10-21 05:27:58.314000
Andrew Buck,Email Marketing Basics,100,2024-10-21 05:27:58.314000
Andrew Buck,AI for Business,100,2024-10-21 05:27:58.314000
Andrew Buck,Corporate Finance Essentials,100,2024-10-21 05:27:58.314000
Andrew Buck,Game Testing Techniques,100,2024-10-21 05:27:58.314000
Gerald Garcia,Data Analysis for Business Decisions,100,2024-10-21 05:27:58.314000
Gerald Garcia,Data Analysis with Pandas,100,2024-10-21 05:27:58.314000
Gerald Garcia,Data Ethics,100,2024-10-21 05:27:58.314000
Gerald Garcia,Data Cleaning & Preprocessing,100,2024-10-21 05:27:58.314000
Gerald Garcia,Data Visualization with Matplotlib,100,2024-10-21 05:27:58.314000
Gerald Garcia,2D Game Development,100,2024-10-21 05:27:58.314000
Gerald Garcia,AI in Healthcare,100,2024-10-21 05:27:58.314000
Gerald Garcia,Graphic Design Basics for Content,100,2024-10-21 05:27:58.314000
Gerald Garcia,MongoDB,100,2024-10-21 05:27:58.314000
Gerald Garcia,Tokenomics,100,2024-10-21 05:27:58.314000
Gerald Garcia,Ethereum Development,100,2024-10-21 05:27:58.314000
Gerald Garcia,Natural Language Processing,100,2024-10-21 05:27:58.314000
Gerald Garcia,App Monetization Strategies,100,2024-10-21 05:27:58.314000
Justin Baker,Data Analysis with Pandas,100,2024-10-21 05:27:58.314000
Justin Baker,Data Visualization with Matplotlib,100,2024-10-21 05:27:58.314000
Justin Baker,Data Ethics,100,2024-10-21 05:27:58.314000
Justin Baker,Data Cleaning & Preprocessing,100,2024-10-21 05:27:58.314000
Justin Baker,Data Analysis for Business Decisions,100,2024-10-21 05:27:58.314000
Justin Baker,Business Process Modeling,100,2024-10-21 05:27:58.314000
Justin Baker,API Development,100,2024-10-21 05:27:58.314000
Justin Baker,ITIL Foundations,100,2024-10-21 05:27:58.314000
Justin Baker,Training and Development,100,2024-10-21 05:27:58.314000
Justin Baker,Social Media Content Creation,100,2024-10-21 05:27:58.314000
Justin Baker,Multiplayer Game Development,100,2024-10-21 05:27:58.314000
Justin Baker,Continuous Integration and Delivery,100,2024-10-21 05:27:58.314000
Justin Baker,Change Management,100,2024-10-21 05:27:58.314000
Justin Baker,Hyperledger Basics,100,2024-10-21 05:27:58.314000
Jake Bautista,Data Analysis with Pandas,100,2024-10-21 05:27:58.314000
Jake Bautista,Data Analysis for Business Decisions,100,2024-10-21 05:27:58.314000
Jake Bautista,Data Cleaning & Preprocessing,100,2024-10-21 05:27:58.314000
Jake Bautista,Data Ethics,100,2024-10-21 05:27:58.314000
Jake Bautista,Data Visualization with Matplotlib,100,2024-10-21 05:27:58.314000
Jake Bautista,Malware Analysis,100,2024-10-21 05:27:58.314000
Jake Bautista,Project Management Tools Overview,100,2024-10-21 05:27:58.314000
Jake Bautista,Customer Service Excellence,100,2024-10-21 05:27:58.314000
Jake Bautista,Continuous Integration and Delivery,100,2024-10-21 05:27:58.314000
Jake Bautista,Risk Management in Finance,100,2024-10-21 05:27:58.314000
Timothy Edwards,Data Cleaning & Preprocessing,100,2024-10-21 05:27:58.314000
Timothy Edwards,Data Ethics,100,2024-10-21 05:27:58.314000
Timothy Edwards,Data Visualization with Matplotlib,100,2024-10-21 05:27:58.314000
Timothy Edwards,Data Analysis for Business Decisions,100,2024-10-21 05:27:58.314000
Timothy Edwards,Data Analysis with Pandas,100,2024-10-21 05:27:58.314000
Timothy Edwards,Troubleshooting Techniques,100,2024-10-21 05:27:58.314000
Timothy Edwards,Interaction Design Principles,100,2024-10-21 05:27:58.314000
Timothy Edwards,Personal Finance Skills,100,2024-10-21 05:27:58.314000
Timothy Edwards,Introduction to UI/UX Design,100,2024-10-21 05:27:58.314000
Timothy Edwards,Model Evaluation,100,2024-10-21 05:27:58.314000
Timothy Edwards,Blockchain Use Cases,100,2024-10-21 05:27:58.314000
Timothy Edwards,Building Customer Relationships,100,2024-10-21 05:27:58.314000
Timothy Edwards,Cloud Cost Management,100,2024-10-21 05:27:58.314000
Timothy Edwards,Customer Service Skills for IT,100,2024-10-21 05:27:58.314000
Timothy Edwards,Security Awareness for IT Support,100,2024-10-21 05:27:58.314000
Thomas Bowers,Data Ethics,100,2024-10-21 05:27:58.314000
Thomas Bowers,Data Analysis with Pandas,100,2024-10-21 05:27:58.314000
Thomas Bowers,Data Visualization with Matplotlib,100,2024-10-21 05:27:58.314000
Thomas Bowers,Data Analysis for Business Decisions,100,2024-10-21 05:27:58.314000
Thomas Bowers,Data Cleaning & Preprocessing,100,2024-10-21 05:27:58.314000
Thomas Bowers,Blockchain Security,100,2024-10-21 05:27:58.314000
Thomas Bowers,Digital Sales Techniques,100,2024-10-21 05:27:58.314000
Thomas Bowers,Introduction to Business Analysis,100,2024-10-21 05:27:58.314000
Thomas Bowers,Natural Language Processing,100,2024-10-21 05:27:58.314000
Thomas Bowers,Conversion Rate Optimization,100,2024-10-21 05:27:58.314000
Thomas Bowers,Quality Management,100,2024-10-21 05:27:58.314000
Thomas Bowers,Personal Finance Skills,100,2024-10-21 05:27:58.314000
Thomas Bowers,Interaction Design Principles,100,2024-10-21 05:27:58.314000
Thomas Bowers,Content Promotion Strategies,100,2024-10-21 05:27:58.314000
Thomas Bowers,SEO for Content Creators,100,2024-10-21 05:27:58.314000
Alexis Ryan,Data Cleaning & Preprocessing,100,2024-10-21 05:27:58.314000
Alexis Ryan,Data Analysis with Pandas,100,2024-10-21 05:27:58.314000
Alexis Ryan,Data Analysis for Business Decisions,100,2024-10-21 05:27:58.314000
Alexis Ryan,Data Ethics,100,2024-10-21 05:27:58.314000
Alexis Ryan,Data Visualization with Matplotlib,100,2024-10-21 05:27:58.314000
Alexis Ryan,Corporate Finance Essentials,100,2024-10-21 05:27:58.314000
Alexis Ryan,Version Control with Git,100,2024-10-21 05:27:58.314000
Alexis Ryan,Introduction to Finance,100,2024-10-21 05:27:58.314000
Alexis Ryan,Cloud Support Fundamentals,100,2024-10-21 05:27:58.314000
Alexis Ryan,Android Development Basics,100,2024-10-21 05:27:58.314000
Alexis Ryan,Sales Fundamentals,100,2024-10-21 05:27:58.314000
Thomas Robertson DDS,Data Visualization with Matplotlib,100,2024-10-21 05:27:58.314000
Thomas Robertson DDS,Data Ethics,100,2024-10-21 05:27:58.314000
Thomas Robertson DDS,Data Cleaning & Preprocessing,100,2024-10-21 05:27:58.314000
Thomas Robertson DDS,Data Analysis with Pandas,100,2024-10-21 05:27:58.314000
Thomas Robertson DDS,Data Analysis for Business Decisions,100,2024-10-21 05:27:58.314000
Thomas Robertson DDS,Digital Sales Techniques,100,2024-10-21 05:27:58.314000
Thomas Robertson DDS,Presentation Skills for Business Analysts,100,2024-10-21 05:27:58.314000
Thomas Robertson DDS,Introduction to Finance,100,2024-10-21 05:27:58.314000
Thomas Robertson DDS,Web Accessibility Standards,100,2024-10-21 05:27:58.314000
Thomas Robertson DDS,Google Cloud Platform Essentials,100,2024-10-21 05:27:58.314000
Thomas Robertson DDS,HR Technology Tools,100,2024-10-21 05:27:58.314000
Thomas Robertson DDS,Cloud Security Best Practices,100,2024-10-21 05:27:58.314000
Thomas Robertson DDS,E-commerce Development Basics,100,2024-10-21 05:27:58.314000
Thomas Robertson DDS,Budgeting for Projects,100,2024-10-21 05:27:58.314000
Gina Brown,Data Cleaning & Preprocessing,100,2024-10-21 05:27:58.314000
Gina Brown,Data Analysis for Business Decisions,100,2024-10-21 05:27:58.314000
Gina Brown,Data Analysis with Pandas,100,2024-10-21 05:27:58.315000
Gina Brown,Data Visualization with Matplotlib,100,2024-10-21 05:27:58.315000
Gina Brown,Data Ethics,100,2024-10-21 05:27:58.315000
Gina Brown,Negotiation Techniques,100,2024-10-21 05:27:58.315000
Gina Brown,Risk Management in Finance,100,2024-10-21 05:27:58.315000
Gina Brown,User Interface Design for Mobile Apps,100,2024-10-21 05:27:58.315000
Gina Brown,Conflict Resolution in HR,100,2024-10-21 05:27:58.315000
Gina Brown,Hardware Repair Skills,100,2024-10-21 05:27:58.315000
Gina Brown,Social Media Content Creation,100,2024-10-21 05:27:58.315000
Joy Silva,Data Visualization with Matplotlib,100,2024-10-21 05:27:58.315000
Joy Silva,Data Analysis for Business Decisions,100,2024-10-21 05:27:58.315000
Joy Silva,Data Ethics,100,2024-10-21 05:27:58.315000
Joy Silva,Data Analysis with Pandas,100,2024-10-21 05:27:58.315000
Joy Silva,Sales Analytics,100,2024-10-21 05:27:58.315000
Joy Silva,Risk Analysis and Management,100,2024-10-21 05:27:58.315000
Joy Silva,2D Game Development,100,2024-10-21 05:27:58.315000
Joy Silva,AI in Healthcare,100,2024-10-21 05:27:58.315000
Joy Silva,Operating Systems Overview,100,2024-10-21 05:27:58.315000
Joy Silva,Responsive Design Principles,100,2024-10-21 05:27:58.315000
Victoria Garcia,Data Analysis for Business Decisions,100,2024-10-21 05:27:58.315000
Victoria Garcia,Data Ethics,100,2024-10-21 05:27:58.315000
Victoria Garcia,Data Analysis with Pandas,100,2024-10-21 05:27:58.315000
Victoria Garcia,Data Visualization with Matplotlib,100,2024-10-21 05:27:58.315000
Victoria Garcia,Content Management Systems (CMS),100,2024-10-21 05:27:58.315000
Victoria Garcia,Configuration Management with Ansible,100,2024-10-21 05:27:58.315000
Victoria Garcia,Personal Finance Skills,100,2024-10-21 05:27:58.315000
Victoria Garcia,API Integration in Mobile Apps,100,2024-10-21 05:27:58.315000
Victoria Garcia,Change Management Strategies,100,2024-10-21 05:27:58.315000
Victoria Garcia,Web Performance Optimization,100,2024-10-21 05:27:58.315000
Victoria Garcia,Deep Learning Fundamentals,100,2024-10-21 05:27:58.315000
Victoria Garcia,Unreal Engine Basics,100,2024-10-21 05:27:58.315000
Victoria Garcia,Express.js,100,2024-10-21 05:27:58.315000
Victoria Garcia,Introduction to Finance,100,2024-10-21 05:27:58.315000
Mrs. Aimee Hernandez,Data Visualization with Matplotlib,100,2024-10-21 05:27:58.315000
Mrs. Aimee Hernandez,Data Ethics,100,2024-10-21 05:27:58.315000
Mrs. Aimee Hernandez,Data Analysis with Pandas,100,2024-10-21 05:27:58.315000
Mrs. Aimee Hernandez,Data Analysis for Business Decisions,100,2024-10-21 05:27:58.315000
Mrs. Aimee Hernandez,Data Cleaning & Preprocessing,100,2024-10-21 05:27:58.315000
Mrs. Aimee Hernandez,SEO Best Practices,100,2024-10-21 05:27:58.315000
Mrs. Aimee Hernandez,Content Promotion Strategies,100,2024-10-21 05:27:58.315000
Mrs. Aimee Hernandez,Network Security Fundamentals,100,2024-10-21 05:27:58.315000
Mrs. Aimee Hernandez,Wireframing and Prototyping,100,2024-10-21 05:27:58.315000
Mrs. Aimee Hernandez,Remote Support Techniques,100,2024-10-21 05:27:58.315000
Mrs. Aimee Hernandez,Project Management Basics,100,2024-10-21 05:27:58.315000
Sherri Oliver,Data Visualization with Matplotlib,100,2024-10-21 05:27:58.315000
Sherri Oliver,Data Ethics,100,2024-10-21 05:27:58.315000
Sherri Oliver,Data Analysis for Business Decisions,100,2024-10-21 05:27:58.315000
Sherri Oliver,Data Cleaning & Preprocessing,100,2024-10-21 05:27:58.315000
Sherri Oliver,Data Analysis with Pandas,100,2024-10-21 05:27:58.315000
Sherri Oliver,Google Cloud Platform Essentials,100,2024-10-21 05:27:58.315000
Sherri Oliver,Cryptography Basics,100,2024-10-21 05:27:58.315000
Sherri Oliver,Brand Management Online,100,2024-10-21 05:27:58.315000
Sherri Oliver,Quality Management,100,2024-10-21 05:27:58.315000
Sherri Oliver,Analytics for Marketers,100,2024-10-21 05:27:58.315000
Sherri Oliver,SWOT Analysis for Business,100,2024-10-21 05:27:58.315000
Sherri Oliver,Customer Service Excellence,100,2024-10-21 05:27:58.315000
Sherri Oliver,Project Management Basics,100,2024-10-21 05:27:58.315000
Randall Jones,Data Cleaning & Preprocessing,100,2024-10-21 05:27:58.315000
Randall Jones,Data Visualization with Matplotlib,100,2024-10-21 05:27:58.315000
Randall Jones,Data Analysis with Pandas,100,2024-10-21 05:27:58.315000
Randall Jones,Data Ethics,100,2024-10-21 05:27:58.315000
Randall Jones,Data Analysis for Business Decisions,100,2024-10-21 05:27:58.315000
Randall Jones,Python for Data Science,100,2024-10-21 05:27:58.315000
Randall Jones,SEO Fundamentals,100,2024-10-21 05:27:58.315000
Randall Jones,Email Marketing Basics,100,2024-10-21 05:27:58.315000
Randall Jones,Closing Sales Strategies,100,2024-10-21 05:27:58.315000
Randall Jones,Security Awareness for IT Support,100,2024-10-21 05:27:58.315000
Randall Jones,Malware Analysis,100,2024-10-21 05:27:58.315000
Randall Jones,Editing and Proofreading Techniques,100,2024-10-21 05:27:58.315000
Randall Jones,Cryptocurrency Fundamentals,100,2024-10-21 05:27:58.315000
Randall Jones,Understanding Consumer Behavior,100,2024-10-21 05:27:58.315000
Kevin Stephenson,Data Analysis for Business Decisions,100,2024-10-21 05:27:58.315000
Kevin Stephenson,Data Analysis with Pandas,100,2024-10-21 05:27:58.315000
Kevin Stephenson,Data Ethics,100,2024-10-21 05:27:58.315000
Kevin Stephenson,Data Cleaning & Preprocessing,100,2024-10-21 05:27:58.315000
Kevin Stephenson,Data Visualization with Matplotlib,100,2024-10-21 05:27:58.315000
Kevin Stephenson,Performance Management Systems,100,2024-10-21 05:27:58.315000
Kevin Stephenson,Labor Laws and Compliance,100,2024-10-21 05:27:58.315000
Kevin Stephenson,MongoDB,100,2024-10-21 05:27:58.315000
Kevin Stephenson,Understanding Consumer Behavior,100,2024-10-21 05:27:58.315000
Kevin Stephenson,User Research Techniques,100,2024-10-21 05:27:58.315000
Kevin Stephenson,Visual Design Basics,100,2024-10-21 05:27:58.315000
Kevin Stephenson,JavaScript Basics,100,2024-10-21 05:27:58.315000
Sarah Wagner,Data Ethics,100,2024-10-21 05:27:58.315000
Sarah Wagner,Data Analysis for Business Decisions,100,2024-10-21 05:27:58.315000
Sarah Wagner,Data Visualization with Matplotlib,100,2024-10-21 05:27:58.315000
Sarah Wagner,Data Analysis with Pandas,100,2024-10-21 05:27:58.315000
Sarah Wagner,Data Cleaning & Preprocessing,100,2024-10-21 05:27:58.315000
Sarah Wagner,Personal Finance Skills,100,2024-10-21 05:27:58.315000
Sarah Wagner,Ethical Hacking Basics,100,2024-10-21 05:27:58.315000
Sarah Wagner,Budgeting for Projects,100,2024-10-21 05:27:58.315000
Sarah Wagner,Budgeting Basics,100,2024-10-21 05:27:58.315000
Sarah Wagner,Video Production Basics,100,2024-10-21 05:27:58.315000
Sarah Wagner,Git & GitHub,100,2024-10-21 05:27:58.315000
Sarah Wagner,Project Scheduling Techniques,100,2024-10-21 05:27:58.315000
Hunter Hall,Data Analysis with Pandas,100,2024-10-21 05:27:58.315000
Hunter Hall,Data Visualization with Matplotlib,100,2024-10-21 05:27:58.315000
Hunter Hall,Data Analysis for Business Decisions,100,2024-10-21 05:27:58.315000
Hunter Hall,Data Cleaning & Preprocessing,100,2024-10-21 05:27:58.315000
Hunter Hall,Data Ethics,100,2024-10-21 05:27:58.315000
Hunter Hall,iOS Development Basics,100,2024-10-21 05:27:58.315000
Hunter Hall,Natural Language Processing Techniques,100,2024-10-21 05:27:58.315000
Hunter Hall,Deep Learning with TensorFlow,100,2024-10-21 05:27:58.315000
Hunter Hall,Understanding Financial Markets,100,2024-10-21 05:27:58.315000
Hunter Hall,Google Cloud Platform Essentials,100,2024-10-21 05:27:58.315000
Hunter Hall,Introduction to IT Support,100,2024-10-21 05:27:58.315000
Hunter Hall,Email Marketing Basics,100,2024-10-21 05:27:58.315000
Hunter Hall,Ethical Hacking Basics,100,2024-10-21 05:27:58.315000
Hunter Hall,Performance Management Systems,100,2024-10-21 05:27:58.315000
Hunter Hall,User Interface Design for Mobile Apps,100,2024-10-21 05:27:58.315000
Megan Richardson,Data Analysis with Pandas,100,2024-10-21 05:27:58.315000
Megan Richardson,Data Analysis for Business Decisions,100,2024-10-21 05:27:58.315000
Megan Richardson,Data Visualization with Matplotlib,100,2024-10-21 05:27:58.315000
Megan Richardson,Data Cleaning & Preprocessing,100,2024-10-21 05:27:58.315000
Megan Richardson,Data Ethics,100,2024-10-21 05:27:58.315000
Megan Richardson,Financial Analysis Techniques,100,2024-10-21 05:27:58.315000
Megan Richardson,Talent Acquisition Strategies,100,2024-10-21 05:27:58.315000
Megan Richardson,Container Orchestration with Kubernetes,100,2024-10-21 05:27:58.315000
Megan Richardson,Version Control with Git,100,2024-10-21 05:27:58.315000
Megan Richardson,Big Data with Spark,100,2024-10-21 05:27:58.315000
Megan Richardson,Digital Sales Techniques,100,2024-10-21 05:27:58.315000
Megan Richardson,Security in Cloud Computing,100,2024-10-21 05:27:58.315000
Megan Richardson,Email Marketing Basics,100,2024-10-21 05:27:58.315000
Megan Richardson,Project Management Tools Overview,100,2024-10-21 05:27:58.315000
Megan Richardson,Conflict Resolution in HR,100,2024-10-21 05:27:58.315000
Judy Jefferson,Data Visualization with Matplotlib,100,2024-10-21 05:27:58.315000
Judy Jefferson,Data Cleaning & Preprocessing,100,2024-10-21 05:27:58.315000
Judy Jefferson,Data Analysis for Business Decisions,100,2024-10-21 05:27:58.315000
Judy Jefferson,Data Ethics,100,2024-10-21 05:27:58.315000
Judy Jefferson,Data Analysis with Pandas,100,2024-10-21 05:27:58.315000
Judy Jefferson,Unsupervised Learning,100,2024-10-21 05:27:58.315000
Judy Jefferson,iOS Development Basics,100,2024-10-21 05:27:58.315000
Judy Jefferson,Visual Design Basics,100,2024-10-21 05:27:58.315000
Judy Jefferson,SWOT Analysis for Business,100,2024-10-21 05:27:58.315000
Judy Jefferson,Conflict Resolution in HR,100,2024-10-21 05:27:58.315000
Judy Jefferson,Introduction to Blockchain,100,2024-10-21 05:27:58.315000
Judy Jefferson,Time Management for Sales,100,2024-10-21 05:27:58.315000
Judy Jefferson,Requirements Gathering Techniques,100,2024-10-21 05:27:58.315000
Judy Jefferson,AWS Fundamentals,100,2024-10-21 05:27:58.315000
Judy Jefferson,Networking Basics,100,2024-10-21 05:27:58.315000
Joseph Jones,Data Cleaning & Preprocessing,100,2024-10-21 05:27:58.315000
Joseph Jones,Data Ethics,100,2024-10-21 05:27:58.315000
Joseph Jones,Data Visualization with Matplotlib,100,2024-10-21 05:27:58.315000
Joseph Jones,Data Analysis with Pandas,100,2024-10-21 05:27:58.315000
Joseph Jones,Data Analysis for Business Decisions,100,2024-10-21 05:27:58.315000
Joseph Jones,Training and Development,100,2024-10-21 05:27:58.315000
Joseph Jones,Ethics in AI,100,2024-10-21 05:27:58.315000
Joseph Jones,Unreal Engine Basics,100,2024-10-21 05:27:58.315000
Joseph Jones,Change Management,100,2024-10-21 05:27:58.315000
Joseph Jones,Brand Management Online,100,2024-10-21 05:27:58.315000
Joseph Jones,Time Management for Sales,100,2024-10-21 05:27:58.315000
Joseph Jones,Content Strategy Development,100,2024-10-21 05:27:58.315000
Joseph Jones,Email Marketing Basics,100,2024-10-21 05:27:58.315000
Joseph Jones,Graphic Design Basics for Content,100,2024-10-21 05:27:58.315000
Donna Coleman,Data Analysis for Business Decisions,100,2024-10-21 05:27:58.315000
Donna Coleman,Data Cleaning & Preprocessing,100,2024-10-21 05:27:58.315000
Donna Coleman,Data Ethics,100,2024-10-21 05:27:58.315000
Donna Coleman,Data Visualization with Matplotlib,100,2024-10-21 05:27:58.315000
Donna Coleman,Data Analysis with Pandas,100,2024-10-21 05:27:58.315000
Donna Coleman,Model Evaluation,100,2024-10-21 05:27:58.315000
Donna Coleman,Agile Project Management,100,2024-10-21 05:27:58.315000
Donna Coleman,Container Orchestration with Kubernetes,100,2024-10-21 05:27:58.315000
Donna Coleman,Computer Vision Applications,100,2024-10-21 05:27:58.315000
Donna Coleman,Investing Fundamentals,100,2024-10-21 05:27:58.315000
Betty Sanchez,Data Visualization with Matplotlib,100,2024-10-21 05:27:58.316000
Betty Sanchez,Data Ethics,100,2024-10-21 05:27:58.316000
Betty Sanchez,Data Cleaning & Preprocessing,100,2024-10-21 05:27:58.316000
Betty Sanchez,Data Analysis with Pandas,100,2024-10-21 05:27:58.316000
Betty Sanchez,Data Analysis for Business Decisions,100,2024-10-21 05:27:58.316000
Betty Sanchez,SEO Best Practices,100,2024-10-21 05:27:58.316000
Betty Sanchez,Mobile Testing Strategies,100,2024-10-21 05:27:58.316000
Betty Sanchez,Introduction to Finance,100,2024-10-21 05:27:58.316000
Betty Sanchez,Supervised Learning,100,2024-10-21 05:27:58.316000
Betty Sanchez,Google Ads Fundamentals,100,2024-10-21 05:27:58.316000
Betty Sanchez,API Development,100,2024-10-21 05:27:58.316000
Betty Sanchez,2D Game Development,100,2024-10-21 05:27:58.316000
Betty Sanchez,Presentation Skills for Sales,100,2024-10-21 05:27:58.316000
Betty Sanchez,Financial Reporting Standards,100,2024-10-21 05:27:58.316000
Anna Burnett,Data Ethics,100,2024-10-21 05:27:58.316000
Anna Burnett,Data Analysis with Pandas,100,2024-10-21 05:27:58.316000
Anna Burnett,Data Analysis for Business Decisions,100,2024-10-21 05:27:58.316000
Anna Burnett,Data Visualization with Matplotlib,100,2024-10-21 05:27:58.316000
Anna Burnett,Data Cleaning & Preprocessing,100,2024-10-21 05:27:58.316000
Anna Burnett,Introduction to UI/UX Design,100,2024-10-21 05:27:58.316000
Anna Burnett,Introduction to Business Analysis,100,2024-10-21 05:27:58.316000
Anna Burnett,Quality Management,100,2024-10-21 05:27:58.316000
Anna Burnett,Understanding Consumer Behavior,100,2024-10-21 05:27:58.316000
Anna Burnett,Containerization with Docker,100,2024-10-21 05:27:58.316000
Anna Burnett,Cloud Security Best Practices,100,2024-10-21 05:27:58.316000
Anna Burnett,Introduction to Blockchain,100,2024-10-21 05:27:58.316000
Craig Campbell,Data Ethics,100,2024-10-21 05:27:58.316000
Craig Campbell,Data Analysis for Business Decisions,100,2024-10-21 05:27:58.316000
Craig Campbell,Data Analysis with Pandas,100,2024-10-21 05:27:58.316000
Craig Campbell,Data Cleaning & Preprocessing,100,2024-10-21 05:27:58.316000
Craig Campbell,Data Visualization with Matplotlib,100,2024-10-21 05:27:58.316000
Craig Campbell,Hyperledger Basics,100,2024-10-21 05:27:58.316000
Craig Campbell,Business Process Modeling,100,2024-10-21 05:27:58.316000
Craig Campbell,Unity Basics,100,2024-10-21 05:27:58.316000
Craig Campbell,Python for Data Science,100,2024-10-21 05:27:58.316000
Craig Campbell,Introduction to Game Development,100,2024-10-21 05:27:58.316000
Craig Campbell,Introduction to Blockchain,100,2024-10-21 05:27:58.316000
Craig Campbell,Configuration Management with Ansible,100,2024-10-21 05:27:58.316000
Craig Campbell,Security in Cloud Computing,100,2024-10-21 05:27:58.316000
Craig Campbell,Web Accessibility Standards,100,2024-10-21 05:27:58.316000
Craig Campbell,Security Awareness for IT Support,100,2024-10-21 05:27:58.316000
Gabriel Jacobson,Data Analysis for Business Decisions,100,2024-10-21 05:27:58.316000
Gabriel Jacobson,Data Cleaning & Preprocessing,100,2024-10-21 05:27:58.316000
Gabriel Jacobson,Data Visualization with Matplotlib,100,2024-10-21 05:27:58.316000
Gabriel Jacobson,Data Ethics,100,2024-10-21 05:27:58.316000
Gabriel Jacobson,Data Analysis with Pandas,100,2024-10-21 05:27:58.316000
Gabriel Jacobson,Reinforcement Learning,100,2024-10-21 05:27:58.316000
Gabriel Jacobson,Automating Cloud Deployments,100,2024-10-21 05:27:58.316000
Gabriel Jacobson,Closing Sales Strategies,100,2024-10-21 05:27:58.316000
Gabriel Jacobson,Cloud Support Fundamentals,100,2024-10-21 05:27:58.316000
Gabriel Jacobson,Corporate Finance Essentials,100,2024-10-21 05:27:58.316000
Gabriel Jacobson,Ethics in AI,100,2024-10-21 05:27:58.316000
Gabriel Jacobson,Cloud Cost Management,100,2024-10-21 05:27:58.316000
Gabriel Jacobson,Introduction to Game Development,100,2024-10-21 05:27:58.316000
Gabriel Jacobson,RESTful Services,100,2024-10-21 05:27:58.316000
Gabriel Jacobson,HR Analytics,100,2024-10-21 05:27:58.316000
Melissa Weeks,Data Ethics,100,2024-10-21 05:27:58.316000
Melissa Weeks,Data Visualization with Matplotlib,100,2024-10-21 05:27:58.316000
Melissa Weeks,Data Cleaning & Preprocessing,100,2024-10-21 05:27:58.316000
Melissa Weeks,Data Analysis with Pandas,100,2024-10-21 05:27:58.316000
Melissa Weeks,Data Analysis for Business Decisions,100,2024-10-21 05:27:58.316000
Melissa Weeks,Natural Language Processing,100,2024-10-21 05:27:58.316000
Melissa Weeks,Ethics in AI,100,2024-10-21 05:27:58.316000
Melissa Weeks,Visual Design Basics,100,2024-10-21 05:27:58.316000
Melissa Weeks,Computer Vision Applications,100,2024-10-21 05:27:58.316000
Melissa Weeks,Machine Learning Basics,100,2024-10-21 05:27:58.316000
Melissa Weeks,Publishing Mobile Apps,100,2024-10-21 05:27:58.316000
Melissa Weeks,Consensus Algorithms,100,2024-10-21 05:27:58.316000
Melissa Weeks,Time Management for Sales,100,2024-10-21 05:27:58.316000
Richard Armstrong,Data Visualization with Matplotlib,100,2024-10-21 05:27:58.316000
Richard Armstrong,Data Cleaning & Preprocessing,100,2024-10-21 05:27:58.316000
Richard Armstrong,Data Analysis with Pandas,100,2024-10-21 05:27:58.316000
Richard Armstrong,Data Ethics,100,2024-10-21 05:27:58.316000
Richard Armstrong,Data Analysis for Business Decisions,100,2024-10-21 05:27:58.316000
Richard Armstrong,Introduction to IT Support,100,2024-10-21 05:27:58.316000
Richard Armstrong,Deep Learning with TensorFlow,100,2024-10-21 05:27:58.316000
Richard Armstrong,Blockchain Use Cases,100,2024-10-21 05:27:58.316000
Richard Armstrong,Infrastructure as Code,100,2024-10-21 05:27:58.316000
Richard Armstrong,Machine Learning Basics,100,2024-10-21 05:27:58.316000
Michael Hernandez,Data Analysis with Pandas,100,2024-10-21 05:27:58.316000
Michael Hernandez,Data Analysis for Business Decisions,100,2024-10-21 05:27:58.316000
Michael Hernandez,Data Ethics,100,2024-10-21 05:27:58.316000
Michael Hernandez,Data Cleaning & Preprocessing,100,2024-10-21 05:27:58.316000
Michael Hernandez,Data Visualization with Matplotlib,100,2024-10-21 05:27:58.316000
Michael Hernandez,Natural Language Processing Techniques,100,2024-10-21 05:27:58.316000
Michael Hernandez,Continuous Integration and Delivery,100,2024-10-21 05:27:58.316000
Michael Hernandez,Unreal Engine Basics,100,2024-10-21 05:27:58.316000
Michael Hernandez,Progressive Web Apps (PWAs),100,2024-10-21 05:27:58.316000
Michael Hernandez,Agile Methodologies,100,2024-10-21 05:27:58.316000
Michael Hernandez,Introduction to AI,100,2024-10-21 05:27:58.316000
Michael Hernandez,HR Analytics,100,2024-10-21 05:27:58.316000
Michael Hernandez,3D Game Development,100,2024-10-21 05:27:58.316000
Michael Hernandez,Unsupervised Learning,100,2024-10-21 05:27:58.316000
Michael Hernandez,HR Technology Tools,100,2024-10-21 05:27:58.316000
Amy Stanton,Data Visualization with Matplotlib,100,2024-10-21 05:27:58.316000
Amy Stanton,Data Analysis for Business Decisions,100,2024-10-21 05:27:58.316000
Amy Stanton,Data Cleaning & Preprocessing,100,2024-10-21 05:27:58.316000
Amy Stanton,Data Ethics,100,2024-10-21 05:27:58.316000
Amy Stanton,Data Analysis with Pandas,100,2024-10-21 05:27:58.316000
Amy Stanton,Financial Reporting Standards,100,2024-10-21 05:27:58.316000
Amy Stanton,Azure Basics,100,2024-10-21 05:27:58.316000
Amy Stanton,Social Media Content Creation,100,2024-10-21 05:27:58.316000
Amy Stanton,Negotiation Techniques,100,2024-10-21 05:27:58.316000
Amy Stanton,Publishing Mobile Apps,100,2024-10-21 05:27:58.316000
Michelle Moore,Data Ethics,100,2024-10-21 05:27:58.316000
Michelle Moore,Data Visualization with Matplotlib,100,2024-10-21 05:27:58.316000
Michelle Moore,Data Cleaning & Preprocessing,100,2024-10-21 05:27:58.316000
Michelle Moore,Data Analysis for Business Decisions,100,2024-10-21 05:27:58.316000
Michelle Moore,Data Analysis with Pandas,100,2024-10-21 05:27:58.316000
Michelle Moore,AWS Fundamentals,100,2024-10-21 05:27:58.316000
Michelle Moore,Computer Vision Basics,100,2024-10-21 05:27:58.316000
Michelle Moore,MongoDB,100,2024-10-21 05:27:58.316000
Michelle Moore,Natural Language Processing Techniques,100,2024-10-21 05:27:58.316000
Michelle Moore,Continuous Integration and Delivery,100,2024-10-21 05:27:58.316000
Michelle Moore,Introduction to Business Analysis,100,2024-10-21 05:27:58.316000
Michelle Moore,Cloud Cost Management,100,2024-10-21 05:27:58.316000
Pedro Martinez,Data Ethics,100,2024-10-21 05:27:58.316000
Pedro Martinez,Data Analysis with Pandas,100,2024-10-21 05:27:58.316000
Pedro Martinez,Data Cleaning & Preprocessing,100,2024-10-21 05:27:58.316000
Pedro Martinez,Data Analysis for Business Decisions,100,2024-10-21 05:27:58.316000
Pedro Martinez,Responsive Design Principles,100,2024-10-21 05:27:58.316000
Pedro Martinez,Introduction to Machine Learning,100,2024-10-21 05:27:58.316000
Pedro Martinez,Customer Service Excellence,100,2024-10-21 05:27:58.316000
Pedro Martinez,Google Cloud Platform Essentials,100,2024-10-21 05:27:58.316000
Pedro Martinez,Unity Basics,100,2024-10-21 05:27:58.316000
Pedro Martinez,Training and Development,100,2024-10-21 05:27:58.316000
Pedro Martinez,Introduction to DevOps,100,2024-10-21 05:27:58.316000
Pedro Martinez,Building Customer Relationships,100,2024-10-21 05:27:58.316000
Pedro Martinez,Content Management Systems (CMS),100,2024-10-21 05:27:58.316000
Joshua Carter,Data Visualization with Matplotlib,100,2024-10-21 05:27:58.316000
Joshua Carter,Data Cleaning & Preprocessing,100,2024-10-21 05:27:58.316000
Joshua Carter,Data Ethics,100,2024-10-21 05:27:58.316000
Joshua Carter,Data Analysis for Business Decisions,100,2024-10-21 05:27:58.316000
Joshua Carter,Data Analysis with Pandas,100,2024-10-21 05:27:58.316000
Joshua Carter,Introduction to Game Development,100,2024-10-21 05:27:58.316000
Joshua Carter,Natural Language Processing,100,2024-10-21 05:27:58.316000
Joshua Carter,Sales Analytics,100,2024-10-21 05:27:58.316000
Joshua Carter,Introduction to Content Creation,100,2024-10-21 05:27:58.316000
Joshua Carter,Statistical Analysis,100,2024-10-21 05:27:58.316000
Joshua Carter,Business Process Modeling,100,2024-10-21 05:27:58.316000
Joshua Carter,Communication Skills for Project Managers,100,2024-10-21 05:27:58.316000
Joshua Carter,Financial Analysis Techniques,100,2024-10-21 05:27:58.316000
Jay Cunningham,Data Ethics,100,2024-10-21 05:27:58.316000
Jay Cunningham,Data Analysis with Pandas,100,2024-10-21 05:27:58.316000
Jay Cunningham,Data Cleaning & Preprocessing,100,2024-10-21 05:27:58.316000
Jay Cunningham,Data Analysis for Business Decisions,100,2024-10-21 05:27:58.316000
Jay Cunningham,Data Visualization with Matplotlib,100,2024-10-21 05:27:58.316000
Jay Cunningham,Content Promotion Strategies,100,2024-10-21 05:27:58.316000
Jay Cunningham,Natural Language Processing Techniques,100,2024-10-21 05:27:58.316000
Jay Cunningham,Game Monetization Strategies,100,2024-10-21 05:27:58.316000
Jay Cunningham,Speech Recognition Technologies,100,2024-10-21 05:27:58.316000
Jay Cunningham,Responsive Web Design,100,2024-10-21 05:27:58.316000
Jay Cunningham,Unsupervised Learning,100,2024-10-21 05:27:58.316000
Jay Cunningham,Azure Basics,100,2024-10-21 05:27:58.316000
Joel Williams,Data Analysis for Business Decisions,100,2024-10-21 05:27:58.316000
Joel Williams,Data Cleaning & Preprocessing,100,2024-10-21 05:27:58.316000
Joel Williams,Data Analysis with Pandas,100,2024-10-21 05:27:58.316000
Joel Williams,Data Visualization with Matplotlib,100,2024-10-21 05:27:58.316000
Joel Williams,Data Ethics,100,2024-10-21 05:27:58.316000
Joel Williams,Ethical Hacking Basics,100,2024-10-21 05:27:58.316000
Joel Williams,SWOT Analysis for Business,100,2024-10-21 05:27:58.316000
Joel Williams,Introduction to Game Development,100,2024-10-21 05:27:58.316000
Joel Williams,Requirements Gathering Techniques,100,2024-10-21 05:27:58.316000
Joel Williams,Statistical Analysis,100,2024-10-21 05:27:58.316000
Joel Williams,Business Case Development,100,2024-10-21 05:27:58.316000
Joel Williams,Brand Management Online,100,2024-10-21 05:27:58.316000
Joel Williams,Container Orchestration with Kubernetes,100,2024-10-21 05:27:58.317000
Robert Weber,Data Cleaning & Preprocessing,100,2024-10-21 05:27:58.317000
Robert Weber,Data Analysis for Business Decisions,100,2024-10-21 05:27:58.317000
Robert Weber,Data Visualization with Matplotlib,100,2024-10-21 05:27:58.317000
Robert Weber,Data Analysis with Pandas,100,2024-10-21 05:27:58.317000
Robert Weber,Data Ethics,100,2024-10-21 05:27:58.317000
Robert Weber,Cryptography Basics,100,2024-10-21 05:27:58.317000
Robert Weber,Deep Learning Fundamentals,100,2024-10-21 05:27:58.317000
Robert Weber,Affiliate Marketing,100,2024-10-21 05:27:58.317000
Robert Weber,Progressive Web Apps (PWAs),100,2024-10-21 05:27:58.317000
Robert Weber,Conflict Resolution in HR,100,2024-10-21 05:27:58.317000
Robert Weber,Project Management Basics,100,2024-10-21 05:27:58.317000
Robert Weber,Hyperledger Basics,100,2024-10-21 05:27:58.317000
Robert Weber,Introduction to Blockchain,100,2024-10-21 05:27:58.317000
Robert Weber,Risk Management in Cybersecurity,100,2024-10-21 05:27:58.317000
Robert Weber,Blockchain Use Cases,100,2024-10-21 05:27:58.317000
Timothy Rose,Data Visualization with Matplotlib,100,2024-10-21 05:27:58.317000
Timothy Rose,Data Ethics,100,2024-10-21 05:27:58.317000
Timothy Rose,Data Cleaning & Preprocessing,100,2024-10-21 05:27:58.317000
Timothy Rose,Data Analysis with Pandas,100,2024-10-21 05:27:58.317000
Timothy Rose,Data Analysis for Business Decisions,100,2024-10-21 05:27:58.317000
Timothy Rose,Reinforcement Learning,100,2024-10-21 05:27:58.317000
Timothy Rose,Influencer Marketing,100,2024-10-21 05:27:58.317000
Timothy Rose,Understanding Consumer Behavior,100,2024-10-21 05:27:58.317000
Timothy Rose,Introduction to Human Resources,100,2024-10-21 05:27:58.317000
Timothy Rose,Computer Vision Basics,100,2024-10-21 05:27:58.317000
Timothy Rose,Cloud Security Best Practices,100,2024-10-21 05:27:58.317000
Timothy Rose,Backend Development Fundamentals,100,2024-10-21 05:27:58.317000
Timothy Rose,Introduction to Content Creation,100,2024-10-21 05:27:58.317000
Charles Noble,Data Ethics,100,2024-10-21 05:27:58.317000
Charles Noble,Data Analysis with Pandas,100,2024-10-21 05:27:58.317000
Charles Noble,Data Analysis for Business Decisions,100,2024-10-21 05:27:58.317000
Charles Noble,Data Visualization with Matplotlib,100,2024-10-21 05:27:58.317000
Charles Noble,Data Cleaning & Preprocessing,100,2024-10-21 05:27:58.317000
Charles Noble,Performance Optimization for Mobile Apps,100,2024-10-21 05:27:58.317000
Charles Noble,MongoDB,100,2024-10-21 05:27:58.317000
Charles Noble,HR Technology Tools,100,2024-10-21 05:27:58.317000
Charles Noble,3D Game Development,100,2024-10-21 05:27:58.317000
Charles Noble,Automating Cloud Deployments,100,2024-10-21 05:27:58.317000
Alicia Burch,Data Ethics,100,2024-10-21 05:27:58.317000
Alicia Burch,Data Analysis with Pandas,100,2024-10-21 05:27:58.317000
Alicia Burch,Data Visualization with Matplotlib,100,2024-10-21 05:27:58.317000
Alicia Burch,Data Analysis for Business Decisions,100,2024-10-21 05:27:58.317000
Alicia Burch,Data Cleaning & Preprocessing,100,2024-10-21 05:27:58.317000
Alicia Burch,Automating Cloud Deployments,100,2024-10-21 05:27:58.317000
Alicia Burch,Editing and Proofreading Techniques,100,2024-10-21 05:27:58.317000
Alicia Burch,Building Customer Relationships,100,2024-10-21 05:27:58.317000
Alicia Burch,Influencer Marketing,100,2024-10-21 05:27:58.317000
Alicia Burch,MongoDB,100,2024-10-21 05:27:58.317000
Alicia Burch,Stakeholder Analysis,100,2024-10-21 05:27:58.317000
Alicia Burch,Risk Management in Cybersecurity,100,2024-10-21 05:27:58.317000
Alicia Burch,Multiplayer Game Development,100,2024-10-21 05:27:58.317000
Alicia Burch,Unreal Engine Basics,100,2024-10-21 05:27:58.317000
Alicia Burch,Introduction to Business Analysis,100,2024-10-21 05:27:58.317000
Brian Gilbert,Data Cleaning & Preprocessing,100,2024-10-21 05:27:58.317000
Brian Gilbert,Data Visualization with Matplotlib,100,2024-10-21 05:27:58.317000
Brian Gilbert,Data Analysis with Pandas,100,2024-10-21 05:27:58.317000
Brian Gilbert,Data Analysis for Business Decisions,100,2024-10-21 05:27:58.317000
Brian Gilbert,Data Ethics,100,2024-10-21 05:27:58.317000
Brian Gilbert,Usability Testing,100,2024-10-21 05:27:58.317000
Brian Gilbert,Budgeting Basics,100,2024-10-21 05:27:58.317000
Brian Gilbert,Natural Language Processing Techniques,100,2024-10-21 05:27:58.317000
Brian Gilbert,Talent Acquisition Strategies,100,2024-10-21 05:27:58.317000
Brian Gilbert,Brand Management Online,100,2024-10-21 05:27:58.317000
Brian Gilbert,Penetration Testing,100,2024-10-21 05:27:58.317000
Kelly Johnson,Data Analysis with Pandas,100,2024-10-21 05:27:58.317000
Kelly Johnson,Data Cleaning & Preprocessing,100,2024-10-21 05:27:58.317000
Kelly Johnson,Data Ethics,100,2024-10-21 05:27:58.317000
Kelly Johnson,Data Analysis for Business Decisions,100,2024-10-21 05:27:58.317000
Kelly Johnson,Data Visualization with Matplotlib,100,2024-10-21 05:27:58.317000
Kelly Johnson,Cloud Security Best Practices,100,2024-10-21 05:27:58.317000
Kelly Johnson,RESTful Services,100,2024-10-21 05:27:58.317000
Kelly Johnson,HR Analytics,100,2024-10-21 05:27:58.317000
Kelly Johnson,Remote Support Techniques,100,2024-10-21 05:27:58.317000
Kelly Johnson,Game Design Principles,100,2024-10-21 05:27:58.317000
Kelly Johnson,Sales Fundamentals,100,2024-10-21 05:27:58.317000
Kelly Johnson,Python for Data Science,100,2024-10-21 05:27:58.317000
Blake Glass,Data Ethics,100,2024-10-21 05:27:58.317000
Blake Glass,Data Visualization with Matplotlib,100,2024-10-21 05:27:58.317000
Blake Glass,Data Cleaning & Preprocessing,100,2024-10-21 05:27:58.317000
Blake Glass,Data Analysis with Pandas,100,2024-10-21 05:27:58.317000
Blake Glass,Data Analysis for Business Decisions,100,2024-10-21 05:27:58.317000
Blake Glass,JavaScript Frameworks Overview,100,2024-10-21 05:27:58.317000
Blake Glass,Automating Cloud Deployments,100,2024-10-21 05:27:58.317000
Blake Glass,Configuration Management with Ansible,100,2024-10-21 05:27:58.317000
Blake Glass,SEO Best Practices,100,2024-10-21 05:27:58.317000
Blake Glass,ITIL Foundations,100,2024-10-21 05:27:58.317000
Blake Glass,Customer Service Skills for IT,100,2024-10-21 05:27:58.317000
Blake Glass,Understanding Financial Markets,100,2024-10-21 05:27:58.317000
Blake Glass,Incident Response,100,2024-10-21 05:27:58.317000
John Anderson,Data Analysis for Business Decisions,100,2024-10-21 05:27:58.317000
John Anderson,Data Cleaning & Preprocessing,100,2024-10-21 05:27:58.317000
John Anderson,Data Visualization with Matplotlib,100,2024-10-21 05:27:58.317000
John Anderson,Data Ethics,100,2024-10-21 05:27:58.317000
John Anderson,Data Analysis with Pandas,100,2024-10-21 05:27:58.317000
John Anderson,Publishing Mobile Apps,100,2024-10-21 05:27:58.317000
John Anderson,JavaScript Basics,100,2024-10-21 05:27:58.317000
John Anderson,Statistical Analysis,100,2024-10-21 05:27:58.317000
John Anderson,Talent Acquisition Strategies,100,2024-10-21 05:27:58.317000
John Anderson,Sales Fundamentals,100,2024-10-21 05:27:58.317000
John Anderson,Infrastructure as Code,100,2024-10-21 05:27:58.317000
John Anderson,HR Technology Tools,100,2024-10-21 05:27:58.317000
Katherine Davis,Data Ethics,100,2024-10-21 05:27:58.317000
Katherine Davis,Data Visualization with Matplotlib,100,2024-10-21 05:27:58.317000
Katherine Davis,Data Analysis for Business Decisions,100,2024-10-21 05:27:58.317000
Katherine Davis,Data Cleaning & Preprocessing,100,2024-10-21 05:27:58.317000
Katherine Davis,Data Analysis with Pandas,100,2024-10-21 05:27:58.317000
Katherine Davis,Sales Analytics,100,2024-10-21 05:27:58.317000
Katherine Davis,Financial Reporting Standards,100,2024-10-21 05:27:58.317000
Katherine Davis,Change Management Strategies,100,2024-10-21 05:27:58.317000
Katherine Davis,Mobile Testing Strategies,100,2024-10-21 05:27:58.317000
Katherine Davis,Introduction to Game Development,100,2024-10-21 05:27:58.317000
Katherine Davis,2D Game Development,100,2024-10-21 05:27:58.317000
Katherine Davis,User Research Techniques,100,2024-10-21 05:27:58.317000
Katherine Davis,Configuration Management with Ansible,100,2024-10-21 05:27:58.317000
Katherine Davis,Project Scheduling Techniques,100,2024-10-21 05:27:58.317000
Katherine Davis,Container Orchestration with Kubernetes,100,2024-10-21 05:27:58.317000
Nathaniel Walker,Data Ethics,100,2024-10-21 05:27:58.317000
Nathaniel Walker,Data Visualization with Matplotlib,100,2024-10-21 05:27:58.317000
Nathaniel Walker,Data Cleaning & Preprocessing,100,2024-10-21 05:27:58.317000
Nathaniel Walker,Data Analysis for Business Decisions,100,2024-10-21 05:27:58.317000
Nathaniel Walker,Data Analysis with Pandas,100,2024-10-21 05:27:58.317000
Nathaniel Walker,Labor Laws and Compliance,100,2024-10-21 05:27:58.317000
Nathaniel Walker,Budgeting Basics,100,2024-10-21 05:27:58.317000
Nathaniel Walker,Content Strategy Development,100,2024-10-21 05:27:58.317000
Nathaniel Walker,Tokenomics,100,2024-10-21 05:27:58.317000
Nathaniel Walker,2D Game Development,100,2024-10-21 05:27:58.317000
Michael Ortiz,Data Visualization with Matplotlib,100,2024-10-21 05:27:58.317000
Michael Ortiz,Data Analysis for Business Decisions,100,2024-10-21 05:27:58.317000
Michael Ortiz,Data Cleaning & Preprocessing,100,2024-10-21 05:27:58.317000
Michael Ortiz,Data Ethics,100,2024-10-21 05:27:58.317000
Michael Ortiz,Data Analysis with Pandas,100,2024-10-21 05:27:58.317000
Michael Ortiz,SEO Best Practices,100,2024-10-21 05:27:58.317000
Michael Ortiz,Publishing Mobile Apps,100,2024-10-21 05:27:58.317000
Michael Ortiz,Statistical Analysis,100,2024-10-21 05:27:58.317000
Michael Ortiz,Node.js,100,2024-10-21 05:27:58.317000
Michael Ortiz,Troubleshooting Techniques,100,2024-10-21 05:27:58.317000
Michael Ortiz,Blogging for Beginners,100,2024-10-21 05:27:58.317000
Michael Ortiz,Introduction to Game Development,100,2024-10-21 05:27:58.317000
Michael Ortiz,Business Process Modeling,100,2024-10-21 05:27:58.317000
Erin Webb,Data Visualization with Matplotlib,100,2024-10-21 05:27:58.317000
Erin Webb,Data Cleaning & Preprocessing,100,2024-10-21 05:27:58.317000
Erin Webb,Data Analysis for Business Decisions,100,2024-10-21 05:27:58.317000
Erin Webb,Data Ethics,100,2024-10-21 05:27:58.317000
Erin Webb,Data Analysis with Pandas,100,2024-10-21 05:27:58.317000
Erin Webb,Usability Testing,100,2024-10-21 05:27:58.317000
Erin Webb,Mobile App Design,100,2024-10-21 05:27:58.317000
Erin Webb,Podcasting Fundamentals,100,2024-10-21 05:27:58.317000
Erin Webb,Reinforcement Learning Techniques,100,2024-10-21 05:27:58.317000
Erin Webb,Cryptocurrency Fundamentals,100,2024-10-21 05:27:58.317000
Erin Webb,AI in IoT,100,2024-10-21 05:27:58.317000
Erin Webb,Unsupervised Learning,100,2024-10-21 05:27:58.317000
Erin Webb,Network Security Fundamentals,100,2024-10-21 05:27:58.317000
Nicolas Higgins,Data Ethics,100,2024-10-21 05:27:58.317000
Nicolas Higgins,Data Cleaning & Preprocessing,100,2024-10-21 05:27:58.317000
Nicolas Higgins,Data Analysis with Pandas,100,2024-10-21 05:27:58.317000
Nicolas Higgins,Data Analysis for Business Decisions,100,2024-10-21 05:27:58.317000
Nicolas Higgins,Data Visualization with Matplotlib,100,2024-10-21 05:27:58.317000
Nicolas Higgins,Express.js,100,2024-10-21 05:27:58.317000
Nicolas Higgins,API Development,100,2024-10-21 05:27:58.317000
Nicolas Higgins,Sales Analytics,100,2024-10-21 05:27:58.317000
Nicolas Higgins,Talent Acquisition Strategies,100,2024-10-21 05:27:58.317000
Nicolas Higgins,E-commerce Development Basics,100,2024-10-21 05:27:58.317000
Nicolas Higgins,AI for Business,100,2024-10-21 05:27:58.317000
Nicolas Higgins,ITIL Foundations,100,2024-10-21 05:27:58.318000
Nicolas Higgins,Ethics in AI,100,2024-10-21 05:27:58.318000
Lori Barker,Data Cleaning & Preprocessing,100,2024-10-21 05:27:58.318000
Lori Barker,Data Analysis for Business Decisions,100,2024-10-21 05:27:58.318000
Lori Barker,Data Ethics,100,2024-10-21 05:27:58.318000
Lori Barker,Data Analysis with Pandas,100,2024-10-21 05:27:58.318000
Lori Barker,Editing and Proofreading Techniques,100,2024-10-21 05:27:58.318000
Lori Barker,Sales Fundamentals,100,2024-10-21 05:27:58.318000
Lori Barker,Interaction Design Principles,100,2024-10-21 05:27:58.318000
Lori Barker,Negotiation Techniques,100,2024-10-21 05:27:58.318000
Lori Barker,Agile Project Management,100,2024-10-21 05:27:58.318000
Lori Barker,Configuration Management with Ansible,100,2024-10-21 05:27:58.318000
Lori Barker,Design Tools Overview,100,2024-10-21 05:27:58.318000
Lori Barker,Introduction to Blockchain,100,2024-10-21 05:27:58.318000
Leslie Jackson,Data Analysis for Business Decisions,100,2024-10-21 05:27:58.318000
Leslie Jackson,Data Ethics,100,2024-10-21 05:27:58.318000
Leslie Jackson,Data Cleaning & Preprocessing,100,2024-10-21 05:27:58.318000
Leslie Jackson,Data Analysis with Pandas,100,2024-10-21 05:27:58.318000
Leslie Jackson,Agile Project Management,100,2024-10-21 05:27:58.318000
Leslie Jackson,SWOT Analysis for Business,100,2024-10-21 05:27:58.318000
Leslie Jackson,Web Accessibility Standards,100,2024-10-21 05:27:58.318000
Leslie Jackson,Financial Planning and Forecasting,100,2024-10-21 05:27:58.318000
Leslie Jackson,Social Media Marketing,100,2024-10-21 05:27:58.318000
Leslie Jackson,Big Data with Spark,100,2024-10-21 05:27:58.318000
Leslie Jackson,Infrastructure as Code,100,2024-10-21 05:27:58.318000
Leslie Jackson,JavaScript Frameworks Overview,100,2024-10-21 05:27:58.318000
Jasmine Ryan,Data Visualization with Matplotlib,100,2024-10-21 05:27:58.318000
Jasmine Ryan,Data Analysis for Business Decisions,100,2024-10-21 05:27:58.318000
Jasmine Ryan,Data Cleaning & Preprocessing,100,2024-10-21 05:27:58.318000
Jasmine Ryan,Data Ethics,100,2024-10-21 05:27:58.318000
Jasmine Ryan,Data Analysis with Pandas,100,2024-10-21 05:27:58.318000
Jasmine Ryan,Labor Laws and Compliance,100,2024-10-21 05:27:58.318000
Jasmine Ryan,Performance Management Systems,100,2024-10-21 05:27:58.318000
Jasmine Ryan,Frontend Development Basics,100,2024-10-21 05:27:58.318000
Jasmine Ryan,Container Orchestration with Kubernetes,100,2024-10-21 05:27:58.318000
Jasmine Ryan,Project Management Tools Overview,100,2024-10-21 05:27:58.318000
Jasmine Ryan,Deployment of ML Models,100,2024-10-21 05:27:58.318000
Noah Adams,Data Analysis for Business Decisions,100,2024-10-21 05:27:58.318000
Noah Adams,Data Analysis with Pandas,100,2024-10-21 05:27:58.318000
Noah Adams,Data Cleaning & Preprocessing,100,2024-10-21 05:27:58.318000
Noah Adams,Data Visualization with Matplotlib,100,2024-10-21 05:27:58.318000
Noah Adams,Data Ethics,100,2024-10-21 05:27:58.318000
Noah Adams,Risk Management in Projects,100,2024-10-21 05:27:58.318000
Noah Adams,Analytics for Marketers,100,2024-10-21 05:27:58.318000
Noah Adams,Sales Analytics,100,2024-10-21 05:27:58.318000
Noah Adams,Agile Project Management,100,2024-10-21 05:27:58.318000
Noah Adams,Unsupervised Learning,100,2024-10-21 05:27:58.318000
Noah Adams,Content Management Systems (CMS),100,2024-10-21 05:27:58.318000
Noah Adams,Video Production Basics,100,2024-10-21 05:27:58.318000
Noah Adams,Incident Response,100,2024-10-21 05:27:58.318000
Noah Adams,Game Design Principles,100,2024-10-21 05:27:58.318000
Noah Adams,Understanding Consumer Behavior,100,2024-10-21 05:27:58.318000
Sylvia Zimmerman,Data Analysis with Pandas,100,2024-10-21 05:27:58.318000
Sylvia Zimmerman,Data Visualization with Matplotlib,100,2024-10-21 05:27:58.318000
Sylvia Zimmerman,Data Cleaning & Preprocessing,100,2024-10-21 05:27:58.318000
Sylvia Zimmerman,Data Analysis for Business Decisions,100,2024-10-21 05:27:58.318000
Sylvia Zimmerman,Data Ethics,100,2024-10-21 05:27:58.318000
Sylvia Zimmerman,App Monetization Strategies,100,2024-10-21 05:27:58.318000
Sylvia Zimmerman,Mobile App Security,100,2024-10-21 05:27:58.318000
Sylvia Zimmerman,Publishing Mobile Apps,100,2024-10-21 05:27:58.318000
Sylvia Zimmerman,Mobile App Design,100,2024-10-21 05:27:58.318000
Sylvia Zimmerman,Reinforcement Learning,100,2024-10-21 05:27:58.318000
Sylvia Zimmerman,Personal Finance Skills,100,2024-10-21 05:27:58.318000
Sylvia Zimmerman,Budgeting for Projects,100,2024-10-21 05:27:58.318000
Sharon Gomez,Data Analysis with Pandas,100,2024-10-21 05:27:58.318000
Sharon Gomez,Data Visualization with Matplotlib,100,2024-10-21 05:27:58.318000
Sharon Gomez,Data Cleaning & Preprocessing,100,2024-10-21 05:27:58.318000
Sharon Gomez,Data Ethics,100,2024-10-21 05:27:58.318000
Sharon Gomez,Data Analysis for Business Decisions,100,2024-10-21 05:27:58.318000
Sharon Gomez,HR Technology Tools,100,2024-10-21 05:27:58.318000
Sharon Gomez,Progressive Web Apps (PWAs),100,2024-10-21 05:27:58.318000
Sharon Gomez,API Integration in Mobile Apps,100,2024-10-21 05:27:58.318000
Sharon Gomez,Building Customer Relationships,100,2024-10-21 05:27:58.318000
Sharon Gomez,JavaScript Basics,100,2024-10-21 05:27:58.318000
Sharon Gomez,Cloud Support Fundamentals,100,2024-10-21 05:27:58.318000
Sharon Gomez,Version Control with Git,100,2024-10-21 05:27:58.318000
Sharon Gomez,Network Security Fundamentals,100,2024-10-21 05:27:58.318000
Sharon Gomez,Interaction Design Principles,100,2024-10-21 05:27:58.318000
Sharon Gomez,Deep Learning with TensorFlow,100,2024-10-21 05:27:58.318000
Donna Rocha,Data Cleaning & Preprocessing,100,2024-10-21 05:27:58.318000
Donna Rocha,Data Analysis for Business Decisions,100,2024-10-21 05:27:58.318000
Donna Rocha,Data Visualization with Matplotlib,100,2024-10-21 05:27:58.318000
Donna Rocha,Data Ethics,100,2024-10-21 05:27:58.318000
Donna Rocha,Data Analysis with Pandas,100,2024-10-21 05:27:58.318000
Donna Rocha,Git & GitHub,100,2024-10-21 05:27:58.318000
Donna Rocha,Time Series Analysis,100,2024-10-21 05:27:58.318000
Donna Rocha,Android Development Basics,100,2024-10-21 05:27:58.318000
Donna Rocha,Continuous Integration and Delivery,100,2024-10-21 05:27:58.318000
Donna Rocha,Agile Project Management,100,2024-10-21 05:27:58.318000
Donna Rocha,Cross-Platform Development with Flutter,100,2024-10-21 05:27:58.318000
Patrick Ferguson,Data Cleaning & Preprocessing,100,2024-10-21 05:27:58.318000
Patrick Ferguson,Data Visualization with Matplotlib,100,2024-10-21 05:27:58.318000
Patrick Ferguson,Data Ethics,100,2024-10-21 05:27:58.318000
Patrick Ferguson,Data Analysis for Business Decisions,100,2024-10-21 05:27:58.318000
Patrick Ferguson,Data Analysis with Pandas,100,2024-10-21 05:27:58.318000
Patrick Ferguson,Agile Methodologies,100,2024-10-21 05:27:58.318000
Patrick Ferguson,Risk Management in Projects,100,2024-10-21 05:27:58.318000
Patrick Ferguson,User Interface Design for Mobile Apps,100,2024-10-21 05:27:58.318000
Patrick Ferguson,Configuration Management with Ansible,100,2024-10-21 05:27:58.318000
Patrick Ferguson,Introduction to DevOps,100,2024-10-21 05:27:58.318000
Patrick Ferguson,Security in Cloud Computing,100,2024-10-21 05:27:58.318000
Patrick Ferguson,Introduction to Content Creation,100,2024-10-21 05:27:58.318000
Patrick Ferguson,Machine Learning Basics,100,2024-10-21 05:27:58.318000
Patrick Ferguson,MongoDB,100,2024-10-21 05:27:58.318000
Karen Rojas,Data Cleaning & Preprocessing,100,2024-10-21 05:27:58.318000
Karen Rojas,Data Analysis with Pandas,100,2024-10-21 05:27:58.318000
Karen Rojas,Data Analysis for Business Decisions,100,2024-10-21 05:27:58.318000
Karen Rojas,Data Ethics,100,2024-10-21 05:27:58.318000
Karen Rojas,Data Visualization with Matplotlib,100,2024-10-21 05:27:58.318000
Karen Rojas,Web Application Security,100,2024-10-21 05:27:58.318000
Karen Rojas,Cryptography Basics,100,2024-10-21 05:27:58.318000
Karen Rojas,Mobile App Security,100,2024-10-21 05:27:58.318000
Karen Rojas,Machine Learning Basics,100,2024-10-21 05:27:58.318000
Karen Rojas,Content Strategy Development,100,2024-10-21 05:27:58.318000
Karen Rojas,Hyperledger Basics,100,2024-10-21 05:27:58.318000
Karen Rojas,Tokenomics,100,2024-10-21 05:27:58.318000
Karen Rojas,Time Series Analysis,100,2024-10-21 05:27:58.318000
Karen Rojas,Game Monetization Strategies,100,2024-10-21 05:27:58.318000
Karen Rojas,Collaboration Tools in DevOps,100,2024-10-21 05:27:58.318000
Jeremy Grimes,Data Analysis with Pandas,100,2024-10-21 05:27:58.318000
Jeremy Grimes,Data Ethics,100,2024-10-21 05:27:58.318000
Jeremy Grimes,Data Analysis for Business Decisions,100,2024-10-21 05:27:58.318000
Jeremy Grimes,Data Visualization with Matplotlib,100,2024-10-21 05:27:58.318000
Jeremy Grimes,Data Cleaning & Preprocessing,100,2024-10-21 05:27:58.318000
Jeremy Grimes,Personal Finance Skills,100,2024-10-21 05:27:58.318000
Jeremy Grimes,Risk Analysis and Management,100,2024-10-21 05:27:58.318000
Jeremy Grimes,API Integration in Mobile Apps,100,2024-10-21 05:27:58.318000
Jeremy Grimes,Analytics for Marketers,100,2024-10-21 05:27:58.318000
Jeremy Grimes,Sales Fundamentals,100,2024-10-21 05:27:58.318000
Jeremy Grimes,Introduction to IT Support,100,2024-10-21 05:27:58.318000
Jeffrey Whitaker,Data Ethics,100,2024-10-21 05:27:58.318000
Jeffrey Whitaker,Data Analysis with Pandas,100,2024-10-21 05:27:58.318000
Jeffrey Whitaker,Data Analysis for Business Decisions,100,2024-10-21 05:27:58.318000
Jeffrey Whitaker,Data Cleaning & Preprocessing,100,2024-10-21 05:27:58.318000
Jeffrey Whitaker,Data Visualization with Matplotlib,100,2024-10-21 05:27:58.318000
Jeffrey Whitaker,Predictive Analytics,100,2024-10-21 05:27:58.318000
Jeffrey Whitaker,HTML & CSS,100,2024-10-21 05:27:58.318000
Jeffrey Whitaker,Introduction to DevOps,100,2024-10-21 05:27:58.318000
Jeffrey Whitaker,Microservices in Cloud,100,2024-10-21 05:27:58.318000
Jeffrey Whitaker,iOS Development Basics,100,2024-10-21 05:27:58.318000
Jeffrey Whitaker,Financial Reporting Standards,100,2024-10-21 05:27:58.318000
Jeffrey Whitaker,Mobile Testing Strategies,100,2024-10-21 05:27:58.318000
Jeffrey Whitaker,Ethical Hacking Basics,100,2024-10-21 05:27:58.318000
Monique Duarte,Data Ethics,100,2024-10-21 05:27:58.318000
Monique Duarte,Data Analysis with Pandas,100,2024-10-21 05:27:58.318000
Monique Duarte,Data Visualization with Matplotlib,100,2024-10-21 05:27:58.318000
Monique Duarte,Data Analysis for Business Decisions,100,2024-10-21 05:27:58.318000
Monique Duarte,Data Cleaning & Preprocessing,100,2024-10-21 05:27:58.318000
Monique Duarte,Serverless Architecture,100,2024-10-21 05:27:58.318000
Monique Duarte,HR Technology Tools,100,2024-10-21 05:27:58.318000
Monique Duarte,Design Thinking Process,100,2024-10-21 05:27:58.318000
Monique Duarte,Unreal Engine Basics,100,2024-10-21 05:27:58.318000
Monique Duarte,Building Customer Relationships,100,2024-10-21 05:27:58.318000
Monique Duarte,ITIL Foundations,100,2024-10-21 05:27:58.318000
Drew Thompson,Data Visualization with Matplotlib,100,2024-10-21 05:27:58.318000
Drew Thompson,Data Cleaning & Preprocessing,100,2024-10-21 05:27:58.318000
Drew Thompson,Data Analysis with Pandas,100,2024-10-21 05:27:58.318000
Drew Thompson,Data Analysis for Business Decisions,100,2024-10-21 05:27:58.318000
Drew Thompson,Data Ethics,100,2024-10-21 05:27:58.318000
Drew Thompson,Influencer Marketing,100,2024-10-21 05:27:58.318000
Drew Thompson,Introduction to Game Development,100,2024-10-21 05:27:58.318000
Drew Thompson,Content Marketing Strategies,100,2024-10-21 05:27:58.318000
Drew Thompson,Performance Optimization for Mobile Apps,100,2024-10-21 05:27:58.318000
Drew Thompson,Introduction to AI,100,2024-10-21 05:27:58.318000
Drew Thompson,Introduction to IT Support,100,2024-10-21 05:27:58.318000
Drew Thompson,Risk Management in Finance,100,2024-10-21 05:27:58.319000
Drew Thompson,Android Development Basics,100,2024-10-21 05:27:58.319000
Drew Thompson,Computer Vision Applications,100,2024-10-21 05:27:58.319000
Drew Thompson,Deployment of ML Models,100,2024-10-21 05:27:58.319000
William Hicks,Data Cleaning & Preprocessing,100,2024-10-21 05:27:58.319000
William Hicks,Data Analysis for Business Decisions,100,2024-10-21 05:27:58.319000
William Hicks,Data Analysis with Pandas,100,2024-10-21 05:27:58.319000
William Hicks,Data Ethics,100,2024-10-21 05:27:58.319000
William Hicks,Virtual Reality Development,100,2024-10-21 05:27:58.319000
William Hicks,Game Testing Techniques,100,2024-10-21 05:27:58.319000
William Hicks,Budgeting Basics,100,2024-10-21 05:27:58.319000
William Hicks,Project Scheduling Techniques,100,2024-10-21 05:27:58.319000
William Hicks,Design Tools Overview,100,2024-10-21 05:27:58.319000
William Hicks,Introduction to Human Resources,100,2024-10-21 05:27:58.319000
William Hicks,Infrastructure as Code,100,2024-10-21 05:27:58.319000
William Hicks,Risk Management in Projects,100,2024-10-21 05:27:58.319000
William Hicks,Tokenomics,100,2024-10-21 05:27:58.319000
Jennifer Wallace,Data Analysis for Business Decisions,100,2024-10-21 05:27:58.319000
Jennifer Wallace,Data Visualization with Matplotlib,100,2024-10-21 05:27:58.319000
Jennifer Wallace,Data Ethics,100,2024-10-21 05:27:58.319000
Jennifer Wallace,Data Cleaning & Preprocessing,100,2024-10-21 05:27:58.319000
Jennifer Wallace,Data Analysis with Pandas,100,2024-10-21 05:27:58.319000
Jennifer Wallace,Backend Development Fundamentals,100,2024-10-21 05:27:58.319000
Jennifer Wallace,Android Development Basics,100,2024-10-21 05:27:58.319000
Jennifer Wallace,Change Management Strategies,100,2024-10-21 05:27:58.319000
Jennifer Wallace,Natural Language Processing Techniques,100,2024-10-21 05:27:58.319000
Jennifer Wallace,Usability Testing,100,2024-10-21 05:27:58.319000
Jennifer Wallace,Statistical Analysis,100,2024-10-21 05:27:58.319000
Jessica Ferguson,Data Ethics,100,2024-10-21 05:27:58.319000
Jessica Ferguson,Data Visualization with Matplotlib,100,2024-10-21 05:27:58.319000
Jessica Ferguson,Data Analysis with Pandas,100,2024-10-21 05:27:58.319000
Jessica Ferguson,Data Cleaning & Preprocessing,100,2024-10-21 05:27:58.319000
Jessica Ferguson,Data Analysis for Business Decisions,100,2024-10-21 05:27:58.319000
Jessica Ferguson,Cloud Support Fundamentals,100,2024-10-21 05:27:58.319000
Jessica Ferguson,Presentation Skills for Sales,100,2024-10-21 05:27:58.319000
Jessica Ferguson,Mobile App Security,100,2024-10-21 05:27:58.319000
Jessica Ferguson,Project Management Basics,100,2024-10-21 05:27:58.319000
Jessica Ferguson,Deployment & Hosting,100,2024-10-21 05:27:58.319000
Jessica Ferguson,Conflict Resolution in HR,100,2024-10-21 05:27:58.319000
Jessica Ferguson,Virtual Reality Development,100,2024-10-21 05:27:58.319000
Jessica Ferguson,Change Management Strategies,100,2024-10-21 05:27:58.319000
Rachael Snow,Data Cleaning & Preprocessing,100,2024-10-21 05:27:58.319000
Rachael Snow,Data Visualization with Matplotlib,100,2024-10-21 05:27:58.319000
Rachael Snow,Data Analysis for Business Decisions,100,2024-10-21 05:27:58.319000
Rachael Snow,Data Ethics,100,2024-10-21 05:27:58.319000
Rachael Snow,Data Analysis with Pandas,100,2024-10-21 05:27:58.319000
Rachael Snow,Personal Finance Skills,100,2024-10-21 05:27:58.319000
Rachael Snow,Game Design Principles,100,2024-10-21 05:27:58.319000
Rachael Snow,Responsive Web Design,100,2024-10-21 05:27:58.319000
Rachael Snow,Risk Management in Finance,100,2024-10-21 05:27:58.319000
Rachael Snow,Unsupervised Learning,100,2024-10-21 05:27:58.319000
Dustin Alvarez,Data Visualization with Matplotlib,100,2024-10-21 05:27:58.319000
Dustin Alvarez,Data Analysis for Business Decisions,100,2024-10-21 05:27:58.319000
Dustin Alvarez,Data Analysis with Pandas,100,2024-10-21 05:27:58.319000
Dustin Alvarez,Data Cleaning & Preprocessing,100,2024-10-21 05:27:58.319000
Dustin Alvarez,Data Ethics,100,2024-10-21 05:27:58.319000
Dustin Alvarez,Brand Management Online,100,2024-10-21 05:27:58.319000
Dustin Alvarez,Design Thinking Process,100,2024-10-21 05:27:58.319000
Dustin Alvarez,Cryptocurrency Fundamentals,100,2024-10-21 05:27:58.319000
Dustin Alvarez,API Integration in Mobile Apps,100,2024-10-21 05:27:58.319000
Dustin Alvarez,Game Monetization Strategies,100,2024-10-21 05:27:58.319000
Dustin Alvarez,Cloud Cost Management,100,2024-10-21 05:27:58.319000
Dustin Alvarez,Business Process Modeling,100,2024-10-21 05:27:58.319000
Dustin Alvarez,Progressive Web Apps (PWAs),100,2024-10-21 05:27:58.319000
Dustin Alvarez,Building Customer Relationships,100,2024-10-21 05:27:58.319000
Jonathan Perry,Data Visualization with Matplotlib,100,2024-10-21 05:27:58.319000
Jonathan Perry,Data Ethics,100,2024-10-21 05:27:58.319000
Jonathan Perry,Data Cleaning & Preprocessing,100,2024-10-21 05:27:58.319000
Jonathan Perry,Data Analysis for Business Decisions,100,2024-10-21 05:27:58.319000
Jonathan Perry,Data Analysis with Pandas,100,2024-10-21 05:27:58.319000
Jonathan Perry,Automating Cloud Deployments,100,2024-10-21 05:27:58.319000
Jonathan Perry,Time Series Analysis,100,2024-10-21 05:27:58.319000
Jonathan Perry,Talent Acquisition Strategies,100,2024-10-21 05:27:58.319000
Jonathan Perry,Interaction Design Principles,100,2024-10-21 05:27:58.319000
Jonathan Perry,AWS Fundamentals,100,2024-10-21 05:27:58.319000
Jonathan Perry,Node.js,100,2024-10-21 05:27:58.319000
Jonathan Perry,Investing Fundamentals,100,2024-10-21 05:27:58.319000
Jonathan Perry,Introduction to Human Resources,100,2024-10-21 05:27:58.319000
Thomas Lee,Data Analysis for Business Decisions,100,2024-10-21 05:27:58.319000
Thomas Lee,Data Ethics,100,2024-10-21 05:27:58.319000
Thomas Lee,Data Analysis with Pandas,100,2024-10-21 05:27:58.319000
Thomas Lee,Data Cleaning & Preprocessing,100,2024-10-21 05:27:58.319000
Thomas Lee,Data Visualization with Matplotlib,100,2024-10-21 05:27:58.319000
Thomas Lee,Budgeting Basics,100,2024-10-21 05:27:58.319000
Thomas Lee,Project Scheduling Techniques,100,2024-10-21 05:27:58.319000
Thomas Lee,Decentralized Applications (DApps),100,2024-10-21 05:27:58.319000
Thomas Lee,MongoDB,100,2024-10-21 05:27:58.319000
Thomas Lee,Presentation Skills for Sales,100,2024-10-21 05:27:58.319000
Thomas Lee,Hyperledger Basics,100,2024-10-21 05:27:58.319000
Thomas Lee,Corporate Finance Essentials,100,2024-10-21 05:27:58.319000
Emily Middleton,Data Ethics,100,2024-10-21 05:27:58.319000
Emily Middleton,Data Analysis with Pandas,100,2024-10-21 05:27:58.319000
Emily Middleton,Data Cleaning & Preprocessing,100,2024-10-21 05:27:58.319000
Emily Middleton,Data Visualization with Matplotlib,100,2024-10-21 05:27:58.319000
Emily Middleton,Data Analysis for Business Decisions,100,2024-10-21 05:27:58.319000
Emily Middleton,SEO for Content Creators,100,2024-10-21 05:27:58.319000
Emily Middleton,Ethical Hacking Basics,100,2024-10-21 05:27:58.319000
Emily Middleton,Financial Reporting Standards,100,2024-10-21 05:27:58.319000
Emily Middleton,3D Game Development,100,2024-10-21 05:27:58.319000
Emily Middleton,Game Testing Techniques,100,2024-10-21 05:27:58.319000
Emily Middleton,RESTful Services,100,2024-10-21 05:27:58.319000
Emily Middleton,Ethics in AI,100,2024-10-21 05:27:58.319000
Emily Middleton,Introduction to UI/UX Design,100,2024-10-21 05:27:58.319000
Emily Middleton,Project Management Basics,100,2024-10-21 05:27:58.319000
Elizabeth Diaz,Data Ethics,100,2024-10-21 05:27:58.319000
Elizabeth Diaz,Data Analysis with Pandas,100,2024-10-21 05:27:58.319000
Elizabeth Diaz,Data Analysis for Business Decisions,100,2024-10-21 05:27:58.319000
Elizabeth Diaz,Data Visualization with Matplotlib,100,2024-10-21 05:27:58.319000
Elizabeth Diaz,Data Cleaning & Preprocessing,100,2024-10-21 05:27:58.319000
Elizabeth Diaz,Digital Sales Techniques,100,2024-10-21 05:27:58.319000
Elizabeth Diaz,AWS Fundamentals,100,2024-10-21 05:27:58.319000
Elizabeth Diaz,Training and Development,100,2024-10-21 05:27:58.319000
Elizabeth Diaz,Reinforcement Learning,100,2024-10-21 05:27:58.319000
Elizabeth Diaz,Video Production Basics,100,2024-10-21 05:27:58.319000
Diana Sharp,Data Analysis with Pandas,100,2024-10-21 05:27:58.319000
Diana Sharp,Data Ethics,100,2024-10-21 05:27:58.319000
Diana Sharp,Data Analysis for Business Decisions,100,2024-10-21 05:27:58.319000
Diana Sharp,Data Visualization with Matplotlib,100,2024-10-21 05:27:58.319000
Diana Sharp,Data Cleaning & Preprocessing,100,2024-10-21 05:27:58.319000
Diana Sharp,Visual Design Basics,100,2024-10-21 05:27:58.319000
Diana Sharp,Introduction to UI/UX Design,100,2024-10-21 05:27:58.319000
Diana Sharp,Introduction to Content Creation,100,2024-10-21 05:27:58.319000
Diana Sharp,SEO Fundamentals,100,2024-10-21 05:27:58.319000
Diana Sharp,Frontend Development Basics,100,2024-10-21 05:27:58.319000
Diana Sharp,Email Marketing Basics,100,2024-10-21 05:27:58.319000
Valerie Branch,Data Analysis with Pandas,100,2024-10-21 05:27:58.319000
Valerie Branch,Data Visualization with Matplotlib,100,2024-10-21 05:27:58.319000
Valerie Branch,Data Analysis for Business Decisions,100,2024-10-21 05:27:58.319000
Valerie Branch,Data Ethics,100,2024-10-21 05:27:58.319000
Valerie Branch,Data Cleaning & Preprocessing,100,2024-10-21 05:27:58.319000
Valerie Branch,Version Control with Git,100,2024-10-21 05:27:58.319000
Valerie Branch,Talent Acquisition Strategies,100,2024-10-21 05:27:58.319000
Valerie Branch,SWOT Analysis for Business,100,2024-10-21 05:27:58.319000
Valerie Branch,Malware Analysis,100,2024-10-21 05:27:58.319000
Valerie Branch,Financial Planning and Forecasting,100,2024-10-21 05:27:58.319000
Valerie Branch,Affiliate Marketing,100,2024-10-21 05:27:58.319000
Valerie Branch,Virtual Reality Development,100,2024-10-21 05:27:58.319000
Valerie Branch,Cross-Platform Development with Flutter,100,2024-10-21 05:27:58.319000
Valerie Branch,Ethereum Development,100,2024-10-21 05:27:58.319000
Valerie Branch,JavaScript Basics,100,2024-10-21 05:27:58.319000
Michael Mcguire,Data Visualization with Matplotlib,100,2024-10-21 05:27:58.319000
Michael Mcguire,Data Analysis for Business Decisions,100,2024-10-21 05:27:58.319000
Michael Mcguire,Data Ethics,100,2024-10-21 05:27:58.319000
Michael Mcguire,Data Cleaning & Preprocessing,100,2024-10-21 05:27:58.319000
Michael Mcguire,Data Analysis with Pandas,100,2024-10-21 05:27:58.319000
Michael Mcguire,Introduction to Game Development,100,2024-10-21 05:27:58.319000
Michael Mcguire,Computer Vision Applications,100,2024-10-21 05:27:58.319000
Michael Mcguire,Change Management Strategies,100,2024-10-21 05:27:58.319000
Michael Mcguire,Content Management Systems (CMS),100,2024-10-21 05:27:58.319000
Michael Mcguire,Remote Support Techniques,100,2024-10-21 05:27:58.319000
Michael Mcguire,Financial Analysis Techniques,100,2024-10-21 05:27:58.319000
Michael Mcguire,Personal Finance Skills,100,2024-10-21 05:27:58.319000
Tiffany Brock,Data Analysis with Pandas,100,2024-10-21 05:27:58.319000
Tiffany Brock,Data Cleaning & Preprocessing,100,2024-10-21 05:27:58.319000
Tiffany Brock,Data Visualization with Matplotlib,100,2024-10-21 05:27:58.319000
Tiffany Brock,Data Ethics,100,2024-10-21 05:27:58.319000
Tiffany Brock,Data Analysis for Business Decisions,100,2024-10-21 05:27:58.319000
Tiffany Brock,Introduction to Business Analysis,100,2024-10-21 05:27:58.319000
Tiffany Brock,Agile Project Management,100,2024-10-21 05:27:58.319000
Tiffany Brock,Operating Systems Overview,100,2024-10-21 05:27:58.319000
Tiffany Brock,Progressive Web Apps (PWAs),100,2024-10-21 05:27:58.319000
Tiffany Brock,Cloud Support Fundamentals,100,2024-10-21 05:27:58.319000
Tiffany Brock,Introduction to IT Support,100,2024-10-21 05:27:58.319000
Megan Miller,Data Analysis for Business Decisions,100,2024-10-21 05:27:58.320000
Megan Miller,Data Ethics,100,2024-10-21 05:27:58.320000
Megan Miller,Data Visualization with Matplotlib,100,2024-10-21 05:27:58.320000
Megan Miller,Data Analysis with Pandas,100,2024-10-21 05:27:58.320000
Megan Miller,Data Cleaning & Preprocessing,100,2024-10-21 05:27:58.320000
Megan Miller,Operating Systems Overview,100,2024-10-21 05:27:58.320000
Megan Miller,Introduction to Business Analysis,100,2024-10-21 05:27:58.320000
Megan Miller,Financial Analysis Techniques,100,2024-10-21 05:27:58.320000
Megan Miller,Smart Contracts Development,100,2024-10-21 05:27:58.320000
Megan Miller,Responsive Web Design,100,2024-10-21 05:27:58.320000
Megan Miller,Building Customer Relationships,100,2024-10-21 05:27:58.320000
Megan Miller,Budgeting for Projects,100,2024-10-21 05:27:58.320000
Megan Miller,Android Development Basics,100,2024-10-21 05:27:58.320000
Megan Miller,Project Management Tools Overview,100,2024-10-21 05:27:58.320000
Megan Miller,App Monetization Strategies,100,2024-10-21 05:27:58.320000
Gary Wilson,Data Analysis with Pandas,100,2024-10-21 05:27:58.320000
Gary Wilson,Data Analysis for Business Decisions,100,2024-10-21 05:27:58.320000
Gary Wilson,Data Cleaning & Preprocessing,100,2024-10-21 05:27:58.320000
Gary Wilson,Data Visualization with Matplotlib,100,2024-10-21 05:27:58.320000
Gary Wilson,Data Ethics,100,2024-10-21 05:27:58.320000
Gary Wilson,Content Management Systems (CMS),100,2024-10-21 05:27:58.320000
Gary Wilson,AI for Business,100,2024-10-21 05:27:58.320000
Gary Wilson,Podcasting Fundamentals,100,2024-10-21 05:27:58.320000
Gary Wilson,Business Case Development,100,2024-10-21 05:27:58.320000
Gary Wilson,Social Media Content Creation,100,2024-10-21 05:27:58.320000
Gary Wilson,User Interface Design for Mobile Apps,100,2024-10-21 05:27:58.320000
Gary Wilson,Quality Management,100,2024-10-21 05:27:58.320000
Gary Wilson,Time Management for Sales,100,2024-10-21 05:27:58.320000
Richard Spencer,Data Visualization with Matplotlib,100,2024-10-21 05:27:58.320000
Richard Spencer,Data Cleaning & Preprocessing,100,2024-10-21 05:27:58.320000
Richard Spencer,Data Ethics,100,2024-10-21 05:27:58.320000
Richard Spencer,Data Analysis with Pandas,100,2024-10-21 05:27:58.320000
Richard Spencer,Data Analysis for Business Decisions,100,2024-10-21 05:27:58.320000
Richard Spencer,Responsive Web Design,100,2024-10-21 05:27:58.320000
Richard Spencer,Collaboration Tools in DevOps,100,2024-10-21 05:27:58.320000
Richard Spencer,Mobile Testing Strategies,100,2024-10-21 05:27:58.320000
Richard Spencer,Version Control with Git,100,2024-10-21 05:27:58.320000
Richard Spencer,Hyperledger Basics,100,2024-10-21 05:27:58.320000
Andrew Cook,Data Cleaning & Preprocessing,100,2024-10-21 05:27:58.320000
Andrew Cook,Data Visualization with Matplotlib,100,2024-10-21 05:27:58.320000
Andrew Cook,Data Analysis for Business Decisions,100,2024-10-21 05:27:58.320000
Andrew Cook,Data Analysis with Pandas,100,2024-10-21 05:27:58.320000
Andrew Cook,Data Ethics,100,2024-10-21 05:27:58.320000
Andrew Cook,Remote Support Techniques,100,2024-10-21 05:27:58.320000
Andrew Cook,Cryptocurrency Fundamentals,100,2024-10-21 05:27:58.320000
Andrew Cook,Unity Basics,100,2024-10-21 05:27:58.320000
Andrew Cook,Infrastructure as Code,100,2024-10-21 05:27:58.320000
Andrew Cook,Web Performance Optimization,100,2024-10-21 05:27:58.320000
Andrew Cook,Project Scheduling Techniques,100,2024-10-21 05:27:58.320000
Andrew Cook,Introduction to IT Support,100,2024-10-21 05:27:58.320000
Andrew Cook,RESTful Services,100,2024-10-21 05:27:58.320000
Andrew Cook,Brand Management Online,100,2024-10-21 05:27:58.320000
Andrew Cook,Virtual Reality Development,100,2024-10-21 05:27:58.320000
Melissa Fox,Data Ethics,100,2024-10-21 05:27:58.320000
Melissa Fox,Data Analysis with Pandas,100,2024-10-21 05:27:58.320000
Melissa Fox,Data Analysis for Business Decisions,100,2024-10-21 05:27:58.320000
Melissa Fox,Data Visualization with Matplotlib,100,2024-10-21 05:27:58.320000
Melissa Fox,Data Cleaning & Preprocessing,100,2024-10-21 05:27:58.320000
Melissa Fox,Introduction to Cloud Computing,100,2024-10-21 05:27:58.320000
Melissa Fox,Automating Cloud Deployments,100,2024-10-21 05:27:58.320000
Melissa Fox,AI in IoT,100,2024-10-21 05:27:58.320000
Melissa Fox,Wireframing and Prototyping,100,2024-10-21 05:27:58.320000
Melissa Fox,Multiplayer Game Development,100,2024-10-21 05:27:58.320000
Melissa Fox,Video Production Basics,100,2024-10-21 05:27:58.320000
Thomas Johnston,Data Ethics,100,2024-10-21 05:27:58.320000
Thomas Johnston,Data Analysis with Pandas,100,2024-10-21 05:27:58.320000
Thomas Johnston,Data Visualization with Matplotlib,100,2024-10-21 05:27:58.320000
Thomas Johnston,Data Cleaning & Preprocessing,100,2024-10-21 05:27:58.320000
Thomas Johnston,Data Analysis for Business Decisions,100,2024-10-21 05:27:58.320000
Thomas Johnston,Node.js,100,2024-10-21 05:27:58.320000
Thomas Johnston,Infrastructure as Code,100,2024-10-21 05:27:58.320000
Thomas Johnston,HR Technology Tools,100,2024-10-21 05:27:58.320000
Thomas Johnston,Responsive Design Principles,100,2024-10-21 05:27:58.320000
Thomas Johnston,API Development,100,2024-10-21 05:27:58.320000
Kevin Villarreal,Data Visualization with Matplotlib,100,2024-10-21 05:27:58.320000
Kevin Villarreal,Data Cleaning & Preprocessing,100,2024-10-21 05:27:58.320000
Kevin Villarreal,Data Analysis with Pandas,100,2024-10-21 05:27:58.320000
Kevin Villarreal,Data Analysis for Business Decisions,100,2024-10-21 05:27:58.320000
Kevin Villarreal,Data Ethics,100,2024-10-21 05:27:58.320000
Kevin Villarreal,Automating Cloud Deployments,100,2024-10-21 05:27:58.320000
Kevin Villarreal,Collaboration Tools in DevOps,100,2024-10-21 05:27:58.320000
Kevin Villarreal,Conflict Resolution in HR,100,2024-10-21 05:27:58.320000
Kevin Villarreal,Business Process Modeling,100,2024-10-21 05:27:58.320000
Kevin Villarreal,iOS Development Basics,100,2024-10-21 05:27:58.320000
Kevin Villarreal,Security Awareness for IT Support,100,2024-10-21 05:27:58.320000
Kevin Villarreal,Diversity and Inclusion Initiatives,100,2024-10-21 05:27:58.320000
Kevin Villarreal,Computer Vision Basics,100,2024-10-21 05:27:58.320000
Kevin Villarreal,Security in Cloud Computing,100,2024-10-21 05:27:58.320000
Michael Payne,Data Ethics,100,2024-10-21 05:27:58.320000
Michael Payne,Data Cleaning & Preprocessing,100,2024-10-21 05:27:58.320000
Michael Payne,Data Visualization with Matplotlib,100,2024-10-21 05:27:58.320000
Michael Payne,Data Analysis for Business Decisions,100,2024-10-21 05:27:58.320000
Michael Payne,Data Analysis with Pandas,100,2024-10-21 05:27:58.320000
Michael Payne,User Interface Design for Mobile Apps,100,2024-10-21 05:27:58.320000
Michael Payne,3D Game Development,100,2024-10-21 05:27:58.320000
Michael Payne,Risk Analysis and Management,100,2024-10-21 05:27:58.320000
Michael Payne,Performance Optimization for Mobile Apps,100,2024-10-21 05:27:58.320000
Michael Payne,Supervised Learning,100,2024-10-21 05:27:58.320000
Michael Payne,Graphic Design Basics for Content,100,2024-10-21 05:27:58.320000
Michael Payne,Change Management,100,2024-10-21 05:27:58.320000
Sheila Valdez,Data Cleaning & Preprocessing,100,2024-10-21 05:27:58.320000
Sheila Valdez,Data Ethics,100,2024-10-21 05:27:58.320000
Sheila Valdez,Data Analysis for Business Decisions,100,2024-10-21 05:27:58.320000
Sheila Valdez,Data Visualization with Matplotlib,100,2024-10-21 05:27:58.320000
Sheila Valdez,Data Analysis with Pandas,100,2024-10-21 05:27:58.320000
Sheila Valdez,Risk Management in Finance,100,2024-10-21 05:27:58.320000
Sheila Valdez,Statistical Analysis,100,2024-10-21 05:27:58.320000
Sheila Valdez,Brand Management Online,100,2024-10-21 05:27:58.320000
Sheila Valdez,Introduction to Finance,100,2024-10-21 05:27:58.320000
Sheila Valdez,Deep Learning with TensorFlow,100,2024-10-21 05:27:58.320000
Sheila Valdez,Introduction to Business Analysis,100,2024-10-21 05:27:58.320000
Sheila Valdez,Network Security Fundamentals,100,2024-10-21 05:27:58.320000
Sheila Valdez,Agile Project Management,100,2024-10-21 05:27:58.320000
Sheila Valdez,Content Marketing Strategies,100,2024-10-21 05:27:58.320000
Sheila Valdez,Mobile App Security,100,2024-10-21 05:27:58.320000
Russell Rivera,Data Analysis with Pandas,100,2024-10-21 05:27:58.320000
Russell Rivera,Data Ethics,100,2024-10-21 05:27:58.320000
Russell Rivera,Data Visualization with Matplotlib,100,2024-10-21 05:27:58.320000
Russell Rivera,Data Cleaning & Preprocessing,100,2024-10-21 05:27:58.320000
Russell Rivera,Corporate Finance Essentials,100,2024-10-21 05:27:58.320000
Russell Rivera,Introduction to Machine Learning,100,2024-10-21 05:27:58.320000
Russell Rivera,Virtual Reality Development,100,2024-10-21 05:27:58.320000
Russell Rivera,Malware Analysis,100,2024-10-21 05:27:58.320000
Russell Rivera,Customer Service Skills for IT,100,2024-10-21 05:27:58.320000
Russell Rivera,AI for Business,100,2024-10-21 05:27:58.320000
Russell Rivera,Personal Finance Skills,100,2024-10-21 05:27:58.320000
Russell Rivera,Conversion Rate Optimization,100,2024-10-21 05:27:58.320000
Russell Rivera,Agile Project Management,100,2024-10-21 05:27:58.320000
Russell Rivera,Frontend Development Basics,100,2024-10-21 05:27:58.320000
Russell Rivera,Operating Systems Overview,100,2024-10-21 05:27:58.320000
Johnny Gray,Data Analysis for Business Decisions,100,2024-10-21 05:27:58.320000
Johnny Gray,Data Cleaning & Preprocessing,100,2024-10-21 05:27:58.320000
Johnny Gray,Data Analysis with Pandas,100,2024-10-21 05:27:58.320000
Johnny Gray,Data Ethics,100,2024-10-21 05:27:58.320000
Johnny Gray,Data Visualization with Matplotlib,100,2024-10-21 05:27:58.320000
Johnny Gray,Malware Analysis,100,2024-10-21 05:27:58.320000
Johnny Gray,AI for Business,100,2024-10-21 05:27:58.320000
Johnny Gray,Monitoring and Logging,100,2024-10-21 05:27:58.320000
Johnny Gray,Customer Service Excellence,100,2024-10-21 05:27:58.320000
Johnny Gray,Project Management Basics,100,2024-10-21 05:27:58.320000
Johnny Gray,AWS Fundamentals,100,2024-10-21 05:27:58.320000
Jamie Sanford,Data Ethics,100,2024-10-21 05:27:58.320000
Jamie Sanford,Data Cleaning & Preprocessing,100,2024-10-21 05:27:58.320000
Jamie Sanford,Data Analysis for Business Decisions,100,2024-10-21 05:27:58.320000
Jamie Sanford,Data Analysis with Pandas,100,2024-10-21 05:27:58.320000
Jamie Sanford,Data Visualization with Matplotlib,100,2024-10-21 05:27:58.320000
Jamie Sanford,Supervised Learning,100,2024-10-21 05:27:58.320000
Jamie Sanford,Email Marketing Basics,100,2024-10-21 05:27:58.320000
Jamie Sanford,Building Customer Relationships,100,2024-10-21 05:27:58.320000
Jamie Sanford,Customer Service Excellence,100,2024-10-21 05:27:58.320000
Jamie Sanford,Introduction to UI/UX Design,100,2024-10-21 05:27:58.320000
Jamie Sanford,Customer Service Skills for IT,100,2024-10-21 05:27:58.320000
Jamie Sanford,Social Media Marketing,100,2024-10-21 05:27:58.320000
Jamie Sanford,Interaction Design Principles,100,2024-10-21 05:27:58.320000
Deborah Collins,Data Ethics,100,2024-10-21 05:27:58.320000
Deborah Collins,Data Analysis with Pandas,100,2024-10-21 05:27:58.320000
Deborah Collins,Data Cleaning & Preprocessing,100,2024-10-21 05:27:58.320000
Deborah Collins,Data Analysis for Business Decisions,100,2024-10-21 05:27:58.320000
Deborah Collins,Customer Service Excellence,100,2024-10-21 05:27:58.320000
Deborah Collins,Design Thinking Process,100,2024-10-21 05:27:58.320000
Deborah Collins,Video Production Basics,100,2024-10-21 05:27:58.320000
Deborah Collins,Supervised Learning,100,2024-10-21 05:27:58.320000
Deborah Collins,Content Management Systems (CMS),100,2024-10-21 05:27:58.320000
Deborah Collins,Business Process Modeling,100,2024-10-21 05:27:58.320000
Deborah Collins,Employee Engagement Techniques,100,2024-10-21 05:27:58.320000
Amy Riley,Data Visualization with Matplotlib,100,2024-10-21 05:27:58.321000
Amy Riley,Data Analysis for Business Decisions,100,2024-10-21 05:27:58.321000
Amy Riley,Data Ethics,100,2024-10-21 05:27:58.321000
Amy Riley,Data Analysis with Pandas,100,2024-10-21 05:27:58.321000
Amy Riley,Data Cleaning & Preprocessing,100,2024-10-21 05:27:58.321000
Amy Riley,Computer Vision Applications,100,2024-10-21 05:27:58.321000
Amy Riley,Wireframing and Prototyping,100,2024-10-21 05:27:58.321000
Amy Riley,Conflict Resolution in HR,100,2024-10-21 05:27:58.321000
Amy Riley,Tokenomics,100,2024-10-21 05:27:58.321000
Amy Riley,Git & GitHub,100,2024-10-21 05:27:58.321000
Amy Riley,Infrastructure as Code,100,2024-10-21 05:27:58.321000
Amy Riley,Multiplayer Game Development,100,2024-10-21 05:27:58.321000
James Cole,Data Cleaning & Preprocessing,100,2024-10-21 05:27:58.321000
James Cole,Data Analysis for Business Decisions,100,2024-10-21 05:27:58.321000
James Cole,Data Analysis with Pandas,100,2024-10-21 05:27:58.321000
James Cole,Data Visualization with Matplotlib,100,2024-10-21 05:27:58.321000
James Cole,Investing Fundamentals,100,2024-10-21 05:27:58.321000
James Cole,Deep Learning with TensorFlow,100,2024-10-21 05:27:58.321000
James Cole,Reinforcement Learning,100,2024-10-21 05:27:58.321000
James Cole,Hyperledger Basics,100,2024-10-21 05:27:58.321000
James Cole,Web Performance Optimization,100,2024-10-21 05:27:58.321000
James Cole,AI for Business,100,2024-10-21 05:27:58.321000
John Johnson,Data Analysis with Pandas,100,2024-10-21 05:27:58.321000
John Johnson,Data Ethics,100,2024-10-21 05:27:58.321000
John Johnson,Data Analysis for Business Decisions,100,2024-10-21 05:27:58.321000
John Johnson,Data Visualization with Matplotlib,100,2024-10-21 05:27:58.321000
John Johnson,Digital Sales Techniques,100,2024-10-21 05:27:58.321000
John Johnson,Publishing Mobile Apps,100,2024-10-21 05:27:58.321000
John Johnson,Natural Language Processing,100,2024-10-21 05:27:58.321000
John Johnson,Presentation Skills for Business Analysts,100,2024-10-21 05:27:58.321000
John Johnson,Continuous Integration and Delivery,100,2024-10-21 05:27:58.321000
John Johnson,Customer Service Skills for IT,100,2024-10-21 05:27:58.321000
John Johnson,API Integration in Mobile Apps,100,2024-10-21 05:27:58.321000
Tina Cruz,Data Visualization with Matplotlib,100,2024-10-21 05:27:58.321000
Tina Cruz,Data Analysis with Pandas,100,2024-10-21 05:27:58.321000
Tina Cruz,Data Analysis for Business Decisions,100,2024-10-21 05:27:58.321000
Tina Cruz,Data Ethics,100,2024-10-21 05:27:58.321000
Tina Cruz,Data Cleaning & Preprocessing,100,2024-10-21 05:27:58.321000
Tina Cruz,Blockchain Security,100,2024-10-21 05:27:58.321000
Tina Cruz,Content Promotion Strategies,100,2024-10-21 05:27:58.321000
Tina Cruz,Deep Learning Fundamentals,100,2024-10-21 05:27:58.321000
Tina Cruz,Deployment of ML Models,100,2024-10-21 05:27:58.321000
Tina Cruz,Financial Analysis Techniques,100,2024-10-21 05:27:58.321000
Mark Jackson,Data Cleaning & Preprocessing,100,2024-10-21 05:27:58.321000
Mark Jackson,Data Analysis with Pandas,100,2024-10-21 05:27:58.321000
Mark Jackson,Data Ethics,100,2024-10-21 05:27:58.321000
Mark Jackson,Data Analysis for Business Decisions,100,2024-10-21 05:27:58.321000
Mark Jackson,Data Visualization with Matplotlib,100,2024-10-21 05:27:58.321000
Mark Jackson,API Development,100,2024-10-21 05:27:58.321000
Mark Jackson,Cloud Security Best Practices,100,2024-10-21 05:27:58.321000
Mark Jackson,Risk Management in Cybersecurity,100,2024-10-21 05:27:58.321000
Mark Jackson,Supervised Learning,100,2024-10-21 05:27:58.321000
Mark Jackson,Serverless Architecture,100,2024-10-21 05:27:58.321000
Mark Jackson,Brand Management Online,100,2024-10-21 05:27:58.321000
Mark Jackson,Publishing Mobile Apps,100,2024-10-21 05:27:58.321000
Stacey Salas,Data Visualization with Matplotlib,100,2024-10-21 05:27:58.321000
Stacey Salas,Data Ethics,100,2024-10-21 05:27:58.321000
Stacey Salas,Data Analysis for Business Decisions,100,2024-10-21 05:27:58.321000
Stacey Salas,Data Analysis with Pandas,100,2024-10-21 05:27:58.321000
Stacey Salas,Data Cleaning & Preprocessing,100,2024-10-21 05:27:58.321000
Stacey Salas,Customer Service Skills for IT,100,2024-10-21 05:27:58.321000
Stacey Salas,Visual Design Basics,100,2024-10-21 05:27:58.321000
Stacey Salas,Interaction Design Principles,100,2024-10-21 05:27:58.321000
Stacey Salas,Google Ads Fundamentals,100,2024-10-21 05:27:58.321000
Stacey Salas,Introduction to Game Development,100,2024-10-21 05:27:58.321000
Jill Bauer,Data Visualization with Matplotlib,100,2024-10-21 05:27:58.321000
Jill Bauer,Data Analysis with Pandas,100,2024-10-21 05:27:58.321000
Jill Bauer,Data Cleaning & Preprocessing,100,2024-10-21 05:27:58.321000
Jill Bauer,Data Analysis for Business Decisions,100,2024-10-21 05:27:58.321000
Jill Bauer,Data Ethics,100,2024-10-21 05:27:58.321000
Jill Bauer,Change Management Strategies,100,2024-10-21 05:27:58.321000
Jill Bauer,Incident Response,100,2024-10-21 05:27:58.321000
Jill Bauer,Web Accessibility Standards,100,2024-10-21 05:27:58.321000
Jill Bauer,Diversity and Inclusion Initiatives,100,2024-10-21 05:27:58.321000
Jill Bauer,Analytics for Marketers,100,2024-10-21 05:27:58.321000
David Gilbert,Data Analysis for Business Decisions,100,2024-10-21 05:27:58.321000
David Gilbert,Data Analysis with Pandas,100,2024-10-21 05:27:58.321000
David Gilbert,Data Ethics,100,2024-10-21 05:27:58.321000
David Gilbert,Data Visualization with Matplotlib,100,2024-10-21 05:27:58.321000
David Gilbert,Data Cleaning & Preprocessing,100,2024-10-21 05:27:58.321000
David Gilbert,ITIL Foundations,100,2024-10-21 05:27:58.321000
David Gilbert,Personal Finance Skills,100,2024-10-21 05:27:58.321000
David Gilbert,Employee Engagement Techniques,100,2024-10-21 05:27:58.321000
David Gilbert,Graphic Design Basics for Content,100,2024-10-21 05:27:58.321000
David Gilbert,Cryptography Basics,100,2024-10-21 05:27:58.321000
David Gilbert,Blockchain Use Cases,100,2024-10-21 05:27:58.321000
David Gilbert,Blockchain Security,100,2024-10-21 05:27:58.321000
David Gilbert,Project Scheduling Techniques,100,2024-10-21 05:27:58.321000
Michael Garcia,Data Analysis for Business Decisions,100,2024-10-21 05:27:58.321000
Michael Garcia,Data Analysis with Pandas,100,2024-10-21 05:27:58.321000
Michael Garcia,Data Visualization with Matplotlib,100,2024-10-21 05:27:58.321000
Michael Garcia,Data Cleaning & Preprocessing,100,2024-10-21 05:27:58.321000
Michael Garcia,Data Ethics,100,2024-10-21 05:27:58.321000
Michael Garcia,Unsupervised Learning,100,2024-10-21 05:27:58.321000
Michael Garcia,HR Technology Tools,100,2024-10-21 05:27:58.321000
Michael Garcia,Introduction to Human Resources,100,2024-10-21 05:27:58.321000
Michael Garcia,Model Evaluation,100,2024-10-21 05:27:58.321000
Michael Garcia,Quality Management,100,2024-10-21 05:27:58.321000
Michael Garcia,Unity Basics,100,2024-10-21 05:27:58.321000
Jack Hawkins,Data Ethics,100,2024-10-21 05:27:58.321000
Jack Hawkins,Data Cleaning & Preprocessing,100,2024-10-21 05:27:58.321000
Jack Hawkins,Data Visualization with Matplotlib,100,2024-10-21 05:27:58.321000
Jack Hawkins,Data Analysis for Business Decisions,100,2024-10-21 05:27:58.321000
Jack Hawkins,Data Analysis with Pandas,100,2024-10-21 05:27:58.321000
Jack Hawkins,Financial Reporting Standards,100,2024-10-21 05:27:58.321000
Jack Hawkins,Network Security Fundamentals,100,2024-10-21 05:27:58.321000
Jack Hawkins,Ethical Hacking Basics,100,2024-10-21 05:27:58.321000
Jack Hawkins,Talent Acquisition Strategies,100,2024-10-21 05:27:58.321000
Jack Hawkins,Deep Learning Fundamentals,100,2024-10-21 05:27:58.321000
Charles Benjamin,Data Visualization with Matplotlib,100,2024-10-21 05:27:58.321000
Charles Benjamin,Data Analysis for Business Decisions,100,2024-10-21 05:27:58.321000
Charles Benjamin,Data Ethics,100,2024-10-21 05:27:58.321000
Charles Benjamin,Data Analysis with Pandas,100,2024-10-21 05:27:58.321000
Charles Benjamin,Data Cleaning & Preprocessing,100,2024-10-21 05:27:58.321000
Charles Benjamin,Introduction to Human Resources,100,2024-10-21 05:27:58.321000
Charles Benjamin,AI in IoT,100,2024-10-21 05:27:58.321000
Charles Benjamin,Investing Fundamentals,100,2024-10-21 05:27:58.321000
Charles Benjamin,ITIL Foundations,100,2024-10-21 05:27:58.321000
Charles Benjamin,Unity Basics,100,2024-10-21 05:27:58.321000
Charles Benjamin,AI in Robotics,100,2024-10-21 05:27:58.321000
Sara Jacobs,Data Analysis with Pandas,100,2024-10-21 05:27:58.321000
Sara Jacobs,Data Visualization with Matplotlib,100,2024-10-21 05:27:58.321000
Sara Jacobs,Data Analysis for Business Decisions,100,2024-10-21 05:27:58.321000
Sara Jacobs,Data Cleaning & Preprocessing,100,2024-10-21 05:27:58.321000
Sara Jacobs,Data Ethics,100,2024-10-21 05:27:58.321000
Sara Jacobs,Financial Analysis Techniques,100,2024-10-21 05:27:58.321000
Sara Jacobs,Configuration Management with Ansible,100,2024-10-21 05:27:58.321000
Sara Jacobs,Brand Management Online,100,2024-10-21 05:27:58.321000
Sara Jacobs,Supervised Learning,100,2024-10-21 05:27:58.321000
Sara Jacobs,Security Awareness for IT Support,100,2024-10-21 05:27:58.321000
Sara Jacobs,Responsive Design Principles,100,2024-10-21 05:27:58.321000
Mitchell Harris,Data Analysis for Business Decisions,100,2024-10-21 05:27:58.321000
Mitchell Harris,Data Visualization with Matplotlib,100,2024-10-21 05:27:58.321000
Mitchell Harris,Data Ethics,100,2024-10-21 05:27:58.321000
Mitchell Harris,Data Analysis with Pandas,100,2024-10-21 05:27:58.321000
Mitchell Harris,Data Cleaning & Preprocessing,100,2024-10-21 05:27:58.321000
Mitchell Harris,Backend Development Fundamentals,100,2024-10-21 05:27:58.321000
Mitchell Harris,Collaboration Tools in DevOps,100,2024-10-21 05:27:58.321000
Mitchell Harris,Ethereum Development,100,2024-10-21 05:27:58.321000
Mitchell Harris,DevOps in the Cloud,100,2024-10-21 05:27:58.321000
Mitchell Harris,Introduction to Blockchain,100,2024-10-21 05:27:58.321000
Mitchell Harris,Design Thinking Process,100,2024-10-21 05:27:58.321000
Mitchell Harris,RESTful Services,100,2024-10-21 05:27:58.321000
Mitchell Harris,HR Technology Tools,100,2024-10-21 05:27:58.321000
Mitchell Harris,Remote Support Techniques,100,2024-10-21 05:27:58.321000
Mitchell Harris,Progressive Web Apps (PWAs),100,2024-10-21 05:27:58.321000
Sandra Watkins,Data Analysis with Pandas,100,2024-10-21 05:27:58.321000
Sandra Watkins,Data Ethics,100,2024-10-21 05:27:58.321000
Sandra Watkins,Data Visualization with Matplotlib,100,2024-10-21 05:27:58.321000
Sandra Watkins,Data Analysis for Business Decisions,100,2024-10-21 05:27:58.321000
Sandra Watkins,Training and Development,100,2024-10-21 05:27:58.321000
Sandra Watkins,Ethical Hacking Basics,100,2024-10-21 05:27:58.321000
Sandra Watkins,Frontend Development Basics,100,2024-10-21 05:27:58.321000
Sandra Watkins,AI in Healthcare,100,2024-10-21 05:27:58.321000
Sandra Watkins,Tokenomics,100,2024-10-21 05:27:58.321000
Sandra Watkins,Monitoring and Logging,100,2024-10-21 05:27:58.321000
Sandra Watkins,Smart Contracts Development,100,2024-10-21 05:27:58.321000
Sandra Watkins,Unreal Engine Basics,100,2024-10-21 05:27:58.321000
Jennifer Kerr,Data Ethics,100,2024-10-21 05:27:58.322000
Jennifer Kerr,Data Analysis for Business Decisions,100,2024-10-21 05:27:58.322000
Jennifer Kerr,Data Cleaning & Preprocessing,100,2024-10-21 05:27:58.322000
Jennifer Kerr,Data Visualization with Matplotlib,100,2024-10-21 05:27:58.322000
Jennifer Kerr,Data Analysis with Pandas,100,2024-10-21 05:27:58.322000
Jennifer Kerr,Statistical Analysis,100,2024-10-21 05:27:58.322000
Jennifer Kerr,Usability Testing,100,2024-10-21 05:27:58.322000
Jennifer Kerr,Android Development Basics,100,2024-10-21 05:27:58.322000
Jennifer Kerr,Talent Acquisition Strategies,100,2024-10-21 05:27:58.322000
Jennifer Kerr,Stakeholder Analysis,100,2024-10-21 05:27:58.322000
Jennifer Kerr,Unsupervised Learning,100,2024-10-21 05:27:58.322000
Jennifer Kerr,Incident Response,100,2024-10-21 05:27:58.322000
Jennifer Kerr,Security Awareness for IT Support,100,2024-10-21 05:27:58.322000
Jennifer Kerr,Google Ads Fundamentals,100,2024-10-21 05:27:58.322000
Jennifer Kerr,Agile Project Management,100,2024-10-21 05:27:58.322000
David Bates,Data Visualization with Matplotlib,100,2024-10-21 05:27:58.322000
David Bates,Data Analysis with Pandas,100,2024-10-21 05:27:58.322000
David Bates,Data Cleaning & Preprocessing,100,2024-10-21 05:27:58.322000
David Bates,Data Ethics,100,2024-10-21 05:27:58.322000
David Bates,Data Analysis for Business Decisions,100,2024-10-21 05:27:58.322000
David Bates,Design Thinking Process,100,2024-10-21 05:27:58.322000
David Bates,Digital Sales Techniques,100,2024-10-21 05:27:58.322000
David Bates,Virtual Reality Development,100,2024-10-21 05:27:58.322000
David Bates,Closing Sales Strategies,100,2024-10-21 05:27:58.322000
David Bates,Publishing Mobile Apps,100,2024-10-21 05:27:58.322000
David Bates,Labor Laws and Compliance,100,2024-10-21 05:27:58.322000
David Bates,Sales Analytics,100,2024-10-21 05:27:58.322000
David Bates,Customer Service Skills for IT,100,2024-10-21 05:27:58.322000
Roy Pugh,Data Analysis for Business Decisions,100,2024-10-21 05:27:58.322000
Roy Pugh,Data Visualization with Matplotlib,100,2024-10-21 05:27:58.322000
Roy Pugh,Data Cleaning & Preprocessing,100,2024-10-21 05:27:58.322000
Roy Pugh,Data Ethics,100,2024-10-21 05:27:58.322000
Roy Pugh,Data Analysis with Pandas,100,2024-10-21 05:27:58.322000
Roy Pugh,Vulnerability Assessment,100,2024-10-21 05:27:58.322000
Roy Pugh,Introduction to Business Analysis,100,2024-10-21 05:27:58.322000
Roy Pugh,Risk Management in Projects,100,2024-10-21 05:27:58.322000
Roy Pugh,Google Ads Fundamentals,100,2024-10-21 05:27:58.322000
Roy Pugh,Operating Systems Overview,100,2024-10-21 05:27:58.322000
Roy Pugh,Closing Sales Strategies,100,2024-10-21 05:27:58.322000
Roy Pugh,Content Strategy Development,100,2024-10-21 05:27:58.322000
Roy Pugh,Unsupervised Learning,100,2024-10-21 05:27:58.322000
Roy Pugh,Content Management Systems (CMS),100,2024-10-21 05:27:58.322000
Roy Pugh,Performance Optimization for Mobile Apps,100,2024-10-21 05:27:58.322000
Kathleen Gonzalez,Data Cleaning & Preprocessing,100,2024-10-21 05:27:58.322000
Kathleen Gonzalez,Data Ethics,100,2024-10-21 05:27:58.322000
Kathleen Gonzalez,Data Analysis for Business Decisions,100,2024-10-21 05:27:58.322000
Kathleen Gonzalez,Data Visualization with Matplotlib,100,2024-10-21 05:27:58.322000
Kathleen Gonzalez,SEO Best Practices,100,2024-10-21 05:27:58.322000
Kathleen Gonzalez,Understanding Consumer Behavior,100,2024-10-21 05:27:58.322000
Kathleen Gonzalez,Financial Reporting Standards,100,2024-10-21 05:27:58.322000
Kathleen Gonzalez,Budgeting for Projects,100,2024-10-21 05:27:58.322000
Kathleen Gonzalez,Blockchain Security,100,2024-10-21 05:27:58.322000
Kathleen Gonzalez,Serverless Architecture,100,2024-10-21 05:27:58.322000
Kathleen Gonzalez,Machine Learning Basics,100,2024-10-21 05:27:58.322000
Kathleen Gonzalez,Content Marketing Strategies,100,2024-10-21 05:27:58.322000
Theresa Robinson,Data Ethics,100,2024-10-21 05:27:58.322000
Theresa Robinson,Data Analysis with Pandas,100,2024-10-21 05:27:58.322000
Theresa Robinson,Data Analysis for Business Decisions,100,2024-10-21 05:27:58.322000
Theresa Robinson,Data Cleaning & Preprocessing,100,2024-10-21 05:27:58.322000
Theresa Robinson,Data Visualization with Matplotlib,100,2024-10-21 05:27:58.322000
Theresa Robinson,Progressive Web Apps (PWAs),100,2024-10-21 05:27:58.322000
Theresa Robinson,Stakeholder Management,100,2024-10-21 05:27:58.322000
Theresa Robinson,Unreal Engine Basics,100,2024-10-21 05:27:58.322000
Theresa Robinson,Tokenomics,100,2024-10-21 05:27:58.322000
Theresa Robinson,Introduction to Game Development,100,2024-10-21 05:27:58.322000
Christopher Daniel,Data Analysis for Business Decisions,100,2024-10-21 05:27:58.322000
Christopher Daniel,Data Analysis with Pandas,100,2024-10-21 05:27:58.322000
Christopher Daniel,Data Ethics,100,2024-10-21 05:27:58.322000
Christopher Daniel,Data Visualization with Matplotlib,100,2024-10-21 05:27:58.322000
Christopher Daniel,Data Cleaning & Preprocessing,100,2024-10-21 05:27:58.322000
Christopher Daniel,SEO Fundamentals,100,2024-10-21 05:27:58.322000
Christopher Daniel,Conflict Resolution in HR,100,2024-10-21 05:27:58.322000
Christopher Daniel,Investing Fundamentals,100,2024-10-21 05:27:58.322000
Christopher Daniel,SEO for Content Creators,100,2024-10-21 05:27:58.322000
Christopher Daniel,Multiplayer Game Development,100,2024-10-21 05:27:58.322000
Jerome Jones,Data Ethics,100,2024-10-21 05:27:58.322000
Jerome Jones,Data Analysis for Business Decisions,100,2024-10-21 05:27:58.322000
Jerome Jones,Data Cleaning & Preprocessing,100,2024-10-21 05:27:58.322000
Jerome Jones,Data Visualization with Matplotlib,100,2024-10-21 05:27:58.322000
Jerome Jones,Data Analysis with Pandas,100,2024-10-21 05:27:58.322000
Jerome Jones,Smart Contracts Development,100,2024-10-21 05:27:58.322000
Jerome Jones,Digital Sales Techniques,100,2024-10-21 05:27:58.322000
Jerome Jones,User Research Techniques,100,2024-10-21 05:27:58.322000
Jerome Jones,Computer Vision Applications,100,2024-10-21 05:27:58.322000
Jerome Jones,Employee Engagement Techniques,100,2024-10-21 05:27:58.322000
Jerome Jones,Closing Sales Strategies,100,2024-10-21 05:27:58.322000
Jerome Jones,Penetration Testing,100,2024-10-21 05:27:58.322000
Jerome Jones,Introduction to Game Development,100,2024-10-21 05:27:58.322000
Jerome Jones,Investing Fundamentals,100,2024-10-21 05:27:58.322000
Troy Nelson,Data Cleaning & Preprocessing,100,2024-10-21 05:27:58.322000
Troy Nelson,Data Visualization with Matplotlib,100,2024-10-21 05:27:58.322000
Troy Nelson,Data Ethics,100,2024-10-21 05:27:58.322000
Troy Nelson,Data Analysis for Business Decisions,100,2024-10-21 05:27:58.322000
Troy Nelson,Data Analysis with Pandas,100,2024-10-21 05:27:58.322000
Troy Nelson,Collaboration Tools in DevOps,100,2024-10-21 05:27:58.322000
Troy Nelson,Presentation Skills for Business Analysts,100,2024-10-21 05:27:58.322000
Troy Nelson,Networking Basics,100,2024-10-21 05:27:58.322000
Troy Nelson,AI in IoT,100,2024-10-21 05:27:58.322000
Troy Nelson,Google Ads Fundamentals,100,2024-10-21 05:27:58.322000
John Woods,Data Cleaning & Preprocessing,100,2024-10-21 05:27:58.322000
John Woods,Data Analysis for Business Decisions,100,2024-10-21 05:27:58.322000
John Woods,Data Ethics,100,2024-10-21 05:27:58.322000
John Woods,Data Visualization with Matplotlib,100,2024-10-21 05:27:58.322000
John Woods,Data Analysis with Pandas,100,2024-10-21 05:27:58.322000
John Woods,Customer Service Skills for IT,100,2024-10-21 05:27:58.322000
John Woods,Blockchain Security,100,2024-10-21 05:27:58.322000
John Woods,Vulnerability Assessment,100,2024-10-21 05:27:58.322000
John Woods,Stakeholder Management,100,2024-10-21 05:27:58.322000
John Woods,Frontend Development Basics,100,2024-10-21 05:27:58.322000
John Woods,API Integration in Mobile Apps,100,2024-10-21 05:27:58.322000
Samantha Rosales,Data Analysis with Pandas,100,2024-10-21 05:27:58.322000
Samantha Rosales,Data Cleaning & Preprocessing,100,2024-10-21 05:27:58.322000
Samantha Rosales,Data Ethics,100,2024-10-21 05:27:58.322000
Samantha Rosales,Data Analysis for Business Decisions,100,2024-10-21 05:27:58.322000
Samantha Rosales,Data Visualization with Matplotlib,100,2024-10-21 05:27:58.322000
Samantha Rosales,Collaboration Tools in DevOps,100,2024-10-21 05:27:58.322000
Samantha Rosales,Android Development Basics,100,2024-10-21 05:27:58.322000
Samantha Rosales,Game Monetization Strategies,100,2024-10-21 05:27:58.322000
Samantha Rosales,Frontend Development Basics,100,2024-10-21 05:27:58.322000
Samantha Rosales,Content Management Systems (CMS),100,2024-10-21 05:27:58.322000
Samantha Rosales,Sales Analytics,100,2024-10-21 05:27:58.322000
Samantha Rosales,Game Testing Techniques,100,2024-10-21 05:27:58.322000
Kathryn Morgan,Data Cleaning & Preprocessing,100,2024-10-21 05:27:58.322000
Kathryn Morgan,Data Visualization with Matplotlib,100,2024-10-21 05:27:58.322000
Kathryn Morgan,Data Analysis with Pandas,100,2024-10-21 05:27:58.322000
Kathryn Morgan,Data Ethics,100,2024-10-21 05:27:58.322000
Kathryn Morgan,Data Analysis for Business Decisions,100,2024-10-21 05:27:58.322000
Kathryn Morgan,Conversion Rate Optimization,100,2024-10-21 05:27:58.322000
Kathryn Morgan,Introduction to DevOps,100,2024-10-21 05:27:58.322000
Kathryn Morgan,Stakeholder Analysis,100,2024-10-21 05:27:58.322000
Kathryn Morgan,E-commerce Development Basics,100,2024-10-21 05:27:58.322000
Kathryn Morgan,Performance Optimization for Mobile Apps,100,2024-10-21 05:27:58.322000
Kathryn Morgan,Conflict Resolution in HR,100,2024-10-21 05:27:58.322000
Kathryn Morgan,Penetration Testing,100,2024-10-21 05:27:58.322000
Kathryn Morgan,Monitoring and Logging,100,2024-10-21 05:27:58.322000
Kathryn Morgan,AI in IoT,100,2024-10-21 05:27:58.322000
Kathryn Morgan,Sales Fundamentals,100,2024-10-21 05:27:58.322000
Andrew Jackson,Data Visualization with Matplotlib,100,2024-10-21 05:27:58.322000
Andrew Jackson,Data Analysis with Pandas,100,2024-10-21 05:27:58.322000
Andrew Jackson,Data Cleaning & Preprocessing,100,2024-10-21 05:27:58.322000
Andrew Jackson,Data Analysis for Business Decisions,100,2024-10-21 05:27:58.322000
Andrew Jackson,Usability Testing,100,2024-10-21 05:27:58.322000
Andrew Jackson,RESTful Services,100,2024-10-21 05:27:58.322000
Andrew Jackson,Microservices in Cloud,100,2024-10-21 05:27:58.322000
Andrew Jackson,Email Marketing Basics,100,2024-10-21 05:27:58.322000
Andrew Jackson,Introduction to AI,100,2024-10-21 05:27:58.322000
Andrew Jackson,Stakeholder Management,100,2024-10-21 05:27:58.322000
Andrew Jackson,SEO for Content Creators,100,2024-10-21 05:27:58.322000
Andrew Jackson,iOS Development Basics,100,2024-10-21 05:27:58.322000
Richard Robertson,Data Ethics,100,2024-10-21 05:27:58.322000
Richard Robertson,Data Visualization with Matplotlib,100,2024-10-21 05:27:58.322000
Richard Robertson,Data Analysis with Pandas,100,2024-10-21 05:27:58.322000
Richard Robertson,Data Cleaning & Preprocessing,100,2024-10-21 05:27:58.322000
Richard Robertson,Data Analysis for Business Decisions,100,2024-10-21 05:27:58.322000
Richard Robertson,User Research Techniques,100,2024-10-21 05:27:58.322000
Richard Robertson,Risk Analysis and Management,100,2024-10-21 05:27:58.322000
Richard Robertson,Predictive Analytics,100,2024-10-21 05:27:58.322000
Richard Robertson,API Integration in Mobile Apps,100,2024-10-21 05:27:58.322000
Richard Robertson,Progressive Web Apps (PWAs),100,2024-10-21 05:27:58.322000
Richard Robertson,Google Cloud Platform Essentials,100,2024-10-21 05:27:58.322000
Richard Robertson,Reinforcement Learning,100,2024-10-21 05:27:58.322000
Richard Robertson,SEO for Content Creators,100,2024-10-21 05:27:58.322000
Richard Robertson,Introduction to IT Support,100,2024-10-21 05:27:58.322000
Robert Castro,Data Analysis with Pandas,100,2024-10-21 05:27:58.323000
Robert Castro,Data Visualization with Matplotlib,100,2024-10-21 05:27:58.323000
Robert Castro,Data Cleaning & Preprocessing,100,2024-10-21 05:27:58.323000
Robert Castro,Data Ethics,100,2024-10-21 05:27:58.323000
Robert Castro,Data Analysis for Business Decisions,100,2024-10-21 05:27:58.323000
Robert Castro,AI for Business,100,2024-10-21 05:27:58.323000
Robert Castro,Time Management for Sales,100,2024-10-21 05:27:58.323000
Robert Castro,Closing Sales Strategies,100,2024-10-21 05:27:58.323000
Robert Castro,Hardware Repair Skills,100,2024-10-21 05:27:58.323000
Robert Castro,Google Ads Fundamentals,100,2024-10-21 05:27:58.323000
Robert Castro,Financial Analysis Techniques,100,2024-10-21 05:27:58.323000
Robert Castro,Customer Service Skills for IT,100,2024-10-21 05:27:58.323000
Marissa George,Data Visualization with Matplotlib,100,2024-10-21 05:27:58.323000
Marissa George,Data Analysis with Pandas,100,2024-10-21 05:27:58.323000
Marissa George,Data Ethics,100,2024-10-21 05:27:58.323000
Marissa George,Data Analysis for Business Decisions,100,2024-10-21 05:27:58.323000
Marissa George,Data Cleaning & Preprocessing,100,2024-10-21 05:27:58.323000
Marissa George,Containerization with Docker,100,2024-10-21 05:27:58.323000
Marissa George,Introduction to Game Development,100,2024-10-21 05:27:58.323000
Marissa George,Ethereum Development,100,2024-10-21 05:27:58.323000
Marissa George,Blockchain Use Cases,100,2024-10-21 05:27:58.323000
Marissa George,Introduction to Human Resources,100,2024-10-21 05:27:58.323000
Marissa George,Training and Development,100,2024-10-21 05:27:58.323000
Marissa George,Budgeting Basics,100,2024-10-21 05:27:58.323000
Marissa George,Influencer Marketing,100,2024-10-21 05:27:58.323000
Marissa George,Performance Optimization for Mobile Apps,100,2024-10-21 05:27:58.323000
Marissa George,Analytics for Marketers,100,2024-10-21 05:27:58.323000
Bethany Pitts,Data Analysis for Business Decisions,100,2024-10-21 05:27:58.323000
Bethany Pitts,Data Ethics,100,2024-10-21 05:27:58.323000
Bethany Pitts,Data Cleaning & Preprocessing,100,2024-10-21 05:27:58.323000
Bethany Pitts,Data Analysis with Pandas,100,2024-10-21 05:27:58.323000
Bethany Pitts,Data Visualization with Matplotlib,100,2024-10-21 05:27:58.323000
Bethany Pitts,Cloud Cost Management,100,2024-10-21 05:27:58.323000
Bethany Pitts,Customer Service Excellence,100,2024-10-21 05:27:58.323000
Bethany Pitts,Conversion Rate Optimization,100,2024-10-21 05:27:58.323000
Bethany Pitts,Statistical Analysis,100,2024-10-21 05:27:58.323000
Bethany Pitts,Incident Response,100,2024-10-21 05:27:58.323000
Bethany Pitts,Troubleshooting Techniques,100,2024-10-21 05:27:58.323000
Matthew Graham,Data Visualization with Matplotlib,100,2024-10-21 05:27:58.323000
Matthew Graham,Data Ethics,100,2024-10-21 05:27:58.323000
Matthew Graham,Data Analysis for Business Decisions,100,2024-10-21 05:27:58.323000
Matthew Graham,Data Cleaning & Preprocessing,100,2024-10-21 05:27:58.323000
Matthew Graham,Data Analysis with Pandas,100,2024-10-21 05:27:58.323000
Matthew Graham,Sales Analytics,100,2024-10-21 05:27:58.323000
Matthew Graham,Change Management,100,2024-10-21 05:27:58.323000
Matthew Graham,SEO for Content Creators,100,2024-10-21 05:27:58.323000
Matthew Graham,Risk Management in Finance,100,2024-10-21 05:27:58.323000
Matthew Graham,Hardware Repair Skills,100,2024-10-21 05:27:58.323000
Matthew Graham,Unsupervised Learning,100,2024-10-21 05:27:58.323000
Nancy Davis,Data Visualization with Matplotlib,100,2024-10-21 05:27:58.323000
Nancy Davis,Data Analysis with Pandas,100,2024-10-21 05:27:58.323000
Nancy Davis,Data Cleaning & Preprocessing,100,2024-10-21 05:27:58.323000
Nancy Davis,Data Analysis for Business Decisions,100,2024-10-21 05:27:58.323000
Nancy Davis,Data Ethics,100,2024-10-21 05:27:58.323000
Nancy Davis,Introduction to UI/UX Design,100,2024-10-21 05:27:58.323000
Nancy Davis,Introduction to AI,100,2024-10-21 05:27:58.323000
Nancy Davis,JavaScript Frameworks Overview,100,2024-10-21 05:27:58.323000
Nancy Davis,Risk Analysis and Management,100,2024-10-21 05:27:58.323000
Nancy Davis,Agile Methodologies,100,2024-10-21 05:27:58.323000
Nancy Davis,Git & GitHub,100,2024-10-21 05:27:58.323000
Nancy Davis,Introduction to Business Analysis,100,2024-10-21 05:27:58.323000
Nancy Davis,Smart Contracts Development,100,2024-10-21 05:27:58.323000
Nancy Davis,Microservices in Cloud,100,2024-10-21 05:27:58.323000
Nancy Davis,Natural Language Processing Techniques,100,2024-10-21 05:27:58.323000
Jerry Dillon,Data Cleaning & Preprocessing,100,2024-10-21 05:27:58.323000
Jerry Dillon,Data Analysis for Business Decisions,100,2024-10-21 05:27:58.323000
Jerry Dillon,Data Analysis with Pandas,100,2024-10-21 05:27:58.323000
Jerry Dillon,Data Visualization with Matplotlib,100,2024-10-21 05:27:58.323000
Jerry Dillon,Data Ethics,100,2024-10-21 05:27:58.323000
Jerry Dillon,MongoDB,100,2024-10-21 05:27:58.323000
Jerry Dillon,Microservices in Cloud,100,2024-10-21 05:27:58.323000
Jerry Dillon,Ethereum Development,100,2024-10-21 05:27:58.323000
Jerry Dillon,Understanding Financial Markets,100,2024-10-21 05:27:58.323000
Jerry Dillon,Graphic Design Basics for Content,100,2024-10-21 05:27:58.323000
Sean Martinez,Data Analysis for Business Decisions,100,2024-10-21 05:27:58.323000
Sean Martinez,Data Ethics,100,2024-10-21 05:27:58.323000
Sean Martinez,Data Cleaning & Preprocessing,100,2024-10-21 05:27:58.323000
Sean Martinez,Data Visualization with Matplotlib,100,2024-10-21 05:27:58.323000
Sean Martinez,Data Analysis with Pandas,100,2024-10-21 05:27:58.323000
Sean Martinez,Network Security Fundamentals,100,2024-10-21 05:27:58.323000
Sean Martinez,Introduction to AI,100,2024-10-21 05:27:58.323000
Sean Martinez,Time Management for Sales,100,2024-10-21 05:27:58.323000
Sean Martinez,Introduction to Content Creation,100,2024-10-21 05:27:58.323000
Sean Martinez,Malware Analysis,100,2024-10-21 05:27:58.323000
Sean Martinez,Web Application Security,100,2024-10-21 05:27:58.323000
Sean Martinez,Agile Methodologies,100,2024-10-21 05:27:58.323000
Scott Hansen,Data Ethics,100,2024-10-21 05:27:58.323000
Scott Hansen,Data Analysis for Business Decisions,100,2024-10-21 05:27:58.323000
Scott Hansen,Data Cleaning & Preprocessing,100,2024-10-21 05:27:58.323000
Scott Hansen,Data Visualization with Matplotlib,100,2024-10-21 05:27:58.323000
Scott Hansen,Data Analysis with Pandas,100,2024-10-21 05:27:58.323000
Scott Hansen,Customer Service Excellence,100,2024-10-21 05:27:58.323000
Scott Hansen,Vulnerability Assessment,100,2024-10-21 05:27:58.323000
Scott Hansen,Social Media Marketing,100,2024-10-21 05:27:58.323000
Scott Hansen,API Integration in Mobile Apps,100,2024-10-21 05:27:58.323000
Scott Hansen,Monitoring and Logging,100,2024-10-21 05:27:58.323000
Scott Hansen,Performance Management Systems,100,2024-10-21 05:27:58.323000
Scott Hansen,Version Control with Git,100,2024-10-21 05:27:58.323000
Scott Hansen,Training and Development,100,2024-10-21 05:27:58.323000
Scott Hansen,Communication Skills for Project Managers,100,2024-10-21 05:27:58.323000
Nathan Lynch,Data Analysis for Business Decisions,100,2024-10-21 05:27:58.323000
Nathan Lynch,Data Ethics,100,2024-10-21 05:27:58.323000
Nathan Lynch,Data Analysis with Pandas,100,2024-10-21 05:27:58.323000
Nathan Lynch,Data Cleaning & Preprocessing,100,2024-10-21 05:27:58.323000
Nathan Lynch,Data Visualization with Matplotlib,100,2024-10-21 05:27:58.323000
Nathan Lynch,Game Monetization Strategies,100,2024-10-21 05:27:58.323000
Nathan Lynch,Change Management,100,2024-10-21 05:27:58.323000
Nathan Lynch,Virtual Reality Development,100,2024-10-21 05:27:58.323000
Nathan Lynch,Stakeholder Management,100,2024-10-21 05:27:58.323000
Nathan Lynch,Git & GitHub,100,2024-10-21 05:27:58.323000
Nathan Lynch,Cloud Security Best Practices,100,2024-10-21 05:27:58.323000
Nathan Lynch,Blockchain Use Cases,100,2024-10-21 05:27:58.323000
Nathan Lynch,SEO Fundamentals,100,2024-10-21 05:27:58.323000
Nathan Lynch,Conversion Rate Optimization,100,2024-10-21 05:27:58.323000
Megan Mejia,Data Analysis for Business Decisions,100,2024-10-21 05:27:58.323000
Megan Mejia,Data Ethics,100,2024-10-21 05:27:58.323000
Megan Mejia,Data Analysis with Pandas,100,2024-10-21 05:27:58.323000
Megan Mejia,Data Cleaning & Preprocessing,100,2024-10-21 05:27:58.323000
Megan Mejia,Data Visualization with Matplotlib,100,2024-10-21 05:27:58.323000
Megan Mejia,Business Process Modeling,100,2024-10-21 05:27:58.323000
Megan Mejia,E-commerce Development Basics,100,2024-10-21 05:27:58.323000
Megan Mejia,Smart Contracts Development,100,2024-10-21 05:27:58.323000
Megan Mejia,Introduction to Business Analysis,100,2024-10-21 05:27:58.323000
Megan Mejia,SEO Fundamentals,100,2024-10-21 05:27:58.323000
Megan Mejia,Negotiation Techniques,100,2024-10-21 05:27:58.323000
Kim Garcia,Data Visualization with Matplotlib,100,2024-10-21 05:27:58.323000
Kim Garcia,Data Ethics,100,2024-10-21 05:27:58.323000
Kim Garcia,Data Analysis for Business Decisions,100,2024-10-21 05:27:58.323000
Kim Garcia,Data Analysis with Pandas,100,2024-10-21 05:27:58.323000
Kim Garcia,Web Application Security,100,2024-10-21 05:27:58.323000
Kim Garcia,HR Analytics,100,2024-10-21 05:27:58.323000
Kim Garcia,Big Data with Spark,100,2024-10-21 05:27:58.323000
Kim Garcia,Introduction to Blockchain,100,2024-10-21 05:27:58.323000
Kim Garcia,Security in Cloud Computing,100,2024-10-21 05:27:58.323000
Kim Garcia,Continuous Integration and Delivery,100,2024-10-21 05:27:58.323000
Kim Garcia,Ethereum Development,100,2024-10-21 05:27:58.323000
Kim Garcia,Introduction to Machine Learning,100,2024-10-21 05:27:58.323000
Erin Beltran,Data Ethics,100,2024-10-21 05:27:58.323000
Erin Beltran,Data Analysis for Business Decisions,100,2024-10-21 05:27:58.323000
Erin Beltran,Data Analysis with Pandas,100,2024-10-21 05:27:58.323000
Erin Beltran,Data Visualization with Matplotlib,100,2024-10-21 05:27:58.323000
Erin Beltran,Data Cleaning & Preprocessing,100,2024-10-21 05:27:58.323000
Erin Beltran,Communication Skills for Project Managers,100,2024-10-21 05:27:58.323000
Erin Beltran,Sales Analytics,100,2024-10-21 05:27:58.323000
Erin Beltran,Project Management Tools Overview,100,2024-10-21 05:27:58.323000
Erin Beltran,Performance Optimization for Mobile Apps,100,2024-10-21 05:27:58.323000
Erin Beltran,Closing Sales Strategies,100,2024-10-21 05:27:58.323000
Erin Beltran,Influencer Marketing,100,2024-10-21 05:27:58.323000
Erin Beltran,Budgeting Basics,100,2024-10-21 05:27:58.323000
Erin Beltran,Financial Analysis Techniques,100,2024-10-21 05:27:58.323000
Erin Beltran,Progressive Web Apps (PWAs),100,2024-10-21 05:27:58.323000
Jessica Moore,Data Analysis with Pandas,100,2024-10-21 05:27:58.323000
Jessica Moore,Data Cleaning & Preprocessing,100,2024-10-21 05:27:58.323000
Jessica Moore,Data Ethics,100,2024-10-21 05:27:58.323000
Jessica Moore,Data Analysis for Business Decisions,100,2024-10-21 05:27:58.323000
Jessica Moore,Data Visualization with Matplotlib,100,2024-10-21 05:27:58.323000
Jessica Moore,Conflict Resolution in HR,100,2024-10-21 05:27:58.323000
Jessica Moore,Game Testing Techniques,100,2024-10-21 05:27:58.323000
Jessica Moore,Financial Reporting Standards,100,2024-10-21 05:27:58.323000
Jessica Moore,Network Security Fundamentals,100,2024-10-21 05:27:58.323000
Jessica Moore,Diversity and Inclusion Initiatives,100,2024-10-21 05:27:58.323000
Jessica Moore,Blockchain Security,100,2024-10-21 05:27:58.324000
Jessica Moore,Python for Data Science,100,2024-10-21 05:27:58.324000
Robert Jarvis,Data Analysis for Business Decisions,100,2024-10-21 05:27:58.324000
Robert Jarvis,Data Analysis with Pandas,100,2024-10-21 05:27:58.324000
Robert Jarvis,Data Cleaning & Preprocessing,100,2024-10-21 05:27:58.324000
Robert Jarvis,Data Visualization with Matplotlib,100,2024-10-21 05:27:58.324000
Robert Jarvis,Data Ethics,100,2024-10-21 05:27:58.324000
Robert Jarvis,Unity Basics,100,2024-10-21 05:27:58.324000
Robert Jarvis,Cloud Cost Management,100,2024-10-21 05:27:58.324000
Robert Jarvis,Editing and Proofreading Techniques,100,2024-10-21 05:27:58.324000
Robert Jarvis,Affiliate Marketing,100,2024-10-21 05:27:58.324000
Robert Jarvis,Malware Analysis,100,2024-10-21 05:27:58.324000
Robert Jarvis,App Monetization Strategies,100,2024-10-21 05:27:58.324000
Taylor Green,Data Analysis for Business Decisions,100,2024-10-21 05:27:58.324000
Taylor Green,Data Ethics,100,2024-10-21 05:27:58.324000
Taylor Green,Data Analysis with Pandas,100,2024-10-21 05:27:58.324000
Taylor Green,Data Visualization with Matplotlib,100,2024-10-21 05:27:58.324000
Taylor Green,Reinforcement Learning,100,2024-10-21 05:27:58.324000
Taylor Green,Introduction to IT Support,100,2024-10-21 05:27:58.324000
Taylor Green,Usability Testing,100,2024-10-21 05:27:58.324000
Taylor Green,Troubleshooting Techniques,100,2024-10-21 05:27:58.324000
Taylor Green,Performance Management Systems,100,2024-10-21 05:27:58.324000
Taylor Green,Digital Sales Techniques,100,2024-10-21 05:27:58.324000
Taylor Green,Introduction to Game Development,100,2024-10-21 05:27:58.324000
George Duncan,Data Ethics,100,2024-10-21 05:27:58.324000
George Duncan,Data Analysis for Business Decisions,100,2024-10-21 05:27:58.324000
George Duncan,Data Analysis with Pandas,100,2024-10-21 05:27:58.324000
George Duncan,Data Visualization with Matplotlib,100,2024-10-21 05:27:58.324000
George Duncan,Data Cleaning & Preprocessing,100,2024-10-21 05:27:58.324000
George Duncan,Introduction to Game Development,100,2024-10-21 05:27:58.324000
George Duncan,Brand Management Online,100,2024-10-21 05:27:58.324000
George Duncan,Introduction to IT Support,100,2024-10-21 05:27:58.324000
George Duncan,AWS Fundamentals,100,2024-10-21 05:27:58.324000
George Duncan,Influencer Marketing,100,2024-10-21 05:27:58.324000
Melinda Davis,Data Ethics,100,2024-10-21 05:27:58.324000
Melinda Davis,Data Analysis with Pandas,100,2024-10-21 05:27:58.324000
Melinda Davis,Data Analysis for Business Decisions,100,2024-10-21 05:27:58.324000
Melinda Davis,Data Visualization with Matplotlib,100,2024-10-21 05:27:58.324000
Melinda Davis,Data Cleaning & Preprocessing,100,2024-10-21 05:27:58.324000
Melinda Davis,Digital Sales Techniques,100,2024-10-21 05:27:58.324000
Melinda Davis,Security Awareness for IT Support,100,2024-10-21 05:27:58.324000
Melinda Davis,Game Monetization Strategies,100,2024-10-21 05:27:58.324000
Melinda Davis,Investing Fundamentals,100,2024-10-21 05:27:58.324000
Melinda Davis,Change Management Strategies,100,2024-10-21 05:27:58.324000
Melinda Davis,Supervised Learning,100,2024-10-21 05:27:58.324000
Melinda Davis,Computer Vision Applications,100,2024-10-21 05:27:58.324000
Andrew Strong,Data Analysis with Pandas,100,2024-10-21 05:27:58.324000
Andrew Strong,Data Analysis for Business Decisions,100,2024-10-21 05:27:58.324000
Andrew Strong,Data Visualization with Matplotlib,100,2024-10-21 05:27:58.324000
Andrew Strong,Data Ethics,100,2024-10-21 05:27:58.324000
Andrew Strong,Data Cleaning & Preprocessing,100,2024-10-21 05:27:58.324000
Andrew Strong,Consensus Algorithms,100,2024-10-21 05:27:58.324000
Andrew Strong,3D Game Development,100,2024-10-21 05:27:58.324000
Andrew Strong,Web Performance Optimization,100,2024-10-21 05:27:58.324000
Andrew Strong,Hyperledger Basics,100,2024-10-21 05:27:58.324000
Andrew Strong,Risk Management in Projects,100,2024-10-21 05:27:58.324000
Andrew Strong,Project Scheduling Techniques,100,2024-10-21 05:27:58.324000
Andrew Strong,Blogging for Beginners,100,2024-10-21 05:27:58.324000
Andrew Strong,Project Management Basics,100,2024-10-21 05:27:58.324000
Andrew Strong,Game Testing Techniques,100,2024-10-21 05:27:58.324000
Jane Stephens,Data Ethics,100,2024-10-21 05:27:58.324000
Jane Stephens,Data Visualization with Matplotlib,100,2024-10-21 05:27:58.324000
Jane Stephens,Data Cleaning & Preprocessing,100,2024-10-21 05:27:58.324000
Jane Stephens,Data Analysis with Pandas,100,2024-10-21 05:27:58.324000
Jane Stephens,Data Analysis for Business Decisions,100,2024-10-21 05:27:58.324000
Jane Stephens,Infrastructure as Code,100,2024-10-21 05:27:58.324000
Jane Stephens,Blogging for Beginners,100,2024-10-21 05:27:58.324000
Jane Stephens,Blockchain Security,100,2024-10-21 05:27:58.324000
Jane Stephens,Natural Language Processing,100,2024-10-21 05:27:58.324000
Jane Stephens,Risk Analysis and Management,100,2024-10-21 05:27:58.324000
Jane Stephens,Introduction to Blockchain,100,2024-10-21 05:27:58.324000
Jane Stephens,Node.js,100,2024-10-21 05:27:58.324000
Andrew Turner,Data Analysis with Pandas,100,2024-10-21 05:27:58.324000
Andrew Turner,Data Visualization with Matplotlib,100,2024-10-21 05:27:58.324000
Andrew Turner,Data Ethics,100,2024-10-21 05:27:58.324000
Andrew Turner,Data Cleaning & Preprocessing,100,2024-10-21 05:27:58.324000
Andrew Turner,Data Analysis for Business Decisions,100,2024-10-21 05:27:58.324000
Andrew Turner,Model Evaluation,100,2024-10-21 05:27:58.324000
Andrew Turner,Introduction to Finance,100,2024-10-21 05:27:58.324000
Andrew Turner,Diversity and Inclusion Initiatives,100,2024-10-21 05:27:58.324000
Andrew Turner,Python for Data Science,100,2024-10-21 05:27:58.324000
Andrew Turner,Design Tools Overview,100,2024-10-21 05:27:58.324000
Andrew Turner,Supervised Learning,100,2024-10-21 05:27:58.324000
Dr. Brenda Faulkner,Data Ethics,100,2024-10-21 05:27:58.324000
Dr. Brenda Faulkner,Data Cleaning & Preprocessing,100,2024-10-21 05:27:58.324000
Dr. Brenda Faulkner,Data Analysis with Pandas,100,2024-10-21 05:27:58.324000
Dr. Brenda Faulkner,Data Visualization with Matplotlib,100,2024-10-21 05:27:58.324000
Dr. Brenda Faulkner,Data Analysis for Business Decisions,100,2024-10-21 05:27:58.324000
Dr. Brenda Faulkner,Social Media Content Creation,100,2024-10-21 05:27:58.324000
Dr. Brenda Faulkner,Financial Planning and Forecasting,100,2024-10-21 05:27:58.324000
Dr. Brenda Faulkner,Ethics in AI,100,2024-10-21 05:27:58.324000
Dr. Brenda Faulkner,Responsive Design Principles,100,2024-10-21 05:27:58.324000
Dr. Brenda Faulkner,Sales Analytics,100,2024-10-21 05:27:58.324000
Dr. Brenda Faulkner,Microservices in Cloud,100,2024-10-21 05:27:58.324000
Dr. Brenda Faulkner,Big Data with Spark,100,2024-10-21 05:27:58.324000
Dr. Brenda Faulkner,Hardware Repair Skills,100,2024-10-21 05:27:58.324000
Dr. Brenda Faulkner,Google Ads Fundamentals,100,2024-10-21 05:27:58.324000
Jonathan Strickland,Data Ethics,100,2024-10-21 05:27:58.324000
Jonathan Strickland,Data Analysis with Pandas,100,2024-10-21 05:27:58.324000
Jonathan Strickland,Data Cleaning & Preprocessing,100,2024-10-21 05:27:58.324000
Jonathan Strickland,Data Visualization with Matplotlib,100,2024-10-21 05:27:58.324000
Jonathan Strickland,Data Analysis for Business Decisions,100,2024-10-21 05:27:58.324000
Jonathan Strickland,Investing Fundamentals,100,2024-10-21 05:27:58.324000
Jonathan Strickland,Remote Support Techniques,100,2024-10-21 05:27:58.324000
Jonathan Strickland,Unsupervised Learning,100,2024-10-21 05:27:58.324000
Jonathan Strickland,Cryptocurrency Fundamentals,100,2024-10-21 05:27:58.324000
Jonathan Strickland,Agile Methodologies,100,2024-10-21 05:27:58.324000
Jonathan Strickland,Introduction to Business Analysis,100,2024-10-21 05:27:58.324000
Jonathan Strickland,Talent Acquisition Strategies,100,2024-10-21 05:27:58.324000
Jonathan Strickland,Microservices in Cloud,100,2024-10-21 05:27:58.324000
Jonathan Strickland,Backend Development Fundamentals,100,2024-10-21 05:27:58.324000
Jonathan Strickland,Sales Fundamentals,100,2024-10-21 05:27:58.324000
Shannon Wilcox,Data Analysis for Business Decisions,100,2024-10-21 05:27:58.324000
Shannon Wilcox,Data Ethics,100,2024-10-21 05:27:58.324000
Shannon Wilcox,Data Visualization with Matplotlib,100,2024-10-21 05:27:58.324000
Shannon Wilcox,Data Cleaning & Preprocessing,100,2024-10-21 05:27:58.324000
Shannon Wilcox,Data Analysis with Pandas,100,2024-10-21 05:27:58.324000
Shannon Wilcox,Introduction to Human Resources,100,2024-10-21 05:27:58.324000
Shannon Wilcox,Unity Basics,100,2024-10-21 05:27:58.324000
Shannon Wilcox,Budgeting for Projects,100,2024-10-21 05:27:58.324000
Shannon Wilcox,Natural Language Processing,100,2024-10-21 05:27:58.324000
Shannon Wilcox,Social Media Content Creation,100,2024-10-21 05:27:58.324000
Shannon Wilcox,Cryptography Basics,100,2024-10-21 05:27:58.324000
Shannon Wilcox,Unsupervised Learning,100,2024-10-21 05:27:58.324000
Shannon Wilcox,Mobile Testing Strategies,100,2024-10-21 05:27:58.324000
Shannon Wilcox,Cloud Security Best Practices,100,2024-10-21 05:27:58.324000
Shannon Wilcox,Risk Management in Cybersecurity,100,2024-10-21 05:27:58.324000
Veronica Nelson,Data Ethics,100,2024-10-21 05:27:58.324000
Veronica Nelson,Data Analysis for Business Decisions,100,2024-10-21 05:27:58.324000
Veronica Nelson,Data Analysis with Pandas,100,2024-10-21 05:27:58.324000
Veronica Nelson,Data Cleaning & Preprocessing,100,2024-10-21 05:27:58.324000
Veronica Nelson,Data Visualization with Matplotlib,100,2024-10-21 05:27:58.324000
Veronica Nelson,Visual Design Basics,100,2024-10-21 05:27:58.324000
Veronica Nelson,Web Application Security,100,2024-10-21 05:27:58.324000
Veronica Nelson,Project Management Basics,100,2024-10-21 05:27:58.324000
Veronica Nelson,HTML & CSS,100,2024-10-21 05:27:58.324000
Veronica Nelson,Conversion Rate Optimization,100,2024-10-21 05:27:58.324000
John Davis,Data Analysis for Business Decisions,100,2024-10-21 05:27:58.324000
John Davis,Data Visualization with Matplotlib,100,2024-10-21 05:27:58.324000
John Davis,Data Ethics,100,2024-10-21 05:27:58.324000
John Davis,Data Cleaning & Preprocessing,100,2024-10-21 05:27:58.324000
John Davis,Data Analysis with Pandas,100,2024-10-21 05:27:58.324000
John Davis,Network Security Fundamentals,100,2024-10-21 05:27:58.324000
John Davis,Budgeting for Projects,100,2024-10-21 05:27:58.324000
John Davis,Operating Systems Overview,100,2024-10-21 05:27:58.324000
John Davis,Influencer Marketing,100,2024-10-21 05:27:58.324000
John Davis,Email Marketing Basics,100,2024-10-21 05:27:58.324000
John Davis,Serverless Architecture,100,2024-10-21 05:27:58.324000
John Davis,API Integration in Mobile Apps,100,2024-10-21 05:27:58.324000
Gregory Shea,Data Cleaning & Preprocessing,100,2024-10-21 05:27:58.324000
Gregory Shea,Data Analysis with Pandas,100,2024-10-21 05:27:58.324000
Gregory Shea,Data Visualization with Matplotlib,100,2024-10-21 05:27:58.324000
Gregory Shea,Data Ethics,100,2024-10-21 05:27:58.324000
Gregory Shea,Data Analysis for Business Decisions,100,2024-10-21 05:27:58.324000
Gregory Shea,Communication Skills for Project Managers,100,2024-10-21 05:27:58.324000
Gregory Shea,Security in Cloud Computing,100,2024-10-21 05:27:58.324000
Gregory Shea,Networking Basics,100,2024-10-21 05:27:58.324000
Gregory Shea,Financial Planning and Forecasting,100,2024-10-21 05:27:58.324000
Gregory Shea,Machine Learning Basics,100,2024-10-21 05:27:58.324000
Brenda Oconnell,Data Analysis for Business Decisions,100,2024-10-21 05:27:58.325000
Brenda Oconnell,Data Ethics,100,2024-10-21 05:27:58.325000
Brenda Oconnell,Data Analysis with Pandas,100,2024-10-21 05:27:58.325000
Brenda Oconnell,Data Visualization with Matplotlib,100,2024-10-21 05:27:58.325000
Brenda Oconnell,Financial Planning and Forecasting,100,2024-10-21 05:27:58.325000
Brenda Oconnell,Content Strategy Development,100,2024-10-21 05:27:58.325000
Brenda Oconnell,Computer Vision Applications,100,2024-10-21 05:27:58.325000
Brenda Oconnell,Wireframing and Prototyping,100,2024-10-21 05:27:58.325000
Brenda Oconnell,Business Process Modeling,100,2024-10-21 05:27:58.325000
Brenda Oconnell,Understanding Financial Markets,100,2024-10-21 05:27:58.325000
Brenda Oconnell,Social Media Marketing,100,2024-10-21 05:27:58.325000
Seth Cross,Data Ethics,100,2024-10-21 05:27:58.325000
Seth Cross,Data Cleaning & Preprocessing,100,2024-10-21 05:27:58.325000
Seth Cross,Data Analysis with Pandas,100,2024-10-21 05:27:58.325000
Seth Cross,Data Analysis for Business Decisions,100,2024-10-21 05:27:58.325000
Seth Cross,Data Visualization with Matplotlib,100,2024-10-21 05:27:58.325000
Seth Cross,Multiplayer Game Development,100,2024-10-21 05:27:58.325000
Seth Cross,Predictive Analytics,100,2024-10-21 05:27:58.325000
Seth Cross,SEO Fundamentals,100,2024-10-21 05:27:58.325000
Seth Cross,Continuous Integration and Delivery,100,2024-10-21 05:27:58.325000
Seth Cross,Customer Service Excellence,100,2024-10-21 05:27:58.325000
Seth Cross,Frontend Development Basics,100,2024-10-21 05:27:58.325000
Seth Cross,Video Production Basics,100,2024-10-21 05:27:58.325000
Seth Cross,Google Cloud Platform Essentials,100,2024-10-21 05:27:58.325000
Seth Cross,Computer Vision Applications,100,2024-10-21 05:27:58.325000
Rachael Tyler,Data Analysis with Pandas,100,2024-10-21 05:27:58.325000
Rachael Tyler,Data Ethics,100,2024-10-21 05:27:58.325000
Rachael Tyler,Data Cleaning & Preprocessing,100,2024-10-21 05:27:58.325000
Rachael Tyler,Data Visualization with Matplotlib,100,2024-10-21 05:27:58.325000
Rachael Tyler,Data Analysis for Business Decisions,100,2024-10-21 05:27:58.325000
Rachael Tyler,AI in IoT,100,2024-10-21 05:27:58.325000
Rachael Tyler,Computer Vision Applications,100,2024-10-21 05:27:58.325000
Rachael Tyler,Cloud Support Fundamentals,100,2024-10-21 05:27:58.325000
Rachael Tyler,Frontend Development Basics,100,2024-10-21 05:27:58.325000
Rachael Tyler,Brand Management Online,100,2024-10-21 05:27:58.325000
Rachael Tyler,RESTful Services,100,2024-10-21 05:27:58.325000
James Brock,Data Visualization with Matplotlib,100,2024-10-21 05:27:58.325000
James Brock,Data Analysis with Pandas,100,2024-10-21 05:27:58.325000
James Brock,Data Cleaning & Preprocessing,100,2024-10-21 05:27:58.325000
James Brock,Data Ethics,100,2024-10-21 05:27:58.325000
James Brock,Data Analysis for Business Decisions,100,2024-10-21 05:27:58.325000
James Brock,Version Control with Git,100,2024-10-21 05:27:58.325000
James Brock,HTML & CSS,100,2024-10-21 05:27:58.325000
James Brock,Risk Management in Cybersecurity,100,2024-10-21 05:27:58.325000
James Brock,Mobile Testing Strategies,100,2024-10-21 05:27:58.325000
James Brock,Presentation Skills for Business Analysts,100,2024-10-21 05:27:58.325000
James Brock,Natural Language Processing Techniques,100,2024-10-21 05:27:58.325000
James Brock,Networking Basics,100,2024-10-21 05:27:58.325000
Kathleen Moreno,Data Visualization with Matplotlib,100,2024-10-21 05:27:58.325000
Kathleen Moreno,Data Cleaning & Preprocessing,100,2024-10-21 05:27:58.325000
Kathleen Moreno,Data Analysis with Pandas,100,2024-10-21 05:27:58.325000
Kathleen Moreno,Data Analysis for Business Decisions,100,2024-10-21 05:27:58.325000
Kathleen Moreno,Data Ethics,100,2024-10-21 05:27:58.325000
Kathleen Moreno,Stakeholder Analysis,100,2024-10-21 05:27:58.325000
Kathleen Moreno,Budgeting Basics,100,2024-10-21 05:27:58.325000
Kathleen Moreno,Speech Recognition Technologies,100,2024-10-21 05:27:58.325000
Kathleen Moreno,Risk Management in Finance,100,2024-10-21 05:27:58.325000
Kathleen Moreno,JavaScript Frameworks Overview,100,2024-10-21 05:27:58.325000
Kathleen Moreno,Big Data with Spark,100,2024-10-21 05:27:58.325000
Kathleen Moreno,App Monetization Strategies,100,2024-10-21 05:27:58.325000
Kathleen Moreno,Change Management,100,2024-10-21 05:27:58.325000
Kathleen Moreno,Personal Finance Skills,100,2024-10-21 05:27:58.325000
Kathleen Moreno,Game Design Principles,100,2024-10-21 05:27:58.325000
Stephen Thompson,Data Ethics,100,2024-10-21 05:27:58.325000
Stephen Thompson,Data Visualization with Matplotlib,100,2024-10-21 05:27:58.325000
Stephen Thompson,Data Analysis for Business Decisions,100,2024-10-21 05:27:58.325000
Stephen Thompson,Data Analysis with Pandas,100,2024-10-21 05:27:58.325000
Stephen Thompson,Data Cleaning & Preprocessing,100,2024-10-21 05:27:58.325000
Stephen Thompson,Game Monetization Strategies,100,2024-10-21 05:27:58.325000
Stephen Thompson,Communication Skills for Project Managers,100,2024-10-21 05:27:58.325000
Stephen Thompson,API Development,100,2024-10-21 05:27:58.325000
Stephen Thompson,HR Analytics,100,2024-10-21 05:27:58.325000
Stephen Thompson,Computer Vision Applications,100,2024-10-21 05:27:58.325000
Stephen Thompson,Web Accessibility Standards,100,2024-10-21 05:27:58.325000
Stephen Thompson,Stakeholder Management,100,2024-10-21 05:27:58.325000
Stephen Thompson,Express.js,100,2024-10-21 05:27:58.325000
Stephen Thompson,Continuous Integration and Delivery,100,2024-10-21 05:27:58.325000
Shannon Walker,Data Ethics,100,2024-10-21 05:27:58.325000
Shannon Walker,Data Visualization with Matplotlib,100,2024-10-21 05:27:58.325000
Shannon Walker,Data Cleaning & Preprocessing,100,2024-10-21 05:27:58.325000
Shannon Walker,Data Analysis with Pandas,100,2024-10-21 05:27:58.325000
Shannon Walker,Data Analysis for Business Decisions,100,2024-10-21 05:27:58.325000
Shannon Walker,Operating Systems Overview,100,2024-10-21 05:27:58.325000
Shannon Walker,3D Game Development,100,2024-10-21 05:27:58.325000
Shannon Walker,Customer Service Excellence,100,2024-10-21 05:27:58.325000
Shannon Walker,Express.js,100,2024-10-21 05:27:58.325000
Shannon Walker,Network Security Fundamentals,100,2024-10-21 05:27:58.325000
Shannon Walker,Design Thinking Process,100,2024-10-21 05:27:58.325000
Shannon Walker,Security in Cloud Computing,100,2024-10-21 05:27:58.325000
Shannon Walker,Supervised Learning,100,2024-10-21 05:27:58.325000
Shannon Walker,Big Data with Spark,100,2024-10-21 05:27:58.325000
Shannon Walker,Unity Basics,100,2024-10-21 05:27:58.325000
Joseph Wright,Data Cleaning & Preprocessing,100,2024-10-21 05:27:58.325000
Joseph Wright,Data Analysis for Business Decisions,100,2024-10-21 05:27:58.325000
Joseph Wright,Data Visualization with Matplotlib,100,2024-10-21 05:27:58.325000
Joseph Wright,Data Analysis with Pandas,100,2024-10-21 05:27:58.325000
Joseph Wright,Data Ethics,100,2024-10-21 05:27:58.325000
Joseph Wright,Interaction Design Principles,100,2024-10-21 05:27:58.325000
Joseph Wright,Podcasting Fundamentals,100,2024-10-21 05:27:58.325000
Joseph Wright,Responsive Web Design,100,2024-10-21 05:27:58.325000
Joseph Wright,Sales Analytics,100,2024-10-21 05:27:58.325000
Joseph Wright,Ethics in AI,100,2024-10-21 05:27:58.325000
Joseph Wright,Understanding Financial Markets,100,2024-10-21 05:27:58.325000
Joseph Wright,Automating Cloud Deployments,100,2024-10-21 05:27:58.325000
Joseph Wright,AI in Healthcare,100,2024-10-21 05:27:58.325000
Kimberly Solomon,Data Analysis for Business Decisions,100,2024-10-21 05:27:58.325000
Kimberly Solomon,Data Ethics,100,2024-10-21 05:27:58.325000
Kimberly Solomon,Data Analysis with Pandas,100,2024-10-21 05:27:58.325000
Kimberly Solomon,Data Cleaning & Preprocessing,100,2024-10-21 05:27:58.325000
Kimberly Solomon,Data Visualization with Matplotlib,100,2024-10-21 05:27:58.325000
Kimberly Solomon,Network Security Fundamentals,100,2024-10-21 05:27:58.325000
Kimberly Solomon,Smart Contracts Development,100,2024-10-21 05:27:58.325000
Kimberly Solomon,API Integration in Mobile Apps,100,2024-10-21 05:27:58.325000
Kimberly Solomon,Training and Development,100,2024-10-21 05:27:58.325000
Kimberly Solomon,AI for Business,100,2024-10-21 05:27:58.325000
Kimberly Solomon,Deep Learning Fundamentals,100,2024-10-21 05:27:58.325000
Kimberly Solomon,Introduction to Content Creation,100,2024-10-21 05:27:58.325000
Kimberly Solomon,Multiplayer Game Development,100,2024-10-21 05:27:58.325000
Kimberly Solomon,Responsive Web Design,100,2024-10-21 05:27:58.325000
Kimberly Solomon,Security Awareness for IT Support,100,2024-10-21 05:27:58.325000
Leah Ellis MD,Data Analysis for Business Decisions,100,2024-10-21 05:27:58.325000
Leah Ellis MD,Data Visualization with Matplotlib,100,2024-10-21 05:27:58.325000
Leah Ellis MD,Data Cleaning & Preprocessing,100,2024-10-21 05:27:58.325000
Leah Ellis MD,Data Ethics,100,2024-10-21 05:27:58.325000
Leah Ellis MD,HR Technology Tools,100,2024-10-21 05:27:58.325000
Leah Ellis MD,MongoDB,100,2024-10-21 05:27:58.325000
Leah Ellis MD,Social Media Marketing,100,2024-10-21 05:27:58.325000
Leah Ellis MD,SWOT Analysis for Business,100,2024-10-21 05:27:58.325000
Leah Ellis MD,Azure Basics,100,2024-10-21 05:27:58.325000
Leah Ellis MD,Game Monetization Strategies,100,2024-10-21 05:27:58.325000
Leah Ellis MD,Backend Development Fundamentals,100,2024-10-21 05:27:58.325000
Leah Ellis MD,Smart Contracts Development,100,2024-10-21 05:27:58.325000
Leah Ellis MD,Google Cloud Platform Essentials,100,2024-10-21 05:27:58.325000
Leah Ellis MD,Introduction to IT Support,100,2024-10-21 05:27:58.325000
Matthew Gentry,Data Visualization with Matplotlib,100,2024-10-21 05:27:58.325000
Matthew Gentry,Data Analysis with Pandas,100,2024-10-21 05:27:58.325000
Matthew Gentry,Data Cleaning & Preprocessing,100,2024-10-21 05:27:58.325000
Matthew Gentry,Data Analysis for Business Decisions,100,2024-10-21 05:27:58.325000
Matthew Gentry,Data Ethics,100,2024-10-21 05:27:58.325000
Matthew Gentry,Container Orchestration with Kubernetes,100,2024-10-21 05:27:58.325000
Matthew Gentry,Building Customer Relationships,100,2024-10-21 05:27:58.325000
Matthew Gentry,Influencer Marketing,100,2024-10-21 05:27:58.325000
Matthew Gentry,Presentation Skills for Sales,100,2024-10-21 05:27:58.325000
Matthew Gentry,Performance Optimization for Mobile Apps,100,2024-10-21 05:27:58.325000
Matthew Gentry,Blockchain Security,100,2024-10-21 05:27:58.325000
Matthew Gentry,Introduction to Finance,100,2024-10-21 05:27:58.325000
Matthew Gentry,Web Application Security,100,2024-10-21 05:27:58.325000
Matthew Gentry,SWOT Analysis for Business,100,2024-10-21 05:27:58.325000
Matthew Gentry,Monitoring and Logging,100,2024-10-21 05:27:58.325000
Mr. Chase Green,Data Visualization with Matplotlib,100,2024-10-21 05:27:58.325000
Mr. Chase Green,Data Ethics,100,2024-10-21 05:27:58.325000
Mr. Chase Green,Data Cleaning & Preprocessing,100,2024-10-21 05:27:58.325000
Mr. Chase Green,Data Analysis with Pandas,100,2024-10-21 05:27:58.325000
Mr. Chase Green,Containerization with Docker,100,2024-10-21 05:27:58.325000
Mr. Chase Green,Introduction to Cloud Computing,100,2024-10-21 05:27:58.325000
Mr. Chase Green,Podcasting Fundamentals,100,2024-10-21 05:27:58.325000
Mr. Chase Green,Publishing Mobile Apps,100,2024-10-21 05:27:58.325000
Mr. Chase Green,Risk Management in Finance,100,2024-10-21 05:27:58.325000
Mr. Chase Green,Introduction to Blockchain,100,2024-10-21 05:27:58.325000
Mr. Chase Green,Design Thinking Process,100,2024-10-21 05:27:58.325000
Mr. Chase Green,Security in Cloud Computing,100,2024-10-21 05:27:58.325000
Mr. Chase Green,Monitoring and Logging,100,2024-10-21 05:27:58.325000
Mr. Chase Green,Presentation Skills for Business Analysts,100,2024-10-21 05:27:58.325000
Katherine Abbott,Data Analysis with Pandas,100,2024-10-21 05:27:58.325000
Katherine Abbott,Data Ethics,100,2024-10-21 05:27:58.325000
Katherine Abbott,Data Analysis for Business Decisions,100,2024-10-21 05:27:58.325000
Katherine Abbott,Data Visualization with Matplotlib,100,2024-10-21 05:27:58.325000
Katherine Abbott,Data Cleaning & Preprocessing,100,2024-10-21 05:27:58.325000
Katherine Abbott,Big Data with Spark,100,2024-10-21 05:27:58.326000
Katherine Abbott,Backend Development Fundamentals,100,2024-10-21 05:27:58.326000
Katherine Abbott,Social Media Content Creation,100,2024-10-21 05:27:58.326000
Katherine Abbott,Understanding Consumer Behavior,100,2024-10-21 05:27:58.326000
Katherine Abbott,Hyperledger Basics,100,2024-10-21 05:27:58.326000
Katherine Abbott,Design Thinking Process,100,2024-10-21 05:27:58.326000
Katherine Abbott,Progressive Web Apps (PWAs),100,2024-10-21 05:27:58.326000
Katherine Abbott,SEO Fundamentals,100,2024-10-21 05:27:58.326000
Katherine Abbott,Risk Management in Cybersecurity,100,2024-10-21 05:27:58.326000
Tracy Davidson,Data Cleaning & Preprocessing,100,2024-10-21 05:27:58.326000
Tracy Davidson,Data Visualization with Matplotlib,100,2024-10-21 05:27:58.326000
Tracy Davidson,Data Ethics,100,2024-10-21 05:27:58.326000
Tracy Davidson,Data Analysis for Business Decisions,100,2024-10-21 05:27:58.326000
Tracy Davidson,Data Analysis with Pandas,100,2024-10-21 05:27:58.326000
Tracy Davidson,Project Management Basics,100,2024-10-21 05:27:58.326000
Tracy Davidson,Stakeholder Analysis,100,2024-10-21 05:27:58.326000
Tracy Davidson,Mobile App Security,100,2024-10-21 05:27:58.326000
Tracy Davidson,Multiplayer Game Development,100,2024-10-21 05:27:58.326000
Tracy Davidson,Big Data with Spark,100,2024-10-21 05:27:58.326000
Tracy Davidson,Introduction to DevOps,100,2024-10-21 05:27:58.326000
Tracy Davidson,Building Customer Relationships,100,2024-10-21 05:27:58.326000
Tracy Davidson,Project Management Tools Overview,100,2024-10-21 05:27:58.326000
Tracy Davidson,Visual Design Basics,100,2024-10-21 05:27:58.326000
Tracy Davidson,Presentation Skills for Business Analysts,100,2024-10-21 05:27:58.326000
Jeremy Alvarez,Data Visualization with Matplotlib,100,2024-10-21 05:27:58.326000
Jeremy Alvarez,Data Ethics,100,2024-10-21 05:27:58.326000
Jeremy Alvarez,Data Analysis for Business Decisions,100,2024-10-21 05:27:58.326000
Jeremy Alvarez,Data Analysis with Pandas,100,2024-10-21 05:27:58.326000
Jeremy Alvarez,Data Cleaning & Preprocessing,100,2024-10-21 05:27:58.326000
Jeremy Alvarez,Container Orchestration with Kubernetes,100,2024-10-21 05:27:58.326000
Jeremy Alvarez,Employee Engagement Techniques,100,2024-10-21 05:27:58.326000
Jeremy Alvarez,Risk Management in Projects,100,2024-10-21 05:27:58.326000
Jeremy Alvarez,Business Case Development,100,2024-10-21 05:27:58.326000
Jeremy Alvarez,Predictive Analytics,100,2024-10-21 05:27:58.326000
Donald Cooper,Data Cleaning & Preprocessing,100,2024-10-21 05:27:58.326000
Donald Cooper,Data Ethics,100,2024-10-21 05:27:58.326000
Donald Cooper,Data Analysis for Business Decisions,100,2024-10-21 05:27:58.326000
Donald Cooper,Data Visualization with Matplotlib,100,2024-10-21 05:27:58.326000
Donald Cooper,Data Analysis with Pandas,100,2024-10-21 05:27:58.326000
Donald Cooper,Business Process Modeling,100,2024-10-21 05:27:58.326000
Donald Cooper,Version Control with Git,100,2024-10-21 05:27:58.326000
Donald Cooper,Speech Recognition Technologies,100,2024-10-21 05:27:58.326000
Donald Cooper,Time Management for Sales,100,2024-10-21 05:27:58.326000
Donald Cooper,Podcasting Fundamentals,100,2024-10-21 05:27:58.326000
Sarah Barajas,Data Ethics,100,2024-10-21 05:27:58.326000
Sarah Barajas,Data Analysis for Business Decisions,100,2024-10-21 05:27:58.326000
Sarah Barajas,Data Analysis with Pandas,100,2024-10-21 05:27:58.326000
Sarah Barajas,Data Cleaning & Preprocessing,100,2024-10-21 05:27:58.326000
Sarah Barajas,Data Visualization with Matplotlib,100,2024-10-21 05:27:58.326000
Sarah Barajas,Podcasting Fundamentals,100,2024-10-21 05:27:58.326000
Sarah Barajas,SEO Fundamentals,100,2024-10-21 05:27:58.326000
Sarah Barajas,Unsupervised Learning,100,2024-10-21 05:27:58.326000
Sarah Barajas,Design Tools Overview,100,2024-10-21 05:27:58.326000
Sarah Barajas,Presentation Skills for Sales,100,2024-10-21 05:27:58.326000
Sarah Barajas,Natural Language Processing Techniques,100,2024-10-21 05:27:58.326000
Sarah Barajas,Reinforcement Learning,100,2024-10-21 05:27:58.326000
Sarah Barajas,API Development,100,2024-10-21 05:27:58.326000
Sarah Barajas,Communication Skills for Project Managers,100,2024-10-21 05:27:58.326000
Jordan Jones,Data Ethics,100,2024-10-21 05:27:58.326000
Jordan Jones,Data Analysis with Pandas,100,2024-10-21 05:27:58.326000
Jordan Jones,Data Visualization with Matplotlib,100,2024-10-21 05:27:58.326000
Jordan Jones,Data Cleaning & Preprocessing,100,2024-10-21 05:27:58.326000
Jordan Jones,Data Analysis for Business Decisions,100,2024-10-21 05:27:58.326000
Jordan Jones,Statistical Analysis,100,2024-10-21 05:27:58.326000
Jordan Jones,Containerization with Docker,100,2024-10-21 05:27:58.326000
Jordan Jones,Cross-Platform Development with Flutter,100,2024-10-21 05:27:58.326000
Jordan Jones,User Interface Design for Mobile Apps,100,2024-10-21 05:27:58.326000
Jordan Jones,Reinforcement Learning,100,2024-10-21 05:27:58.326000
Jordan Jones,Mobile App Design,100,2024-10-21 05:27:58.326000
Shannon Martinez,Data Cleaning & Preprocessing,100,2024-10-21 05:27:58.326000
Shannon Martinez,Data Analysis for Business Decisions,100,2024-10-21 05:27:58.326000
Shannon Martinez,Data Visualization with Matplotlib,100,2024-10-21 05:27:58.326000
Shannon Martinez,Data Analysis with Pandas,100,2024-10-21 05:27:58.326000
Shannon Martinez,Data Ethics,100,2024-10-21 05:27:58.326000
Shannon Martinez,Blockchain Security,100,2024-10-21 05:27:58.326000
Shannon Martinez,React,100,2024-10-21 05:27:58.326000
Shannon Martinez,Introduction to DevOps,100,2024-10-21 05:27:58.326000
Shannon Martinez,Automating Cloud Deployments,100,2024-10-21 05:27:58.326000
Shannon Martinez,Training and Development,100,2024-10-21 05:27:58.326000
Jose Ruiz,Data Cleaning & Preprocessing,100,2024-10-21 05:27:58.326000
Jose Ruiz,Data Ethics,100,2024-10-21 05:27:58.326000
Jose Ruiz,Data Analysis with Pandas,100,2024-10-21 05:27:58.326000
Jose Ruiz,Data Visualization with Matplotlib,100,2024-10-21 05:27:58.326000
Jose Ruiz,Ethics in AI,100,2024-10-21 05:27:58.326000
Jose Ruiz,Web Application Security,100,2024-10-21 05:27:58.326000
Jose Ruiz,Virtual Reality Development,100,2024-10-21 05:27:58.326000
Jose Ruiz,Hardware Repair Skills,100,2024-10-21 05:27:58.326000
Jose Ruiz,Budgeting Basics,100,2024-10-21 05:27:58.326000
Jose Ruiz,Podcasting Fundamentals,100,2024-10-21 05:27:58.326000
Jose Ruiz,Deployment of ML Models,100,2024-10-21 05:27:58.326000
Jose Ruiz,Microservices in Cloud,100,2024-10-21 05:27:58.326000
Rachel Campos,Data Cleaning & Preprocessing,100,2024-10-21 05:27:58.326000
Rachel Campos,Data Analysis with Pandas,100,2024-10-21 05:27:58.326000
Rachel Campos,Data Analysis for Business Decisions,100,2024-10-21 05:27:58.326000
Rachel Campos,Data Visualization with Matplotlib,100,2024-10-21 05:27:58.326000
Rachel Campos,Data Ethics,100,2024-10-21 05:27:58.326000
Rachel Campos,AI in Robotics,100,2024-10-21 05:27:58.326000
Rachel Campos,Containerization with Docker,100,2024-10-21 05:27:58.326000
Rachel Campos,Microservices in Cloud,100,2024-10-21 05:27:58.326000
Rachel Campos,Monitoring and Logging,100,2024-10-21 05:27:58.326000
Rachel Campos,Container Orchestration with Kubernetes,100,2024-10-21 05:27:58.326000
Troy Nielsen,Data Analysis with Pandas,100,2024-10-21 05:27:58.326000
Troy Nielsen,Data Visualization with Matplotlib,100,2024-10-21 05:27:58.326000
Troy Nielsen,Data Analysis for Business Decisions,100,2024-10-21 05:27:58.326000
Troy Nielsen,Data Ethics,100,2024-10-21 05:27:58.326000
Troy Nielsen,Data Cleaning & Preprocessing,100,2024-10-21 05:27:58.326000
Troy Nielsen,Brand Management Online,100,2024-10-21 05:27:58.326000
Troy Nielsen,Reinforcement Learning Techniques,100,2024-10-21 05:27:58.326000
Troy Nielsen,Introduction to Finance,100,2024-10-21 05:27:58.326000
Troy Nielsen,Change Management Strategies,100,2024-10-21 05:27:58.326000
Troy Nielsen,Introduction to Cloud Computing,100,2024-10-21 05:27:58.326000
Troy Nielsen,Infrastructure as Code,100,2024-10-21 05:27:58.326000
Deborah Wood,Data Analysis for Business Decisions,100,2024-10-21 05:27:58.326000
Deborah Wood,Data Cleaning & Preprocessing,100,2024-10-21 05:27:58.326000
Deborah Wood,Data Visualization with Matplotlib,100,2024-10-21 05:27:58.326000
Deborah Wood,Data Analysis with Pandas,100,2024-10-21 05:27:58.326000
Deborah Wood,Data Ethics,100,2024-10-21 05:27:58.326000
Deborah Wood,Introduction to Game Development,100,2024-10-21 05:27:58.326000
Deborah Wood,Time Series Analysis,100,2024-10-21 05:27:58.326000
Deborah Wood,Mobile Testing Strategies,100,2024-10-21 05:27:58.326000
Deborah Wood,Progressive Web Apps (PWAs),100,2024-10-21 05:27:58.326000
Deborah Wood,Incident Response,100,2024-10-21 05:27:58.326000
Amanda Jacobs,Data Ethics,100,2024-10-21 05:27:58.326000
Amanda Jacobs,Data Analysis for Business Decisions,100,2024-10-21 05:27:58.326000
Amanda Jacobs,Data Cleaning & Preprocessing,100,2024-10-21 05:27:58.326000
Amanda Jacobs,Data Visualization with Matplotlib,100,2024-10-21 05:27:58.326000
Amanda Jacobs,Data Analysis with Pandas,100,2024-10-21 05:27:58.326000
Amanda Jacobs,Consensus Algorithms,100,2024-10-21 05:27:58.326000
Amanda Jacobs,Google Cloud Platform Essentials,100,2024-10-21 05:27:58.326000
Amanda Jacobs,Computer Vision Basics,100,2024-10-21 05:27:58.326000
Amanda Jacobs,Stakeholder Analysis,100,2024-10-21 05:27:58.326000
Amanda Jacobs,Introduction to Blockchain,100,2024-10-21 05:27:58.326000
Amanda Jacobs,App Monetization Strategies,100,2024-10-21 05:27:58.326000
Amanda Jacobs,User Research Techniques,100,2024-10-21 05:27:58.326000
Amanda Jacobs,Communication Skills for Project Managers,100,2024-10-21 05:27:58.326000
Amanda Jacobs,Game Design Principles,100,2024-10-21 05:27:58.326000
Amanda Jacobs,Video Production Basics,100,2024-10-21 05:27:58.326000
Michelle Lopez,Data Ethics,100,2024-10-21 05:27:58.326000
Michelle Lopez,Data Analysis with Pandas,100,2024-10-21 05:27:58.326000
Michelle Lopez,Data Visualization with Matplotlib,100,2024-10-21 05:27:58.327000
Michelle Lopez,Data Analysis for Business Decisions,100,2024-10-21 05:27:58.327000
Michelle Lopez,Responsive Web Design,100,2024-10-21 05:27:58.327000
Michelle Lopez,Interaction Design Principles,100,2024-10-21 05:27:58.327000
Michelle Lopez,Google Ads Fundamentals,100,2024-10-21 05:27:58.327000
Michelle Lopez,Data Cleaning & Preprocessing,100,2024-10-21 05:27:58.327000
Michelle Lopez,Sales Fundamentals,100,2024-10-21 05:27:58.327000
Michelle Lopez,Game Design Principles,100,2024-10-21 05:27:58.327000
Michelle Lopez,Change Management Strategies,100,2024-10-21 05:27:58.327000
Michelle Lopez,Video Production Basics,100,2024-10-21 05:27:58.327000
Michelle Lopez,Vulnerability Assessment,100,2024-10-21 05:27:58.327000
Jennifer Rose,Data Visualization with Matplotlib,100,2024-10-21 05:27:58.327000
Jennifer Rose,Data Analysis for Business Decisions,100,2024-10-21 05:27:58.327000
Jennifer Rose,Data Cleaning & Preprocessing,100,2024-10-21 05:27:58.327000
Jennifer Rose,Data Analysis with Pandas,100,2024-10-21 05:27:58.327000
Jennifer Rose,Data Ethics,100,2024-10-21 05:27:58.327000
Jennifer Rose,Unity Basics,100,2024-10-21 05:27:58.327000
Jennifer Rose,Video Production Basics,100,2024-10-21 05:27:58.327000
Jennifer Rose,Big Data with Spark,100,2024-10-21 05:27:58.327000
Jennifer Rose,Content Management Systems (CMS),100,2024-10-21 05:27:58.327000
Jennifer Rose,Introduction to Finance,100,2024-10-21 05:27:58.327000
Jennifer Rose,Security in Cloud Computing,100,2024-10-21 05:27:58.327000
Jennifer Rose,Visual Design Basics,100,2024-10-21 05:27:58.327000
Miranda Rivas,Data Analysis for Business Decisions,100,2024-10-21 05:27:58.327000
Miranda Rivas,Data Ethics,100,2024-10-21 05:27:58.327000
Miranda Rivas,Data Cleaning & Preprocessing,100,2024-10-21 05:27:58.327000
Miranda Rivas,Data Visualization with Matplotlib,100,2024-10-21 05:27:58.327000
Miranda Rivas,Data Analysis with Pandas,100,2024-10-21 05:27:58.327000
Miranda Rivas,MongoDB,100,2024-10-21 05:27:58.327000
Miranda Rivas,Sales Fundamentals,100,2024-10-21 05:27:58.327000
Miranda Rivas,Interaction Design Principles,100,2024-10-21 05:27:58.327000
Miranda Rivas,Cloud Support Fundamentals,100,2024-10-21 05:27:58.327000
Miranda Rivas,Google Cloud Platform Essentials,100,2024-10-21 05:27:58.327000
Miranda Rivas,Business Case Development,100,2024-10-21 05:27:58.327000
Miranda Rivas,Usability Testing,100,2024-10-21 05:27:58.327000
Miranda Rivas,Design Tools Overview,100,2024-10-21 05:27:58.327000
Michael Gibson,Data Cleaning & Preprocessing,100,2024-10-21 05:27:58.327000
Michael Gibson,Data Visualization with Matplotlib,100,2024-10-21 05:27:58.327000
Michael Gibson,Data Analysis for Business Decisions,100,2024-10-21 05:27:58.327000
Michael Gibson,Data Analysis with Pandas,100,2024-10-21 05:27:58.327000
Michael Gibson,Data Ethics,100,2024-10-21 05:27:58.327000
Michael Gibson,Stakeholder Analysis,100,2024-10-21 05:27:58.327000
Michael Gibson,Smart Contracts Development,100,2024-10-21 05:27:58.327000
Michael Gibson,Tokenomics,100,2024-10-21 05:27:58.327000
Michael Gibson,SEO Best Practices,100,2024-10-21 05:27:58.327000
Michael Gibson,SEO Fundamentals,100,2024-10-21 05:27:58.327000
Michael Gibson,Social Media Marketing,100,2024-10-21 05:27:58.327000
Miguel Wagner,Data Cleaning & Preprocessing,100,2024-10-21 05:27:58.327000
Miguel Wagner,Data Ethics,100,2024-10-21 05:27:58.327000
Miguel Wagner,Data Analysis with Pandas,100,2024-10-21 05:27:58.327000
Miguel Wagner,Data Analysis for Business Decisions,100,2024-10-21 05:27:58.327000
Miguel Wagner,Data Visualization with Matplotlib,100,2024-10-21 05:27:58.327000
Miguel Wagner,React,100,2024-10-21 05:27:58.327000
Miguel Wagner,Understanding Financial Markets,100,2024-10-21 05:27:58.327000
Miguel Wagner,Ethics in AI,100,2024-10-21 05:27:58.327000
Miguel Wagner,Big Data with Spark,100,2024-10-21 05:27:58.327000
Miguel Wagner,Employee Engagement Techniques,100,2024-10-21 05:27:58.327000
Dana Wilcox DDS,Data Cleaning & Preprocessing,100,2024-10-21 05:27:58.327000
Dana Wilcox DDS,Data Analysis with Pandas,100,2024-10-21 05:27:58.327000
Dana Wilcox DDS,Data Analysis for Business Decisions,100,2024-10-21 05:27:58.327000
Dana Wilcox DDS,Data Ethics,100,2024-10-21 05:27:58.327000
Dana Wilcox DDS,Data Visualization with Matplotlib,100,2024-10-21 05:27:58.327000
Dana Wilcox DDS,Azure Basics,100,2024-10-21 05:27:58.327000
Dana Wilcox DDS,Presentation Skills for Business Analysts,100,2024-10-21 05:27:58.327000
Dana Wilcox DDS,Hyperledger Basics,100,2024-10-21 05:27:58.327000
Dana Wilcox DDS,Influencer Marketing,100,2024-10-21 05:27:58.327000
Dana Wilcox DDS,AI in Healthcare,100,2024-10-21 05:27:58.327000
Dana Wilcox DDS,Security Awareness for IT Support,100,2024-10-21 05:27:58.327000
Anne Garcia,Data Visualization with Matplotlib,100,2024-10-21 05:27:58.327000
Anne Garcia,Data Analysis for Business Decisions,100,2024-10-21 05:27:58.327000
Anne Garcia,Data Cleaning & Preprocessing,100,2024-10-21 05:27:58.327000
Anne Garcia,Data Analysis with Pandas,100,2024-10-21 05:27:58.327000
Anne Garcia,Data Ethics,100,2024-10-21 05:27:58.327000
Anne Garcia,Performance Optimization for Mobile Apps,100,2024-10-21 05:27:58.327000
Anne Garcia,Predictive Analytics,100,2024-10-21 05:27:58.327000
Anne Garcia,Cross-Platform Development with Flutter,100,2024-10-21 05:27:58.327000
Anne Garcia,Game Testing Techniques,100,2024-10-21 05:27:58.327000
Anne Garcia,Project Management Basics,100,2024-10-21 05:27:58.327000
Anne Garcia,Content Marketing Strategies,100,2024-10-21 05:27:58.327000
Anne Garcia,Content Strategy Development,100,2024-10-21 05:27:58.327000
Emily Hardy,Data Cleaning & Preprocessing,100,2024-10-21 05:27:58.327000
Emily Hardy,Data Analysis with Pandas,100,2024-10-21 05:27:58.327000
Emily Hardy,Data Ethics,100,2024-10-21 05:27:58.327000
Emily Hardy,Data Visualization with Matplotlib,100,2024-10-21 05:27:58.327000
Emily Hardy,Deployment of ML Models,100,2024-10-21 05:27:58.327000
Emily Hardy,2D Game Development,100,2024-10-21 05:27:58.327000
Emily Hardy,Content Strategy Development,100,2024-10-21 05:27:58.327000
Emily Hardy,Google Ads Fundamentals,100,2024-10-21 05:27:58.327000
Emily Hardy,Content Management Systems (CMS),100,2024-10-21 05:27:58.327000
Emily Hardy,Introduction to IT Support,100,2024-10-21 05:27:58.327000
Emily Hardy,Customer Service Excellence,100,2024-10-21 05:27:58.327000
Emily Hardy,Responsive Design Principles,100,2024-10-21 05:27:58.327000
Emily Hardy,Project Scheduling Techniques,100,2024-10-21 05:27:58.327000
Emily Hardy,Negotiation Techniques,100,2024-10-21 05:27:58.327000
Andrew Guerrero,Data Visualization with Matplotlib,100,2024-10-21 05:27:58.327000
Andrew Guerrero,Data Cleaning & Preprocessing,100,2024-10-21 05:27:58.327000
Andrew Guerrero,Data Analysis with Pandas,100,2024-10-21 05:27:58.327000
Andrew Guerrero,Data Ethics,100,2024-10-21 05:27:58.327000
Andrew Guerrero,Data Analysis for Business Decisions,100,2024-10-21 05:27:58.327000
Andrew Guerrero,Influencer Marketing,100,2024-10-21 05:27:58.327000
Andrew Guerrero,Reinforcement Learning Techniques,100,2024-10-21 05:27:58.327000
Andrew Guerrero,Quality Management,100,2024-10-21 05:27:58.327000
Andrew Guerrero,Vulnerability Assessment,100,2024-10-21 05:27:58.327000
Andrew Guerrero,Computer Vision Applications,100,2024-10-21 05:27:58.327000
Andrew Guerrero,Python for Data Science,100,2024-10-21 05:27:58.327000
Andrew Guerrero,Introduction to Cloud Computing,100,2024-10-21 05:27:58.327000
Andrea Landry,Data Analysis with Pandas,100,2024-10-21 05:27:58.327000
Andrea Landry,Data Analysis for Business Decisions,100,2024-10-21 05:27:58.327000
Andrea Landry,Data Cleaning & Preprocessing,100,2024-10-21 05:27:58.327000
Andrea Landry,Data Visualization with Matplotlib,100,2024-10-21 05:27:58.327000
Andrea Landry,Data Ethics,100,2024-10-21 05:27:58.327000
Andrea Landry,React,100,2024-10-21 05:27:58.327000
Andrea Landry,SEO Fundamentals,100,2024-10-21 05:27:58.327000
Andrea Landry,E-commerce Development Basics,100,2024-10-21 05:27:58.327000
Andrea Landry,Unreal Engine Basics,100,2024-10-21 05:27:58.327000
Andrea Landry,Node.js,100,2024-10-21 05:27:58.327000
Andrea Landry,Brand Management Online,100,2024-10-21 05:27:58.327000
Andrea Landry,Automating Cloud Deployments,100,2024-10-21 05:27:58.327000
Andrea Landry,Usability Testing,100,2024-10-21 05:27:58.327000
Andrea Landry,Financial Reporting Standards,100,2024-10-21 05:27:58.327000
Ronald Lee,Data Analysis with Pandas,100,2024-10-21 05:27:58.327000
Ronald Lee,Data Cleaning & Preprocessing,100,2024-10-21 05:27:58.327000
Ronald Lee,Data Visualization with Matplotlib,100,2024-10-21 05:27:58.327000
Ronald Lee,Data Ethics,100,2024-10-21 05:27:58.327000
Ronald Lee,Data Analysis for Business Decisions,100,2024-10-21 05:27:58.327000
Ronald Lee,Cryptography Basics,100,2024-10-21 05:27:58.327000
Ronald Lee,Change Management Strategies,100,2024-10-21 05:27:58.327000
Ronald Lee,Labor Laws and Compliance,100,2024-10-21 05:27:58.327000
Ronald Lee,Deep Learning with TensorFlow,100,2024-10-21 05:27:58.327000
Ronald Lee,Risk Analysis and Management,100,2024-10-21 05:27:58.327000
Ronald Lee,RESTful Services,100,2024-10-21 05:27:58.327000
Ronald Lee,Talent Acquisition Strategies,100,2024-10-21 05:27:58.327000
Ronald Lee,AI in Healthcare,100,2024-10-21 05:27:58.327000
Ronald Lee,Budgeting for Projects,100,2024-10-21 05:27:58.327000
Megan Fox,Data Visualization with Matplotlib,100,2024-10-21 05:27:58.327000
Megan Fox,Data Ethics,100,2024-10-21 05:27:58.327000
Megan Fox,Data Analysis with Pandas,100,2024-10-21 05:27:58.327000
Megan Fox,Data Cleaning & Preprocessing,100,2024-10-21 05:27:58.327000
Megan Fox,Data Analysis for Business Decisions,100,2024-10-21 05:27:58.327000
Megan Fox,Content Management Systems (CMS),100,2024-10-21 05:27:58.327000
Megan Fox,App Monetization Strategies,100,2024-10-21 05:27:58.327000
Megan Fox,Digital Sales Techniques,100,2024-10-21 05:27:58.327000
Megan Fox,Ethics in AI,100,2024-10-21 05:27:58.327000
Megan Fox,Introduction to DevOps,100,2024-10-21 05:27:58.327000
Megan Fox,Mobile App Design,100,2024-10-21 05:27:58.327000
Megan Fox,Continuous Integration and Delivery,100,2024-10-21 05:27:58.327000
Megan Fox,Customer Service Skills for IT,100,2024-10-21 05:27:58.327000
Megan Fox,Introduction to Business Analysis,100,2024-10-21 05:27:58.327000
Megan Fox,Cross-Platform Development with Flutter,100,2024-10-21 05:27:58.327000
Ronald Holloway,Data Ethics,100,2024-10-21 05:27:58.327000
Ronald Holloway,Data Visualization with Matplotlib,100,2024-10-21 05:27:58.327000
Ronald Holloway,Data Analysis with Pandas,100,2024-10-21 05:27:58.327000
Ronald Holloway,Data Cleaning & Preprocessing,100,2024-10-21 05:27:58.327000
Ronald Holloway,Data Analysis for Business Decisions,100,2024-10-21 05:27:58.327000
Ronald Holloway,Introduction to UI/UX Design,100,2024-10-21 05:27:58.327000
Ronald Holloway,Conversion Rate Optimization,100,2024-10-21 05:27:58.328000
Ronald Holloway,Closing Sales Strategies,100,2024-10-21 05:27:58.328000
Ronald Holloway,Hardware Repair Skills,100,2024-10-21 05:27:58.328000
Ronald Holloway,Brand Management Online,100,2024-10-21 05:27:58.328000
Ronald Holloway,Customer Service Excellence,100,2024-10-21 05:27:58.328000
Ronald Holloway,Email Marketing Basics,100,2024-10-21 05:27:58.328000
Joseph Medina,Data Ethics,100,2024-10-21 05:27:58.328000
Joseph Medina,Data Visualization with Matplotlib,100,2024-10-21 05:27:58.328000
Joseph Medina,Data Analysis for Business Decisions,100,2024-10-21 05:27:58.328000
Joseph Medina,Data Cleaning & Preprocessing,100,2024-10-21 05:27:58.328000
Joseph Medina,Data Analysis with Pandas,100,2024-10-21 05:27:58.328000
Joseph Medina,Hardware Repair Skills,100,2024-10-21 05:27:58.328000
Joseph Medina,Introduction to Machine Learning,100,2024-10-21 05:27:58.328000
Joseph Medina,Security Awareness for IT Support,100,2024-10-21 05:27:58.328000
Joseph Medina,Malware Analysis,100,2024-10-21 05:27:58.328000
Joseph Medina,Blockchain Use Cases,100,2024-10-21 05:27:58.328000
Adrian Haas,Data Analysis with Pandas,100,2024-10-21 05:27:58.328000
Adrian Haas,Data Analysis for Business Decisions,100,2024-10-21 05:27:58.328000
Adrian Haas,Data Cleaning & Preprocessing,100,2024-10-21 05:27:58.328000
Adrian Haas,Data Visualization with Matplotlib,100,2024-10-21 05:27:58.328000
Adrian Haas,Data Ethics,100,2024-10-21 05:27:58.328000
Adrian Haas,Introduction to Business Analysis,100,2024-10-21 05:27:58.328000
Adrian Haas,Conflict Resolution in HR,100,2024-10-21 05:27:58.328000
Adrian Haas,Google Cloud Platform Essentials,100,2024-10-21 05:27:58.328000
Adrian Haas,HR Technology Tools,100,2024-10-21 05:27:58.328000
Adrian Haas,Virtual Reality Development,100,2024-10-21 05:27:58.328000
Adrian Haas,Microservices in Cloud,100,2024-10-21 05:27:58.328000
Adrian Haas,Consensus Algorithms,100,2024-10-21 05:27:58.328000
Paul Ortiz,Data Analysis with Pandas,100,2024-10-21 05:27:58.328000
Paul Ortiz,Data Analysis for Business Decisions,100,2024-10-21 05:27:58.328000
Paul Ortiz,Data Cleaning & Preprocessing,100,2024-10-21 05:27:58.328000
Paul Ortiz,Data Ethics,100,2024-10-21 05:27:58.328000
Paul Ortiz,Data Visualization with Matplotlib,100,2024-10-21 05:27:58.328000
Paul Ortiz,Troubleshooting Techniques,100,2024-10-21 05:27:58.328000
Paul Ortiz,Blockchain Security,100,2024-10-21 05:27:58.328000
Paul Ortiz,Business Case Development,100,2024-10-21 05:27:58.328000
Paul Ortiz,Presentation Skills for Sales,100,2024-10-21 05:27:58.328000
Paul Ortiz,3D Game Development,100,2024-10-21 05:27:58.328000
Paul Ortiz,JavaScript Frameworks Overview,100,2024-10-21 05:27:58.328000
Leslie Hall,Data Cleaning & Preprocessing,100,2024-10-21 05:27:58.328000
Leslie Hall,Data Analysis with Pandas,100,2024-10-21 05:27:58.328000
Leslie Hall,Data Visualization with Matplotlib,100,2024-10-21 05:27:58.328000
Leslie Hall,Data Ethics,100,2024-10-21 05:27:58.328000
Leslie Hall,Web Accessibility Standards,100,2024-10-21 05:27:58.328000
Leslie Hall,Sales Analytics,100,2024-10-21 05:27:58.328000
Leslie Hall,Statistical Analysis,100,2024-10-21 05:27:58.328000
Leslie Hall,Collaboration Tools in DevOps,100,2024-10-21 05:27:58.328000
Leslie Hall,Editing and Proofreading Techniques,100,2024-10-21 05:27:58.328000
Leslie Hall,Ethics in AI,100,2024-10-21 05:27:58.328000
Leslie Hall,Automating Cloud Deployments,100,2024-10-21 05:27:58.328000
Leslie Hall,SEO Fundamentals,100,2024-10-21 05:27:58.328000
Leslie Hall,Content Management Systems (CMS),100,2024-10-21 05:27:58.328000
Leslie Hall,Security Awareness for IT Support,100,2024-10-21 05:27:58.328000
Leslie Hall,Content Promotion Strategies,100,2024-10-21 05:27:58.328000
Kimberly Johnson,Data Analysis for Business Decisions,100,2024-10-21 05:27:58.328000
Kimberly Johnson,Data Visualization with Matplotlib,100,2024-10-21 05:27:58.328000
Kimberly Johnson,Data Cleaning & Preprocessing,100,2024-10-21 05:27:58.328000
Kimberly Johnson,Data Ethics,100,2024-10-21 05:27:58.328000
Kimberly Johnson,Data Analysis with Pandas,100,2024-10-21 05:27:58.328000
Kimberly Johnson,Introduction to Blockchain,100,2024-10-21 05:27:58.328000
Kimberly Johnson,Design Thinking Process,100,2024-10-21 05:27:58.328000
Kimberly Johnson,Personal Finance Skills,100,2024-10-21 05:27:58.328000
Kimberly Johnson,Infrastructure as Code,100,2024-10-21 05:27:58.328000
Kimberly Johnson,Quality Management,100,2024-10-21 05:27:58.328000
Kimberly Johnson,Azure Basics,100,2024-10-21 05:27:58.328000
Kimberly Johnson,Visual Design Basics,100,2024-10-21 05:27:58.328000
Kimberly Johnson,Networking Basics,100,2024-10-21 05:27:58.328000
Kimberly Johnson,ITIL Foundations,100,2024-10-21 05:27:58.328000
Gregory Williams,Data Analysis for Business Decisions,100,2024-10-21 05:27:58.328000
Gregory Williams,Data Ethics,100,2024-10-21 05:27:58.328000
Gregory Williams,Data Visualization with Matplotlib,100,2024-10-21 05:27:58.328000
Gregory Williams,Data Analysis with Pandas,100,2024-10-21 05:27:58.328000
Gregory Williams,Data Cleaning & Preprocessing,100,2024-10-21 05:27:58.328000
Gregory Williams,Vulnerability Assessment,100,2024-10-21 05:27:58.328000
Gregory Williams,Introduction to Finance,100,2024-10-21 05:27:58.328000
Gregory Williams,Multiplayer Game Development,100,2024-10-21 05:27:58.328000
Gregory Williams,Introduction to AI,100,2024-10-21 05:27:58.328000
Gregory Williams,Predictive Analytics,100,2024-10-21 05:27:58.328000
Gregory Williams,Progressive Web Apps (PWAs),100,2024-10-21 05:27:58.328000
Gregory Williams,User Interface Design for Mobile Apps,100,2024-10-21 05:27:58.328000
Benjamin Watts,Data Cleaning & Preprocessing,100,2024-10-21 05:27:58.328000
Benjamin Watts,Data Visualization with Matplotlib,100,2024-10-21 05:27:58.328000
Benjamin Watts,Data Ethics,100,2024-10-21 05:27:58.328000
Benjamin Watts,Data Analysis for Business Decisions,100,2024-10-21 05:27:58.328000
Benjamin Watts,Data Analysis with Pandas,100,2024-10-21 05:27:58.328000
Benjamin Watts,Decentralized Applications (DApps),100,2024-10-21 05:27:58.328000
Benjamin Watts,Risk Management in Cybersecurity,100,2024-10-21 05:27:58.328000
Benjamin Watts,Introduction to Human Resources,100,2024-10-21 05:27:58.328000
Benjamin Watts,Usability Testing,100,2024-10-21 05:27:58.328000
Benjamin Watts,Communication Skills for Project Managers,100,2024-10-21 05:27:58.328000
Hannah Mcguire,Data Analysis with Pandas,100,2024-10-21 05:27:58.328000
Hannah Mcguire,Data Visualization with Matplotlib,100,2024-10-21 05:27:58.328000
Hannah Mcguire,Data Ethics,100,2024-10-21 05:27:58.328000
Hannah Mcguire,Data Cleaning & Preprocessing,100,2024-10-21 05:27:58.328000
Hannah Mcguire,Data Analysis for Business Decisions,100,2024-10-21 05:27:58.328000
Hannah Mcguire,Web Accessibility Standards,100,2024-10-21 05:27:58.328000
Hannah Mcguire,Social Media Marketing,100,2024-10-21 05:27:58.328000
Hannah Mcguire,API Development,100,2024-10-21 05:27:58.328000
Hannah Mcguire,Cryptocurrency Fundamentals,100,2024-10-21 05:27:58.328000
Hannah Mcguire,Business Case Development,100,2024-10-21 05:27:58.328000
Hannah Mcguire,Infrastructure as Code,100,2024-10-21 05:27:58.328000
Hannah Mcguire,Computer Vision Applications,100,2024-10-21 05:27:58.328000
Hannah Mcguire,AI in IoT,100,2024-10-21 05:27:58.328000
Hannah Mcguire,Talent Acquisition Strategies,100,2024-10-21 05:27:58.328000
Steven Wagner,Data Analysis with Pandas,100,2024-10-21 05:27:58.328000
Steven Wagner,Data Visualization with Matplotlib,100,2024-10-21 05:27:58.328000
Steven Wagner,Data Ethics,100,2024-10-21 05:27:58.328000
Steven Wagner,Data Analysis for Business Decisions,100,2024-10-21 05:27:58.328000
Steven Wagner,Data Cleaning & Preprocessing,100,2024-10-21 05:27:58.328000
Steven Wagner,Labor Laws and Compliance,100,2024-10-21 05:27:58.328000
Steven Wagner,Risk Management in Finance,100,2024-10-21 05:27:58.328000
Steven Wagner,App Monetization Strategies,100,2024-10-21 05:27:58.328000
Steven Wagner,Malware Analysis,100,2024-10-21 05:27:58.328000
Steven Wagner,Automating Cloud Deployments,100,2024-10-21 05:27:58.328000
Steven Wagner,Monitoring and Logging,100,2024-10-21 05:27:58.328000
Steven Wagner,Game Design Principles,100,2024-10-21 05:27:58.328000
Steven Wagner,Design Thinking Process,100,2024-10-21 05:27:58.328000
Steven Wagner,Editing and Proofreading Techniques,100,2024-10-21 05:27:58.328000
Steven Wagner,Risk Management in Cybersecurity,100,2024-10-21 05:27:58.328000
Michelle Chapman,Data Analysis for Business Decisions,100,2024-10-21 05:27:58.328000
Michelle Chapman,Data Ethics,100,2024-10-21 05:27:58.328000
Michelle Chapman,Data Visualization with Matplotlib,100,2024-10-21 05:27:58.328000
Michelle Chapman,Data Cleaning & Preprocessing,100,2024-10-21 05:27:58.328000
Michelle Chapman,Data Analysis with Pandas,100,2024-10-21 05:27:58.328000
Michelle Chapman,Web Accessibility Standards,100,2024-10-21 05:27:58.328000
Michelle Chapman,Microservices in Cloud,100,2024-10-21 05:27:58.328000
Michelle Chapman,Reinforcement Learning,100,2024-10-21 05:27:58.328000
Michelle Chapman,Malware Analysis,100,2024-10-21 05:27:58.328000
Michelle Chapman,Customer Service Skills for IT,100,2024-10-21 05:27:58.328000
Michelle Chapman,Introduction to Machine Learning,100,2024-10-21 05:27:58.328000
Michelle Chapman,Video Production Basics,100,2024-10-21 05:27:58.328000
Michelle Chapman,Ethereum Development,100,2024-10-21 05:27:58.328000
Michelle Chapman,Security Awareness for IT Support,100,2024-10-21 05:27:58.328000
Daniel Hunter,Data Analysis for Business Decisions,100,2024-10-21 05:27:58.328000
Daniel Hunter,Data Analysis with Pandas,100,2024-10-21 05:27:58.328000
Daniel Hunter,Data Ethics,100,2024-10-21 05:27:58.328000
Daniel Hunter,Data Cleaning & Preprocessing,100,2024-10-21 05:27:58.328000
Daniel Hunter,Data Visualization with Matplotlib,100,2024-10-21 05:27:58.328000
Daniel Hunter,MongoDB,100,2024-10-21 05:27:58.328000
Daniel Hunter,DevOps in the Cloud,100,2024-10-21 05:27:58.328000
Daniel Hunter,Negotiation Techniques,100,2024-10-21 05:27:58.328000
Daniel Hunter,Email Marketing Basics,100,2024-10-21 05:27:58.328000
Daniel Hunter,Mobile Testing Strategies,100,2024-10-21 05:27:58.328000
Daniel Hunter,Change Management Strategies,100,2024-10-21 05:27:58.328000
Daniel Hunter,Introduction to Blockchain,100,2024-10-21 05:27:58.328000
Daniel Hunter,Introduction to Machine Learning,100,2024-10-21 05:27:58.328000
John Ponce,Data Analysis for Business Decisions,100,2024-10-21 05:27:58.328000
John Ponce,Data Visualization with Matplotlib,100,2024-10-21 05:27:58.328000
John Ponce,Data Ethics,100,2024-10-21 05:27:58.328000
John Ponce,Data Cleaning & Preprocessing,100,2024-10-21 05:27:58.328000
John Ponce,Data Analysis with Pandas,100,2024-10-21 05:27:58.328000
John Ponce,HTML & CSS,100,2024-10-21 05:27:58.328000
John Ponce,Cryptocurrency Fundamentals,100,2024-10-21 05:27:58.328000
John Ponce,Blockchain Use Cases,100,2024-10-21 05:27:58.328000
John Ponce,Social Media Marketing,100,2024-10-21 05:27:58.328000
John Ponce,Multiplayer Game Development,100,2024-10-21 05:27:58.328000
John Ponce,Container Orchestration with Kubernetes,100,2024-10-21 05:27:58.328000
John Ponce,DevOps in the Cloud,100,2024-10-21 05:27:58.329000
John Ponce,Virtual Reality Development,100,2024-10-21 05:27:58.329000
John Ponce,Cloud Cost Management,100,2024-10-21 05:27:58.329000
John Ponce,Introduction to Human Resources,100,2024-10-21 05:27:58.329000
Jennifer Hill,Data Ethics,100,2024-10-21 05:27:58.329000
Jennifer Hill,Data Analysis with Pandas,100,2024-10-21 05:27:58.329000
Jennifer Hill,Data Analysis for Business Decisions,100,2024-10-21 05:27:58.329000
Jennifer Hill,Data Visualization with Matplotlib,100,2024-10-21 05:27:58.329000
Jennifer Hill,Data Cleaning & Preprocessing,100,2024-10-21 05:27:58.329000
Jennifer Hill,Machine Learning Basics,100,2024-10-21 05:27:58.329000
Jennifer Hill,SWOT Analysis for Business,100,2024-10-21 05:27:58.329000
Jennifer Hill,Cryptography Basics,100,2024-10-21 05:27:58.329000
Jennifer Hill,HR Analytics,100,2024-10-21 05:27:58.329000
Jennifer Hill,Ethics in AI,100,2024-10-21 05:27:58.329000
Jennifer Hill,API Integration in Mobile Apps,100,2024-10-21 05:27:58.329000
Jennifer Hill,Agile Project Management,100,2024-10-21 05:27:58.329000
Jennifer Hill,JavaScript Basics,100,2024-10-21 05:27:58.329000
Jennifer Hill,Cloud Support Fundamentals,100,2024-10-21 05:27:58.329000
Jennifer Hill,Requirements Gathering Techniques,100,2024-10-21 05:27:58.329000
Sarah Holland,Data Analysis for Business Decisions,100,2024-10-21 05:27:58.329000
Sarah Holland,Data Visualization with Matplotlib,100,2024-10-21 05:27:58.329000
Sarah Holland,Data Analysis with Pandas,100,2024-10-21 05:27:58.329000
Sarah Holland,Data Ethics,100,2024-10-21 05:27:58.329000
Sarah Holland,Data Cleaning & Preprocessing,100,2024-10-21 05:27:58.329000
Sarah Holland,Remote Support Techniques,100,2024-10-21 05:27:58.329000
Sarah Holland,Virtual Reality Development,100,2024-10-21 05:27:58.329000
Sarah Holland,Natural Language Processing,100,2024-10-21 05:27:58.329000
Sarah Holland,Azure Basics,100,2024-10-21 05:27:58.329000
Sarah Holland,Cryptography Basics,100,2024-10-21 05:27:58.329000
Sarah Holland,Computer Vision Basics,100,2024-10-21 05:27:58.329000
Sarah Holland,Financial Planning and Forecasting,100,2024-10-21 05:27:58.329000
Sarah Holland,React,100,2024-10-21 05:27:58.329000
Sarah Holland,Progressive Web Apps (PWAs),100,2024-10-21 05:27:58.329000
Sarah Holland,Responsive Web Design,100,2024-10-21 05:27:58.329000
Jennifer Molina,Data Visualization with Matplotlib,100,2024-10-21 05:27:58.329000
Jennifer Molina,Data Analysis with Pandas,100,2024-10-21 05:27:58.329000
Jennifer Molina,Data Cleaning & Preprocessing,100,2024-10-21 05:27:58.329000
Jennifer Molina,Data Analysis for Business Decisions,100,2024-10-21 05:27:58.329000
Jennifer Molina,Data Ethics,100,2024-10-21 05:27:58.329000
Jennifer Molina,Change Management,100,2024-10-21 05:27:58.329000
Jennifer Molina,Conflict Resolution in HR,100,2024-10-21 05:27:58.329000
Jennifer Molina,SEO Fundamentals,100,2024-10-21 05:27:58.329000
Jennifer Molina,Tokenomics,100,2024-10-21 05:27:58.329000
Jennifer Molina,AWS Fundamentals,100,2024-10-21 05:27:58.329000
Jennifer Molina,Speech Recognition Technologies,100,2024-10-21 05:27:58.329000
Jennifer Molina,AI in IoT,100,2024-10-21 05:27:58.329000
Jennifer Molina,Time Series Analysis,100,2024-10-21 05:27:58.329000
Jennifer Molina,Video Production Basics,100,2024-10-21 05:27:58.329000
Madison Graves,Data Analysis for Business Decisions,100,2024-10-21 05:27:58.329000
Madison Graves,Data Ethics,100,2024-10-21 05:27:58.329000
Madison Graves,Data Analysis with Pandas,100,2024-10-21 05:27:58.329000
Madison Graves,Data Cleaning & Preprocessing,100,2024-10-21 05:27:58.329000
Madison Graves,Data Visualization with Matplotlib,100,2024-10-21 05:27:58.329000
Madison Graves,SWOT Analysis for Business,100,2024-10-21 05:27:58.329000
Madison Graves,SEO for Content Creators,100,2024-10-21 05:27:58.329000
Madison Graves,Social Media Marketing,100,2024-10-21 05:27:58.329000
Madison Graves,Reinforcement Learning,100,2024-10-21 05:27:58.329000
Madison Graves,Risk Analysis and Management,100,2024-10-21 05:27:58.329000
Madison Graves,Performance Management Systems,100,2024-10-21 05:27:58.329000
Madison Graves,Publishing Mobile Apps,100,2024-10-21 05:27:58.329000
Madison Graves,Introduction to Machine Learning,100,2024-10-21 05:27:58.329000
Madison Graves,Sales Fundamentals,100,2024-10-21 05:27:58.329000
Madison Graves,Cryptocurrency Fundamentals,100,2024-10-21 05:27:58.329000
Reginald Burton,Data Analysis with Pandas,100,2024-10-21 05:27:58.329000
Reginald Burton,Data Visualization with Matplotlib,100,2024-10-21 05:27:58.329000
Reginald Burton,Data Cleaning & Preprocessing,100,2024-10-21 05:27:58.329000
Reginald Burton,Data Ethics,100,2024-10-21 05:27:58.329000
Reginald Burton,Data Analysis for Business Decisions,100,2024-10-21 05:27:58.329000
Reginald Burton,Node.js,100,2024-10-21 05:27:58.329000
Reginald Burton,Cross-Platform Development with Flutter,100,2024-10-21 05:27:58.329000
Reginald Burton,SWOT Analysis for Business,100,2024-10-21 05:27:58.329000
Reginald Burton,Project Management Tools Overview,100,2024-10-21 05:27:58.329000
Reginald Burton,Investing Fundamentals,100,2024-10-21 05:27:58.329000
Cristina Rogers,Data Cleaning & Preprocessing,100,2024-10-21 05:27:58.329000
Cristina Rogers,Data Analysis for Business Decisions,100,2024-10-21 05:27:58.329000
Cristina Rogers,Data Ethics,100,2024-10-21 05:27:58.329000
Cristina Rogers,Data Analysis with Pandas,100,2024-10-21 05:27:58.329000
Cristina Rogers,Data Visualization with Matplotlib,100,2024-10-21 05:27:58.329000
Cristina Rogers,SEO for Content Creators,100,2024-10-21 05:27:58.329000
Cristina Rogers,Usability Testing,100,2024-10-21 05:27:58.329000
Cristina Rogers,Design Tools Overview,100,2024-10-21 05:27:58.329000
Cristina Rogers,Game Testing Techniques,100,2024-10-21 05:27:58.329000
Cristina Rogers,Interaction Design Principles,100,2024-10-21 05:27:58.329000
Mary Carpenter,Data Analysis for Business Decisions,100,2024-10-21 05:27:58.329000
Mary Carpenter,Data Visualization with Matplotlib,100,2024-10-21 05:27:58.329000
Mary Carpenter,Data Analysis with Pandas,100,2024-10-21 05:27:58.329000
Mary Carpenter,Data Ethics,100,2024-10-21 05:27:58.329000
Mary Carpenter,Data Cleaning & Preprocessing,100,2024-10-21 05:27:58.329000
Mary Carpenter,Introduction to Human Resources,100,2024-10-21 05:27:58.329000
Mary Carpenter,Change Management Strategies,100,2024-10-21 05:27:58.329000
Mary Carpenter,iOS Development Basics,100,2024-10-21 05:27:58.329000
Mary Carpenter,Ethics in AI,100,2024-10-21 05:27:58.329000
Mary Carpenter,Time Management for Sales,100,2024-10-21 05:27:58.329000
Mary Carpenter,HR Technology Tools,100,2024-10-21 05:27:58.329000
Mary Carpenter,Labor Laws and Compliance,100,2024-10-21 05:27:58.329000
Mary Carpenter,Content Strategy Development,100,2024-10-21 05:27:58.329000
Mary Carpenter,Design Tools Overview,100,2024-10-21 05:27:58.329000
Zachary Allen,Data Visualization with Matplotlib,100,2024-10-21 05:27:58.329000
Zachary Allen,Data Analysis with Pandas,100,2024-10-21 05:27:58.329000
Zachary Allen,Data Analysis for Business Decisions,100,2024-10-21 05:27:58.329000
Zachary Allen,Data Cleaning & Preprocessing,100,2024-10-21 05:27:58.329000
Zachary Allen,Data Ethics,100,2024-10-21 05:27:58.329000
Zachary Allen,Change Management Strategies,100,2024-10-21 05:27:58.329000
Zachary Allen,Visual Design Basics,100,2024-10-21 05:27:58.329000
Zachary Allen,Content Strategy Development,100,2024-10-21 05:27:58.329000
Zachary Allen,Diversity and Inclusion Initiatives,100,2024-10-21 05:27:58.329000
Zachary Allen,API Development,100,2024-10-21 05:27:58.329000
Edward Ortega,Data Analysis for Business Decisions,100,2024-10-21 05:27:58.329000
Edward Ortega,Data Visualization with Matplotlib,100,2024-10-21 05:27:58.329000
Edward Ortega,Data Cleaning & Preprocessing,100,2024-10-21 05:27:58.329000
Edward Ortega,Data Ethics,100,2024-10-21 05:27:58.329000
Edward Ortega,Data Analysis with Pandas,100,2024-10-21 05:27:58.329000
Edward Ortega,Change Management Strategies,100,2024-10-21 05:27:58.329000
Edward Ortega,Understanding Financial Markets,100,2024-10-21 05:27:58.329000
Edward Ortega,HR Technology Tools,100,2024-10-21 05:27:58.329000
Edward Ortega,Security in Cloud Computing,100,2024-10-21 05:27:58.329000
Edward Ortega,Introduction to Machine Learning,100,2024-10-21 05:27:58.329000
Edward Ortega,Cloud Support Fundamentals,100,2024-10-21 05:27:58.329000
Edward Ortega,Infrastructure as Code,100,2024-10-21 05:27:58.329000
Rachel Brown,Data Analysis with Pandas,100,2024-10-21 05:27:58.329000
Rachel Brown,Data Cleaning & Preprocessing,100,2024-10-21 05:27:58.329000
Rachel Brown,Data Ethics,100,2024-10-21 05:27:58.329000
Rachel Brown,Data Visualization with Matplotlib,100,2024-10-21 05:27:58.329000
Rachel Brown,Express.js,100,2024-10-21 05:27:58.329000
Rachel Brown,Closing Sales Strategies,100,2024-10-21 05:27:58.329000
Rachel Brown,Predictive Analytics,100,2024-10-21 05:27:58.329000
Rachel Brown,Unity Basics,100,2024-10-21 05:27:58.329000
Rachel Brown,Deployment of ML Models,100,2024-10-21 05:27:58.329000
Rachel Brown,SWOT Analysis for Business,100,2024-10-21 05:27:58.329000
Paul Johnson,Data Visualization with Matplotlib,100,2024-10-21 05:27:58.329000
Paul Johnson,Data Analysis for Business Decisions,100,2024-10-21 05:27:58.329000
Paul Johnson,Data Ethics,100,2024-10-21 05:27:58.329000
Paul Johnson,Data Analysis with Pandas,100,2024-10-21 05:27:58.329000
Paul Johnson,Data Cleaning & Preprocessing,100,2024-10-21 05:27:58.329000
Paul Johnson,HTML & CSS,100,2024-10-21 05:27:58.329000
Paul Johnson,Git & GitHub,100,2024-10-21 05:27:58.329000
Paul Johnson,Stakeholder Management,100,2024-10-21 05:27:58.329000
Paul Johnson,Affiliate Marketing,100,2024-10-21 05:27:58.329000
Paul Johnson,Requirements Gathering Techniques,100,2024-10-21 05:27:58.329000
Alexander Armstrong,Data Cleaning & Preprocessing,100,2024-10-21 05:27:58.329000
Alexander Armstrong,Data Visualization with Matplotlib,100,2024-10-21 05:27:58.329000
Alexander Armstrong,Data Analysis for Business Decisions,100,2024-10-21 05:27:58.329000
Alexander Armstrong,Data Analysis with Pandas,100,2024-10-21 05:27:58.329000
Alexander Armstrong,Data Ethics,100,2024-10-21 05:27:58.329000
Alexander Armstrong,Diversity and Inclusion Initiatives,100,2024-10-21 05:27:58.329000
Alexander Armstrong,Natural Language Processing Techniques,100,2024-10-21 05:27:58.329000
Alexander Armstrong,Mobile App Design,100,2024-10-21 05:27:58.329000
Alexander Armstrong,Web Performance Optimization,100,2024-10-21 05:27:58.329000
Alexander Armstrong,DevOps in the Cloud,100,2024-10-21 05:27:58.329000
Alexander Armstrong,RESTful Services,100,2024-10-21 05:27:58.330000
Alexander Armstrong,Risk Management in Projects,100,2024-10-21 05:27:58.330000
Alexander Armstrong,Sales Fundamentals,100,2024-10-21 05:27:58.330000
Alexander Armstrong,Introduction to DevOps,100,2024-10-21 05:27:58.330000
Erin Mcdaniel,Data Analysis with Pandas,100,2024-10-21 05:27:58.330000
Erin Mcdaniel,Data Analysis for Business Decisions,100,2024-10-21 05:27:58.330000
Erin Mcdaniel,Data Ethics,100,2024-10-21 05:27:58.330000
Erin Mcdaniel,Data Visualization with Matplotlib,100,2024-10-21 05:27:58.330000
Erin Mcdaniel,Data Cleaning & Preprocessing,100,2024-10-21 05:27:58.330000
Erin Mcdaniel,Mobile App Security,100,2024-10-21 05:27:58.330000
Erin Mcdaniel,Cloud Security Best Practices,100,2024-10-21 05:27:58.330000
Erin Mcdaniel,Deployment of ML Models,100,2024-10-21 05:27:58.330000
Erin Mcdaniel,Web Accessibility Standards,100,2024-10-21 05:27:58.330000
Erin Mcdaniel,Publishing Mobile Apps,100,2024-10-21 05:27:58.330000
Lisa Simpson,Data Visualization with Matplotlib,100,2024-10-21 05:27:58.330000
Lisa Simpson,Data Ethics,100,2024-10-21 05:27:58.330000
Lisa Simpson,Data Analysis for Business Decisions,100,2024-10-21 05:27:58.330000
Lisa Simpson,Data Cleaning & Preprocessing,100,2024-10-21 05:27:58.330000
Lisa Simpson,Data Analysis with Pandas,100,2024-10-21 05:27:58.330000
Lisa Simpson,iOS Development Basics,100,2024-10-21 05:27:58.330000
Lisa Simpson,Computer Vision Basics,100,2024-10-21 05:27:58.330000
Lisa Simpson,Introduction to AI,100,2024-10-21 05:27:58.330000
Lisa Simpson,User Research Techniques,100,2024-10-21 05:27:58.330000
Lisa Simpson,Game Testing Techniques,100,2024-10-21 05:27:58.330000
Riley Smith,Data Analysis with Pandas,100,2024-10-21 05:27:58.330000
Riley Smith,Data Visualization with Matplotlib,100,2024-10-21 05:27:58.330000
Riley Smith,Data Analysis for Business Decisions,100,2024-10-21 05:27:58.330000
Riley Smith,Data Ethics,100,2024-10-21 05:27:58.330000
Riley Smith,Data Cleaning & Preprocessing,100,2024-10-21 05:27:58.330000
Riley Smith,Time Series Analysis,100,2024-10-21 05:27:58.330000
Riley Smith,Big Data with Spark,100,2024-10-21 05:27:58.330000
Riley Smith,Cryptography Basics,100,2024-10-21 05:27:58.330000
Riley Smith,Graphic Design Basics for Content,100,2024-10-21 05:27:58.330000
Riley Smith,Frontend Development Basics,100,2024-10-21 05:27:58.330000
Riley Smith,Ethical Hacking Basics,100,2024-10-21 05:27:58.330000
Riley Smith,React,100,2024-10-21 05:27:58.330000
Riley Smith,Node.js,100,2024-10-21 05:27:58.330000
Riley Smith,Training and Development,100,2024-10-21 05:27:58.330000
Cynthia Scott,Data Visualization with Matplotlib,100,2024-10-21 05:27:58.330000
Cynthia Scott,Data Cleaning & Preprocessing,100,2024-10-21 05:27:58.330000
Cynthia Scott,Data Analysis for Business Decisions,100,2024-10-21 05:27:58.330000
Cynthia Scott,Data Ethics,100,2024-10-21 05:27:58.330000
Cynthia Scott,Data Analysis with Pandas,100,2024-10-21 05:27:58.330000
Cynthia Scott,Express.js,100,2024-10-21 05:27:58.330000
Cynthia Scott,Reinforcement Learning Techniques,100,2024-10-21 05:27:58.330000
Cynthia Scott,Speech Recognition Technologies,100,2024-10-21 05:27:58.330000
Cynthia Scott,Change Management Strategies,100,2024-10-21 05:27:58.330000
Cynthia Scott,Change Management,100,2024-10-21 05:27:58.330000
Carol Huber,Data Analysis with Pandas,100,2024-10-21 05:27:58.330000
Carol Huber,Data Visualization with Matplotlib,100,2024-10-21 05:27:58.330000
Carol Huber,Data Cleaning & Preprocessing,100,2024-10-21 05:27:58.330000
Carol Huber,Data Analysis for Business Decisions,100,2024-10-21 05:27:58.330000
Carol Huber,Data Ethics,100,2024-10-21 05:27:58.330000
Carol Huber,AI in Healthcare,100,2024-10-21 05:27:58.330000
Carol Huber,Agile Project Management,100,2024-10-21 05:27:58.330000
Carol Huber,Building Customer Relationships,100,2024-10-21 05:27:58.330000
Carol Huber,Understanding Consumer Behavior,100,2024-10-21 05:27:58.330000
Carol Huber,MongoDB,100,2024-10-21 05:27:58.330000
Carol Huber,Budgeting for Projects,100,2024-10-21 05:27:58.330000
Carol Huber,User Interface Design for Mobile Apps,100,2024-10-21 05:27:58.330000
Carol Huber,Financial Reporting Standards,100,2024-10-21 05:27:58.330000
Carol Huber,Introduction to Content Creation,100,2024-10-21 05:27:58.330000
Makayla Austin,Data Ethics,100,2024-10-21 05:27:58.330000
Makayla Austin,Data Visualization with Matplotlib,100,2024-10-21 05:27:58.330000
Makayla Austin,Data Cleaning & Preprocessing,100,2024-10-21 05:27:58.330000
Makayla Austin,Data Analysis for Business Decisions,100,2024-10-21 05:27:58.330000
Makayla Austin,Performance Optimization for Mobile Apps,100,2024-10-21 05:27:58.330000
Makayla Austin,App Monetization Strategies,100,2024-10-21 05:27:58.330000
Makayla Austin,Collaboration Tools in DevOps,100,2024-10-21 05:27:58.330000
Makayla Austin,Project Management Basics,100,2024-10-21 05:27:58.330000
Makayla Austin,RESTful Services,100,2024-10-21 05:27:58.330000
Makayla Austin,Web Application Security,100,2024-10-21 05:27:58.330000
Makayla Austin,Labor Laws and Compliance,100,2024-10-21 05:27:58.330000
Daniel Anderson,Data Analysis for Business Decisions,100,2024-10-21 05:27:58.330000
Daniel Anderson,Data Analysis with Pandas,100,2024-10-21 05:27:58.330000
Daniel Anderson,Data Ethics,100,2024-10-21 05:27:58.330000
Daniel Anderson,Data Visualization with Matplotlib,100,2024-10-21 05:27:58.330000
Daniel Anderson,Data Cleaning & Preprocessing,100,2024-10-21 05:27:58.330000
Daniel Anderson,Social Media Marketing,100,2024-10-21 05:27:58.330000
Daniel Anderson,Video Production Basics,100,2024-10-21 05:27:58.330000
Daniel Anderson,AWS Fundamentals,100,2024-10-21 05:27:58.330000
Daniel Anderson,Content Marketing Strategies,100,2024-10-21 05:27:58.330000
Daniel Anderson,Ethics in AI,100,2024-10-21 05:27:58.330000
Daniel Anderson,Budgeting Basics,100,2024-10-21 05:27:58.330000
Daniel Anderson,DevOps in the Cloud,100,2024-10-21 05:27:58.330000
Daniel Anderson,MongoDB,100,2024-10-21 05:27:58.330000
Brandon Walter,Data Visualization with Matplotlib,100,2024-10-21 05:27:58.330000
Brandon Walter,Data Cleaning & Preprocessing,100,2024-10-21 05:27:58.330000
Brandon Walter,Data Analysis for Business Decisions,100,2024-10-21 05:27:58.330000
Brandon Walter,Data Ethics,100,2024-10-21 05:27:58.330000
Brandon Walter,Data Analysis with Pandas,100,2024-10-21 05:27:58.330000
Brandon Walter,Labor Laws and Compliance,100,2024-10-21 05:27:58.330000
Brandon Walter,Reinforcement Learning,100,2024-10-21 05:27:58.330000
Brandon Walter,Publishing Mobile Apps,100,2024-10-21 05:27:58.330000
Brandon Walter,Financial Reporting Standards,100,2024-10-21 05:27:58.330000
Brandon Walter,Remote Support Techniques,100,2024-10-21 05:27:58.330000
Tamara Young,Data Analysis for Business Decisions,100,2024-10-21 05:27:58.330000
Tamara Young,Data Cleaning & Preprocessing,100,2024-10-21 05:27:58.330000
Tamara Young,Data Ethics,100,2024-10-21 05:27:58.330000
Tamara Young,Data Analysis with Pandas,100,2024-10-21 05:27:58.330000
Tamara Young,Data Visualization with Matplotlib,100,2024-10-21 05:27:58.330000
Tamara Young,Talent Acquisition Strategies,100,2024-10-21 05:27:58.330000
Tamara Young,Web Performance Optimization,100,2024-10-21 05:27:58.330000
Tamara Young,Podcasting Fundamentals,100,2024-10-21 05:27:58.330000
Tamara Young,Labor Laws and Compliance,100,2024-10-21 05:27:58.330000
Tamara Young,Communication Skills for Project Managers,100,2024-10-21 05:27:58.330000
Tamara Young,Introduction to Human Resources,100,2024-10-21 05:27:58.330000
Tamara Young,Vulnerability Assessment,100,2024-10-21 05:27:58.330000
Tamara Young,Budgeting for Projects,100,2024-10-21 05:27:58.330000
Amanda Nicholson,Data Analysis with Pandas,100,2024-10-21 05:27:58.330000
Amanda Nicholson,Data Cleaning & Preprocessing,100,2024-10-21 05:27:58.330000
Amanda Nicholson,Data Visualization with Matplotlib,100,2024-10-21 05:27:58.330000
Amanda Nicholson,Data Ethics,100,2024-10-21 05:27:58.330000
Amanda Nicholson,Data Analysis for Business Decisions,100,2024-10-21 05:27:58.330000
Amanda Nicholson,Operating Systems Overview,100,2024-10-21 05:27:58.330000
Amanda Nicholson,Introduction to Content Creation,100,2024-10-21 05:27:58.330000
Amanda Nicholson,iOS Development Basics,100,2024-10-21 05:27:58.330000
Amanda Nicholson,Investing Fundamentals,100,2024-10-21 05:27:58.330000
Amanda Nicholson,Affiliate Marketing,100,2024-10-21 05:27:58.330000
Amanda Nicholson,Version Control with Git,100,2024-10-21 05:27:58.330000
Amanda Nicholson,Infrastructure as Code,100,2024-10-21 05:27:58.330000
Jessica White,Data Analysis for Business Decisions,100,2024-10-21 05:27:58.330000
Jessica White,Data Ethics,100,2024-10-21 05:27:58.330000
Jessica White,Data Analysis with Pandas,100,2024-10-21 05:27:58.330000
Jessica White,Data Cleaning & Preprocessing,100,2024-10-21 05:27:58.330000
Jessica White,Data Visualization with Matplotlib,100,2024-10-21 05:27:58.330000
Jessica White,AI in Healthcare,100,2024-10-21 05:27:58.330000
Jessica White,Business Case Development,100,2024-10-21 05:27:58.330000
Jessica White,Unsupervised Learning,100,2024-10-21 05:27:58.330000
Jessica White,Container Orchestration with Kubernetes,100,2024-10-21 05:27:58.330000
Jessica White,Unreal Engine Basics,100,2024-10-21 05:27:58.330000
Jessica White,Model Evaluation,100,2024-10-21 05:27:58.330000
Jessica White,Risk Management in Projects,100,2024-10-21 05:27:58.330000
Jessica White,Decentralized Applications (DApps),100,2024-10-21 05:27:58.330000
Brittany Robinson,Data Analysis with Pandas,100,2024-10-21 05:27:58.330000
Brittany Robinson,Data Visualization with Matplotlib,100,2024-10-21 05:27:58.330000
Brittany Robinson,Data Ethics,100,2024-10-21 05:27:58.330000
Brittany Robinson,Data Analysis for Business Decisions,100,2024-10-21 05:27:58.330000
Brittany Robinson,Data Cleaning & Preprocessing,100,2024-10-21 05:27:58.330000
Brittany Robinson,Digital Sales Techniques,100,2024-10-21 05:27:58.330000
Brittany Robinson,AI for Business,100,2024-10-21 05:27:58.330000
Brittany Robinson,Sales Fundamentals,100,2024-10-21 05:27:58.330000
Brittany Robinson,User Interface Design for Mobile Apps,100,2024-10-21 05:27:58.330000
Brittany Robinson,Smart Contracts Development,100,2024-10-21 05:27:58.330000
Brittany Robinson,Email Marketing Basics,100,2024-10-21 05:27:58.330000
Brittany Robinson,Diversity and Inclusion Initiatives,100,2024-10-21 05:27:58.330000
Brittany Robinson,Visual Design Basics,100,2024-10-21 05:27:58.330000
Brittany Robinson,Graphic Design Basics for Content,100,2024-10-21 05:27:58.330000
Brandon Morris,Data Analysis with Pandas,100,2024-10-21 05:27:58.330000
Brandon Morris,Data Visualization with Matplotlib,100,2024-10-21 05:27:58.330000
Brandon Morris,Data Cleaning & Preprocessing,100,2024-10-21 05:27:58.330000
Brandon Morris,Data Analysis for Business Decisions,100,2024-10-21 05:27:58.330000
Brandon Morris,Data Ethics,100,2024-10-21 05:27:58.330000
Brandon Morris,Design Tools Overview,100,2024-10-21 05:27:58.330000
Brandon Morris,Labor Laws and Compliance,100,2024-10-21 05:27:58.330000
Brandon Morris,MongoDB,100,2024-10-21 05:27:58.330000
Brandon Morris,Decentralized Applications (DApps),100,2024-10-21 05:27:58.330000
Brandon Morris,DevOps in the Cloud,100,2024-10-21 05:27:58.330000
Brandon Morris,Blogging for Beginners,100,2024-10-21 05:27:58.330000
Brandon Morris,Content Management Systems (CMS),100,2024-10-21 05:27:58.331000
Brandon Morris,Sales Analytics,100,2024-10-21 05:27:58.331000
Max Atkins,Data Ethics,100,2024-10-21 05:27:58.331000
Max Atkins,Data Cleaning & Preprocessing,100,2024-10-21 05:27:58.331000
Max Atkins,Data Analysis with Pandas,100,2024-10-21 05:27:58.331000
Max Atkins,Data Visualization with Matplotlib,100,2024-10-21 05:27:58.331000
Max Atkins,Data Analysis for Business Decisions,100,2024-10-21 05:27:58.331000
Max Atkins,Deep Learning with TensorFlow,100,2024-10-21 05:27:58.331000
Max Atkins,ITIL Foundations,100,2024-10-21 05:27:58.331000
Max Atkins,Brand Management Online,100,2024-10-21 05:27:58.331000
Max Atkins,Speech Recognition Technologies,100,2024-10-21 05:27:58.331000
Max Atkins,Incident Response,100,2024-10-21 05:27:58.331000
Max Atkins,Risk Management in Cybersecurity,100,2024-10-21 05:27:58.331000
Sarah Patterson,Data Visualization with Matplotlib,100,2024-10-21 05:27:58.331000
Sarah Patterson,Data Analysis with Pandas,100,2024-10-21 05:27:58.331000
Sarah Patterson,Data Analysis for Business Decisions,100,2024-10-21 05:27:58.331000
Sarah Patterson,Data Cleaning & Preprocessing,100,2024-10-21 05:27:58.331000
Sarah Patterson,Data Ethics,100,2024-10-21 05:27:58.331000
Sarah Patterson,Usability Testing,100,2024-10-21 05:27:58.331000
Sarah Patterson,Blockchain Security,100,2024-10-21 05:27:58.331000
Sarah Patterson,Introduction to Human Resources,100,2024-10-21 05:27:58.331000
Sarah Patterson,Tokenomics,100,2024-10-21 05:27:58.331000
Sarah Patterson,Talent Acquisition Strategies,100,2024-10-21 05:27:58.331000
Sarah Patterson,App Monetization Strategies,100,2024-10-21 05:27:58.331000
Sarah Patterson,Backend Development Fundamentals,100,2024-10-21 05:27:58.331000
Sarah Patterson,Sales Analytics,100,2024-10-21 05:27:58.331000
Sarah Patterson,Frontend Development Basics,100,2024-10-21 05:27:58.331000
Sarah Patterson,Presentation Skills for Business Analysts,100,2024-10-21 05:27:58.331000
Terry Hanna,Data Analysis for Business Decisions,100,2024-10-21 05:27:58.331000
Terry Hanna,Data Cleaning & Preprocessing,100,2024-10-21 05:27:58.331000
Terry Hanna,Data Analysis with Pandas,100,2024-10-21 05:27:58.331000
Terry Hanna,Data Ethics,100,2024-10-21 05:27:58.331000
Terry Hanna,Data Visualization with Matplotlib,100,2024-10-21 05:27:58.331000
Terry Hanna,Monitoring and Logging,100,2024-10-21 05:27:58.331000
Terry Hanna,Brand Management Online,100,2024-10-21 05:27:58.331000
Terry Hanna,Sales Analytics,100,2024-10-21 05:27:58.331000
Terry Hanna,Git & GitHub,100,2024-10-21 05:27:58.331000
Terry Hanna,Responsive Design Principles,100,2024-10-21 05:27:58.331000
Terry Hanna,iOS Development Basics,100,2024-10-21 05:27:58.331000
Terry Hanna,Performance Management Systems,100,2024-10-21 05:27:58.331000
Terry Hanna,Agile Methodologies,100,2024-10-21 05:27:58.331000
Terry Hanna,Closing Sales Strategies,100,2024-10-21 05:27:58.331000
Elizabeth Schmidt,Data Analysis for Business Decisions,100,2024-10-21 05:27:58.331000
Elizabeth Schmidt,Data Cleaning & Preprocessing,100,2024-10-21 05:27:58.331000
Elizabeth Schmidt,Data Visualization with Matplotlib,100,2024-10-21 05:27:58.331000
Elizabeth Schmidt,Data Analysis with Pandas,100,2024-10-21 05:27:58.331000
Elizabeth Schmidt,Data Ethics,100,2024-10-21 05:27:58.331000
Elizabeth Schmidt,Training and Development,100,2024-10-21 05:27:58.331000
Elizabeth Schmidt,Model Evaluation,100,2024-10-21 05:27:58.331000
Elizabeth Schmidt,Email Marketing Basics,100,2024-10-21 05:27:58.331000
Elizabeth Schmidt,Hyperledger Basics,100,2024-10-21 05:27:58.331000
Elizabeth Schmidt,Decentralized Applications (DApps),100,2024-10-21 05:27:58.331000
Blake Reyes,Data Analysis for Business Decisions,100,2024-10-21 05:27:58.331000
Blake Reyes,Data Analysis with Pandas,100,2024-10-21 05:27:58.331000
Blake Reyes,Data Cleaning & Preprocessing,100,2024-10-21 05:27:58.331000
Blake Reyes,Data Ethics,100,2024-10-21 05:27:58.331000
Blake Reyes,Data Visualization with Matplotlib,100,2024-10-21 05:27:58.331000
Blake Reyes,Time Series Analysis,100,2024-10-21 05:27:58.331000
Blake Reyes,Customer Service Skills for IT,100,2024-10-21 05:27:58.331000
Blake Reyes,Introduction to Content Creation,100,2024-10-21 05:27:58.331000
Blake Reyes,Affiliate Marketing,100,2024-10-21 05:27:58.331000
Blake Reyes,Visual Design Basics,100,2024-10-21 05:27:58.331000
Blake Reyes,Game Design Principles,100,2024-10-21 05:27:58.331000
Blake Reyes,Budgeting for Projects,100,2024-10-21 05:27:58.331000
Blake Reyes,Digital Sales Techniques,100,2024-10-21 05:27:58.331000
Blake Reyes,Project Management Basics,100,2024-10-21 05:27:58.331000
Blake Reyes,Blockchain Use Cases,100,2024-10-21 05:27:58.331000
Ryan Wolf,Data Analysis with Pandas,100,2024-10-21 05:27:58.331000
Ryan Wolf,Data Cleaning & Preprocessing,100,2024-10-21 05:27:58.331000
Ryan Wolf,Data Analysis for Business Decisions,100,2024-10-21 05:27:58.331000
Ryan Wolf,Data Visualization with Matplotlib,100,2024-10-21 05:27:58.331000
Ryan Wolf,Data Ethics,100,2024-10-21 05:27:58.331000
Ryan Wolf,Machine Learning Basics,100,2024-10-21 05:27:58.331000
Ryan Wolf,SEO Best Practices,100,2024-10-21 05:27:58.331000
Ryan Wolf,Security Awareness for IT Support,100,2024-10-21 05:27:58.331000
Ryan Wolf,Web Performance Optimization,100,2024-10-21 05:27:58.331000
Ryan Wolf,Usability Testing,100,2024-10-21 05:27:58.331000
Ryan Wolf,Web Accessibility Standards,100,2024-10-21 05:27:58.331000
Ryan Wolf,Google Cloud Platform Essentials,100,2024-10-21 05:27:58.331000
Ryan Wolf,Introduction to Machine Learning,100,2024-10-21 05:27:58.331000
Ryan Wolf,Ethical Hacking Basics,100,2024-10-21 05:27:58.331000
Matthew Johnson,Data Analysis for Business Decisions,100,2024-10-21 05:27:58.331000
Matthew Johnson,Data Analysis with Pandas,100,2024-10-21 05:27:58.331000
Matthew Johnson,Data Ethics,100,2024-10-21 05:27:58.331000
Matthew Johnson,Data Cleaning & Preprocessing,100,2024-10-21 05:27:58.331000
Matthew Johnson,Data Visualization with Matplotlib,100,2024-10-21 05:27:58.331000
Matthew Johnson,Closing Sales Strategies,100,2024-10-21 05:27:58.331000
Matthew Johnson,Agile Methodologies,100,2024-10-21 05:27:58.331000
Matthew Johnson,Financial Planning and Forecasting,100,2024-10-21 05:27:58.331000
Matthew Johnson,Computer Vision Applications,100,2024-10-21 05:27:58.331000
Matthew Johnson,Business Case Development,100,2024-10-21 05:27:58.331000
Jesus James,Data Visualization with Matplotlib,100,2024-10-21 05:27:58.331000
Jesus James,Data Cleaning & Preprocessing,100,2024-10-21 05:27:58.331000
Jesus James,Data Analysis for Business Decisions,100,2024-10-21 05:27:58.331000
Jesus James,Data Analysis with Pandas,100,2024-10-21 05:27:58.331000
Jesus James,Model Evaluation,100,2024-10-21 05:27:58.331000
Jesus James,Brand Management Online,100,2024-10-21 05:27:58.331000
Jesus James,Change Management,100,2024-10-21 05:27:58.331000
Jesus James,HR Technology Tools,100,2024-10-21 05:27:58.331000
Jesus James,Diversity and Inclusion Initiatives,100,2024-10-21 05:27:58.331000
Jesus James,Machine Learning Basics,100,2024-10-21 05:27:58.331000
Jesus James,Networking Basics,100,2024-10-21 05:27:58.331000
Jesus James,App Monetization Strategies,100,2024-10-21 05:27:58.331000
Kathleen Mccarthy,Data Cleaning & Preprocessing,100,2024-10-21 05:27:58.331000
Kathleen Mccarthy,Data Analysis for Business Decisions,100,2024-10-21 05:27:58.331000
Kathleen Mccarthy,Data Visualization with Matplotlib,100,2024-10-21 05:27:58.331000
Kathleen Mccarthy,Data Ethics,100,2024-10-21 05:27:58.331000
Kathleen Mccarthy,Cryptography Basics,100,2024-10-21 05:27:58.331000
Kathleen Mccarthy,Budgeting for Projects,100,2024-10-21 05:27:58.331000
Kathleen Mccarthy,Git & GitHub,100,2024-10-21 05:27:58.331000
Kathleen Mccarthy,Collaboration Tools in DevOps,100,2024-10-21 05:27:58.331000
Kathleen Mccarthy,Introduction to Blockchain,100,2024-10-21 05:27:58.331000
Kathleen Mccarthy,Mobile App Security,100,2024-10-21 05:27:58.331000
Kathleen Mccarthy,Virtual Reality Development,100,2024-10-21 05:27:58.331000
Kathleen Mccarthy,Web Performance Optimization,100,2024-10-21 05:27:58.331000
Kathleen Mccarthy,Security in Cloud Computing,100,2024-10-21 05:27:58.331000
Kathleen Mccarthy,Stakeholder Management,100,2024-10-21 05:27:58.331000
Kathleen Mccarthy,Requirements Gathering Techniques,100,2024-10-21 05:27:58.331000
Valerie Lawrence,Data Cleaning & Preprocessing,100,2024-10-21 05:27:58.331000
Valerie Lawrence,Data Ethics,100,2024-10-21 05:27:58.331000
Valerie Lawrence,Data Visualization with Matplotlib,100,2024-10-21 05:27:58.331000
Valerie Lawrence,Data Analysis with Pandas,100,2024-10-21 05:27:58.331000
Valerie Lawrence,Data Analysis for Business Decisions,100,2024-10-21 05:27:58.331000
Valerie Lawrence,Big Data with Spark,100,2024-10-21 05:27:58.331000
Valerie Lawrence,Container Orchestration with Kubernetes,100,2024-10-21 05:27:58.331000
Valerie Lawrence,Building Customer Relationships,100,2024-10-21 05:27:58.331000
Valerie Lawrence,Risk Management in Projects,100,2024-10-21 05:27:58.331000
Valerie Lawrence,Business Process Modeling,100,2024-10-21 05:27:58.331000
Valerie Lawrence,2D Game Development,100,2024-10-21 05:27:58.331000
Valerie Lawrence,Tokenomics,100,2024-10-21 05:27:58.331000
Valerie Lawrence,Graphic Design Basics for Content,100,2024-10-21 05:27:58.331000
Jocelyn Peterson,Data Cleaning & Preprocessing,100,2024-10-21 05:27:58.331000
Jocelyn Peterson,Data Analysis with Pandas,100,2024-10-21 05:27:58.331000
Jocelyn Peterson,Data Visualization with Matplotlib,100,2024-10-21 05:27:58.331000
Jocelyn Peterson,Data Analysis for Business Decisions,100,2024-10-21 05:27:58.331000
Jocelyn Peterson,Data Ethics,100,2024-10-21 05:27:58.331000
Jocelyn Peterson,Deep Learning Fundamentals,100,2024-10-21 05:27:58.331000
Jocelyn Peterson,Backend Development Fundamentals,100,2024-10-21 05:27:58.331000
Jocelyn Peterson,Malware Analysis,100,2024-10-21 05:27:58.331000
Jocelyn Peterson,Introduction to Human Resources,100,2024-10-21 05:27:58.331000
Jocelyn Peterson,Security in Cloud Computing,100,2024-10-21 05:27:58.331000
Jocelyn Peterson,Natural Language Processing Techniques,100,2024-10-21 05:27:58.331000
Jocelyn Peterson,Deployment of ML Models,100,2024-10-21 05:27:58.331000
Brenda Koch,Data Ethics,100,2024-10-21 05:27:58.331000
Brenda Koch,Data Visualization with Matplotlib,100,2024-10-21 05:27:58.331000
Brenda Koch,Data Analysis with Pandas,100,2024-10-21 05:27:58.331000
Brenda Koch,Data Analysis for Business Decisions,100,2024-10-21 05:27:58.331000
Brenda Koch,Data Cleaning & Preprocessing,100,2024-10-21 05:27:58.331000
Brenda Koch,Understanding Financial Markets,100,2024-10-21 05:27:58.331000
Brenda Koch,Project Scheduling Techniques,100,2024-10-21 05:27:58.331000
Brenda Koch,Model Evaluation,100,2024-10-21 05:27:58.331000
Brenda Koch,Responsive Web Design,100,2024-10-21 05:27:58.331000
Brenda Koch,Predictive Analytics,100,2024-10-21 05:27:58.331000
Brenda Koch,SEO Best Practices,100,2024-10-21 05:27:58.331000
Brenda Koch,AI in Robotics,100,2024-10-21 05:27:58.331000
Brenda Koch,Diversity and Inclusion Initiatives,100,2024-10-21 05:27:58.331000
Brenda Koch,Influencer Marketing,100,2024-10-21 05:27:58.331000
Paul Aguilar,Data Cleaning & Preprocessing,100,2024-10-21 05:27:58.331000
Paul Aguilar,Data Ethics,100,2024-10-21 05:27:58.332000
Paul Aguilar,Data Analysis with Pandas,100,2024-10-21 05:27:58.332000
Paul Aguilar,Data Analysis for Business Decisions,100,2024-10-21 05:27:58.332000
Paul Aguilar,Data Visualization with Matplotlib,100,2024-10-21 05:27:58.332000
Paul Aguilar,Employee Engagement Techniques,100,2024-10-21 05:27:58.332000
Paul Aguilar,AI for Business,100,2024-10-21 05:27:58.332000
Paul Aguilar,Introduction to AI,100,2024-10-21 05:27:58.332000
Paul Aguilar,Introduction to Content Creation,100,2024-10-21 05:27:58.332000
Paul Aguilar,Introduction to Blockchain,100,2024-10-21 05:27:58.332000
Paul Aguilar,Mobile Testing Strategies,100,2024-10-21 05:27:58.332000
Joan Lewis,Data Ethics,100,2024-10-21 05:27:58.332000
Joan Lewis,Data Cleaning & Preprocessing,100,2024-10-21 05:27:58.332000
Joan Lewis,Data Visualization with Matplotlib,100,2024-10-21 05:27:58.332000
Joan Lewis,Data Analysis for Business Decisions,100,2024-10-21 05:27:58.332000
Joan Lewis,Data Analysis with Pandas,100,2024-10-21 05:27:58.332000
Joan Lewis,Incident Response,100,2024-10-21 05:27:58.332000
Joan Lewis,HR Technology Tools,100,2024-10-21 05:27:58.332000
Joan Lewis,Social Media Content Creation,100,2024-10-21 05:27:58.332000
Joan Lewis,Penetration Testing,100,2024-10-21 05:27:58.332000
Joan Lewis,Android Development Basics,100,2024-10-21 05:27:58.332000
Joan Lewis,Machine Learning Basics,100,2024-10-21 05:27:58.332000
Joan Lewis,Model Evaluation,100,2024-10-21 05:27:58.332000
Joan Lewis,Introduction to Machine Learning,100,2024-10-21 05:27:58.332000
Joan Lewis,Speech Recognition Technologies,100,2024-10-21 05:27:58.332000
Adam Perez,Data Cleaning & Preprocessing,100,2024-10-21 05:27:58.332000
Adam Perez,Data Analysis for Business Decisions,100,2024-10-21 05:27:58.332000
Adam Perez,Data Analysis with Pandas,100,2024-10-21 05:27:58.332000
Adam Perez,Data Visualization with Matplotlib,100,2024-10-21 05:27:58.332000
Adam Perez,Data Ethics,100,2024-10-21 05:27:58.332000
Adam Perez,Training and Development,100,2024-10-21 05:27:58.332000
Adam Perez,Talent Acquisition Strategies,100,2024-10-21 05:27:58.332000
Adam Perez,Monitoring and Logging,100,2024-10-21 05:27:58.332000
Adam Perez,Machine Learning Basics,100,2024-10-21 05:27:58.332000
Adam Perez,Business Case Development,100,2024-10-21 05:27:58.332000
Michael Hartman,Data Analysis for Business Decisions,100,2024-10-21 05:27:58.332000
Michael Hartman,Data Visualization with Matplotlib,100,2024-10-21 05:27:58.332000
Michael Hartman,Data Ethics,100,2024-10-21 05:27:58.332000
Michael Hartman,Data Analysis with Pandas,100,2024-10-21 05:27:58.332000
Michael Hartman,Data Cleaning & Preprocessing,100,2024-10-21 05:27:58.332000
Michael Hartman,Security Awareness for IT Support,100,2024-10-21 05:27:58.332000
Michael Hartman,Financial Analysis Techniques,100,2024-10-21 05:27:58.332000
Michael Hartman,Graphic Design Basics for Content,100,2024-10-21 05:27:58.332000
Michael Hartman,API Integration in Mobile Apps,100,2024-10-21 05:27:58.332000
Michael Hartman,Introduction to Machine Learning,100,2024-10-21 05:27:58.332000
Michael Hartman,Social Media Content Creation,100,2024-10-21 05:27:58.332000
Michael Hartman,HTML & CSS,100,2024-10-21 05:27:58.332000
Michael Hartman,Statistical Analysis,100,2024-10-21 05:27:58.332000
Mckenzie Terrell,Data Cleaning & Preprocessing,100,2024-10-21 05:27:58.332000
Mckenzie Terrell,Data Ethics,100,2024-10-21 05:27:58.332000
Mckenzie Terrell,Data Analysis with Pandas,100,2024-10-21 05:27:58.332000
Mckenzie Terrell,Data Visualization with Matplotlib,100,2024-10-21 05:27:58.332000
Mckenzie Terrell,Data Analysis for Business Decisions,100,2024-10-21 05:27:58.332000
Mckenzie Terrell,Corporate Finance Essentials,100,2024-10-21 05:27:58.332000
Mckenzie Terrell,Configuration Management with Ansible,100,2024-10-21 05:27:58.332000
Mckenzie Terrell,Computer Vision Basics,100,2024-10-21 05:27:58.332000
Mckenzie Terrell,Wireframing and Prototyping,100,2024-10-21 05:27:58.332000
Mckenzie Terrell,Penetration Testing,100,2024-10-21 05:27:58.332000
Mckenzie Terrell,Virtual Reality Development,100,2024-10-21 05:27:58.332000
Mckenzie Terrell,3D Game Development,100,2024-10-21 05:27:58.332000
Mckenzie Terrell,Backend Development Fundamentals,100,2024-10-21 05:27:58.332000
Mckenzie Terrell,SEO for Content Creators,100,2024-10-21 05:27:58.332000
Jason Mack,Data Analysis with Pandas,100,2024-10-21 05:27:58.332000
Jason Mack,Data Analysis for Business Decisions,100,2024-10-21 05:27:58.332000
Jason Mack,Data Cleaning & Preprocessing,100,2024-10-21 05:27:58.332000
Jason Mack,Data Ethics,100,2024-10-21 05:27:58.332000
Jason Mack,Data Visualization with Matplotlib,100,2024-10-21 05:27:58.332000
Jason Mack,Microservices in Cloud,100,2024-10-21 05:27:58.332000
Jason Mack,Cloud Security Best Practices,100,2024-10-21 05:27:58.332000
Jason Mack,Hyperledger Basics,100,2024-10-21 05:27:58.332000
Jason Mack,Game Testing Techniques,100,2024-10-21 05:27:58.332000
Jason Mack,Ethics in AI,100,2024-10-21 05:27:58.332000
Jason Mack,React,100,2024-10-21 05:27:58.332000
Jason Mack,Deep Learning with TensorFlow,100,2024-10-21 05:27:58.332000
Jason Mack,Change Management Strategies,100,2024-10-21 05:27:58.332000
Jason Mack,Corporate Finance Essentials,100,2024-10-21 05:27:58.332000
Jason Mack,Blockchain Use Cases,100,2024-10-21 05:27:58.332000
Jackie Davis,Data Visualization with Matplotlib,100,2024-10-21 05:27:58.332000
Jackie Davis,Data Cleaning & Preprocessing,100,2024-10-21 05:27:58.332000
Jackie Davis,Data Ethics,100,2024-10-21 05:27:58.332000
Jackie Davis,Data Analysis for Business Decisions,100,2024-10-21 05:27:58.332000
Jackie Davis,Data Analysis with Pandas,100,2024-10-21 05:27:58.332000
Jackie Davis,Visual Design Basics,100,2024-10-21 05:27:58.332000
Jackie Davis,Digital Sales Techniques,100,2024-10-21 05:27:58.332000
Jackie Davis,Web Application Security,100,2024-10-21 05:27:58.332000
Jackie Davis,Natural Language Processing Techniques,100,2024-10-21 05:27:58.332000
Jackie Davis,HR Technology Tools,100,2024-10-21 05:27:58.332000
Jackie Davis,Game Monetization Strategies,100,2024-10-21 05:27:58.332000
Jackie Davis,Node.js,100,2024-10-21 05:27:58.332000
Rachel Johnson,Data Visualization with Matplotlib,100,2024-10-21 05:27:58.332000
Rachel Johnson,Data Analysis for Business Decisions,100,2024-10-21 05:27:58.332000
Rachel Johnson,Data Ethics,100,2024-10-21 05:27:58.332000
Rachel Johnson,Data Cleaning & Preprocessing,100,2024-10-21 05:27:58.332000
Rachel Johnson,Data Analysis with Pandas,100,2024-10-21 05:27:58.332000
Rachel Johnson,Responsive Web Design,100,2024-10-21 05:27:58.332000
Rachel Johnson,Model Evaluation,100,2024-10-21 05:27:58.332000
Rachel Johnson,Introduction to IT Support,100,2024-10-21 05:27:58.332000
Rachel Johnson,Analytics for Marketers,100,2024-10-21 05:27:58.332000
Rachel Johnson,Cloud Security Best Practices,100,2024-10-21 05:27:58.332000
Rachel Johnson,Introduction to Business Analysis,100,2024-10-21 05:27:58.332000
Rachel Johnson,Cryptocurrency Fundamentals,100,2024-10-21 05:27:58.332000
Rachel Johnson,Training and Development,100,2024-10-21 05:27:58.332000
Rachel Johnson,Change Management,100,2024-10-21 05:27:58.332000
Martha Vargas,Data Analysis with Pandas,100,2024-10-21 05:27:58.332000
Martha Vargas,Data Cleaning & Preprocessing,100,2024-10-21 05:27:58.332000
Martha Vargas,Data Analysis for Business Decisions,100,2024-10-21 05:27:58.332000
Martha Vargas,Data Ethics,100,2024-10-21 05:27:58.332000
Martha Vargas,Data Visualization with Matplotlib,100,2024-10-21 05:27:58.332000
Martha Vargas,Containerization with Docker,100,2024-10-21 05:27:58.332000
Martha Vargas,iOS Development Basics,100,2024-10-21 05:27:58.332000
Martha Vargas,Natural Language Processing,100,2024-10-21 05:27:58.332000
Martha Vargas,Customer Service Excellence,100,2024-10-21 05:27:58.332000
Martha Vargas,Financial Reporting Standards,100,2024-10-21 05:27:58.332000
Robert Wood,Data Visualization with Matplotlib,100,2024-10-21 05:27:58.332000
Robert Wood,Data Analysis for Business Decisions,100,2024-10-21 05:27:58.332000
Robert Wood,Data Ethics,100,2024-10-21 05:27:58.332000
Robert Wood,Data Cleaning & Preprocessing,100,2024-10-21 05:27:58.332000
Robert Wood,Data Analysis with Pandas,100,2024-10-21 05:27:58.332000
Robert Wood,HR Analytics,100,2024-10-21 05:27:58.332000
Robert Wood,Quality Management,100,2024-10-21 05:27:58.332000
Robert Wood,Ethereum Development,100,2024-10-21 05:27:58.332000
Robert Wood,Multiplayer Game Development,100,2024-10-21 05:27:58.332000
Robert Wood,Change Management Strategies,100,2024-10-21 05:27:58.332000
Robert Wood,Penetration Testing,100,2024-10-21 05:27:58.332000
Dawn Martinez,Data Analysis with Pandas,100,2024-10-21 05:27:58.332000
Dawn Martinez,Data Cleaning & Preprocessing,100,2024-10-21 05:27:58.332000
Dawn Martinez,Data Analysis for Business Decisions,100,2024-10-21 05:27:58.332000
Dawn Martinez,Data Visualization with Matplotlib,100,2024-10-21 05:27:58.332000
Dawn Martinez,Data Ethics,100,2024-10-21 05:27:58.332000
Dawn Martinez,Introduction to Business Analysis,100,2024-10-21 05:27:58.332000
Dawn Martinez,Diversity and Inclusion Initiatives,100,2024-10-21 05:27:58.332000
Dawn Martinez,Hardware Repair Skills,100,2024-10-21 05:27:58.332000
Dawn Martinez,API Development,100,2024-10-21 05:27:58.332000
Dawn Martinez,Containerization with Docker,100,2024-10-21 05:27:58.332000
Dawn Martinez,API Integration in Mobile Apps,100,2024-10-21 05:27:58.332000
Dawn Martinez,Introduction to UI/UX Design,100,2024-10-21 05:27:58.332000
Dawn Martinez,HTML & CSS,100,2024-10-21 05:27:58.332000
Jackson Flores,Data Analysis for Business Decisions,100,2024-10-21 05:27:58.332000
Jackson Flores,Data Analysis with Pandas,100,2024-10-21 05:27:58.332000
Jackson Flores,Data Visualization with Matplotlib,100,2024-10-21 05:27:58.332000
Jackson Flores,Data Ethics,100,2024-10-21 05:27:58.332000
Jackson Flores,Data Cleaning & Preprocessing,100,2024-10-21 05:27:58.332000
Jackson Flores,Sales Fundamentals,100,2024-10-21 05:27:58.332000
Jackson Flores,Customer Service Excellence,100,2024-10-21 05:27:58.332000
Jackson Flores,Introduction to DevOps,100,2024-10-21 05:27:58.332000
Jackson Flores,App Monetization Strategies,100,2024-10-21 05:27:58.332000
Jackson Flores,Introduction to Finance,100,2024-10-21 05:27:58.332000
Jackson Flores,Budgeting Basics,100,2024-10-21 05:27:58.332000
Jackson Flores,AI in Healthcare,100,2024-10-21 05:27:58.332000
Jackson Flores,Podcasting Fundamentals,100,2024-10-21 05:27:58.332000
Robert Anderson,Data Visualization with Matplotlib,100,2024-10-21 05:27:58.332000
Robert Anderson,Data Cleaning & Preprocessing,100,2024-10-21 05:27:58.332000
Robert Anderson,Data Analysis with Pandas,100,2024-10-21 05:27:58.332000
Robert Anderson,Data Analysis for Business Decisions,100,2024-10-21 05:27:58.332000
Robert Anderson,Data Ethics,100,2024-10-21 05:27:58.332000
Robert Anderson,Investing Fundamentals,100,2024-10-21 05:27:58.332000
Robert Anderson,E-commerce Development Basics,100,2024-10-21 05:27:58.332000
Robert Anderson,Business Process Modeling,100,2024-10-21 05:27:58.332000
Robert Anderson,Influencer Marketing,100,2024-10-21 05:27:58.332000
Robert Anderson,Risk Management in Cybersecurity,100,2024-10-21 05:27:58.332000
Robert Anderson,Incident Response,100,2024-10-21 05:27:58.332000
Robert Anderson,Continuous Integration and Delivery,100,2024-10-21 05:27:58.332000
Robert Anderson,Design Thinking Process,100,2024-10-21 05:27:58.332000
James Case,Data Analysis with Pandas,100,2024-10-21 05:27:58.333000
James Case,Data Cleaning & Preprocessing,100,2024-10-21 05:27:58.333000
James Case,Data Visualization with Matplotlib,100,2024-10-21 05:27:58.333000
James Case,Data Ethics,100,2024-10-21 05:27:58.333000
James Case,Data Analysis for Business Decisions,100,2024-10-21 05:27:58.333000
James Case,Building Customer Relationships,100,2024-10-21 05:27:58.333000
James Case,Sales Fundamentals,100,2024-10-21 05:27:58.333000
James Case,Responsive Design Principles,100,2024-10-21 05:27:58.333000
James Case,Stakeholder Management,100,2024-10-21 05:27:58.333000
James Case,Natural Language Processing Techniques,100,2024-10-21 05:27:58.333000
James Case,Penetration Testing,100,2024-10-21 05:27:58.333000
James Case,Malware Analysis,100,2024-10-21 05:27:58.333000
James Case,Container Orchestration with Kubernetes,100,2024-10-21 05:27:58.333000
James Case,Cryptocurrency Fundamentals,100,2024-10-21 05:27:58.333000
James Case,Game Monetization Strategies,100,2024-10-21 05:27:58.333000
John Mills,Data Cleaning & Preprocessing,100,2024-10-21 05:27:58.333000
John Mills,Data Analysis with Pandas,100,2024-10-21 05:27:58.333000
John Mills,Data Ethics,100,2024-10-21 05:27:58.333000
John Mills,Data Analysis for Business Decisions,100,2024-10-21 05:27:58.333000
John Mills,Data Visualization with Matplotlib,100,2024-10-21 05:27:58.333000
John Mills,Incident Response,100,2024-10-21 05:27:58.333000
John Mills,Security Awareness for IT Support,100,2024-10-21 05:27:58.333000
John Mills,Tokenomics,100,2024-10-21 05:27:58.333000
John Mills,Introduction to Content Creation,100,2024-10-21 05:27:58.333000
John Mills,Web Accessibility Standards,100,2024-10-21 05:27:58.333000
John Mills,2D Game Development,100,2024-10-21 05:27:58.333000
Melissa Chen,Data Analysis with Pandas,100,2024-10-21 05:27:58.333000
Melissa Chen,Data Analysis for Business Decisions,100,2024-10-21 05:27:58.333000
Melissa Chen,Data Visualization with Matplotlib,100,2024-10-21 05:27:58.333000
Melissa Chen,Data Cleaning & Preprocessing,100,2024-10-21 05:27:58.333000
Melissa Chen,Data Ethics,100,2024-10-21 05:27:58.333000
Melissa Chen,Agile Project Management,100,2024-10-21 05:27:58.333000
Melissa Chen,Container Orchestration with Kubernetes,100,2024-10-21 05:27:58.333000
Melissa Chen,User Research Techniques,100,2024-10-21 05:27:58.333000
Melissa Chen,Cloud Support Fundamentals,100,2024-10-21 05:27:58.333000
Melissa Chen,SEO Best Practices,100,2024-10-21 05:27:58.333000
Melissa Chen,Conflict Resolution in HR,100,2024-10-21 05:27:58.333000
Melissa Chen,Employee Engagement Techniques,100,2024-10-21 05:27:58.333000
Melissa Chen,Video Production Basics,100,2024-10-21 05:27:58.333000
Kyle Yoder,Data Cleaning & Preprocessing,100,2024-10-21 05:27:58.333000
Kyle Yoder,Data Visualization with Matplotlib,100,2024-10-21 05:27:58.333000
Kyle Yoder,Data Analysis for Business Decisions,100,2024-10-21 05:27:58.333000
Kyle Yoder,Data Analysis with Pandas,100,2024-10-21 05:27:58.333000
Kyle Yoder,Data Ethics,100,2024-10-21 05:27:58.333000
Kyle Yoder,Agile Methodologies,100,2024-10-21 05:27:58.333000
Kyle Yoder,AI in IoT,100,2024-10-21 05:27:58.333000
Kyle Yoder,Unsupervised Learning,100,2024-10-21 05:27:58.333000
Kyle Yoder,Cryptocurrency Fundamentals,100,2024-10-21 05:27:58.333000
Kyle Yoder,HR Analytics,100,2024-10-21 05:27:58.333000
Kyle Yoder,DevOps in the Cloud,100,2024-10-21 05:27:58.333000
Kyle Yoder,Introduction to UI/UX Design,100,2024-10-21 05:27:58.333000
Kyle Yoder,Natural Language Processing,100,2024-10-21 05:27:58.333000
Kyle Yoder,Version Control with Git,100,2024-10-21 05:27:58.333000
Kyle Yoder,Remote Support Techniques,100,2024-10-21 05:27:58.333000
Charles Lewis,Data Cleaning & Preprocessing,100,2024-10-21 05:27:58.333000
Charles Lewis,Data Ethics,100,2024-10-21 05:27:58.333000
Charles Lewis,Data Visualization with Matplotlib,100,2024-10-21 05:27:58.333000
Charles Lewis,Data Analysis with Pandas,100,2024-10-21 05:27:58.333000
Charles Lewis,Data Analysis for Business Decisions,100,2024-10-21 05:27:58.333000
Charles Lewis,Multiplayer Game Development,100,2024-10-21 05:27:58.333000
Charles Lewis,Backend Development Fundamentals,100,2024-10-21 05:27:58.333000
Charles Lewis,Agile Project Management,100,2024-10-21 05:27:58.333000
Charles Lewis,2D Game Development,100,2024-10-21 05:27:58.333000
Charles Lewis,MongoDB,100,2024-10-21 05:27:58.333000
Charles Lewis,SEO for Content Creators,100,2024-10-21 05:27:58.333000
Charles Lewis,Microservices in Cloud,100,2024-10-21 05:27:58.333000
Charles Lewis,Customer Service Excellence,100,2024-10-21 05:27:58.333000
Michele Keller,Data Analysis for Business Decisions,100,2024-10-21 05:27:58.333000
Michele Keller,Data Ethics,100,2024-10-21 05:27:58.333000
Michele Keller,Data Analysis with Pandas,100,2024-10-21 05:27:58.333000
Michele Keller,Data Visualization with Matplotlib,100,2024-10-21 05:27:58.333000
Michele Keller,Data Cleaning & Preprocessing,100,2024-10-21 05:27:58.333000
Michele Keller,Git & GitHub,100,2024-10-21 05:27:58.333000
Michele Keller,Introduction to Machine Learning,100,2024-10-21 05:27:58.333000
Michele Keller,Progressive Web Apps (PWAs),100,2024-10-21 05:27:58.333000
Michele Keller,Design Thinking Process,100,2024-10-21 05:27:58.333000
Michele Keller,Deployment & Hosting,100,2024-10-21 05:27:58.333000
Michele Keller,Blogging for Beginners,100,2024-10-21 05:27:58.333000
Michele Keller,Usability Testing,100,2024-10-21 05:27:58.333000
Michele Keller,Cryptocurrency Fundamentals,100,2024-10-21 05:27:58.333000
Rachel Cooley,Data Analysis with Pandas,100,2024-10-21 05:27:58.333000
Rachel Cooley,Data Visualization with Matplotlib,100,2024-10-21 05:27:58.333000
Rachel Cooley,Data Analysis for Business Decisions,100,2024-10-21 05:27:58.333000
Rachel Cooley,Data Ethics,100,2024-10-21 05:27:58.333000
Rachel Cooley,Data Cleaning & Preprocessing,100,2024-10-21 05:27:58.333000
Rachel Cooley,Security in Cloud Computing,100,2024-10-21 05:27:58.333000
Rachel Cooley,Responsive Web Design,100,2024-10-21 05:27:58.333000
Rachel Cooley,Agile Project Management,100,2024-10-21 05:27:58.333000
Rachel Cooley,Cross-Platform Development with Flutter,100,2024-10-21 05:27:58.333000
Rachel Cooley,Express.js,100,2024-10-21 05:27:58.333000
Luis Preston,Data Cleaning & Preprocessing,100,2024-10-21 05:27:58.333000
Luis Preston,Data Visualization with Matplotlib,100,2024-10-21 05:27:58.333000
Luis Preston,Data Analysis with Pandas,100,2024-10-21 05:27:58.333000
Luis Preston,Data Analysis for Business Decisions,100,2024-10-21 05:27:58.333000
Luis Preston,Data Ethics,100,2024-10-21 05:27:58.333000
Luis Preston,Ethics in AI,100,2024-10-21 05:27:58.333000
Luis Preston,Consensus Algorithms,100,2024-10-21 05:27:58.333000
Luis Preston,Change Management,100,2024-10-21 05:27:58.333000
Luis Preston,Editing and Proofreading Techniques,100,2024-10-21 05:27:58.333000
Luis Preston,Multiplayer Game Development,100,2024-10-21 05:27:58.333000
Luis Preston,Digital Sales Techniques,100,2024-10-21 05:27:58.333000
Matthew Davis,Data Analysis with Pandas,100,2024-10-21 05:27:58.333000
Matthew Davis,Data Ethics,100,2024-10-21 05:27:58.333000
Matthew Davis,Data Visualization with Matplotlib,100,2024-10-21 05:27:58.333000
Matthew Davis,Data Cleaning & Preprocessing,100,2024-10-21 05:27:58.333000
Matthew Davis,Data Analysis for Business Decisions,100,2024-10-21 05:27:58.333000
Matthew Davis,Mobile App Security,100,2024-10-21 05:27:58.333000
Matthew Davis,Sales Fundamentals,100,2024-10-21 05:27:58.333000
Matthew Davis,RESTful Services,100,2024-10-21 05:27:58.333000
Matthew Davis,Performance Management Systems,100,2024-10-21 05:27:58.333000
Matthew Davis,AI in IoT,100,2024-10-21 05:27:58.333000
Matthew Davis,Blockchain Security,100,2024-10-21 05:27:58.333000
Matthew Davis,Cloud Security Best Practices,100,2024-10-21 05:27:58.333000
Matthew Davis,Analytics for Marketers,100,2024-10-21 05:27:58.333000
Matthew Davis,Budgeting for Projects,100,2024-10-21 05:27:58.333000
George Williams,Data Visualization with Matplotlib,100,2024-10-21 05:27:58.333000
George Williams,Data Analysis with Pandas,100,2024-10-21 05:27:58.333000
George Williams,Data Analysis for Business Decisions,100,2024-10-21 05:27:58.333000
George Williams,Data Ethics,100,2024-10-21 05:27:58.333000
George Williams,Data Cleaning & Preprocessing,100,2024-10-21 05:27:58.333000
George Williams,Social Media Content Creation,100,2024-10-21 05:27:58.333000
George Williams,Graphic Design Basics for Content,100,2024-10-21 05:27:58.333000
George Williams,Sales Fundamentals,100,2024-10-21 05:27:58.333000
George Williams,Diversity and Inclusion Initiatives,100,2024-10-21 05:27:58.333000
George Williams,Cloud Support Fundamentals,100,2024-10-21 05:27:58.333000
George Williams,Responsive Design Principles,100,2024-10-21 05:27:58.333000
George Williams,Introduction to Content Creation,100,2024-10-21 05:27:58.333000
George Williams,Project Management Tools Overview,100,2024-10-21 05:27:58.333000
George Williams,Security Awareness for IT Support,100,2024-10-21 05:27:58.333000
George Williams,Introduction to Business Analysis,100,2024-10-21 05:27:58.333000
Amber Bennett,Data Ethics,100,2024-10-21 05:27:58.333000
Amber Bennett,Data Analysis for Business Decisions,100,2024-10-21 05:27:58.333000
Amber Bennett,Data Visualization with Matplotlib,100,2024-10-21 05:27:58.333000
Amber Bennett,Data Analysis with Pandas,100,2024-10-21 05:27:58.333000
Amber Bennett,Data Cleaning & Preprocessing,100,2024-10-21 05:27:58.333000
Amber Bennett,Project Management Tools Overview,100,2024-10-21 05:27:58.333000
Amber Bennett,Serverless Architecture,100,2024-10-21 05:27:58.333000
Amber Bennett,RESTful Services,100,2024-10-21 05:27:58.333000
Amber Bennett,Talent Acquisition Strategies,100,2024-10-21 05:27:58.333000
Amber Bennett,2D Game Development,100,2024-10-21 05:27:58.333000
Amber Bennett,Unreal Engine Basics,100,2024-10-21 05:27:58.333000
Amber Bennett,Natural Language Processing Techniques,100,2024-10-21 05:27:58.333000
Amber Bennett,Hyperledger Basics,100,2024-10-21 05:27:58.333000
Stephanie Carpenter,Data Cleaning & Preprocessing,100,2024-10-21 05:27:58.333000
Stephanie Carpenter,Data Visualization with Matplotlib,100,2024-10-21 05:27:58.333000
Stephanie Carpenter,Data Analysis for Business Decisions,100,2024-10-21 05:27:58.333000
Stephanie Carpenter,Data Ethics,100,2024-10-21 05:27:58.333000
Stephanie Carpenter,Data Analysis with Pandas,100,2024-10-21 05:27:58.333000
Stephanie Carpenter,Building Customer Relationships,100,2024-10-21 05:27:58.333000
Stephanie Carpenter,Monitoring and Logging,100,2024-10-21 05:27:58.333000
Stephanie Carpenter,Unity Basics,100,2024-10-21 05:27:58.333000
Stephanie Carpenter,HTML & CSS,100,2024-10-21 05:27:58.333000
Stephanie Carpenter,User Research Techniques,100,2024-10-21 05:27:58.333000
Stephanie Carpenter,AWS Fundamentals,100,2024-10-21 05:27:58.333000
Stephanie Carpenter,Reinforcement Learning Techniques,100,2024-10-21 05:27:58.333000
Stephanie Carpenter,Performance Management Systems,100,2024-10-21 05:27:58.333000
Angela Huff MD,Data Visualization with Matplotlib,100,2024-10-21 05:27:58.334000
Angela Huff MD,Data Analysis for Business Decisions,100,2024-10-21 05:27:58.334000
Angela Huff MD,Data Analysis with Pandas,100,2024-10-21 05:27:58.334000
Angela Huff MD,Data Ethics,100,2024-10-21 05:27:58.334000
Angela Huff MD,Data Cleaning & Preprocessing,100,2024-10-21 05:27:58.334000
Angela Huff MD,SEO for Content Creators,100,2024-10-21 05:27:58.334000
Angela Huff MD,Change Management Strategies,100,2024-10-21 05:27:58.334000
Angela Huff MD,Graphic Design Basics for Content,100,2024-10-21 05:27:58.334000
Angela Huff MD,Negotiation Techniques,100,2024-10-21 05:27:58.334000
Angela Huff MD,Introduction to AI,100,2024-10-21 05:27:58.334000
Mandy Wagner,Data Analysis for Business Decisions,100,2024-10-21 05:27:58.334000
Mandy Wagner,Data Cleaning & Preprocessing,100,2024-10-21 05:27:58.334000
Mandy Wagner,Data Analysis with Pandas,100,2024-10-21 05:27:58.334000
Mandy Wagner,Data Ethics,100,2024-10-21 05:27:58.334000
Mandy Wagner,JavaScript Frameworks Overview,100,2024-10-21 05:27:58.334000
Mandy Wagner,Diversity and Inclusion Initiatives,100,2024-10-21 05:27:58.334000
Mandy Wagner,SEO Best Practices,100,2024-10-21 05:27:58.334000
Mandy Wagner,Introduction to Game Development,100,2024-10-21 05:27:58.334000
Mandy Wagner,Corporate Finance Essentials,100,2024-10-21 05:27:58.334000
Mandy Wagner,DevOps in the Cloud,100,2024-10-21 05:27:58.334000
Mandy Wagner,Google Cloud Platform Essentials,100,2024-10-21 05:27:58.334000
Mandy Wagner,App Monetization Strategies,100,2024-10-21 05:27:58.334000
Mandy Wagner,Podcasting Fundamentals,100,2024-10-21 05:27:58.334000
Mark Mcconnell,Data Cleaning & Preprocessing,100,2024-10-21 05:27:58.334000
Mark Mcconnell,Data Analysis for Business Decisions,100,2024-10-21 05:27:58.334000
Mark Mcconnell,Data Visualization with Matplotlib,100,2024-10-21 05:27:58.334000
Mark Mcconnell,Data Ethics,100,2024-10-21 05:27:58.334000
Mark Mcconnell,Data Analysis with Pandas,100,2024-10-21 05:27:58.334000
Mark Mcconnell,Unity Basics,100,2024-10-21 05:27:58.334000
Mark Mcconnell,Web Accessibility Standards,100,2024-10-21 05:27:58.334000
Mark Mcconnell,Video Production Basics,100,2024-10-21 05:27:58.334000
Mark Mcconnell,3D Game Development,100,2024-10-21 05:27:58.334000
Mark Mcconnell,Introduction to Machine Learning,100,2024-10-21 05:27:58.334000
Mark Mcconnell,Penetration Testing,100,2024-10-21 05:27:58.334000
Mark Mcconnell,Stakeholder Management,100,2024-10-21 05:27:58.334000
Madison Oconnor,Data Analysis for Business Decisions,100,2024-10-21 05:27:58.334000
Madison Oconnor,Data Visualization with Matplotlib,100,2024-10-21 05:27:58.334000
Madison Oconnor,Data Cleaning & Preprocessing,100,2024-10-21 05:27:58.334000
Madison Oconnor,Data Analysis with Pandas,100,2024-10-21 05:27:58.334000
Madison Oconnor,Data Ethics,100,2024-10-21 05:27:58.334000
Madison Oconnor,HTML & CSS,100,2024-10-21 05:27:58.334000
Madison Oconnor,Introduction to Machine Learning,100,2024-10-21 05:27:58.334000
Madison Oconnor,Blockchain Use Cases,100,2024-10-21 05:27:58.334000
Madison Oconnor,Talent Acquisition Strategies,100,2024-10-21 05:27:58.334000
Madison Oconnor,Publishing Mobile Apps,100,2024-10-21 05:27:58.334000
Madison Oconnor,AI in IoT,100,2024-10-21 05:27:58.334000
Michael Weaver,Data Visualization with Matplotlib,100,2024-10-21 05:27:58.334000
Michael Weaver,Data Analysis with Pandas,100,2024-10-21 05:27:58.334000
Michael Weaver,Data Analysis for Business Decisions,100,2024-10-21 05:27:58.334000
Michael Weaver,Data Cleaning & Preprocessing,100,2024-10-21 05:27:58.334000
Michael Weaver,Cloud Support Fundamentals,100,2024-10-21 05:27:58.334000
Michael Weaver,Performance Management Systems,100,2024-10-21 05:27:58.334000
Michael Weaver,Express.js,100,2024-10-21 05:27:58.334000
Michael Weaver,Labor Laws and Compliance,100,2024-10-21 05:27:58.334000
Michael Weaver,Usability Testing,100,2024-10-21 05:27:58.334000
Michael Weaver,Social Media Marketing,100,2024-10-21 05:27:58.334000
Michael Weaver,Deployment & Hosting,100,2024-10-21 05:27:58.334000
Michael Weaver,Sales Analytics,100,2024-10-21 05:27:58.334000
Ashley Chavez,Data Analysis for Business Decisions,100,2024-10-21 05:27:58.334000
Ashley Chavez,Data Visualization with Matplotlib,100,2024-10-21 05:27:58.334000
Ashley Chavez,Data Ethics,100,2024-10-21 05:27:58.334000
Ashley Chavez,Data Analysis with Pandas,100,2024-10-21 05:27:58.334000
Ashley Chavez,Data Cleaning & Preprocessing,100,2024-10-21 05:27:58.334000
Ashley Chavez,Agile Project Management,100,2024-10-21 05:27:58.334000
Ashley Chavez,Deployment & Hosting,100,2024-10-21 05:27:58.334000
Ashley Chavez,Troubleshooting Techniques,100,2024-10-21 05:27:58.334000
Ashley Chavez,App Monetization Strategies,100,2024-10-21 05:27:58.334000
Ashley Chavez,Content Promotion Strategies,100,2024-10-21 05:27:58.334000
Ashley Chavez,Time Management for Sales,100,2024-10-21 05:27:58.334000
Ashley Chavez,Ethereum Development,100,2024-10-21 05:27:58.334000
Ashley Chavez,Content Marketing Strategies,100,2024-10-21 05:27:58.334000
Ashley Chavez,Introduction to Machine Learning,100,2024-10-21 05:27:58.334000
Amanda Booker MD,Data Cleaning & Preprocessing,100,2024-10-21 05:27:58.334000
Amanda Booker MD,Data Ethics,100,2024-10-21 05:27:58.334000
Amanda Booker MD,Data Analysis with Pandas,100,2024-10-21 05:27:58.334000
Amanda Booker MD,Data Analysis for Business Decisions,100,2024-10-21 05:27:58.334000
Amanda Booker MD,Data Visualization with Matplotlib,100,2024-10-21 05:27:58.334000
Amanda Booker MD,Security Awareness for IT Support,100,2024-10-21 05:27:58.334000
Amanda Booker MD,Risk Management in Projects,100,2024-10-21 05:27:58.334000
Amanda Booker MD,Predictive Analytics,100,2024-10-21 05:27:58.334000
Amanda Booker MD,Ethical Hacking Basics,100,2024-10-21 05:27:58.334000
Amanda Booker MD,Smart Contracts Development,100,2024-10-21 05:27:58.334000
Amanda Booker MD,Blockchain Security,100,2024-10-21 05:27:58.334000
Amanda Booker MD,Azure Basics,100,2024-10-21 05:27:58.334000
Amanda Booker MD,Deep Learning with TensorFlow,100,2024-10-21 05:27:58.334000
Amanda Booker MD,API Development,100,2024-10-21 05:27:58.334000
Amanda Booker MD,App Monetization Strategies,100,2024-10-21 05:27:58.334000
Lisa Edwards,Data Analysis with Pandas,100,2024-10-21 05:27:58.334000
Lisa Edwards,Data Visualization with Matplotlib,100,2024-10-21 05:27:58.334000
Lisa Edwards,Data Ethics,100,2024-10-21 05:27:58.334000
Lisa Edwards,Data Analysis for Business Decisions,100,2024-10-21 05:27:58.334000
Lisa Edwards,Data Cleaning & Preprocessing,100,2024-10-21 05:27:58.334000
Lisa Edwards,Project Scheduling Techniques,100,2024-10-21 05:27:58.334000
Lisa Edwards,Publishing Mobile Apps,100,2024-10-21 05:27:58.334000
Lisa Edwards,AI in Robotics,100,2024-10-21 05:27:58.334000
Lisa Edwards,Game Monetization Strategies,100,2024-10-21 05:27:58.334000
Lisa Edwards,Budgeting Basics,100,2024-10-21 05:27:58.334000
Lisa Edwards,Microservices in Cloud,100,2024-10-21 05:27:58.334000
Lisa Edwards,Podcasting Fundamentals,100,2024-10-21 05:27:58.334000
Lisa Edwards,Sales Fundamentals,100,2024-10-21 05:27:58.334000
Samantha Luna,Data Visualization with Matplotlib,100,2024-10-21 05:27:58.334000
Samantha Luna,Data Analysis with Pandas,100,2024-10-21 05:27:58.334000
Samantha Luna,Data Cleaning & Preprocessing,100,2024-10-21 05:27:58.334000
Samantha Luna,Data Ethics,100,2024-10-21 05:27:58.334000
Samantha Luna,Machine Learning Basics,100,2024-10-21 05:27:58.334000
Samantha Luna,Introduction to Cloud Computing,100,2024-10-21 05:27:58.334000
Samantha Luna,Networking Basics,100,2024-10-21 05:27:58.334000
Samantha Luna,Social Media Content Creation,100,2024-10-21 05:27:58.334000
Samantha Luna,Content Management Systems (CMS),100,2024-10-21 05:27:58.334000
Samantha Luna,Cryptography Basics,100,2024-10-21 05:27:58.334000
Samantha Luna,Node.js,100,2024-10-21 05:27:58.334000
Charles Huff,Data Cleaning & Preprocessing,100,2024-10-21 05:27:58.334000
Charles Huff,Data Visualization with Matplotlib,100,2024-10-21 05:27:58.334000
Charles Huff,Data Analysis with Pandas,100,2024-10-21 05:27:58.334000
Charles Huff,Data Analysis for Business Decisions,100,2024-10-21 05:27:58.334000
Charles Huff,Data Ethics,100,2024-10-21 05:27:58.334000
Charles Huff,Design Tools Overview,100,2024-10-21 05:27:58.334000
Charles Huff,Brand Management Online,100,2024-10-21 05:27:58.334000
Charles Huff,Deployment of ML Models,100,2024-10-21 05:27:58.334000
Charles Huff,Azure Basics,100,2024-10-21 05:27:58.334000
Charles Huff,React,100,2024-10-21 05:27:58.334000
Charles Huff,Time Series Analysis,100,2024-10-21 05:27:58.334000
Charles Huff,Visual Design Basics,100,2024-10-21 05:27:58.334000
Calvin Chavez,Data Cleaning & Preprocessing,100,2024-10-21 05:27:58.334000
Calvin Chavez,Data Visualization with Matplotlib,100,2024-10-21 05:27:58.334000
Calvin Chavez,Data Analysis with Pandas,100,2024-10-21 05:27:58.334000
Calvin Chavez,Data Ethics,100,2024-10-21 05:27:58.334000
Calvin Chavez,Data Analysis for Business Decisions,100,2024-10-21 05:27:58.334000
Calvin Chavez,Quality Management,100,2024-10-21 05:27:58.334000
Calvin Chavez,Blockchain Use Cases,100,2024-10-21 05:27:58.334000
Calvin Chavez,Content Marketing Strategies,100,2024-10-21 05:27:58.334000
Calvin Chavez,Vulnerability Assessment,100,2024-10-21 05:27:58.334000
Calvin Chavez,Analytics for Marketers,100,2024-10-21 05:27:58.334000
Matthew Brown MD,Data Visualization with Matplotlib,100,2024-10-21 05:27:58.334000
Matthew Brown MD,Data Cleaning & Preprocessing,100,2024-10-21 05:27:58.334000
Matthew Brown MD,Data Analysis for Business Decisions,100,2024-10-21 05:27:58.334000
Matthew Brown MD,Data Analysis with Pandas,100,2024-10-21 05:27:58.334000
Matthew Brown MD,Data Ethics,100,2024-10-21 05:27:58.334000
Matthew Brown MD,Android Development Basics,100,2024-10-21 05:27:58.334000
Matthew Brown MD,Affiliate Marketing,100,2024-10-21 05:27:58.334000
Matthew Brown MD,Monitoring and Logging,100,2024-10-21 05:27:58.334000
Matthew Brown MD,Penetration Testing,100,2024-10-21 05:27:58.334000
Matthew Brown MD,Design Thinking Process,100,2024-10-21 05:27:58.334000
Matthew Brown MD,SEO Best Practices,100,2024-10-21 05:27:58.334000
Matthew Brown MD,Reinforcement Learning Techniques,100,2024-10-21 05:27:58.334000
Matthew Brown MD,Python for Data Science,100,2024-10-21 05:27:58.334000
Matthew Brown MD,Content Promotion Strategies,100,2024-10-21 05:27:58.334000
Matthew Brown MD,Frontend Development Basics,100,2024-10-21 05:27:58.334000
Jason Morrow,Data Analysis with Pandas,100,2024-10-21 05:27:58.334000
Jason Morrow,Data Ethics,100,2024-10-21 05:27:58.334000
Jason Morrow,Data Cleaning & Preprocessing,100,2024-10-21 05:27:58.334000
Jason Morrow,Data Analysis for Business Decisions,100,2024-10-21 05:27:58.334000
Jason Morrow,Data Visualization with Matplotlib,100,2024-10-21 05:27:58.334000
Jason Morrow,Understanding Consumer Behavior,100,2024-10-21 05:27:58.334000
Jason Morrow,Game Testing Techniques,100,2024-10-21 05:27:58.334000
Jason Morrow,3D Game Development,100,2024-10-21 05:27:58.334000
Jason Morrow,iOS Development Basics,100,2024-10-21 05:27:58.334000
Jason Morrow,Web Application Security,100,2024-10-21 05:27:58.334000
Jason Morrow,Deployment & Hosting,100,2024-10-21 05:27:58.334000
Lisa Mcfarland,Data Cleaning & Preprocessing,100,2024-10-21 05:27:58.334000
Lisa Mcfarland,Data Analysis for Business Decisions,100,2024-10-21 05:27:58.334000
Lisa Mcfarland,Data Ethics,100,2024-10-21 05:27:58.334000
Lisa Mcfarland,Data Visualization with Matplotlib,100,2024-10-21 05:27:58.335000
Lisa Mcfarland,Data Analysis with Pandas,100,2024-10-21 05:27:58.335000
Lisa Mcfarland,Security in Cloud Computing,100,2024-10-21 05:27:58.335000
Lisa Mcfarland,Decentralized Applications (DApps),100,2024-10-21 05:27:58.335000
Lisa Mcfarland,Understanding Financial Markets,100,2024-10-21 05:27:58.335000
Lisa Mcfarland,Reinforcement Learning Techniques,100,2024-10-21 05:27:58.335000
Lisa Mcfarland,Risk Management in Cybersecurity,100,2024-10-21 05:27:58.335000
John Hill,Data Visualization with Matplotlib,100,2024-10-21 05:27:58.335000
John Hill,Data Ethics,100,2024-10-21 05:27:58.335000
John Hill,Data Analysis for Business Decisions,100,2024-10-21 05:27:58.335000
John Hill,Data Cleaning & Preprocessing,100,2024-10-21 05:27:58.335000
John Hill,Data Analysis with Pandas,100,2024-10-21 05:27:58.335000
John Hill,Understanding Financial Markets,100,2024-10-21 05:27:58.335000
John Hill,Version Control with Git,100,2024-10-21 05:27:58.335000
John Hill,Predictive Analytics,100,2024-10-21 05:27:58.335000
John Hill,Incident Response,100,2024-10-21 05:27:58.335000
John Hill,Project Management Basics,100,2024-10-21 05:27:58.335000
John Hill,Email Marketing Basics,100,2024-10-21 05:27:58.335000
John Hill,Ethereum Development,100,2024-10-21 05:27:58.335000
John Hill,Introduction to Finance,100,2024-10-21 05:27:58.335000
John Hill,Personal Finance Skills,100,2024-10-21 05:27:58.335000
Paul George,Data Ethics,100,2024-10-21 05:27:58.335000
Paul George,Data Cleaning & Preprocessing,100,2024-10-21 05:27:58.335000
Paul George,Data Analysis with Pandas,100,2024-10-21 05:27:58.335000
Paul George,Data Analysis for Business Decisions,100,2024-10-21 05:27:58.335000
Paul George,Data Visualization with Matplotlib,100,2024-10-21 05:27:58.335000
Paul George,Cross-Platform Development with Flutter,100,2024-10-21 05:27:58.335000
Paul George,Interaction Design Principles,100,2024-10-21 05:27:58.335000
Paul George,API Integration in Mobile Apps,100,2024-10-21 05:27:58.335000
Paul George,Natural Language Processing,100,2024-10-21 05:27:58.335000
Paul George,Business Process Modeling,100,2024-10-21 05:27:58.335000
Paul George,HR Technology Tools,100,2024-10-21 05:27:58.335000
Paul George,Web Accessibility Standards,100,2024-10-21 05:27:58.335000
Paul George,Reinforcement Learning Techniques,100,2024-10-21 05:27:58.335000
Connie Tran,Data Analysis with Pandas,100,2024-10-21 05:27:58.335000
Connie Tran,Data Cleaning & Preprocessing,100,2024-10-21 05:27:58.335000
Connie Tran,Data Analysis for Business Decisions,100,2024-10-21 05:27:58.335000
Connie Tran,Data Visualization with Matplotlib,100,2024-10-21 05:27:58.335000
Connie Tran,Data Ethics,100,2024-10-21 05:27:58.335000
Connie Tran,Stakeholder Analysis,100,2024-10-21 05:27:58.335000
Connie Tran,Natural Language Processing,100,2024-10-21 05:27:58.335000
Connie Tran,Affiliate Marketing,100,2024-10-21 05:27:58.335000
Connie Tran,Understanding Financial Markets,100,2024-10-21 05:27:58.335000
Connie Tran,3D Game Development,100,2024-10-21 05:27:58.335000
Connie Tran,Building Customer Relationships,100,2024-10-21 05:27:58.335000
Connie Tran,SEO Fundamentals,100,2024-10-21 05:27:58.335000
Connie Tran,Infrastructure as Code,100,2024-10-21 05:27:58.335000
Connie Tran,Collaboration Tools in DevOps,100,2024-10-21 05:27:58.335000
Connie Tran,Closing Sales Strategies,100,2024-10-21 05:27:58.335000
Steven Mercado,Data Analysis for Business Decisions,100,2024-10-21 05:27:58.335000
Steven Mercado,Data Visualization with Matplotlib,100,2024-10-21 05:27:58.335000
Steven Mercado,Data Cleaning & Preprocessing,100,2024-10-21 05:27:58.335000
Steven Mercado,Data Ethics,100,2024-10-21 05:27:58.335000
Steven Mercado,Financial Planning and Forecasting,100,2024-10-21 05:27:58.335000
Steven Mercado,Deep Learning Fundamentals,100,2024-10-21 05:27:58.335000
Steven Mercado,Risk Management in Cybersecurity,100,2024-10-21 05:27:58.335000
Steven Mercado,Cloud Cost Management,100,2024-10-21 05:27:58.335000
Steven Mercado,Introduction to DevOps,100,2024-10-21 05:27:58.335000
Steven Mercado,Influencer Marketing,100,2024-10-21 05:27:58.335000
Steven Mercado,SEO Best Practices,100,2024-10-21 05:27:58.335000
Elizabeth Curtis,Data Analysis for Business Decisions,100,2024-10-21 05:27:58.335000
Elizabeth Curtis,Data Visualization with Matplotlib,100,2024-10-21 05:27:58.335000
Elizabeth Curtis,Data Analysis with Pandas,100,2024-10-21 05:27:58.335000
Elizabeth Curtis,Data Cleaning & Preprocessing,100,2024-10-21 05:27:58.335000
Elizabeth Curtis,Data Ethics,100,2024-10-21 05:27:58.335000
Elizabeth Curtis,Project Scheduling Techniques,100,2024-10-21 05:27:58.335000
Elizabeth Curtis,Performance Optimization for Mobile Apps,100,2024-10-21 05:27:58.335000
Elizabeth Curtis,Cloud Support Fundamentals,100,2024-10-21 05:27:58.335000
Elizabeth Curtis,Web Performance Optimization,100,2024-10-21 05:27:58.335000
Elizabeth Curtis,DevOps in the Cloud,100,2024-10-21 05:27:58.335000
Elizabeth Curtis,Graphic Design Basics for Content,100,2024-10-21 05:27:58.335000
Elizabeth Curtis,Virtual Reality Development,100,2024-10-21 05:27:58.335000
Madison Morales,Data Analysis with Pandas,100,2024-10-21 05:27:58.335000
Madison Morales,Data Ethics,100,2024-10-21 05:27:58.335000
Madison Morales,Data Analysis for Business Decisions,100,2024-10-21 05:27:58.335000
Madison Morales,Data Cleaning & Preprocessing,100,2024-10-21 05:27:58.335000
Madison Morales,Data Visualization with Matplotlib,100,2024-10-21 05:27:58.335000
Madison Morales,Continuous Integration and Delivery,100,2024-10-21 05:27:58.335000
Madison Morales,Editing and Proofreading Techniques,100,2024-10-21 05:27:58.335000
Madison Morales,Hyperledger Basics,100,2024-10-21 05:27:58.335000
Madison Morales,Microservices in Cloud,100,2024-10-21 05:27:58.335000
Madison Morales,Network Security Fundamentals,100,2024-10-21 05:27:58.335000
Madison Morales,Understanding Consumer Behavior,100,2024-10-21 05:27:58.335000
Madison Morales,HR Analytics,100,2024-10-21 05:27:58.335000
Madison Morales,Express.js,100,2024-10-21 05:27:58.335000
Madison Morales,Consensus Algorithms,100,2024-10-21 05:27:58.335000
Kristin Estrada,Data Analysis with Pandas,100,2024-10-21 05:27:58.335000
Kristin Estrada,Data Analysis for Business Decisions,100,2024-10-21 05:27:58.335000
Kristin Estrada,Data Visualization with Matplotlib,100,2024-10-21 05:27:58.335000
Kristin Estrada,Data Cleaning & Preprocessing,100,2024-10-21 05:27:58.335000
Kristin Estrada,Data Ethics,100,2024-10-21 05:27:58.335000
Kristin Estrada,Budgeting Basics,100,2024-10-21 05:27:58.335000
Kristin Estrada,Predictive Analytics,100,2024-10-21 05:27:58.335000
Kristin Estrada,Personal Finance Skills,100,2024-10-21 05:27:58.335000
Kristin Estrada,AI in Healthcare,100,2024-10-21 05:27:58.335000
Kristin Estrada,AWS Fundamentals,100,2024-10-21 05:27:58.335000
Kristin Estrada,Hardware Repair Skills,100,2024-10-21 05:27:58.335000
Kristin Estrada,Financial Reporting Standards,100,2024-10-21 05:27:58.335000
Kristin Estrada,Agile Project Management,100,2024-10-21 05:27:58.335000
Kristin Estrada,Time Series Analysis,100,2024-10-21 05:27:58.335000
Anna Morgan,Data Analysis with Pandas,100,2024-10-21 05:27:58.335000
Anna Morgan,Data Visualization with Matplotlib,100,2024-10-21 05:27:58.335000
Anna Morgan,Data Analysis for Business Decisions,100,2024-10-21 05:27:58.335000
Anna Morgan,Data Ethics,100,2024-10-21 05:27:58.335000
Anna Morgan,Data Cleaning & Preprocessing,100,2024-10-21 05:27:58.335000
Anna Morgan,iOS Development Basics,100,2024-10-21 05:27:58.335000
Anna Morgan,Design Tools Overview,100,2024-10-21 05:27:58.335000
Anna Morgan,Android Development Basics,100,2024-10-21 05:27:58.335000
Anna Morgan,Configuration Management with Ansible,100,2024-10-21 05:27:58.335000
Anna Morgan,Customer Service Skills for IT,100,2024-10-21 05:27:58.335000
Anna Morgan,Stakeholder Analysis,100,2024-10-21 05:27:58.335000
Anna Morgan,Virtual Reality Development,100,2024-10-21 05:27:58.335000
Daniel Benton,Data Cleaning & Preprocessing,100,2024-10-21 05:27:58.335000
Daniel Benton,Data Analysis for Business Decisions,100,2024-10-21 05:27:58.335000
Daniel Benton,Data Ethics,100,2024-10-21 05:27:58.335000
Daniel Benton,Data Visualization with Matplotlib,100,2024-10-21 05:27:58.335000
Daniel Benton,Data Analysis with Pandas,100,2024-10-21 05:27:58.335000
Daniel Benton,Podcasting Fundamentals,100,2024-10-21 05:27:58.335000
Daniel Benton,Visual Design Basics,100,2024-10-21 05:27:58.335000
Daniel Benton,Ethics in AI,100,2024-10-21 05:27:58.335000
Daniel Benton,Mobile App Security,100,2024-10-21 05:27:58.335000
Daniel Benton,Blockchain Security,100,2024-10-21 05:27:58.335000
Justin Robinson,Data Analysis for Business Decisions,100,2024-10-21 05:27:58.335000
Justin Robinson,Data Analysis with Pandas,100,2024-10-21 05:27:58.335000
Justin Robinson,Data Cleaning & Preprocessing,100,2024-10-21 05:27:58.335000
Justin Robinson,Data Visualization with Matplotlib,100,2024-10-21 05:27:58.335000
Justin Robinson,Data Ethics,100,2024-10-21 05:27:58.335000
Justin Robinson,Labor Laws and Compliance,100,2024-10-21 05:27:58.335000
Justin Robinson,Statistical Analysis,100,2024-10-21 05:27:58.335000
Justin Robinson,Communication Skills for Project Managers,100,2024-10-21 05:27:58.335000
Justin Robinson,Customer Service Excellence,100,2024-10-21 05:27:58.335000
Justin Robinson,Personal Finance Skills,100,2024-10-21 05:27:58.335000
Justin Robinson,Unsupervised Learning,100,2024-10-21 05:27:58.335000
Justin Robinson,Introduction to IT Support,100,2024-10-21 05:27:58.335000
Justin Robinson,Corporate Finance Essentials,100,2024-10-21 05:27:58.335000
Justin Robinson,Deployment & Hosting,100,2024-10-21 05:27:58.335000
Michael Diaz,Data Ethics,100,2024-10-21 05:27:58.335000
Michael Diaz,Data Analysis for Business Decisions,100,2024-10-21 05:27:58.335000
Michael Diaz,Data Visualization with Matplotlib,100,2024-10-21 05:27:58.335000
Michael Diaz,Data Cleaning & Preprocessing,100,2024-10-21 05:27:58.335000
Michael Diaz,Data Analysis with Pandas,100,2024-10-21 05:27:58.335000
Michael Diaz,Risk Analysis and Management,100,2024-10-21 05:27:58.335000
Michael Diaz,Hardware Repair Skills,100,2024-10-21 05:27:58.335000
Michael Diaz,HTML & CSS,100,2024-10-21 05:27:58.335000
Michael Diaz,Presentation Skills for Business Analysts,100,2024-10-21 05:27:58.335000
Michael Diaz,Malware Analysis,100,2024-10-21 05:27:58.335000
Susan Wood,Data Cleaning & Preprocessing,100,2024-10-21 05:27:58.335000
Susan Wood,Data Visualization with Matplotlib,100,2024-10-21 05:27:58.335000
Susan Wood,Data Analysis with Pandas,100,2024-10-21 05:27:58.335000
Susan Wood,Data Analysis for Business Decisions,100,2024-10-21 05:27:58.335000
Susan Wood,Data Ethics,100,2024-10-21 05:27:58.335000
Susan Wood,Risk Management in Cybersecurity,100,2024-10-21 05:27:58.335000
Susan Wood,E-commerce Development Basics,100,2024-10-21 05:27:58.335000
Susan Wood,Web Performance Optimization,100,2024-10-21 05:27:58.335000
Susan Wood,Affiliate Marketing,100,2024-10-21 05:27:58.335000
Susan Wood,Reinforcement Learning,100,2024-10-21 05:27:58.335000
Susan Wood,Machine Learning Basics,100,2024-10-21 05:27:58.335000
John Fry,Data Analysis with Pandas,100,2024-10-21 05:27:58.335000
John Fry,Data Cleaning & Preprocessing,100,2024-10-21 05:27:58.335000
John Fry,Data Analysis for Business Decisions,100,2024-10-21 05:27:58.335000
John Fry,Data Visualization with Matplotlib,100,2024-10-21 05:27:58.335000
John Fry,Responsive Design Principles,100,2024-10-21 05:27:58.335000
John Fry,Introduction to Content Creation,100,2024-10-21 05:27:58.335000
John Fry,Mobile Testing Strategies,100,2024-10-21 05:27:58.335000
John Fry,Diversity and Inclusion Initiatives,100,2024-10-21 05:27:58.335000
John Fry,Presentation Skills for Sales,100,2024-10-21 05:27:58.335000
John Fry,Google Cloud Platform Essentials,100,2024-10-21 05:27:58.336000
John Fry,Affiliate Marketing,100,2024-10-21 05:27:58.336000
John Fry,Introduction to UI/UX Design,100,2024-10-21 05:27:58.336000
Kristen Kim,Data Analysis for Business Decisions,100,2024-10-21 05:27:58.336000
Kristen Kim,Data Cleaning & Preprocessing,100,2024-10-21 05:27:58.336000
Kristen Kim,Data Analysis with Pandas,100,2024-10-21 05:27:58.336000
Kristen Kim,Data Visualization with Matplotlib,100,2024-10-21 05:27:58.336000
Kristen Kim,Data Ethics,100,2024-10-21 05:27:58.336000
Kristen Kim,Blockchain Use Cases,100,2024-10-21 05:27:58.336000
Kristen Kim,HR Technology Tools,100,2024-10-21 05:27:58.336000
Kristen Kim,Continuous Integration and Delivery,100,2024-10-21 05:27:58.336000
Kristen Kim,Serverless Architecture,100,2024-10-21 05:27:58.336000
Kristen Kim,Web Accessibility Standards,100,2024-10-21 05:27:58.336000
Kristen Kim,Networking Basics,100,2024-10-21 05:27:58.336000
Kristen Kim,Social Media Content Creation,100,2024-10-21 05:27:58.336000
Kristen Kim,Training and Development,100,2024-10-21 05:27:58.336000
Kristen Kim,AI in Healthcare,100,2024-10-21 05:27:58.336000
Kristy Cooper,Data Visualization with Matplotlib,100,2024-10-21 05:27:58.336000
Kristy Cooper,Data Analysis with Pandas,100,2024-10-21 05:27:58.336000
Kristy Cooper,Data Analysis for Business Decisions,100,2024-10-21 05:27:58.336000
Kristy Cooper,Data Cleaning & Preprocessing,100,2024-10-21 05:27:58.336000
Kristy Cooper,Data Ethics,100,2024-10-21 05:27:58.336000
Kristy Cooper,Introduction to Content Creation,100,2024-10-21 05:27:58.336000
Kristy Cooper,Customer Service Skills for IT,100,2024-10-21 05:27:58.336000
Kristy Cooper,Introduction to Machine Learning,100,2024-10-21 05:27:58.336000
Kristy Cooper,HR Technology Tools,100,2024-10-21 05:27:58.336000
Kristy Cooper,Decentralized Applications (DApps),100,2024-10-21 05:27:58.336000
Kristy Cooper,2D Game Development,100,2024-10-21 05:27:58.336000
Kristy Cooper,Editing and Proofreading Techniques,100,2024-10-21 05:27:58.336000
Lauren Valencia,Data Ethics,100,2024-10-21 05:27:58.336000
Lauren Valencia,Data Cleaning & Preprocessing,100,2024-10-21 05:27:58.336000
Lauren Valencia,Data Visualization with Matplotlib,100,2024-10-21 05:27:58.336000
Lauren Valencia,Data Analysis for Business Decisions,100,2024-10-21 05:27:58.336000
Lauren Valencia,Data Analysis with Pandas,100,2024-10-21 05:27:58.336000
Lauren Valencia,Git & GitHub,100,2024-10-21 05:27:58.336000
Lauren Valencia,SEO Best Practices,100,2024-10-21 05:27:58.336000
Lauren Valencia,Content Strategy Development,100,2024-10-21 05:27:58.336000
Lauren Valencia,React,100,2024-10-21 05:27:58.336000
Lauren Valencia,Risk Management in Projects,100,2024-10-21 05:27:58.336000
Lauren Valencia,Social Media Marketing,100,2024-10-21 05:27:58.336000
Lauren Valencia,SWOT Analysis for Business,100,2024-10-21 05:27:58.336000
Lauren Valencia,Time Series Analysis,100,2024-10-21 05:27:58.336000
Julia Bush,Data Analysis for Business Decisions,100,2024-10-21 05:27:58.336000
Julia Bush,Data Ethics,100,2024-10-21 05:27:58.336000
Julia Bush,Data Cleaning & Preprocessing,100,2024-10-21 05:27:58.336000
Julia Bush,Data Analysis with Pandas,100,2024-10-21 05:27:58.336000
Julia Bush,Data Visualization with Matplotlib,100,2024-10-21 05:27:58.336000
Julia Bush,Deep Learning Fundamentals,100,2024-10-21 05:27:58.336000
Julia Bush,Android Development Basics,100,2024-10-21 05:27:58.336000
Julia Bush,Stakeholder Analysis,100,2024-10-21 05:27:58.336000
Julia Bush,Introduction to DevOps,100,2024-10-21 05:27:58.336000
Julia Bush,Responsive Design Principles,100,2024-10-21 05:27:58.336000
Julia Bush,Deep Learning with TensorFlow,100,2024-10-21 05:27:58.336000
Julia Bush,Ethics in AI,100,2024-10-21 05:27:58.336000
Julia Bush,Security in Cloud Computing,100,2024-10-21 05:27:58.336000
Julia Bush,Requirements Gathering Techniques,100,2024-10-21 05:27:58.336000
Sandra Reyes,Data Cleaning & Preprocessing,100,2024-10-21 05:27:58.336000
Sandra Reyes,Data Visualization with Matplotlib,100,2024-10-21 05:27:58.336000
Sandra Reyes,Data Analysis for Business Decisions,100,2024-10-21 05:27:58.336000
Sandra Reyes,Data Analysis with Pandas,100,2024-10-21 05:27:58.336000
Sandra Reyes,Data Ethics,100,2024-10-21 05:27:58.336000
Sandra Reyes,API Integration in Mobile Apps,100,2024-10-21 05:27:58.336000
Sandra Reyes,Project Scheduling Techniques,100,2024-10-21 05:27:58.336000
Sandra Reyes,Operating Systems Overview,100,2024-10-21 05:27:58.336000
Sandra Reyes,Diversity and Inclusion Initiatives,100,2024-10-21 05:27:58.336000
Sandra Reyes,React,100,2024-10-21 05:27:58.336000
Sandra Reyes,Incident Response,100,2024-10-21 05:27:58.336000
Sandra Reyes,Content Management Systems (CMS),100,2024-10-21 05:27:58.336000
Sandra Reyes,Monitoring and Logging,100,2024-10-21 05:27:58.336000
Sandra Reyes,Wireframing and Prototyping,100,2024-10-21 05:27:58.336000
Sandra Reyes,Web Accessibility Standards,100,2024-10-21 05:27:58.336000
Pamela Dennis,Data Cleaning & Preprocessing,100,2024-10-21 05:27:58.336000
Pamela Dennis,Data Visualization with Matplotlib,100,2024-10-21 05:27:58.336000
Pamela Dennis,Data Analysis with Pandas,100,2024-10-21 05:27:58.336000
Pamela Dennis,Data Analysis for Business Decisions,100,2024-10-21 05:27:58.336000
Pamela Dennis,Data Ethics,100,2024-10-21 05:27:58.336000
Pamela Dennis,Project Management Basics,100,2024-10-21 05:27:58.336000
Pamela Dennis,Conflict Resolution in HR,100,2024-10-21 05:27:58.336000
Pamela Dennis,AI in IoT,100,2024-10-21 05:27:58.336000
Pamela Dennis,iOS Development Basics,100,2024-10-21 05:27:58.336000
Pamela Dennis,React,100,2024-10-21 05:27:58.336000
Pamela Dennis,Configuration Management with Ansible,100,2024-10-21 05:27:58.336000
Pamela Dennis,Unreal Engine Basics,100,2024-10-21 05:27:58.336000
Pamela Dennis,Python for Data Science,100,2024-10-21 05:27:58.336000
Pamela Dennis,Social Media Marketing,100,2024-10-21 05:27:58.336000
Jennifer Reyes,Data Ethics,100,2024-10-21 05:27:58.336000
Jennifer Reyes,Data Cleaning & Preprocessing,100,2024-10-21 05:27:58.336000
Jennifer Reyes,Data Analysis for Business Decisions,100,2024-10-21 05:27:58.336000
Jennifer Reyes,Data Analysis with Pandas,100,2024-10-21 05:27:58.336000
Jennifer Reyes,Data Visualization with Matplotlib,100,2024-10-21 05:27:58.336000
Jennifer Reyes,Deep Learning with TensorFlow,100,2024-10-21 05:27:58.336000
Jennifer Reyes,DevOps in the Cloud,100,2024-10-21 05:27:58.336000
Jennifer Reyes,Frontend Development Basics,100,2024-10-21 05:27:58.336000
Jennifer Reyes,Virtual Reality Development,100,2024-10-21 05:27:58.336000
Jennifer Reyes,Model Evaluation,100,2024-10-21 05:27:58.336000
Jennifer Reyes,Containerization with Docker,100,2024-10-21 05:27:58.336000
Jennifer Reyes,Content Strategy Development,100,2024-10-21 05:27:58.336000
Jennifer Reyes,User Interface Design for Mobile Apps,100,2024-10-21 05:27:58.336000
James Moore,Data Analysis for Business Decisions,100,2024-10-21 05:27:58.336000
James Moore,Data Ethics,100,2024-10-21 05:27:58.336000
James Moore,Data Visualization with Matplotlib,100,2024-10-21 05:27:58.336000
James Moore,Data Cleaning & Preprocessing,100,2024-10-21 05:27:58.336000
James Moore,Data Analysis with Pandas,100,2024-10-21 05:27:58.336000
James Moore,Understanding Financial Markets,100,2024-10-21 05:27:58.336000
James Moore,Risk Management in Cybersecurity,100,2024-10-21 05:27:58.336000
James Moore,Infrastructure as Code,100,2024-10-21 05:27:58.336000
James Moore,Introduction to Finance,100,2024-10-21 05:27:58.336000
James Moore,Budgeting for Projects,100,2024-10-21 05:27:58.336000
James Moore,Communication Skills for Project Managers,100,2024-10-21 05:27:58.336000
James Moore,Mobile App Security,100,2024-10-21 05:27:58.336000
James Moore,Supervised Learning,100,2024-10-21 05:27:58.336000
Melissa Brown,Data Cleaning & Preprocessing,100,2024-10-21 05:27:58.336000
Melissa Brown,Data Analysis for Business Decisions,100,2024-10-21 05:27:58.336000
Melissa Brown,Data Ethics,100,2024-10-21 05:27:58.336000
Melissa Brown,Data Analysis with Pandas,100,2024-10-21 05:27:58.336000
Melissa Brown,Data Visualization with Matplotlib,100,2024-10-21 05:27:58.336000
Melissa Brown,Deployment & Hosting,100,2024-10-21 05:27:58.336000
Melissa Brown,AI in IoT,100,2024-10-21 05:27:58.336000
Melissa Brown,Podcasting Fundamentals,100,2024-10-21 05:27:58.336000
Melissa Brown,Social Media Content Creation,100,2024-10-21 05:27:58.336000
Melissa Brown,Tokenomics,100,2024-10-21 05:27:58.336000
Melissa Brown,Web Performance Optimization,100,2024-10-21 05:27:58.336000
Melissa Brown,Performance Management Systems,100,2024-10-21 05:27:58.336000
Melissa Brown,Reinforcement Learning,100,2024-10-21 05:27:58.336000
Melissa Brown,Sales Analytics,100,2024-10-21 05:27:58.336000
Jessica Simpson,Data Visualization with Matplotlib,100,2024-10-21 05:27:58.336000
Jessica Simpson,Data Analysis for Business Decisions,100,2024-10-21 05:27:58.336000
Jessica Simpson,Data Cleaning & Preprocessing,100,2024-10-21 05:27:58.336000
Jessica Simpson,Data Analysis with Pandas,100,2024-10-21 05:27:58.336000
Jessica Simpson,Data Ethics,100,2024-10-21 05:27:58.336000
Jessica Simpson,Affiliate Marketing,100,2024-10-21 05:27:58.336000
Jessica Simpson,Ethereum Development,100,2024-10-21 05:27:58.336000
Jessica Simpson,Cloud Cost Management,100,2024-10-21 05:27:58.336000
Jessica Simpson,Visual Design Basics,100,2024-10-21 05:27:58.336000
Jessica Simpson,Agile Methodologies,100,2024-10-21 05:27:58.336000
Jessica Simpson,Digital Sales Techniques,100,2024-10-21 05:27:58.336000
Jessica Simpson,Risk Analysis and Management,100,2024-10-21 05:27:58.336000
Jessica Simpson,Deep Learning Fundamentals,100,2024-10-21 05:27:58.336000
Jessica Simpson,SEO for Content Creators,100,2024-10-21 05:27:58.336000
Jessica Simpson,Email Marketing Basics,100,2024-10-21 05:27:58.336000
Patricia Cobb,Data Ethics,100,2024-10-21 05:27:58.336000
Patricia Cobb,Data Visualization with Matplotlib,100,2024-10-21 05:27:58.336000
Patricia Cobb,Data Cleaning & Preprocessing,100,2024-10-21 05:27:58.336000
Patricia Cobb,Data Analysis with Pandas,100,2024-10-21 05:27:58.336000
Patricia Cobb,Data Analysis for Business Decisions,100,2024-10-21 05:27:58.336000
Patricia Cobb,Blogging for Beginners,100,2024-10-21 05:27:58.336000
Patricia Cobb,Time Series Analysis,100,2024-10-21 05:27:58.336000
Patricia Cobb,Deployment of ML Models,100,2024-10-21 05:27:58.336000
Patricia Cobb,Web Accessibility Standards,100,2024-10-21 05:27:58.336000
Patricia Cobb,Ethical Hacking Basics,100,2024-10-21 05:27:58.336000
Patricia Cobb,API Development,100,2024-10-21 05:27:58.336000
Mark Rice,Data Visualization with Matplotlib,100,2024-10-21 05:27:58.336000
Mark Rice,Data Cleaning & Preprocessing,100,2024-10-21 05:27:58.336000
Mark Rice,Data Ethics,100,2024-10-21 05:27:58.336000
Mark Rice,Data Analysis for Business Decisions,100,2024-10-21 05:27:58.336000
Mark Rice,Data Analysis with Pandas,100,2024-10-21 05:27:58.336000
Mark Rice,Time Series Analysis,100,2024-10-21 05:27:58.336000
Mark Rice,Time Management for Sales,100,2024-10-21 05:27:58.336000
Mark Rice,Sales Analytics,100,2024-10-21 05:27:58.336000
Mark Rice,Collaboration Tools in DevOps,100,2024-10-21 05:27:58.336000
Mark Rice,Security in Cloud Computing,100,2024-10-21 05:27:58.336000
Mark Rice,Labor Laws and Compliance,100,2024-10-21 05:27:58.336000
Mark Rice,Introduction to AI,100,2024-10-21 05:27:58.336000
Mark Rice,Financial Planning and Forecasting,100,2024-10-21 05:27:58.336000
Mark Rice,JavaScript Frameworks Overview,100,2024-10-21 05:27:58.336000
Mark Rice,Introduction to Game Development,100,2024-10-21 05:27:58.336000
Joseph Clark,Data Cleaning & Preprocessing,100,2024-10-21 05:27:58.337000
Joseph Clark,Data Visualization with Matplotlib,100,2024-10-21 05:27:58.337000
Joseph Clark,Data Analysis with Pandas,100,2024-10-21 05:27:58.337000
Joseph Clark,Data Ethics,100,2024-10-21 05:27:58.337000
Joseph Clark,Data Analysis for Business Decisions,100,2024-10-21 05:27:58.337000
Joseph Clark,Decentralized Applications (DApps),100,2024-10-21 05:27:58.337000
Joseph Clark,Introduction to Content Creation,100,2024-10-21 05:27:58.337000
Joseph Clark,Deep Learning with TensorFlow,100,2024-10-21 05:27:58.337000
Joseph Clark,Sales Fundamentals,100,2024-10-21 05:27:58.337000
Joseph Clark,Project Management Basics,100,2024-10-21 05:27:58.337000
Joseph Clark,Investing Fundamentals,100,2024-10-21 05:27:58.337000
Joseph Clark,JavaScript Basics,100,2024-10-21 05:27:58.337000
Alicia Fletcher,Data Analysis with Pandas,100,2024-10-21 05:27:58.337000
Alicia Fletcher,Data Cleaning & Preprocessing,100,2024-10-21 05:27:58.337000
Alicia Fletcher,Data Ethics,100,2024-10-21 05:27:58.337000
Alicia Fletcher,Data Visualization with Matplotlib,100,2024-10-21 05:27:58.337000
Alicia Fletcher,Data Analysis for Business Decisions,100,2024-10-21 05:27:58.337000
Alicia Fletcher,Speech Recognition Technologies,100,2024-10-21 05:27:58.337000
Alicia Fletcher,Email Marketing Basics,100,2024-10-21 05:27:58.337000
Alicia Fletcher,Cryptocurrency Fundamentals,100,2024-10-21 05:27:58.337000
Alicia Fletcher,Content Management Systems (CMS),100,2024-10-21 05:27:58.337000
Alicia Fletcher,DevOps in the Cloud,100,2024-10-21 05:27:58.337000
Matthew Phillips,Data Visualization with Matplotlib,100,2024-10-21 05:27:58.337000
Matthew Phillips,Data Analysis with Pandas,100,2024-10-21 05:27:58.337000
Matthew Phillips,Data Cleaning & Preprocessing,100,2024-10-21 05:27:58.337000
Matthew Phillips,Data Analysis for Business Decisions,100,2024-10-21 05:27:58.337000
Matthew Phillips,Data Ethics,100,2024-10-21 05:27:58.337000
Matthew Phillips,Introduction to IT Support,100,2024-10-21 05:27:58.337000
Matthew Phillips,Google Cloud Platform Essentials,100,2024-10-21 05:27:58.337000
Matthew Phillips,HR Technology Tools,100,2024-10-21 05:27:58.337000
Matthew Phillips,Sales Analytics,100,2024-10-21 05:27:58.337000
Matthew Phillips,Diversity and Inclusion Initiatives,100,2024-10-21 05:27:58.337000
Matthew Phillips,Android Development Basics,100,2024-10-21 05:27:58.337000
Matthew Phillips,Risk Management in Finance,100,2024-10-21 05:27:58.337000
Matthew Phillips,Monitoring and Logging,100,2024-10-21 05:27:58.337000
Victor Joseph,Data Analysis for Business Decisions,100,2024-10-21 05:27:58.337000
Victor Joseph,Data Ethics,100,2024-10-21 05:27:58.337000
Victor Joseph,Data Analysis with Pandas,100,2024-10-21 05:27:58.337000
Victor Joseph,Data Visualization with Matplotlib,100,2024-10-21 05:27:58.337000
Victor Joseph,Data Cleaning & Preprocessing,100,2024-10-21 05:27:58.337000
Victor Joseph,Node.js,100,2024-10-21 05:27:58.337000
Victor Joseph,Tokenomics,100,2024-10-21 05:27:58.337000
Victor Joseph,Vulnerability Assessment,100,2024-10-21 05:27:58.337000
Victor Joseph,Security in Cloud Computing,100,2024-10-21 05:27:58.337000
Victor Joseph,Understanding Consumer Behavior,100,2024-10-21 05:27:58.337000
Victor Joseph,Introduction to Content Creation,100,2024-10-21 05:27:58.337000
Victor Joseph,Cloud Cost Management,100,2024-10-21 05:27:58.337000
Victor Joseph,Performance Optimization for Mobile Apps,100,2024-10-21 05:27:58.337000
Leah Cohen,Data Ethics,100,2024-10-21 05:27:58.337000
Leah Cohen,Data Visualization with Matplotlib,100,2024-10-21 05:27:58.337000
Leah Cohen,Data Cleaning & Preprocessing,100,2024-10-21 05:27:58.337000
Leah Cohen,Data Analysis for Business Decisions,100,2024-10-21 05:27:58.337000
Leah Cohen,Employee Engagement Techniques,100,2024-10-21 05:27:58.337000
Leah Cohen,Unreal Engine Basics,100,2024-10-21 05:27:58.337000
Leah Cohen,Cloud Cost Management,100,2024-10-21 05:27:58.337000
Leah Cohen,Progressive Web Apps (PWAs),100,2024-10-21 05:27:58.337000
Leah Cohen,Financial Analysis Techniques,100,2024-10-21 05:27:58.337000
Leah Cohen,Cryptocurrency Fundamentals,100,2024-10-21 05:27:58.337000
Leah Cohen,Data Analysis with Pandas,100,2024-10-21 05:27:58.337000
Leah Cohen,Computer Vision Basics,100,2024-10-21 05:27:58.337000
Pamela Middleton,Data Ethics,100,2024-10-21 05:27:58.337000
Pamela Middleton,Data Analysis for Business Decisions,100,2024-10-21 05:27:58.337000
Pamela Middleton,Data Cleaning & Preprocessing,100,2024-10-21 05:27:58.337000
Pamela Middleton,Data Visualization with Matplotlib,100,2024-10-21 05:27:58.337000
Pamela Middleton,Data Analysis with Pandas,100,2024-10-21 05:27:58.337000
Pamela Middleton,Content Marketing Strategies,100,2024-10-21 05:27:58.337000
Pamela Middleton,SWOT Analysis for Business,100,2024-10-21 05:27:58.337000
Pamela Middleton,Mobile App Design,100,2024-10-21 05:27:58.337000
Pamela Middleton,Network Security Fundamentals,100,2024-10-21 05:27:58.337000
Pamela Middleton,HTML & CSS,100,2024-10-21 05:27:58.337000
Pamela Middleton,React,100,2024-10-21 05:27:58.337000
Pamela Middleton,Introduction to Game Development,100,2024-10-21 05:27:58.337000
Donald Everett,Data Analysis for Business Decisions,100,2024-10-21 05:27:58.337000
Donald Everett,Data Visualization with Matplotlib,100,2024-10-21 05:27:58.337000
Donald Everett,Data Cleaning & Preprocessing,100,2024-10-21 05:27:58.337000
Donald Everett,Data Analysis with Pandas,100,2024-10-21 05:27:58.337000
Donald Everett,Data Ethics,100,2024-10-21 05:27:58.337000
Donald Everett,2D Game Development,100,2024-10-21 05:27:58.337000
Donald Everett,iOS Development Basics,100,2024-10-21 05:27:58.337000
Donald Everett,Ethics in AI,100,2024-10-21 05:27:58.337000
Donald Everett,Game Testing Techniques,100,2024-10-21 05:27:58.337000
Donald Everett,Presentation Skills for Sales,100,2024-10-21 05:27:58.337000
Donald Everett,Social Media Marketing,100,2024-10-21 05:27:58.337000
Donald Everett,Project Management Tools Overview,100,2024-10-21 05:27:58.337000
Donald Everett,Natural Language Processing,100,2024-10-21 05:27:58.337000
Henry Kidd,Data Cleaning & Preprocessing,100,2024-10-21 05:27:58.337000
Henry Kidd,Data Ethics,100,2024-10-21 05:27:58.337000
Henry Kidd,Data Analysis with Pandas,100,2024-10-21 05:27:58.337000
Henry Kidd,Data Analysis for Business Decisions,100,2024-10-21 05:27:58.337000
Henry Kidd,Data Visualization with Matplotlib,100,2024-10-21 05:27:58.337000
Henry Kidd,E-commerce Development Basics,100,2024-10-21 05:27:58.337000
Henry Kidd,AWS Fundamentals,100,2024-10-21 05:27:58.337000
Henry Kidd,Change Management Strategies,100,2024-10-21 05:27:58.337000
Henry Kidd,Risk Analysis and Management,100,2024-10-21 05:27:58.337000
Henry Kidd,Content Strategy Development,100,2024-10-21 05:27:58.337000
Michael Taylor,Data Cleaning & Preprocessing,100,2024-10-21 05:27:58.337000
Michael Taylor,Data Analysis with Pandas,100,2024-10-21 05:27:58.337000
Michael Taylor,Data Ethics,100,2024-10-21 05:27:58.337000
Michael Taylor,Data Visualization with Matplotlib,100,2024-10-21 05:27:58.337000
Michael Taylor,Data Analysis for Business Decisions,100,2024-10-21 05:27:58.337000
Michael Taylor,Serverless Architecture,100,2024-10-21 05:27:58.337000
Michael Taylor,Content Strategy Development,100,2024-10-21 05:27:58.337000
Michael Taylor,Introduction to Business Analysis,100,2024-10-21 05:27:58.337000
Michael Taylor,Microservices in Cloud,100,2024-10-21 05:27:58.337000
Michael Taylor,API Integration in Mobile Apps,100,2024-10-21 05:27:58.337000
Michael Taylor,Networking Basics,100,2024-10-21 05:27:58.337000
Michael Taylor,Podcasting Fundamentals,100,2024-10-21 05:27:58.337000
Michael Taylor,Risk Analysis and Management,100,2024-10-21 05:27:58.337000
Michael Taylor,Design Thinking Process,100,2024-10-21 05:27:58.337000
Michael Taylor,Web Performance Optimization,100,2024-10-21 05:27:58.337000
Stephanie Burke,Data Analysis for Business Decisions,100,2024-10-21 05:27:58.337000
Stephanie Burke,Data Ethics,100,2024-10-21 05:27:58.337000
Stephanie Burke,Data Visualization with Matplotlib,100,2024-10-21 05:27:58.337000
Stephanie Burke,Data Cleaning & Preprocessing,100,2024-10-21 05:27:58.337000
Stephanie Burke,Data Analysis with Pandas,100,2024-10-21 05:27:58.337000
Stephanie Burke,Financial Analysis Techniques,100,2024-10-21 05:27:58.337000
Stephanie Burke,Python for Data Science,100,2024-10-21 05:27:58.337000
Stephanie Burke,Web Accessibility Standards,100,2024-10-21 05:27:58.337000
Stephanie Burke,Supervised Learning,100,2024-10-21 05:27:58.337000
Stephanie Burke,Security in Cloud Computing,100,2024-10-21 05:27:58.337000
Stephanie Burke,HR Technology Tools,100,2024-10-21 05:27:58.337000
Stephanie Burke,Quality Management,100,2024-10-21 05:27:58.337000
Stephanie Burke,Unreal Engine Basics,100,2024-10-21 05:27:58.337000
Stephanie Burke,DevOps in the Cloud,100,2024-10-21 05:27:58.337000
Stephanie Burke,Cryptocurrency Fundamentals,100,2024-10-21 05:27:58.337000
Kayla Johnson,Data Analysis with Pandas,100,2024-10-21 05:27:58.337000
Kayla Johnson,Data Analysis for Business Decisions,100,2024-10-21 05:27:58.337000
Kayla Johnson,Data Ethics,100,2024-10-21 05:27:58.337000
Kayla Johnson,Data Visualization with Matplotlib,100,2024-10-21 05:27:58.337000
Kayla Johnson,Digital Sales Techniques,100,2024-10-21 05:27:58.337000
Kayla Johnson,Content Management Systems (CMS),100,2024-10-21 05:27:58.337000
Kayla Johnson,Usability Testing,100,2024-10-21 05:27:58.337000
Kayla Johnson,Social Media Marketing,100,2024-10-21 05:27:58.337000
Kayla Johnson,Affiliate Marketing,100,2024-10-21 05:27:58.337000
Kayla Johnson,Introduction to Machine Learning,100,2024-10-21 05:27:58.337000
Kayla Johnson,Video Production Basics,100,2024-10-21 05:27:58.337000
Kayla Johnson,Incident Response,100,2024-10-21 05:27:58.337000
Kayla Johnson,Performance Optimization for Mobile Apps,100,2024-10-21 05:27:58.337000
Kayla Johnson,Financial Planning and Forecasting,100,2024-10-21 05:27:58.337000
Frederick Murray,Data Visualization with Matplotlib,100,2024-10-21 05:27:58.337000
Frederick Murray,Data Analysis with Pandas,100,2024-10-21 05:27:58.337000
Frederick Murray,Data Analysis for Business Decisions,100,2024-10-21 05:27:58.337000
Frederick Murray,Data Cleaning & Preprocessing,100,2024-10-21 05:27:58.337000
Frederick Murray,Data Ethics,100,2024-10-21 05:27:58.337000
Frederick Murray,Reinforcement Learning Techniques,100,2024-10-21 05:27:58.337000
Frederick Murray,Android Development Basics,100,2024-10-21 05:27:58.337000
Frederick Murray,Content Marketing Strategies,100,2024-10-21 05:27:58.337000
Frederick Murray,Financial Planning and Forecasting,100,2024-10-21 05:27:58.337000
Frederick Murray,Financial Analysis Techniques,100,2024-10-21 05:27:58.337000
Frederick Murray,Statistical Analysis,100,2024-10-21 05:27:58.337000
Kelsey Rogers,Data Ethics,100,2024-10-21 05:27:58.337000
Kelsey Rogers,Data Cleaning & Preprocessing,100,2024-10-21 05:27:58.337000
Kelsey Rogers,Data Analysis with Pandas,100,2024-10-21 05:27:58.337000
Kelsey Rogers,Data Visualization with Matplotlib,100,2024-10-21 05:27:58.337000
Kelsey Rogers,Data Analysis for Business Decisions,100,2024-10-21 05:27:58.337000
Kelsey Rogers,Penetration Testing,100,2024-10-21 05:27:58.337000
Kelsey Rogers,Analytics for Marketers,100,2024-10-21 05:27:58.337000
Kelsey Rogers,Infrastructure as Code,100,2024-10-21 05:27:58.337000
Kelsey Rogers,Cloud Cost Management,100,2024-10-21 05:27:58.337000
Kelsey Rogers,Deep Learning Fundamentals,100,2024-10-21 05:27:58.337000
Kelsey Rogers,Email Marketing Basics,100,2024-10-21 05:27:58.337000
Kelsey Rogers,Speech Recognition Technologies,100,2024-10-21 05:27:58.337000
Kelsey Rogers,Web Accessibility Standards,100,2024-10-21 05:27:58.337000
Greg Butler,Data Analysis for Business Decisions,100,2024-10-21 05:27:58.338000
Greg Butler,Data Visualization with Matplotlib,100,2024-10-21 05:27:58.338000
Greg Butler,Data Ethics,100,2024-10-21 05:27:58.338000
Greg Butler,Data Cleaning & Preprocessing,100,2024-10-21 05:27:58.338000
Greg Butler,Content Marketing Strategies,100,2024-10-21 05:27:58.338000
Greg Butler,Reinforcement Learning,100,2024-10-21 05:27:58.338000
Greg Butler,Introduction to Machine Learning,100,2024-10-21 05:27:58.338000
Greg Butler,Blockchain Use Cases,100,2024-10-21 05:27:58.338000
Greg Butler,Statistical Analysis,100,2024-10-21 05:27:58.338000
Greg Butler,Talent Acquisition Strategies,100,2024-10-21 05:27:58.338000
Greg Butler,Ethereum Development,100,2024-10-21 05:27:58.338000
Greg Butler,Introduction to Cloud Computing,100,2024-10-21 05:27:58.338000
Greg Butler,Investing Fundamentals,100,2024-10-21 05:27:58.338000
Greg Butler,Cloud Support Fundamentals,100,2024-10-21 05:27:58.338000
Danielle Avila,Data Visualization with Matplotlib,100,2024-10-21 05:27:58.338000
Danielle Avila,Data Analysis for Business Decisions,100,2024-10-21 05:27:58.338000
Danielle Avila,Data Cleaning & Preprocessing,100,2024-10-21 05:27:58.338000
Danielle Avila,Data Ethics,100,2024-10-21 05:27:58.338000
Danielle Avila,Data Analysis with Pandas,100,2024-10-21 05:27:58.338000
Danielle Avila,Security Awareness for IT Support,100,2024-10-21 05:27:58.338000
Danielle Avila,Monitoring and Logging,100,2024-10-21 05:27:58.338000
Danielle Avila,AI in Healthcare,100,2024-10-21 05:27:58.338000
Danielle Avila,Supervised Learning,100,2024-10-21 05:27:58.338000
Danielle Avila,Publishing Mobile Apps,100,2024-10-21 05:27:58.338000
Jack Wong,Data Analysis with Pandas,100,2024-10-21 05:27:58.338000
Jack Wong,Data Ethics,100,2024-10-21 05:27:58.338000
Jack Wong,Data Visualization with Matplotlib,100,2024-10-21 05:27:58.338000
Jack Wong,Data Cleaning & Preprocessing,100,2024-10-21 05:27:58.338000
Jack Wong,Data Analysis for Business Decisions,100,2024-10-21 05:27:58.338000
Jack Wong,Introduction to Cloud Computing,100,2024-10-21 05:27:58.338000
Jack Wong,Malware Analysis,100,2024-10-21 05:27:58.338000
Jack Wong,Security Awareness for IT Support,100,2024-10-21 05:27:58.338000
Jack Wong,Google Ads Fundamentals,100,2024-10-21 05:27:58.338000
Jack Wong,Automating Cloud Deployments,100,2024-10-21 05:27:58.338000
Jack Wong,Statistical Analysis,100,2024-10-21 05:27:58.338000
Jack Wong,Communication Skills for Project Managers,100,2024-10-21 05:27:58.338000
Jack Wong,Containerization with Docker,100,2024-10-21 05:27:58.338000
Jack Wong,Introduction to UI/UX Design,100,2024-10-21 05:27:58.338000
Mr. James Crosby,Data Ethics,100,2024-10-21 05:27:58.338000
Mr. James Crosby,Data Analysis with Pandas,100,2024-10-21 05:27:58.338000
Mr. James Crosby,Data Analysis for Business Decisions,100,2024-10-21 05:27:58.338000
Mr. James Crosby,Data Cleaning & Preprocessing,100,2024-10-21 05:27:58.338000
Mr. James Crosby,Data Visualization with Matplotlib,100,2024-10-21 05:27:58.338000
Mr. James Crosby,Virtual Reality Development,100,2024-10-21 05:27:58.338000
Mr. James Crosby,Deployment of ML Models,100,2024-10-21 05:27:58.338000
Mr. James Crosby,Introduction to Machine Learning,100,2024-10-21 05:27:58.338000
Mr. James Crosby,Responsive Design Principles,100,2024-10-21 05:27:58.338000
Mr. James Crosby,Project Management Tools Overview,100,2024-10-21 05:27:58.338000
Mr. James Crosby,Social Media Marketing,100,2024-10-21 05:27:58.338000
Mr. James Crosby,AI in IoT,100,2024-10-21 05:27:58.338000
Mr. James Crosby,Tokenomics,100,2024-10-21 05:27:58.338000
Barry Hester,Data Analysis for Business Decisions,100,2024-10-21 05:27:58.338000
Barry Hester,Data Visualization with Matplotlib,100,2024-10-21 05:27:58.338000
Barry Hester,Data Analysis with Pandas,100,2024-10-21 05:27:58.338000
Barry Hester,Data Ethics,100,2024-10-21 05:27:58.338000
Barry Hester,Data Cleaning & Preprocessing,100,2024-10-21 05:27:58.338000
Barry Hester,Ethical Hacking Basics,100,2024-10-21 05:27:58.338000
Barry Hester,Backend Development Fundamentals,100,2024-10-21 05:27:58.338000
Barry Hester,Project Management Tools Overview,100,2024-10-21 05:27:58.338000
Barry Hester,Negotiation Techniques,100,2024-10-21 05:27:58.338000
Barry Hester,Ethereum Development,100,2024-10-21 05:27:58.338000
Jared Lowe,Data Analysis for Business Decisions,100,2024-10-21 05:27:58.338000
Jared Lowe,Data Ethics,100,2024-10-21 05:27:58.338000
Jared Lowe,Data Cleaning & Preprocessing,100,2024-10-21 05:27:58.338000
Jared Lowe,Data Visualization with Matplotlib,100,2024-10-21 05:27:58.338000
Jared Lowe,Data Analysis with Pandas,100,2024-10-21 05:27:58.338000
Jared Lowe,Hardware Repair Skills,100,2024-10-21 05:27:58.338000
Jared Lowe,Monitoring and Logging,100,2024-10-21 05:27:58.338000
Jared Lowe,MongoDB,100,2024-10-21 05:27:58.338000
Jared Lowe,Change Management,100,2024-10-21 05:27:58.338000
Jared Lowe,Mobile App Design,100,2024-10-21 05:27:58.338000
Jared Lowe,Azure Basics,100,2024-10-21 05:27:58.338000
Jared Lowe,Content Marketing Strategies,100,2024-10-21 05:27:58.338000
Jared Lowe,Presentation Skills for Business Analysts,100,2024-10-21 05:27:58.338000
Tina Robertson,Data Visualization with Matplotlib,100,2024-10-21 05:27:58.338000
Tina Robertson,Data Cleaning & Preprocessing,100,2024-10-21 05:27:58.338000
Tina Robertson,Data Analysis with Pandas,100,2024-10-21 05:27:58.338000
Tina Robertson,Data Analysis for Business Decisions,100,2024-10-21 05:27:58.338000
Tina Robertson,Risk Management in Projects,100,2024-10-21 05:27:58.338000
Tina Robertson,Malware Analysis,100,2024-10-21 05:27:58.338000
Tina Robertson,Content Management Systems (CMS),100,2024-10-21 05:27:58.338000
Tina Robertson,Data Ethics,100,2024-10-21 05:27:58.338000
Tina Robertson,Risk Analysis and Management,100,2024-10-21 05:27:58.338000
Tina Robertson,Security Awareness for IT Support,100,2024-10-21 05:27:58.338000
Melanie Gomez,Data Visualization with Matplotlib,100,2024-10-21 05:27:58.338000
Melanie Gomez,Data Analysis for Business Decisions,100,2024-10-21 05:27:58.338000
Melanie Gomez,Data Analysis with Pandas,100,2024-10-21 05:27:58.338000
Melanie Gomez,Data Cleaning & Preprocessing,100,2024-10-21 05:27:58.338000
Melanie Gomez,Data Ethics,100,2024-10-21 05:27:58.338000
Melanie Gomez,Introduction to Game Development,100,2024-10-21 05:27:58.338000
Melanie Gomez,Change Management Strategies,100,2024-10-21 05:27:58.338000
Melanie Gomez,Express.js,100,2024-10-21 05:27:58.338000
Melanie Gomez,Podcasting Fundamentals,100,2024-10-21 05:27:58.338000
Melanie Gomez,Responsive Web Design,100,2024-10-21 05:27:58.338000
Melanie Gomez,Investing Fundamentals,100,2024-10-21 05:27:58.338000
Melanie Gomez,Presentation Skills for Business Analysts,100,2024-10-21 05:27:58.338000
Melanie Gomez,Presentation Skills for Sales,100,2024-10-21 05:27:58.338000
Melanie Gomez,Training and Development,100,2024-10-21 05:27:58.338000
Melanie Gomez,Remote Support Techniques,100,2024-10-21 05:27:58.338000
Leslie Warren,Data Analysis for Business Decisions,100,2024-10-21 05:27:58.338000
Leslie Warren,Data Cleaning & Preprocessing,100,2024-10-21 05:27:58.338000
Leslie Warren,Data Ethics,100,2024-10-21 05:27:58.338000
Leslie Warren,Data Visualization with Matplotlib,100,2024-10-21 05:27:58.338000
Leslie Warren,Data Analysis with Pandas,100,2024-10-21 05:27:58.338000
Leslie Warren,Security in Cloud Computing,100,2024-10-21 05:27:58.338000
Leslie Warren,Design Thinking Process,100,2024-10-21 05:27:58.338000
Leslie Warren,E-commerce Development Basics,100,2024-10-21 05:27:58.338000
Leslie Warren,SEO Best Practices,100,2024-10-21 05:27:58.338000
Leslie Warren,Computer Vision Basics,100,2024-10-21 05:27:58.338000
Ashley Ramirez,Data Cleaning & Preprocessing,100,2024-10-21 05:27:58.338000
Ashley Ramirez,Data Analysis with Pandas,100,2024-10-21 05:27:58.338000
Ashley Ramirez,Data Analysis for Business Decisions,100,2024-10-21 05:27:58.338000
Ashley Ramirez,Data Visualization with Matplotlib,100,2024-10-21 05:27:58.338000
Ashley Ramirez,Data Ethics,100,2024-10-21 05:27:58.338000
Ashley Ramirez,Decentralized Applications (DApps),100,2024-10-21 05:27:58.338000
Ashley Ramirez,Content Strategy Development,100,2024-10-21 05:27:58.338000
Ashley Ramirez,Wireframing and Prototyping,100,2024-10-21 05:27:58.338000
Ashley Ramirez,ITIL Foundations,100,2024-10-21 05:27:58.338000
Ashley Ramirez,Budgeting Basics,100,2024-10-21 05:27:58.338000
Ashley Ramirez,Natural Language Processing Techniques,100,2024-10-21 05:27:58.338000
Ashley Ramirez,Business Process Modeling,100,2024-10-21 05:27:58.338000
Ashley Ramirez,Content Marketing Strategies,100,2024-10-21 05:27:58.338000
Megan West,Data Visualization with Matplotlib,100,2024-10-21 05:27:58.338000
Megan West,Data Analysis with Pandas,100,2024-10-21 05:27:58.338000
Megan West,Data Analysis for Business Decisions,100,2024-10-21 05:27:58.338000
Megan West,Data Ethics,100,2024-10-21 05:27:58.338000
Megan West,Introduction to Content Creation,100,2024-10-21 05:27:58.338000
Megan West,Google Ads Fundamentals,100,2024-10-21 05:27:58.338000
Megan West,Publishing Mobile Apps,100,2024-10-21 05:27:58.338000
Megan West,Presentation Skills for Business Analysts,100,2024-10-21 05:27:58.338000
Megan West,MongoDB,100,2024-10-21 05:27:58.338000
Megan West,Visual Design Basics,100,2024-10-21 05:27:58.338000
Megan West,Introduction to IT Support,100,2024-10-21 05:27:58.338000
Megan West,Progressive Web Apps (PWAs),100,2024-10-21 05:27:58.338000
Megan West,Design Thinking Process,100,2024-10-21 05:27:58.338000
Sandra Miller,Data Visualization with Matplotlib,100,2024-10-21 05:27:58.338000
Sandra Miller,Data Analysis with Pandas,100,2024-10-21 05:27:58.338000
Sandra Miller,Data Analysis for Business Decisions,100,2024-10-21 05:27:58.338000
Sandra Miller,Data Ethics,100,2024-10-21 05:27:58.338000
Sandra Miller,Data Cleaning & Preprocessing,100,2024-10-21 05:27:58.338000
Sandra Miller,Time Management for Sales,100,2024-10-21 05:27:58.338000
Sandra Miller,Change Management,100,2024-10-21 05:27:58.338000
Sandra Miller,Vulnerability Assessment,100,2024-10-21 05:27:58.338000
Sandra Miller,Introduction to UI/UX Design,100,2024-10-21 05:27:58.338000
Sandra Miller,App Monetization Strategies,100,2024-10-21 05:27:58.338000
Sandra Miller,Design Thinking Process,100,2024-10-21 05:27:58.338000
Sandra Miller,Smart Contracts Development,100,2024-10-21 05:27:58.338000
Sandra Miller,Content Marketing Strategies,100,2024-10-21 05:27:58.338000
John Miller,Data Visualization with Matplotlib,100,2024-10-21 05:27:58.338000
John Miller,Data Ethics,100,2024-10-21 05:27:58.338000
John Miller,Data Analysis for Business Decisions,100,2024-10-21 05:27:58.338000
John Miller,Data Analysis with Pandas,100,2024-10-21 05:27:58.338000
John Miller,Data Cleaning & Preprocessing,100,2024-10-21 05:27:58.338000
John Miller,Smart Contracts Development,100,2024-10-21 05:27:58.338000
John Miller,Python for Data Science,100,2024-10-21 05:27:58.338000
John Miller,Node.js,100,2024-10-21 05:27:58.338000
John Miller,Business Process Modeling,100,2024-10-21 05:27:58.338000
John Miller,Introduction to Content Creation,100,2024-10-21 05:27:58.338000
John Miller,Content Marketing Strategies,100,2024-10-21 05:27:58.338000
Robert Lane,Data Cleaning & Preprocessing,100,2024-10-21 05:27:58.339000
Robert Lane,Data Analysis for Business Decisions,100,2024-10-21 05:27:58.339000
Robert Lane,Data Analysis with Pandas,100,2024-10-21 05:27:58.339000
Robert Lane,Data Ethics,100,2024-10-21 05:27:58.339000
Robert Lane,Data Visualization with Matplotlib,100,2024-10-21 05:27:58.339000
Robert Lane,Presentation Skills for Business Analysts,100,2024-10-21 05:27:58.339000
Robert Lane,Communication Skills for Project Managers,100,2024-10-21 05:27:58.339000
Robert Lane,Version Control with Git,100,2024-10-21 05:27:58.339000
Robert Lane,MongoDB,100,2024-10-21 05:27:58.339000
Robert Lane,API Development,100,2024-10-21 05:27:58.339000
Robert Lane,Stakeholder Analysis,100,2024-10-21 05:27:58.339000
Roger Brown,Data Cleaning & Preprocessing,100,2024-10-21 05:27:58.339000
Roger Brown,Data Visualization with Matplotlib,100,2024-10-21 05:27:58.339000
Roger Brown,Data Ethics,100,2024-10-21 05:27:58.339000
Roger Brown,Data Analysis with Pandas,100,2024-10-21 05:27:58.339000
Roger Brown,Project Management Basics,100,2024-10-21 05:27:58.339000
Roger Brown,Blockchain Use Cases,100,2024-10-21 05:27:58.339000
Roger Brown,Penetration Testing,100,2024-10-21 05:27:58.339000
Roger Brown,Performance Management Systems,100,2024-10-21 05:27:58.339000
Roger Brown,Publishing Mobile Apps,100,2024-10-21 05:27:58.339000
Roger Brown,Building Customer Relationships,100,2024-10-21 05:27:58.339000
Bailey Butler,Data Ethics,100,2024-10-21 05:27:58.339000
Bailey Butler,Data Analysis with Pandas,100,2024-10-21 05:27:58.339000
Bailey Butler,Data Analysis for Business Decisions,100,2024-10-21 05:27:58.339000
Bailey Butler,Data Visualization with Matplotlib,100,2024-10-21 05:27:58.339000
Bailey Butler,Computer Vision Basics,100,2024-10-21 05:27:58.339000
Bailey Butler,Financial Reporting Standards,100,2024-10-21 05:27:58.339000
Bailey Butler,Training and Development,100,2024-10-21 05:27:58.339000
Bailey Butler,Risk Management in Cybersecurity,100,2024-10-21 05:27:58.339000
Bailey Butler,Understanding Consumer Behavior,100,2024-10-21 05:27:58.339000
Bailey Butler,Game Design Principles,100,2024-10-21 05:27:58.339000
Earl Griffith,Data Cleaning & Preprocessing,100,2024-10-21 05:27:58.339000
Earl Griffith,Data Analysis with Pandas,100,2024-10-21 05:27:58.339000
Earl Griffith,Data Visualization with Matplotlib,100,2024-10-21 05:27:58.339000
Earl Griffith,Data Ethics,100,2024-10-21 05:27:58.339000
Earl Griffith,Data Analysis for Business Decisions,100,2024-10-21 05:27:58.339000
Earl Griffith,Reinforcement Learning,100,2024-10-21 05:27:58.339000
Earl Griffith,Video Production Basics,100,2024-10-21 05:27:58.339000
Earl Griffith,API Development,100,2024-10-21 05:27:58.339000
Earl Griffith,Backend Development Fundamentals,100,2024-10-21 05:27:58.339000
Earl Griffith,Understanding Consumer Behavior,100,2024-10-21 05:27:58.339000
Kevin Payne,Data Analysis for Business Decisions,100,2024-10-21 05:27:58.339000
Kevin Payne,Data Cleaning & Preprocessing,100,2024-10-21 05:27:58.339000
Kevin Payne,Data Visualization with Matplotlib,100,2024-10-21 05:27:58.339000
Kevin Payne,Data Ethics,100,2024-10-21 05:27:58.339000
Kevin Payne,Data Analysis with Pandas,100,2024-10-21 05:27:58.339000
Kevin Payne,Content Strategy Development,100,2024-10-21 05:27:58.339000
Kevin Payne,Wireframing and Prototyping,100,2024-10-21 05:27:58.339000
Kevin Payne,Budgeting Basics,100,2024-10-21 05:27:58.339000
Kevin Payne,Cloud Cost Management,100,2024-10-21 05:27:58.339000
Kevin Payne,AI in Robotics,100,2024-10-21 05:27:58.339000
Kevin Payne,Change Management,100,2024-10-21 05:27:58.339000
Adam Oconnor MD,Data Analysis for Business Decisions,100,2024-10-21 05:27:58.339000
Adam Oconnor MD,Data Ethics,100,2024-10-21 05:27:58.339000
Adam Oconnor MD,Data Cleaning & Preprocessing,100,2024-10-21 05:27:58.339000
Adam Oconnor MD,Data Analysis with Pandas,100,2024-10-21 05:27:58.339000
Adam Oconnor MD,Data Visualization with Matplotlib,100,2024-10-21 05:27:58.339000
Adam Oconnor MD,Sales Fundamentals,100,2024-10-21 05:27:58.339000
Adam Oconnor MD,Labor Laws and Compliance,100,2024-10-21 05:27:58.339000
Adam Oconnor MD,Version Control with Git,100,2024-10-21 05:27:58.339000
Adam Oconnor MD,Conversion Rate Optimization,100,2024-10-21 05:27:58.339000
Adam Oconnor MD,Natural Language Processing,100,2024-10-21 05:27:58.339000
Adam Oconnor MD,Risk Management in Finance,100,2024-10-21 05:27:58.339000
Adam Oconnor MD,JavaScript Frameworks Overview,100,2024-10-21 05:27:58.339000
Adam Oconnor MD,Deployment of ML Models,100,2024-10-21 05:27:58.339000
Adam Oconnor MD,Email Marketing Basics,100,2024-10-21 05:27:58.339000
Adam Oconnor MD,Introduction to AI,100,2024-10-21 05:27:58.339000
Jonathan Henry,Data Cleaning & Preprocessing,100,2024-10-21 05:27:58.339000
Jonathan Henry,Data Analysis with Pandas,100,2024-10-21 05:27:58.339000
Jonathan Henry,Data Ethics,100,2024-10-21 05:27:58.339000
Jonathan Henry,Data Analysis for Business Decisions,100,2024-10-21 05:27:58.339000
Jonathan Henry,Data Visualization with Matplotlib,100,2024-10-21 05:27:58.339000
Jonathan Henry,Security in Cloud Computing,100,2024-10-21 05:27:58.339000
Jonathan Henry,Business Case Development,100,2024-10-21 05:27:58.339000
Jonathan Henry,Remote Support Techniques,100,2024-10-21 05:27:58.339000
Jonathan Henry,Networking Basics,100,2024-10-21 05:27:58.339000
Jonathan Henry,Customer Service Skills for IT,100,2024-10-21 05:27:58.339000
Charles Singleton,Data Analysis for Business Decisions,100,2024-10-21 05:27:58.339000
Charles Singleton,Data Ethics,100,2024-10-21 05:27:58.339000
Charles Singleton,Data Cleaning & Preprocessing,100,2024-10-21 05:27:58.339000
Charles Singleton,Data Analysis with Pandas,100,2024-10-21 05:27:58.339000
Charles Singleton,Data Visualization with Matplotlib,100,2024-10-21 05:27:58.339000
Charles Singleton,React,100,2024-10-21 05:27:58.339000
Charles Singleton,Unreal Engine Basics,100,2024-10-21 05:27:58.339000
Charles Singleton,Troubleshooting Techniques,100,2024-10-21 05:27:58.339000
Charles Singleton,Presentation Skills for Business Analysts,100,2024-10-21 05:27:58.339000
Charles Singleton,Financial Analysis Techniques,100,2024-10-21 05:27:58.339000
Charles Singleton,JavaScript Frameworks Overview,100,2024-10-21 05:27:58.339000
Charles Singleton,Containerization with Docker,100,2024-10-21 05:27:58.339000
Charles Singleton,Consensus Algorithms,100,2024-10-21 05:27:58.339000
Charles Singleton,Risk Management in Finance,100,2024-10-21 05:27:58.339000
Charles Singleton,Training and Development,100,2024-10-21 05:27:58.339000
Philip Small,Data Analysis for Business Decisions,100,2024-10-21 05:27:58.339000
Philip Small,Data Ethics,100,2024-10-21 05:27:58.339000
Philip Small,Data Analysis with Pandas,100,2024-10-21 05:27:58.339000
Philip Small,Data Visualization with Matplotlib,100,2024-10-21 05:27:58.339000
Philip Small,Troubleshooting Techniques,100,2024-10-21 05:27:58.339000
Philip Small,Mobile Testing Strategies,100,2024-10-21 05:27:58.339000
Philip Small,Ethical Hacking Basics,100,2024-10-21 05:27:58.339000
Philip Small,Influencer Marketing,100,2024-10-21 05:27:58.339000
Philip Small,Supervised Learning,100,2024-10-21 05:27:58.339000
Philip Small,Unsupervised Learning,100,2024-10-21 05:27:58.339000
Philip Small,Wireframing and Prototyping,100,2024-10-21 05:27:58.339000
Philip Small,AI in IoT,100,2024-10-21 05:27:58.339000
Philip Small,Web Accessibility Standards,100,2024-10-21 05:27:58.339000
Peter Parker,Data Ethics,100,2024-10-21 05:27:58.339000
Peter Parker,Data Analysis for Business Decisions,100,2024-10-21 05:27:58.339000
Peter Parker,Data Analysis with Pandas,100,2024-10-21 05:27:58.339000
Peter Parker,Data Cleaning & Preprocessing,100,2024-10-21 05:27:58.339000
Peter Parker,Data Visualization with Matplotlib,100,2024-10-21 05:27:58.339000
Peter Parker,React,100,2024-10-21 05:27:58.339000
Peter Parker,Introduction to Cloud Computing,100,2024-10-21 05:27:58.339000
Peter Parker,Graphic Design Basics for Content,100,2024-10-21 05:27:58.339000
Peter Parker,3D Game Development,100,2024-10-21 05:27:58.339000
Peter Parker,Financial Planning and Forecasting,100,2024-10-21 05:27:58.339000
Peter Parker,Progressive Web Apps (PWAs),100,2024-10-21 05:27:58.339000
Joanne Shelton,Data Analysis for Business Decisions,100,2024-10-21 05:27:58.339000
Joanne Shelton,Data Cleaning & Preprocessing,100,2024-10-21 05:27:58.339000
Joanne Shelton,Data Ethics,100,2024-10-21 05:27:58.339000
Joanne Shelton,Data Visualization with Matplotlib,100,2024-10-21 05:27:58.339000
Joanne Shelton,Introduction to Cloud Computing,100,2024-10-21 05:27:58.339000
Joanne Shelton,Cryptography Basics,100,2024-10-21 05:27:58.339000
Joanne Shelton,Python for Data Science,100,2024-10-21 05:27:58.339000
Joanne Shelton,Operating Systems Overview,100,2024-10-21 05:27:58.339000
Joanne Shelton,Tokenomics,100,2024-10-21 05:27:58.339000
Joanne Shelton,Introduction to Machine Learning,100,2024-10-21 05:27:58.339000
Joanne Shelton,Microservices in Cloud,100,2024-10-21 05:27:58.339000
Joanne Shelton,Configuration Management with Ansible,100,2024-10-21 05:27:58.339000
Joanne Shelton,Blockchain Use Cases,100,2024-10-21 05:27:58.339000
Joanne Shelton,Deep Learning with TensorFlow,100,2024-10-21 05:27:58.339000
Joanne Shelton,Decentralized Applications (DApps),100,2024-10-21 05:27:58.339000
Shannon Freeman,Data Cleaning & Preprocessing,100,2024-10-21 05:27:58.339000
Shannon Freeman,Data Visualization with Matplotlib,100,2024-10-21 05:27:58.339000
Shannon Freeman,Data Analysis for Business Decisions,100,2024-10-21 05:27:58.339000
Shannon Freeman,Data Ethics,100,2024-10-21 05:27:58.339000
Shannon Freeman,Data Analysis with Pandas,100,2024-10-21 05:27:58.339000
Shannon Freeman,Frontend Development Basics,100,2024-10-21 05:27:58.339000
Shannon Freeman,AI for Business,100,2024-10-21 05:27:58.339000
Shannon Freeman,Natural Language Processing Techniques,100,2024-10-21 05:27:58.339000
Shannon Freeman,Introduction to DevOps,100,2024-10-21 05:27:58.339000
Shannon Freeman,Ethics in AI,100,2024-10-21 05:27:58.339000
Shannon Freeman,Introduction to Business Analysis,100,2024-10-21 05:27:58.339000
Shannon Freeman,Design Thinking Process,100,2024-10-21 05:27:58.339000
Shannon Freeman,Game Testing Techniques,100,2024-10-21 05:27:58.339000
Shannon Freeman,Ethical Hacking Basics,100,2024-10-21 05:27:58.339000
Shannon Freeman,Project Management Basics,100,2024-10-21 05:27:58.339000
Melody Mason,Data Cleaning & Preprocessing,100,2024-10-21 05:27:58.339000
Melody Mason,Data Visualization with Matplotlib,100,2024-10-21 05:27:58.339000
Melody Mason,Data Ethics,100,2024-10-21 05:27:58.339000
Melody Mason,Data Analysis for Business Decisions,100,2024-10-21 05:27:58.339000
Melody Mason,Data Analysis with Pandas,100,2024-10-21 05:27:58.339000
Melody Mason,SEO Best Practices,100,2024-10-21 05:27:58.339000
Melody Mason,Diversity and Inclusion Initiatives,100,2024-10-21 05:27:58.339000
Melody Mason,Remote Support Techniques,100,2024-10-21 05:27:58.339000
Melody Mason,Ethereum Development,100,2024-10-21 05:27:58.339000
Melody Mason,Graphic Design Basics for Content,100,2024-10-21 05:27:58.339000
Melody Mason,Risk Management in Projects,100,2024-10-21 05:27:58.339000
Melody Mason,Blockchain Use Cases,100,2024-10-21 05:27:58.340000
Melody Mason,Requirements Gathering Techniques,100,2024-10-21 05:27:58.340000
Melody Mason,Understanding Financial Markets,100,2024-10-21 05:27:58.340000
Melody Mason,Node.js,100,2024-10-21 05:27:58.340000
Valerie Dunlap,Data Analysis for Business Decisions,100,2024-10-21 05:27:58.340000
Valerie Dunlap,Data Analysis with Pandas,100,2024-10-21 05:27:58.340000
Valerie Dunlap,Data Ethics,100,2024-10-21 05:27:58.340000
Valerie Dunlap,Data Cleaning & Preprocessing,100,2024-10-21 05:27:58.340000
Valerie Dunlap,Data Visualization with Matplotlib,100,2024-10-21 05:27:58.340000
Valerie Dunlap,Speech Recognition Technologies,100,2024-10-21 05:27:58.340000
Valerie Dunlap,3D Game Development,100,2024-10-21 05:27:58.340000
Valerie Dunlap,Introduction to Human Resources,100,2024-10-21 05:27:58.340000
Valerie Dunlap,React,100,2024-10-21 05:27:58.340000
Valerie Dunlap,Customer Service Skills for IT,100,2024-10-21 05:27:58.340000
Valerie Dunlap,Machine Learning Basics,100,2024-10-21 05:27:58.340000
Valerie Dunlap,Conflict Resolution in HR,100,2024-10-21 05:27:58.340000
Valerie Dunlap,Risk Analysis and Management,100,2024-10-21 05:27:58.340000
Valerie Dunlap,Financial Planning and Forecasting,100,2024-10-21 05:27:58.340000
Jordan Smith,Data Ethics,100,2024-10-21 05:27:58.340000
Jordan Smith,Data Analysis for Business Decisions,100,2024-10-21 05:27:58.340000
Jordan Smith,Data Visualization with Matplotlib,100,2024-10-21 05:27:58.340000
Jordan Smith,Data Analysis with Pandas,100,2024-10-21 05:27:58.340000
Jordan Smith,Data Cleaning & Preprocessing,100,2024-10-21 05:27:58.340000
Jordan Smith,Web Performance Optimization,100,2024-10-21 05:27:58.340000
Jordan Smith,Usability Testing,100,2024-10-21 05:27:58.340000
Jordan Smith,Introduction to Machine Learning,100,2024-10-21 05:27:58.340000
Jordan Smith,Editing and Proofreading Techniques,100,2024-10-21 05:27:58.340000
Jordan Smith,SEO for Content Creators,100,2024-10-21 05:27:58.340000
Jordan Smith,Computer Vision Applications,100,2024-10-21 05:27:58.340000
Jordan Smith,Employee Engagement Techniques,100,2024-10-21 05:27:58.340000
Jordan Smith,Training and Development,100,2024-10-21 05:27:58.340000
Jordan Smith,Model Evaluation,100,2024-10-21 05:27:58.340000
Jordan Smith,Containerization with Docker,100,2024-10-21 05:27:58.340000
Kenneth Brown DDS,Data Ethics,100,2024-10-21 05:27:58.340000
Kenneth Brown DDS,Data Visualization with Matplotlib,100,2024-10-21 05:27:58.340000
Kenneth Brown DDS,Data Cleaning & Preprocessing,100,2024-10-21 05:27:58.340000
Kenneth Brown DDS,Data Analysis for Business Decisions,100,2024-10-21 05:27:58.340000
Kenneth Brown DDS,Data Analysis with Pandas,100,2024-10-21 05:27:58.340000
Kenneth Brown DDS,Monitoring and Logging,100,2024-10-21 05:27:58.340000
Kenneth Brown DDS,Computer Vision Applications,100,2024-10-21 05:27:58.340000
Kenneth Brown DDS,Usability Testing,100,2024-10-21 05:27:58.340000
Kenneth Brown DDS,Stakeholder Analysis,100,2024-10-21 05:27:58.340000
Kenneth Brown DDS,Security in Cloud Computing,100,2024-10-21 05:27:58.340000
Kenneth Brown DDS,Introduction to Blockchain,100,2024-10-21 05:27:58.340000
Jacob Stark,Data Analysis for Business Decisions,100,2024-10-21 05:27:58.340000
Jacob Stark,Data Cleaning & Preprocessing,100,2024-10-21 05:27:58.340000
Jacob Stark,Data Analysis with Pandas,100,2024-10-21 05:27:58.340000
Jacob Stark,Data Ethics,100,2024-10-21 05:27:58.340000
Jacob Stark,Data Visualization with Matplotlib,100,2024-10-21 05:27:58.340000
Jacob Stark,Influencer Marketing,100,2024-10-21 05:27:58.340000
Jacob Stark,Incident Response,100,2024-10-21 05:27:58.340000
Jacob Stark,Project Management Basics,100,2024-10-21 05:27:58.340000
Jacob Stark,SWOT Analysis for Business,100,2024-10-21 05:27:58.340000
Jacob Stark,Containerization with Docker,100,2024-10-21 05:27:58.340000
Jacob Stark,Introduction to IT Support,100,2024-10-21 05:27:58.340000
Jacob Stark,Content Marketing Strategies,100,2024-10-21 05:27:58.340000
Jacob Stark,Performance Management Systems,100,2024-10-21 05:27:58.340000
Edward Kaiser,Data Ethics,100,2024-10-21 05:27:58.340000
Edward Kaiser,Data Analysis with Pandas,100,2024-10-21 05:27:58.340000
Edward Kaiser,Data Cleaning & Preprocessing,100,2024-10-21 05:27:58.340000
Edward Kaiser,Data Analysis for Business Decisions,100,2024-10-21 05:27:58.340000
Edward Kaiser,Data Visualization with Matplotlib,100,2024-10-21 05:27:58.340000
Edward Kaiser,Containerization with Docker,100,2024-10-21 05:27:58.340000
Edward Kaiser,Usability Testing,100,2024-10-21 05:27:58.340000
Edward Kaiser,Video Production Basics,100,2024-10-21 05:27:58.340000
Edward Kaiser,Container Orchestration with Kubernetes,100,2024-10-21 05:27:58.340000
Edward Kaiser,Risk Management in Cybersecurity,100,2024-10-21 05:27:58.340000
Edward Kaiser,Investing Fundamentals,100,2024-10-21 05:27:58.340000
Edward Kaiser,Cryptography Basics,100,2024-10-21 05:27:58.340000
Edward Kaiser,Customer Service Excellence,100,2024-10-21 05:27:58.340000
Shannon Ramos,Data Visualization with Matplotlib,100,2024-10-21 05:27:58.340000
Shannon Ramos,Data Cleaning & Preprocessing,100,2024-10-21 05:27:58.340000
Shannon Ramos,Data Analysis with Pandas,100,2024-10-21 05:27:58.340000
Shannon Ramos,Data Analysis for Business Decisions,100,2024-10-21 05:27:58.340000
Shannon Ramos,Data Ethics,100,2024-10-21 05:27:58.340000
Shannon Ramos,Agile Methodologies,100,2024-10-21 05:27:58.340000
Shannon Ramos,Cross-Platform Development with Flutter,100,2024-10-21 05:27:58.340000
Shannon Ramos,Introduction to Blockchain,100,2024-10-21 05:27:58.340000
Shannon Ramos,Content Management Systems (CMS),100,2024-10-21 05:27:58.340000
Shannon Ramos,Model Evaluation,100,2024-10-21 05:27:58.340000
Shannon Ramos,Automating Cloud Deployments,100,2024-10-21 05:27:58.340000
Shannon Ramos,Stakeholder Management,100,2024-10-21 05:27:58.340000
Phillip Mahoney,Data Cleaning & Preprocessing,100,2024-10-21 05:27:58.340000
Phillip Mahoney,Data Analysis for Business Decisions,100,2024-10-21 05:27:58.340000
Phillip Mahoney,Data Analysis with Pandas,100,2024-10-21 05:27:58.340000
Phillip Mahoney,Data Ethics,100,2024-10-21 05:27:58.340000
Phillip Mahoney,Data Visualization with Matplotlib,100,2024-10-21 05:27:58.340000
Phillip Mahoney,Google Cloud Platform Essentials,100,2024-10-21 05:27:58.340000
Phillip Mahoney,Responsive Web Design,100,2024-10-21 05:27:58.340000
Phillip Mahoney,Predictive Analytics,100,2024-10-21 05:27:58.340000
Phillip Mahoney,Social Media Marketing,100,2024-10-21 05:27:58.340000
Phillip Mahoney,Closing Sales Strategies,100,2024-10-21 05:27:58.340000
Angela Richmond,Data Cleaning & Preprocessing,100,2024-10-21 05:27:58.340000
Angela Richmond,Data Visualization with Matplotlib,100,2024-10-21 05:27:58.340000
Angela Richmond,Data Analysis for Business Decisions,100,2024-10-21 05:27:58.340000
Angela Richmond,Data Analysis with Pandas,100,2024-10-21 05:27:58.340000
Angela Richmond,Data Ethics,100,2024-10-21 05:27:58.340000
Angela Richmond,Python for Data Science,100,2024-10-21 05:27:58.340000
Angela Richmond,HTML & CSS,100,2024-10-21 05:27:58.340000
Angela Richmond,Conflict Resolution in HR,100,2024-10-21 05:27:58.340000
Angela Richmond,Time Series Analysis,100,2024-10-21 05:27:58.340000
Angela Richmond,Deployment of ML Models,100,2024-10-21 05:27:58.340000
Angela Richmond,Content Strategy Development,100,2024-10-21 05:27:58.340000
Angela Richmond,Communication Skills for Project Managers,100,2024-10-21 05:27:58.340000
Angela Richmond,Wireframing and Prototyping,100,2024-10-21 05:27:58.340000
Angela Richmond,JavaScript Basics,100,2024-10-21 05:27:58.340000
Angela Richmond,Configuration Management with Ansible,100,2024-10-21 05:27:58.340000
Anthony Donaldson,Data Ethics,100,2024-10-21 05:27:58.340000
Anthony Donaldson,Data Cleaning & Preprocessing,100,2024-10-21 05:27:58.340000
Anthony Donaldson,Data Analysis with Pandas,100,2024-10-21 05:27:58.340000
Anthony Donaldson,Data Visualization with Matplotlib,100,2024-10-21 05:27:58.340000
Anthony Donaldson,Data Analysis for Business Decisions,100,2024-10-21 05:27:58.340000
Anthony Donaldson,Game Testing Techniques,100,2024-10-21 05:27:58.340000
Anthony Donaldson,Business Case Development,100,2024-10-21 05:27:58.340000
Anthony Donaldson,Introduction to AI,100,2024-10-21 05:27:58.340000
Anthony Donaldson,Change Management Strategies,100,2024-10-21 05:27:58.340000
Anthony Donaldson,Negotiation Techniques,100,2024-10-21 05:27:58.340000
Anthony Donaldson,RESTful Services,100,2024-10-21 05:27:58.340000
Anthony Donaldson,Android Development Basics,100,2024-10-21 05:27:58.340000
Anthony Donaldson,Natural Language Processing Techniques,100,2024-10-21 05:27:58.340000
Brian Choi PhD,Data Cleaning & Preprocessing,100,2024-10-21 05:27:58.340000
Brian Choi PhD,Data Analysis for Business Decisions,100,2024-10-21 05:27:58.340000
Brian Choi PhD,Data Analysis with Pandas,100,2024-10-21 05:27:58.340000
Brian Choi PhD,Data Visualization with Matplotlib,100,2024-10-21 05:27:58.340000
Brian Choi PhD,Data Ethics,100,2024-10-21 05:27:58.340000
Brian Choi PhD,Risk Analysis and Management,100,2024-10-21 05:27:58.340000
Brian Choi PhD,Risk Management in Cybersecurity,100,2024-10-21 05:27:58.340000
Brian Choi PhD,Employee Engagement Techniques,100,2024-10-21 05:27:58.340000
Brian Choi PhD,Incident Response,100,2024-10-21 05:27:58.340000
Brian Choi PhD,Computer Vision Applications,100,2024-10-21 05:27:58.340000
Brian Choi PhD,Sales Analytics,100,2024-10-21 05:27:58.340000
Brian Choi PhD,Conflict Resolution in HR,100,2024-10-21 05:27:58.340000
Brian Choi PhD,Introduction to IT Support,100,2024-10-21 05:27:58.340000
Brian Choi PhD,Design Tools Overview,100,2024-10-21 05:27:58.340000
Jose Burgess,Data Visualization with Matplotlib,100,2024-10-21 05:27:58.340000
Jose Burgess,Data Analysis for Business Decisions,100,2024-10-21 05:27:58.340000
Jose Burgess,Data Analysis with Pandas,100,2024-10-21 05:27:58.340000
Jose Burgess,Data Ethics,100,2024-10-21 05:27:58.340000
Jose Burgess,Data Cleaning & Preprocessing,100,2024-10-21 05:27:58.340000
Jose Burgess,AI in IoT,100,2024-10-21 05:27:58.340000
Jose Burgess,Content Management Systems (CMS),100,2024-10-21 05:27:58.340000
Jose Burgess,Consensus Algorithms,100,2024-10-21 05:27:58.340000
Jose Burgess,Game Monetization Strategies,100,2024-10-21 05:27:58.340000
Jose Burgess,SWOT Analysis for Business,100,2024-10-21 05:27:58.340000
Jonathan Mccarthy,Data Visualization with Matplotlib,100,2024-10-21 05:27:58.340000
Jonathan Mccarthy,Data Analysis with Pandas,100,2024-10-21 05:27:58.340000
Jonathan Mccarthy,Data Analysis for Business Decisions,100,2024-10-21 05:27:58.340000
Jonathan Mccarthy,Data Cleaning & Preprocessing,100,2024-10-21 05:27:58.340000
Jonathan Mccarthy,Data Ethics,100,2024-10-21 05:27:58.340000
Jonathan Mccarthy,Node.js,100,2024-10-21 05:27:58.340000
Jonathan Mccarthy,Monitoring and Logging,100,2024-10-21 05:27:58.340000
Jonathan Mccarthy,Labor Laws and Compliance,100,2024-10-21 05:27:58.340000
Jonathan Mccarthy,Financial Analysis Techniques,100,2024-10-21 05:27:58.340000
Jonathan Mccarthy,Serverless Architecture,100,2024-10-21 05:27:58.340000
Jonathan Mccarthy,Presentation Skills for Sales,100,2024-10-21 05:27:58.340000
Jonathan Mccarthy,iOS Development Basics,100,2024-10-21 05:27:58.340000
Jonathan Mccarthy,HTML & CSS,100,2024-10-21 05:27:58.340000
Connor Owens,Data Ethics,100,2024-10-21 05:27:58.341000
Connor Owens,Data Analysis with Pandas,100,2024-10-21 05:27:58.341000
Connor Owens,Data Analysis for Business Decisions,100,2024-10-21 05:27:58.341000
Connor Owens,Data Visualization with Matplotlib,100,2024-10-21 05:27:58.341000
Connor Owens,Data Cleaning & Preprocessing,100,2024-10-21 05:27:58.341000
Connor Owens,API Development,100,2024-10-21 05:27:58.341000
Connor Owens,Time Series Analysis,100,2024-10-21 05:27:58.341000
Connor Owens,Labor Laws and Compliance,100,2024-10-21 05:27:58.341000
Connor Owens,Blockchain Use Cases,100,2024-10-21 05:27:58.341000
Connor Owens,Game Monetization Strategies,100,2024-10-21 05:27:58.341000
Connor Owens,Brand Management Online,100,2024-10-21 05:27:58.341000
Timothy Lee,Data Cleaning & Preprocessing,100,2024-10-21 05:27:58.341000
Timothy Lee,Data Analysis with Pandas,100,2024-10-21 05:27:58.341000
Timothy Lee,Data Analysis for Business Decisions,100,2024-10-21 05:27:58.341000
Timothy Lee,Data Visualization with Matplotlib,100,2024-10-21 05:27:58.341000
Timothy Lee,Predictive Analytics,100,2024-10-21 05:27:58.341000
Timothy Lee,Talent Acquisition Strategies,100,2024-10-21 05:27:58.341000
Timothy Lee,Ethereum Development,100,2024-10-21 05:27:58.341000
Timothy Lee,SWOT Analysis for Business,100,2024-10-21 05:27:58.341000
Timothy Lee,Understanding Consumer Behavior,100,2024-10-21 05:27:58.341000
Timothy Lee,Content Marketing Strategies,100,2024-10-21 05:27:58.341000
Holly Gonzalez,Data Ethics,100,2024-10-21 05:27:58.341000
Holly Gonzalez,Data Analysis for Business Decisions,100,2024-10-21 05:27:58.341000
Holly Gonzalez,Data Analysis with Pandas,100,2024-10-21 05:27:58.341000
Holly Gonzalez,Data Cleaning & Preprocessing,100,2024-10-21 05:27:58.341000
Holly Gonzalez,Data Visualization with Matplotlib,100,2024-10-21 05:27:58.341000
Holly Gonzalez,Supervised Learning,100,2024-10-21 05:27:58.341000
Holly Gonzalez,Training and Development,100,2024-10-21 05:27:58.341000
Holly Gonzalez,Communication Skills for Project Managers,100,2024-10-21 05:27:58.341000
Holly Gonzalez,Operating Systems Overview,100,2024-10-21 05:27:58.341000
Holly Gonzalez,Azure Basics,100,2024-10-21 05:27:58.341000
Holly Gonzalez,Content Promotion Strategies,100,2024-10-21 05:27:58.341000
Holly Gonzalez,Influencer Marketing,100,2024-10-21 05:27:58.341000
Tiffany Morris,Data Ethics,100,2024-10-21 05:27:58.341000
Tiffany Morris,Data Analysis for Business Decisions,100,2024-10-21 05:27:58.341000
Tiffany Morris,Data Cleaning & Preprocessing,100,2024-10-21 05:27:58.341000
Tiffany Morris,Data Analysis with Pandas,100,2024-10-21 05:27:58.341000
Tiffany Morris,Data Visualization with Matplotlib,100,2024-10-21 05:27:58.341000
Tiffany Morris,Presentation Skills for Business Analysts,100,2024-10-21 05:27:58.341000
Tiffany Morris,Virtual Reality Development,100,2024-10-21 05:27:58.341000
Tiffany Morris,SEO for Content Creators,100,2024-10-21 05:27:58.341000
Tiffany Morris,Smart Contracts Development,100,2024-10-21 05:27:58.341000
Tiffany Morris,Time Series Analysis,100,2024-10-21 05:27:58.341000
Tiffany Morris,Video Production Basics,100,2024-10-21 05:27:58.341000
Tiffany Morris,Social Media Marketing,100,2024-10-21 05:27:58.341000
Tiffany Morris,Diversity and Inclusion Initiatives,100,2024-10-21 05:27:58.341000
Tiffany Morris,Web Performance Optimization,100,2024-10-21 05:27:58.341000
Tiffany Morris,DevOps in the Cloud,100,2024-10-21 05:27:58.341000
Nancy Nelson,Data Ethics,100,2024-10-21 05:27:58.341000
Nancy Nelson,Data Cleaning & Preprocessing,100,2024-10-21 05:27:58.341000
Nancy Nelson,Data Analysis for Business Decisions,100,2024-10-21 05:27:58.341000
Nancy Nelson,Data Visualization with Matplotlib,100,2024-10-21 05:27:58.341000
Nancy Nelson,Data Analysis with Pandas,100,2024-10-21 05:27:58.341000
Nancy Nelson,Containerization with Docker,100,2024-10-21 05:27:58.341000
Nancy Nelson,Performance Management Systems,100,2024-10-21 05:27:58.341000
Nancy Nelson,Graphic Design Basics for Content,100,2024-10-21 05:27:58.341000
Nancy Nelson,Network Security Fundamentals,100,2024-10-21 05:27:58.341000
Nancy Nelson,API Integration in Mobile Apps,100,2024-10-21 05:27:58.341000
Nancy Nelson,Troubleshooting Techniques,100,2024-10-21 05:27:58.341000
Nancy Nelson,Tokenomics,100,2024-10-21 05:27:58.341000
Nancy Nelson,Agile Methodologies,100,2024-10-21 05:27:58.341000
Tiffany Hall,Data Cleaning & Preprocessing,100,2024-10-21 05:27:58.341000
Tiffany Hall,Data Visualization with Matplotlib,100,2024-10-21 05:27:58.341000
Tiffany Hall,Data Ethics,100,2024-10-21 05:27:58.341000
Tiffany Hall,Data Analysis for Business Decisions,100,2024-10-21 05:27:58.341000
Tiffany Hall,Data Analysis with Pandas,100,2024-10-21 05:27:58.341000
Tiffany Hall,SWOT Analysis for Business,100,2024-10-21 05:27:58.341000
Tiffany Hall,Blockchain Security,100,2024-10-21 05:27:58.341000
Tiffany Hall,3D Game Development,100,2024-10-21 05:27:58.341000
Tiffany Hall,Mobile App Security,100,2024-10-21 05:27:58.341000
Tiffany Hall,React,100,2024-10-21 05:27:58.341000
Tiffany Hall,Configuration Management with Ansible,100,2024-10-21 05:27:58.341000
Tiffany Hall,Stakeholder Analysis,100,2024-10-21 05:27:58.341000
Tiffany Hall,Node.js,100,2024-10-21 05:27:58.341000
Tiffany Hall,Blockchain Use Cases,100,2024-10-21 05:27:58.341000
Tiffany Hall,AI in IoT,100,2024-10-21 05:27:58.341000
Nicholas Campbell,Data Analysis with Pandas,100,2024-10-21 05:27:58.341000
Nicholas Campbell,Data Analysis for Business Decisions,100,2024-10-21 05:27:58.341000
Nicholas Campbell,Data Ethics,100,2024-10-21 05:27:58.341000
Nicholas Campbell,Data Cleaning & Preprocessing,100,2024-10-21 05:27:58.341000
Nicholas Campbell,Data Visualization with Matplotlib,100,2024-10-21 05:27:58.341000
Nicholas Campbell,Business Process Modeling,100,2024-10-21 05:27:58.341000
Nicholas Campbell,Networking Basics,100,2024-10-21 05:27:58.341000
Nicholas Campbell,Security in Cloud Computing,100,2024-10-21 05:27:58.341000
Nicholas Campbell,Deployment of ML Models,100,2024-10-21 05:27:58.341000
Nicholas Campbell,Blockchain Security,100,2024-10-21 05:27:58.341000
Nicholas Campbell,Unity Basics,100,2024-10-21 05:27:58.341000
Nicholas Campbell,Time Management for Sales,100,2024-10-21 05:27:58.341000
Angela Chapman,Data Analysis with Pandas,100,2024-10-21 05:27:58.341000
Angela Chapman,Data Analysis for Business Decisions,100,2024-10-21 05:27:58.341000
Angela Chapman,Data Cleaning & Preprocessing,100,2024-10-21 05:27:58.341000
Angela Chapman,Data Visualization with Matplotlib,100,2024-10-21 05:27:58.341000
Angela Chapman,Data Ethics,100,2024-10-21 05:27:58.341000
Angela Chapman,Performance Optimization for Mobile Apps,100,2024-10-21 05:27:58.341000
Angela Chapman,Project Management Tools Overview,100,2024-10-21 05:27:58.341000
Angela Chapman,Node.js,100,2024-10-21 05:27:58.341000
Angela Chapman,Content Management Systems (CMS),100,2024-10-21 05:27:58.341000
Angela Chapman,Tokenomics,100,2024-10-21 05:27:58.341000
Angela Chapman,Network Security Fundamentals,100,2024-10-21 05:27:58.341000
Angela Chapman,Containerization with Docker,100,2024-10-21 05:27:58.341000
Michael Martin,Data Cleaning & Preprocessing,100,2024-10-21 05:27:58.341000
Michael Martin,Data Analysis with Pandas,100,2024-10-21 05:27:58.341000
Michael Martin,Data Ethics,100,2024-10-21 05:27:58.341000
Michael Martin,Data Analysis for Business Decisions,100,2024-10-21 05:27:58.341000
Michael Martin,Configuration Management with Ansible,100,2024-10-21 05:27:58.341000
Michael Martin,Cross-Platform Development with Flutter,100,2024-10-21 05:27:58.341000
Michael Martin,Influencer Marketing,100,2024-10-21 05:27:58.341000
Michael Martin,Introduction to Content Creation,100,2024-10-21 05:27:58.341000
Michael Martin,Negotiation Techniques,100,2024-10-21 05:27:58.341000
Michael Martin,Deep Learning Fundamentals,100,2024-10-21 05:27:58.341000
Michael Martin,User Interface Design for Mobile Apps,100,2024-10-21 05:27:58.341000
Jason Williams,Data Analysis with Pandas,100,2024-10-21 05:27:58.341000
Jason Williams,Data Analysis for Business Decisions,100,2024-10-21 05:27:58.341000
Jason Williams,Data Visualization with Matplotlib,100,2024-10-21 05:27:58.341000
Jason Williams,Data Cleaning & Preprocessing,100,2024-10-21 05:27:58.341000
Jason Williams,Data Ethics,100,2024-10-21 05:27:58.341000
Jason Williams,Publishing Mobile Apps,100,2024-10-21 05:27:58.341000
Jason Williams,Visual Design Basics,100,2024-10-21 05:27:58.341000
Jason Williams,Blogging for Beginners,100,2024-10-21 05:27:58.341000
Jason Williams,ITIL Foundations,100,2024-10-21 05:27:58.341000
Jason Williams,Node.js,100,2024-10-21 05:27:58.341000
Jason Williams,Closing Sales Strategies,100,2024-10-21 05:27:58.341000
Dennis Mejia,Data Visualization with Matplotlib,100,2024-10-21 05:27:58.341000
Dennis Mejia,Data Analysis with Pandas,100,2024-10-21 05:27:58.341000
Dennis Mejia,Data Ethics,100,2024-10-21 05:27:58.341000
Dennis Mejia,Data Analysis for Business Decisions,100,2024-10-21 05:27:58.341000
Dennis Mejia,Data Cleaning & Preprocessing,100,2024-10-21 05:27:58.341000
Dennis Mejia,Game Monetization Strategies,100,2024-10-21 05:27:58.341000
Dennis Mejia,Decentralized Applications (DApps),100,2024-10-21 05:27:58.341000
Dennis Mejia,App Monetization Strategies,100,2024-10-21 05:27:58.341000
Dennis Mejia,Agile Project Management,100,2024-10-21 05:27:58.341000
Dennis Mejia,Business Case Development,100,2024-10-21 05:27:58.341000
Brian Briggs,Data Cleaning & Preprocessing,100,2024-10-21 05:27:58.341000
Brian Briggs,Data Analysis for Business Decisions,100,2024-10-21 05:27:58.341000
Brian Briggs,Data Visualization with Matplotlib,100,2024-10-21 05:27:58.341000
Brian Briggs,Data Ethics,100,2024-10-21 05:27:58.341000
Brian Briggs,Data Analysis with Pandas,100,2024-10-21 05:27:58.341000
Brian Briggs,Operating Systems Overview,100,2024-10-21 05:27:58.341000
Brian Briggs,Cross-Platform Development with Flutter,100,2024-10-21 05:27:58.341000
Brian Briggs,Consensus Algorithms,100,2024-10-21 05:27:58.341000
Brian Briggs,Introduction to Game Development,100,2024-10-21 05:27:58.341000
Brian Briggs,Customer Service Excellence,100,2024-10-21 05:27:58.341000
Brian Briggs,AI in IoT,100,2024-10-21 05:27:58.341000
Brian Briggs,iOS Development Basics,100,2024-10-21 05:27:58.341000
Brian Briggs,Google Cloud Platform Essentials,100,2024-10-21 05:27:58.341000
Brian Briggs,React,100,2024-10-21 05:27:58.341000
Lauren Long,Data Analysis with Pandas,100,2024-10-21 05:27:58.341000
Lauren Long,Data Analysis for Business Decisions,100,2024-10-21 05:27:58.341000
Lauren Long,Data Ethics,100,2024-10-21 05:27:58.341000
Lauren Long,Data Cleaning & Preprocessing,100,2024-10-21 05:27:58.341000
Lauren Long,Data Visualization with Matplotlib,100,2024-10-21 05:27:58.341000
Lauren Long,3D Game Development,100,2024-10-21 05:27:58.341000
Lauren Long,Remote Support Techniques,100,2024-10-21 05:27:58.341000
Lauren Long,HR Technology Tools,100,2024-10-21 05:27:58.341000
Lauren Long,Financial Reporting Standards,100,2024-10-21 05:27:58.341000
Lauren Long,Video Production Basics,100,2024-10-21 05:27:58.341000
Lauren Long,Sales Fundamentals,100,2024-10-21 05:27:58.341000
Lauren Long,Model Evaluation,100,2024-10-21 05:27:58.341000
Lauren Long,Introduction to Machine Learning,100,2024-10-21 05:27:58.341000
Mark Escobar,Data Analysis with Pandas,100,2024-10-21 05:27:58.341000
Mark Escobar,Data Visualization with Matplotlib,100,2024-10-21 05:27:58.342000
Mark Escobar,Data Cleaning & Preprocessing,100,2024-10-21 05:27:58.342000
Mark Escobar,Data Ethics,100,2024-10-21 05:27:58.342000
Mark Escobar,Data Analysis for Business Decisions,100,2024-10-21 05:27:58.342000
Mark Escobar,Introduction to Cloud Computing,100,2024-10-21 05:27:58.342000
Mark Escobar,Personal Finance Skills,100,2024-10-21 05:27:58.342000
Mark Escobar,Continuous Integration and Delivery,100,2024-10-21 05:27:58.342000
Mark Escobar,Content Management Systems (CMS),100,2024-10-21 05:27:58.342000
Mark Escobar,Understanding Consumer Behavior,100,2024-10-21 05:27:58.342000
Mark Escobar,Business Case Development,100,2024-10-21 05:27:58.342000
Mark Escobar,Content Promotion Strategies,100,2024-10-21 05:27:58.342000
Mark Escobar,Azure Basics,100,2024-10-21 05:27:58.342000
Jaime Sampson,Data Cleaning & Preprocessing,100,2024-10-21 05:27:58.342000
Jaime Sampson,Data Analysis with Pandas,100,2024-10-21 05:27:58.342000
Jaime Sampson,Data Visualization with Matplotlib,100,2024-10-21 05:27:58.342000
Jaime Sampson,Data Ethics,100,2024-10-21 05:27:58.342000
Jaime Sampson,Data Analysis for Business Decisions,100,2024-10-21 05:27:58.342000
Jaime Sampson,Supervised Learning,100,2024-10-21 05:27:58.342000
Jaime Sampson,Corporate Finance Essentials,100,2024-10-21 05:27:58.342000
Jaime Sampson,JavaScript Basics,100,2024-10-21 05:27:58.342000
Jaime Sampson,Unreal Engine Basics,100,2024-10-21 05:27:58.342000
Jaime Sampson,Stakeholder Management,100,2024-10-21 05:27:58.342000
Katherine Reyes,Data Analysis for Business Decisions,100,2024-10-21 05:27:58.342000
Katherine Reyes,Data Visualization with Matplotlib,100,2024-10-21 05:27:58.342000
Katherine Reyes,Data Analysis with Pandas,100,2024-10-21 05:27:58.342000
Katherine Reyes,Data Cleaning & Preprocessing,100,2024-10-21 05:27:58.342000
Katherine Reyes,Data Ethics,100,2024-10-21 05:27:58.342000
Katherine Reyes,Supervised Learning,100,2024-10-21 05:27:58.342000
Katherine Reyes,Computer Vision Basics,100,2024-10-21 05:27:58.342000
Katherine Reyes,AWS Fundamentals,100,2024-10-21 05:27:58.342000
Katherine Reyes,Decentralized Applications (DApps),100,2024-10-21 05:27:58.342000
Katherine Reyes,API Development,100,2024-10-21 05:27:58.342000
Mrs. Katie Johnston MD,Data Visualization with Matplotlib,100,2024-10-21 05:27:58.342000
Mrs. Katie Johnston MD,Data Ethics,100,2024-10-21 05:27:58.342000
Mrs. Katie Johnston MD,Data Analysis with Pandas,100,2024-10-21 05:27:58.342000
Mrs. Katie Johnston MD,Data Analysis for Business Decisions,100,2024-10-21 05:27:58.342000
Mrs. Katie Johnston MD,Data Cleaning & Preprocessing,100,2024-10-21 05:27:58.342000
Mrs. Katie Johnston MD,Performance Management Systems,100,2024-10-21 05:27:58.342000
Mrs. Katie Johnston MD,3D Game Development,100,2024-10-21 05:27:58.342000
Mrs. Katie Johnston MD,Business Process Modeling,100,2024-10-21 05:27:58.342000
Mrs. Katie Johnston MD,Publishing Mobile Apps,100,2024-10-21 05:27:58.342000
Mrs. Katie Johnston MD,Responsive Design Principles,100,2024-10-21 05:27:58.342000
Mrs. Katie Johnston MD,Networking Basics,100,2024-10-21 05:27:58.342000
Patricia Davis DDS,Data Ethics,100,2024-10-21 05:27:58.342000
Patricia Davis DDS,Data Visualization with Matplotlib,100,2024-10-21 05:27:58.342000
Patricia Davis DDS,Data Cleaning & Preprocessing,100,2024-10-21 05:27:58.342000
Patricia Davis DDS,Data Analysis with Pandas,100,2024-10-21 05:27:58.342000
Patricia Davis DDS,Data Analysis for Business Decisions,100,2024-10-21 05:27:58.342000
Patricia Davis DDS,Sales Fundamentals,100,2024-10-21 05:27:58.342000
Patricia Davis DDS,Diversity and Inclusion Initiatives,100,2024-10-21 05:27:58.342000
Patricia Davis DDS,RESTful Services,100,2024-10-21 05:27:58.342000
Patricia Davis DDS,Publishing Mobile Apps,100,2024-10-21 05:27:58.342000
Patricia Davis DDS,Statistical Analysis,100,2024-10-21 05:27:58.342000
Patricia Davis DDS,3D Game Development,100,2024-10-21 05:27:58.342000
Patricia Davis DDS,Penetration Testing,100,2024-10-21 05:27:58.342000
Patricia Davis DDS,HR Analytics,100,2024-10-21 05:27:58.342000
William Hughes,Data Analysis with Pandas,100,2024-10-21 05:27:58.342000
William Hughes,Data Visualization with Matplotlib,100,2024-10-21 05:27:58.342000
William Hughes,Data Ethics,100,2024-10-21 05:27:58.342000
William Hughes,Data Cleaning & Preprocessing,100,2024-10-21 05:27:58.342000
William Hughes,Data Analysis for Business Decisions,100,2024-10-21 05:27:58.342000
William Hughes,Troubleshooting Techniques,100,2024-10-21 05:27:58.342000
William Hughes,Change Management,100,2024-10-21 05:27:58.342000
William Hughes,Presentation Skills for Business Analysts,100,2024-10-21 05:27:58.342000
William Hughes,Introduction to Business Analysis,100,2024-10-21 05:27:58.342000
William Hughes,Publishing Mobile Apps,100,2024-10-21 05:27:58.342000
William Hughes,Business Process Modeling,100,2024-10-21 05:27:58.342000
William Hughes,Podcasting Fundamentals,100,2024-10-21 05:27:58.342000
William Hughes,Cloud Security Best Practices,100,2024-10-21 05:27:58.342000
William Hughes,Change Management Strategies,100,2024-10-21 05:27:58.342000
William Hughes,Mobile App Design,100,2024-10-21 05:27:58.342000
Tiffany Turner,Data Ethics,100,2024-10-21 05:27:58.342000
Tiffany Turner,Data Analysis with Pandas,100,2024-10-21 05:27:58.342000
Tiffany Turner,Data Visualization with Matplotlib,100,2024-10-21 05:27:58.342000
Tiffany Turner,Data Analysis for Business Decisions,100,2024-10-21 05:27:58.342000
Tiffany Turner,Data Cleaning & Preprocessing,100,2024-10-21 05:27:58.342000
Tiffany Turner,Automating Cloud Deployments,100,2024-10-21 05:27:58.342000
Tiffany Turner,Networking Basics,100,2024-10-21 05:27:58.342000
Tiffany Turner,Deep Learning with TensorFlow,100,2024-10-21 05:27:58.342000
Tiffany Turner,Agile Project Management,100,2024-10-21 05:27:58.342000
Tiffany Turner,Blockchain Security,100,2024-10-21 05:27:58.342000
Tiffany Turner,Introduction to Machine Learning,100,2024-10-21 05:27:58.342000
Lindsay Barr,Data Analysis for Business Decisions,100,2024-10-21 05:27:58.342000
Lindsay Barr,Data Analysis with Pandas,100,2024-10-21 05:27:58.342000
Lindsay Barr,Data Visualization with Matplotlib,100,2024-10-21 05:27:58.342000
Lindsay Barr,Data Cleaning & Preprocessing,100,2024-10-21 05:27:58.342000
Lindsay Barr,Data Ethics,100,2024-10-21 05:27:58.342000
Lindsay Barr,Deep Learning Fundamentals,100,2024-10-21 05:27:58.342000
Lindsay Barr,Podcasting Fundamentals,100,2024-10-21 05:27:58.342000
Lindsay Barr,Business Process Modeling,100,2024-10-21 05:27:58.342000
Lindsay Barr,Brand Management Online,100,2024-10-21 05:27:58.342000
Lindsay Barr,Smart Contracts Development,100,2024-10-21 05:27:58.342000
Lindsay Barr,3D Game Development,100,2024-10-21 05:27:58.342000
Lindsay Barr,Web Accessibility Standards,100,2024-10-21 05:27:58.342000
Lindsay Barr,AI in Robotics,100,2024-10-21 05:27:58.342000
Lindsay Barr,Communication Skills for Project Managers,100,2024-10-21 05:27:58.342000
Dawn Rodriguez,Data Ethics,100,2024-10-21 05:27:58.342000
Dawn Rodriguez,Data Visualization with Matplotlib,100,2024-10-21 05:27:58.342000
Dawn Rodriguez,Data Cleaning & Preprocessing,100,2024-10-21 05:27:58.342000
Dawn Rodriguez,Data Analysis with Pandas,100,2024-10-21 05:27:58.342000
Dawn Rodriguez,Data Analysis for Business Decisions,100,2024-10-21 05:27:58.342000
Dawn Rodriguez,Introduction to UI/UX Design,100,2024-10-21 05:27:58.342000
Dawn Rodriguez,Vulnerability Assessment,100,2024-10-21 05:27:58.342000
Dawn Rodriguez,Presentation Skills for Sales,100,2024-10-21 05:27:58.342000
Dawn Rodriguez,Blockchain Security,100,2024-10-21 05:27:58.342000
Dawn Rodriguez,Cryptography Basics,100,2024-10-21 05:27:58.342000
Dawn Rodriguez,Budgeting for Projects,100,2024-10-21 05:27:58.342000
Dawn Rodriguez,SEO Fundamentals,100,2024-10-21 05:27:58.342000
Dawn Rodriguez,Frontend Development Basics,100,2024-10-21 05:27:58.342000
Maria Harris,Data Visualization with Matplotlib,100,2024-10-21 05:27:58.342000
Maria Harris,Data Analysis for Business Decisions,100,2024-10-21 05:27:58.342000
Maria Harris,Data Analysis with Pandas,100,2024-10-21 05:27:58.342000
Maria Harris,Data Ethics,100,2024-10-21 05:27:58.342000
Maria Harris,Data Cleaning & Preprocessing,100,2024-10-21 05:27:58.342000
Maria Harris,Unreal Engine Basics,100,2024-10-21 05:27:58.342000
Maria Harris,Blockchain Use Cases,100,2024-10-21 05:27:58.342000
Maria Harris,Project Scheduling Techniques,100,2024-10-21 05:27:58.342000
Maria Harris,3D Game Development,100,2024-10-21 05:27:58.342000
Maria Harris,Investing Fundamentals,100,2024-10-21 05:27:58.342000
Michael Bell,Data Analysis for Business Decisions,100,2024-10-21 05:27:58.342000
Michael Bell,Data Cleaning & Preprocessing,100,2024-10-21 05:27:58.342000
Michael Bell,Data Visualization with Matplotlib,100,2024-10-21 05:27:58.342000
Michael Bell,Data Analysis with Pandas,100,2024-10-21 05:27:58.342000
Michael Bell,Data Ethics,100,2024-10-21 05:27:58.342000
Michael Bell,Hyperledger Basics,100,2024-10-21 05:27:58.342000
Michael Bell,Communication Skills for Project Managers,100,2024-10-21 05:27:58.342000
Michael Bell,Virtual Reality Development,100,2024-10-21 05:27:58.342000
Michael Bell,Introduction to IT Support,100,2024-10-21 05:27:58.342000
Michael Bell,Reinforcement Learning Techniques,100,2024-10-21 05:27:58.342000
Michael Bell,HR Technology Tools,100,2024-10-21 05:27:58.342000
Evelyn Hopkins,Data Analysis with Pandas,100,2024-10-21 05:27:58.342000
Evelyn Hopkins,Data Cleaning & Preprocessing,100,2024-10-21 05:27:58.342000
Evelyn Hopkins,Data Ethics,100,2024-10-21 05:27:58.342000
Evelyn Hopkins,Data Visualization with Matplotlib,100,2024-10-21 05:27:58.342000
Evelyn Hopkins,Data Analysis for Business Decisions,100,2024-10-21 05:27:58.342000
Evelyn Hopkins,Node.js,100,2024-10-21 05:27:58.342000
Evelyn Hopkins,Model Evaluation,100,2024-10-21 05:27:58.342000
Evelyn Hopkins,Mobile App Security,100,2024-10-21 05:27:58.342000
Evelyn Hopkins,Introduction to Blockchain,100,2024-10-21 05:27:58.342000
Evelyn Hopkins,Diversity and Inclusion Initiatives,100,2024-10-21 05:27:58.342000
Evelyn Hopkins,Stakeholder Management,100,2024-10-21 05:27:58.342000
Evelyn Hopkins,Brand Management Online,100,2024-10-21 05:27:58.342000
Evelyn Hopkins,Ethics in AI,100,2024-10-21 05:27:58.342000
Evelyn Hopkins,Agile Methodologies,100,2024-10-21 05:27:58.342000
Mrs. Ashley Cox,Data Visualization with Matplotlib,100,2024-10-21 05:27:58.342000
Mrs. Ashley Cox,Data Analysis for Business Decisions,100,2024-10-21 05:27:58.342000
Mrs. Ashley Cox,Data Ethics,100,2024-10-21 05:27:58.342000
Mrs. Ashley Cox,Data Cleaning & Preprocessing,100,2024-10-21 05:27:58.342000
Mrs. Ashley Cox,Data Analysis with Pandas,100,2024-10-21 05:27:58.342000
Mrs. Ashley Cox,Business Case Development,100,2024-10-21 05:27:58.342000
Mrs. Ashley Cox,Content Strategy Development,100,2024-10-21 05:27:58.342000
Mrs. Ashley Cox,Node.js,100,2024-10-21 05:27:58.342000
Mrs. Ashley Cox,Computer Vision Basics,100,2024-10-21 05:27:58.342000
Mrs. Ashley Cox,E-commerce Development Basics,100,2024-10-21 05:27:58.342000
Mrs. Ashley Cox,HTML & CSS,100,2024-10-21 05:27:58.342000
Regina Johnson,Data Analysis with Pandas,100,2024-10-21 05:27:58.342000
Regina Johnson,Data Visualization with Matplotlib,100,2024-10-21 05:27:58.342000
Regina Johnson,Data Analysis for Business Decisions,100,2024-10-21 05:27:58.343000
Regina Johnson,Data Cleaning & Preprocessing,100,2024-10-21 05:27:58.343000
Regina Johnson,Data Ethics,100,2024-10-21 05:27:58.343000
Regina Johnson,Customer Service Skills for IT,100,2024-10-21 05:27:58.343000
Regina Johnson,Cloud Support Fundamentals,100,2024-10-21 05:27:58.343000
Regina Johnson,Unreal Engine Basics,100,2024-10-21 05:27:58.343000
Regina Johnson,Risk Management in Finance,100,2024-10-21 05:27:58.343000
Regina Johnson,E-commerce Development Basics,100,2024-10-21 05:27:58.343000
Regina Johnson,Game Design Principles,100,2024-10-21 05:27:58.343000
Regina Johnson,AI in IoT,100,2024-10-21 05:27:58.343000
Regina Johnson,Project Scheduling Techniques,100,2024-10-21 05:27:58.343000
Tara Woods,Data Analysis with Pandas,100,2024-10-21 05:27:58.343000
Tara Woods,Data Visualization with Matplotlib,100,2024-10-21 05:27:58.343000
Tara Woods,Data Analysis for Business Decisions,100,2024-10-21 05:27:58.343000
Tara Woods,Data Ethics,100,2024-10-21 05:27:58.343000
Tara Woods,Data Cleaning & Preprocessing,100,2024-10-21 05:27:58.343000
Tara Woods,Serverless Architecture,100,2024-10-21 05:27:58.343000
Tara Woods,Presentation Skills for Sales,100,2024-10-21 05:27:58.343000
Tara Woods,Video Production Basics,100,2024-10-21 05:27:58.343000
Tara Woods,Game Testing Techniques,100,2024-10-21 05:27:58.343000
Tara Woods,AWS Fundamentals,100,2024-10-21 05:27:58.343000
Tara Woods,SEO Fundamentals,100,2024-10-21 05:27:58.343000
Tara Woods,Training and Development,100,2024-10-21 05:27:58.343000
Brian Hanna,Data Ethics,100,2024-10-21 05:27:58.343000
Brian Hanna,Data Analysis with Pandas,100,2024-10-21 05:27:58.343000
Brian Hanna,Data Visualization with Matplotlib,100,2024-10-21 05:27:58.343000
Brian Hanna,Data Analysis for Business Decisions,100,2024-10-21 05:27:58.343000
Brian Hanna,Data Cleaning & Preprocessing,100,2024-10-21 05:27:58.343000
Brian Hanna,Cloud Security Best Practices,100,2024-10-21 05:27:58.343000
Brian Hanna,Visual Design Basics,100,2024-10-21 05:27:58.343000
Brian Hanna,Security in Cloud Computing,100,2024-10-21 05:27:58.343000
Brian Hanna,Usability Testing,100,2024-10-21 05:27:58.343000
Brian Hanna,Deployment & Hosting,100,2024-10-21 05:27:58.343000
Brian Hanna,Analytics for Marketers,100,2024-10-21 05:27:58.343000
Brian Hanna,Business Process Modeling,100,2024-10-21 05:27:58.343000
Brian Hanna,iOS Development Basics,100,2024-10-21 05:27:58.343000
Luis Warner,Data Ethics,100,2024-10-21 05:27:58.343000
Luis Warner,Data Visualization with Matplotlib,100,2024-10-21 05:27:58.343000
Luis Warner,Data Analysis for Business Decisions,100,2024-10-21 05:27:58.343000
Luis Warner,Data Cleaning & Preprocessing,100,2024-10-21 05:27:58.343000
Luis Warner,Data Analysis with Pandas,100,2024-10-21 05:27:58.343000
Luis Warner,Serverless Architecture,100,2024-10-21 05:27:58.343000
Luis Warner,Statistical Analysis,100,2024-10-21 05:27:58.343000
Luis Warner,Business Case Development,100,2024-10-21 05:27:58.343000
Luis Warner,AI in IoT,100,2024-10-21 05:27:58.343000
Luis Warner,Decentralized Applications (DApps),100,2024-10-21 05:27:58.343000
Luis Warner,Introduction to Finance,100,2024-10-21 05:27:58.343000
Luis Warner,Training and Development,100,2024-10-21 05:27:58.343000
Luis Warner,Reinforcement Learning Techniques,100,2024-10-21 05:27:58.343000
Luis Warner,AI for Business,100,2024-10-21 05:27:58.343000
Luis Warner,Introduction to Content Creation,100,2024-10-21 05:27:58.343000
Michelle Carr,Data Visualization with Matplotlib,100,2024-10-21 05:27:58.343000
Michelle Carr,Data Analysis for Business Decisions,100,2024-10-21 05:27:58.343000
Michelle Carr,Data Ethics,100,2024-10-21 05:27:58.343000
Michelle Carr,Data Cleaning & Preprocessing,100,2024-10-21 05:27:58.343000
Michelle Carr,Data Analysis with Pandas,100,2024-10-21 05:27:58.343000
Michelle Carr,Cryptography Basics,100,2024-10-21 05:27:58.343000
Michelle Carr,Game Monetization Strategies,100,2024-10-21 05:27:58.343000
Michelle Carr,Reinforcement Learning,100,2024-10-21 05:27:58.343000
Michelle Carr,Introduction to Machine Learning,100,2024-10-21 05:27:58.343000
Michelle Carr,Publishing Mobile Apps,100,2024-10-21 05:27:58.343000
Michelle Carr,Introduction to Human Resources,100,2024-10-21 05:27:58.343000
Michelle Carr,Personal Finance Skills,100,2024-10-21 05:27:58.343000
Michelle Carr,Introduction to Finance,100,2024-10-21 05:27:58.343000
Sara Murphy,Data Analysis with Pandas,100,2024-10-21 05:27:58.343000
Sara Murphy,Data Visualization with Matplotlib,100,2024-10-21 05:27:58.343000
Sara Murphy,Data Ethics,100,2024-10-21 05:27:58.343000
Sara Murphy,Data Analysis for Business Decisions,100,2024-10-21 05:27:58.343000
Sara Murphy,Data Cleaning & Preprocessing,100,2024-10-21 05:27:58.343000
Sara Murphy,Risk Management in Projects,100,2024-10-21 05:27:58.343000
Sara Murphy,Security in Cloud Computing,100,2024-10-21 05:27:58.343000
Sara Murphy,Project Scheduling Techniques,100,2024-10-21 05:27:58.343000
Sara Murphy,Ethics in AI,100,2024-10-21 05:27:58.343000
Sara Murphy,Project Management Basics,100,2024-10-21 05:27:58.343000
Sara Murphy,Big Data with Spark,100,2024-10-21 05:27:58.343000
Sara Murphy,Sales Fundamentals,100,2024-10-21 05:27:58.343000
Sara Murphy,Corporate Finance Essentials,100,2024-10-21 05:27:58.343000
Sara Murphy,Change Management,100,2024-10-21 05:27:58.343000
Sara Murphy,Game Monetization Strategies,100,2024-10-21 05:27:58.343000
Gail Saunders,Data Analysis for Business Decisions,100,2024-10-21 05:27:58.343000
Gail Saunders,Data Analysis with Pandas,100,2024-10-21 05:27:58.343000
Gail Saunders,Data Ethics,100,2024-10-21 05:27:58.343000
Gail Saunders,Data Visualization with Matplotlib,100,2024-10-21 05:27:58.343000
Gail Saunders,Data Cleaning & Preprocessing,100,2024-10-21 05:27:58.343000
Gail Saunders,Backend Development Fundamentals,100,2024-10-21 05:27:58.343000
Gail Saunders,Building Customer Relationships,100,2024-10-21 05:27:58.343000
Gail Saunders,Communication Skills for Project Managers,100,2024-10-21 05:27:58.343000
Gail Saunders,Business Case Development,100,2024-10-21 05:27:58.343000
Gail Saunders,Understanding Consumer Behavior,100,2024-10-21 05:27:58.343000
Gail Saunders,Networking Basics,100,2024-10-21 05:27:58.343000
Gail Saunders,Introduction to Blockchain,100,2024-10-21 05:27:58.343000
Gail Saunders,Budgeting for Projects,100,2024-10-21 05:27:58.343000
Gail Saunders,Multiplayer Game Development,100,2024-10-21 05:27:58.343000
Gail Saunders,Design Tools Overview,100,2024-10-21 05:27:58.343000
Ashley Conner,Data Visualization with Matplotlib,100,2024-10-21 05:27:58.343000
Ashley Conner,Data Analysis with Pandas,100,2024-10-21 05:27:58.343000
Ashley Conner,Data Analysis for Business Decisions,100,2024-10-21 05:27:58.343000
Ashley Conner,Data Ethics,100,2024-10-21 05:27:58.343000
Ashley Conner,Data Cleaning & Preprocessing,100,2024-10-21 05:27:58.343000
Ashley Conner,Content Strategy Development,100,2024-10-21 05:27:58.343000
Ashley Conner,Game Monetization Strategies,100,2024-10-21 05:27:58.343000
Ashley Conner,User Research Techniques,100,2024-10-21 05:27:58.343000
Ashley Conner,Machine Learning Basics,100,2024-10-21 05:27:58.343000
Ashley Conner,Networking Basics,100,2024-10-21 05:27:58.343000
Ashley Conner,Affiliate Marketing,100,2024-10-21 05:27:58.343000
Ashley Conner,Continuous Integration and Delivery,100,2024-10-21 05:27:58.343000
Ashley Conner,Financial Analysis Techniques,100,2024-10-21 05:27:58.343000
Ashley Conner,Budgeting Basics,100,2024-10-21 05:27:58.343000
Denise Contreras,Data Ethics,100,2024-10-21 05:27:58.343000
Denise Contreras,Data Analysis with Pandas,100,2024-10-21 05:27:58.343000
Denise Contreras,Data Cleaning & Preprocessing,100,2024-10-21 05:27:58.343000
Denise Contreras,Data Visualization with Matplotlib,100,2024-10-21 05:27:58.343000
Denise Contreras,Data Analysis for Business Decisions,100,2024-10-21 05:27:58.343000
Denise Contreras,Frontend Development Basics,100,2024-10-21 05:27:58.343000
Denise Contreras,Version Control with Git,100,2024-10-21 05:27:58.343000
Denise Contreras,Cloud Cost Management,100,2024-10-21 05:27:58.343000
Denise Contreras,Backend Development Fundamentals,100,2024-10-21 05:27:58.343000
Denise Contreras,HTML & CSS,100,2024-10-21 05:27:58.343000
Denise Contreras,Brand Management Online,100,2024-10-21 05:27:58.343000
Denise Contreras,Business Process Modeling,100,2024-10-21 05:27:58.343000
Denise Contreras,Azure Basics,100,2024-10-21 05:27:58.343000
Denise Contreras,E-commerce Development Basics,100,2024-10-21 05:27:58.343000
Jason Chandler,Data Analysis with Pandas,100,2024-10-21 05:27:58.343000
Jason Chandler,Data Cleaning & Preprocessing,100,2024-10-21 05:27:58.343000
Jason Chandler,Data Visualization with Matplotlib,100,2024-10-21 05:27:58.343000
Jason Chandler,Data Analysis for Business Decisions,100,2024-10-21 05:27:58.343000
Jason Chandler,Data Ethics,100,2024-10-21 05:27:58.343000
Jason Chandler,Google Cloud Platform Essentials,100,2024-10-21 05:27:58.343000
Jason Chandler,Ethics in AI,100,2024-10-21 05:27:58.343000
Jason Chandler,Stakeholder Management,100,2024-10-21 05:27:58.343000
Jason Chandler,Cloud Support Fundamentals,100,2024-10-21 05:27:58.343000
Jason Chandler,ITIL Foundations,100,2024-10-21 05:27:58.343000
Anthony Carter,Data Cleaning & Preprocessing,100,2024-10-21 05:27:58.343000
Anthony Carter,Data Analysis with Pandas,100,2024-10-21 05:27:58.343000
Anthony Carter,Data Analysis for Business Decisions,100,2024-10-21 05:27:58.343000
Anthony Carter,Data Ethics,100,2024-10-21 05:27:58.343000
Anthony Carter,Data Visualization with Matplotlib,100,2024-10-21 05:27:58.343000
Anthony Carter,Express.js,100,2024-10-21 05:27:58.343000
Anthony Carter,Understanding Financial Markets,100,2024-10-21 05:27:58.343000
Anthony Carter,Introduction to Business Analysis,100,2024-10-21 05:27:58.343000
Anthony Carter,Change Management,100,2024-10-21 05:27:58.343000
Anthony Carter,Deep Learning with TensorFlow,100,2024-10-21 05:27:58.343000
Anthony Carter,Python for Data Science,100,2024-10-21 05:27:58.343000
Anthony Carter,Android Development Basics,100,2024-10-21 05:27:58.343000
Anthony Carter,Content Strategy Development,100,2024-10-21 05:27:58.343000
Anthony Carter,Web Accessibility Standards,100,2024-10-21 05:27:58.343000
Anthony Carter,Diversity and Inclusion Initiatives,100,2024-10-21 05:27:58.343000
Robin Sanchez,Data Visualization with Matplotlib,100,2024-10-21 05:27:58.343000
Robin Sanchez,Data Analysis with Pandas,100,2024-10-21 05:27:58.343000
Robin Sanchez,Data Cleaning & Preprocessing,100,2024-10-21 05:27:58.343000
Robin Sanchez,Data Ethics,100,2024-10-21 05:27:58.343000
Robin Sanchez,Data Analysis for Business Decisions,100,2024-10-21 05:27:58.343000
Robin Sanchez,Deep Learning with TensorFlow,100,2024-10-21 05:27:58.343000
Robin Sanchez,Social Media Marketing,100,2024-10-21 05:27:58.343000
Robin Sanchez,Content Promotion Strategies,100,2024-10-21 05:27:58.343000
Robin Sanchez,Brand Management Online,100,2024-10-21 05:27:58.343000
Robin Sanchez,Understanding Consumer Behavior,100,2024-10-21 05:27:58.343000
Robin Sanchez,Statistical Analysis,100,2024-10-21 05:27:58.343000
Robin Sanchez,Speech Recognition Technologies,100,2024-10-21 05:27:58.343000
Natalie Lee,Data Analysis for Business Decisions,100,2024-10-21 05:27:58.343000
Natalie Lee,Data Cleaning & Preprocessing,100,2024-10-21 05:27:58.343000
Natalie Lee,Data Analysis with Pandas,100,2024-10-21 05:27:58.343000
Natalie Lee,Data Ethics,100,2024-10-21 05:27:58.343000
Natalie Lee,Data Visualization with Matplotlib,100,2024-10-21 05:27:58.343000
Natalie Lee,Sales Analytics,100,2024-10-21 05:27:58.343000
Natalie Lee,ITIL Foundations,100,2024-10-21 05:27:58.343000
Natalie Lee,React,100,2024-10-21 05:27:58.343000
Natalie Lee,Training and Development,100,2024-10-21 05:27:58.344000
Natalie Lee,Continuous Integration and Delivery,100,2024-10-21 05:27:58.344000
Natalie Lee,API Integration in Mobile Apps,100,2024-10-21 05:27:58.344000
Natalie Lee,Game Monetization Strategies,100,2024-10-21 05:27:58.344000
Natalie Lee,Personal Finance Skills,100,2024-10-21 05:27:58.344000
Natalie Lee,Monitoring and Logging,100,2024-10-21 05:27:58.344000
Natalie Lee,Business Case Development,100,2024-10-21 05:27:58.344000
Travis Boyd,Data Analysis for Business Decisions,100,2024-10-21 05:27:58.344000
Travis Boyd,Data Visualization with Matplotlib,100,2024-10-21 05:27:58.344000
Travis Boyd,Data Ethics,100,2024-10-21 05:27:58.344000
Travis Boyd,Data Cleaning & Preprocessing,100,2024-10-21 05:27:58.344000
Travis Boyd,Data Analysis with Pandas,100,2024-10-21 05:27:58.344000
Travis Boyd,Financial Analysis Techniques,100,2024-10-21 05:27:58.344000
Travis Boyd,Mobile App Security,100,2024-10-21 05:27:58.344000
Travis Boyd,Computer Vision Basics,100,2024-10-21 05:27:58.344000
Travis Boyd,Mobile Testing Strategies,100,2024-10-21 05:27:58.344000
Travis Boyd,Budgeting Basics,100,2024-10-21 05:27:58.344000
Travis Boyd,Azure Basics,100,2024-10-21 05:27:58.344000
Travis Boyd,Machine Learning Basics,100,2024-10-21 05:27:58.344000
Travis Boyd,Change Management Strategies,100,2024-10-21 05:27:58.344000
Travis Boyd,Risk Analysis and Management,100,2024-10-21 05:27:58.344000
Travis Boyd,Cryptocurrency Fundamentals,100,2024-10-21 05:27:58.344000
Paula Allen,Data Analysis with Pandas,100,2024-10-21 05:27:58.344000
Paula Allen,Data Ethics,100,2024-10-21 05:27:58.344000
Paula Allen,Data Analysis for Business Decisions,100,2024-10-21 05:27:58.344000
Paula Allen,Data Cleaning & Preprocessing,100,2024-10-21 05:27:58.344000
Paula Allen,Data Visualization with Matplotlib,100,2024-10-21 05:27:58.344000
Paula Allen,User Research Techniques,100,2024-10-21 05:27:58.344000
Paula Allen,Automating Cloud Deployments,100,2024-10-21 05:27:58.344000
Paula Allen,Supervised Learning,100,2024-10-21 05:27:58.344000
Paula Allen,Incident Response,100,2024-10-21 05:27:58.344000
Paula Allen,Penetration Testing,100,2024-10-21 05:27:58.344000
Paula Allen,Requirements Gathering Techniques,100,2024-10-21 05:27:58.344000
Paula Allen,Negotiation Techniques,100,2024-10-21 05:27:58.344000
Paula Allen,Mobile Testing Strategies,100,2024-10-21 05:27:58.344000
Carol Castro,Data Visualization with Matplotlib,100,2024-10-21 05:27:58.344000
Carol Castro,Data Ethics,100,2024-10-21 05:27:58.344000
Carol Castro,Data Cleaning & Preprocessing,100,2024-10-21 05:27:58.344000
Carol Castro,Data Analysis for Business Decisions,100,2024-10-21 05:27:58.344000
Carol Castro,Data Analysis with Pandas,100,2024-10-21 05:27:58.344000
Carol Castro,Multiplayer Game Development,100,2024-10-21 05:27:58.344000
Carol Castro,JavaScript Frameworks Overview,100,2024-10-21 05:27:58.344000
Carol Castro,Presentation Skills for Sales,100,2024-10-21 05:27:58.344000
Carol Castro,AI in Healthcare,100,2024-10-21 05:27:58.344000
Carol Castro,Python for Data Science,100,2024-10-21 05:27:58.344000
Carol Castro,Container Orchestration with Kubernetes,100,2024-10-21 05:27:58.344000
Carol Castro,Content Marketing Strategies,100,2024-10-21 05:27:58.344000
Carol Castro,Natural Language Processing Techniques,100,2024-10-21 05:27:58.344000
Carol Castro,Cloud Cost Management,100,2024-10-21 05:27:58.344000
Stephen Rowland,Data Visualization with Matplotlib,100,2024-10-21 05:27:58.344000
Stephen Rowland,Data Cleaning & Preprocessing,100,2024-10-21 05:27:58.344000
Stephen Rowland,Data Analysis with Pandas,100,2024-10-21 05:27:58.344000
Stephen Rowland,Data Ethics,100,2024-10-21 05:27:58.344000
Stephen Rowland,Data Analysis for Business Decisions,100,2024-10-21 05:27:58.344000
Stephen Rowland,Email Marketing Basics,100,2024-10-21 05:27:58.344000
Stephen Rowland,Multiplayer Game Development,100,2024-10-21 05:27:58.344000
Stephen Rowland,Game Design Principles,100,2024-10-21 05:27:58.344000
Stephen Rowland,Container Orchestration with Kubernetes,100,2024-10-21 05:27:58.344000
Stephen Rowland,Security Awareness for IT Support,100,2024-10-21 05:27:58.344000
Amber Martin,Data Visualization with Matplotlib,100,2024-10-21 05:27:58.344000
Amber Martin,Data Cleaning & Preprocessing,100,2024-10-21 05:27:58.344000
Amber Martin,Data Analysis for Business Decisions,100,2024-10-21 05:27:58.344000
Amber Martin,Data Ethics,100,2024-10-21 05:27:58.344000
Amber Martin,Data Analysis with Pandas,100,2024-10-21 05:27:58.344000
Amber Martin,Hardware Repair Skills,100,2024-10-21 05:27:58.344000
Amber Martin,Digital Sales Techniques,100,2024-10-21 05:27:58.344000
Amber Martin,Responsive Design Principles,100,2024-10-21 05:27:58.344000
Amber Martin,Agile Methodologies,100,2024-10-21 05:27:58.344000
Amber Martin,Corporate Finance Essentials,100,2024-10-21 05:27:58.344000
Amber Martin,Deep Learning with TensorFlow,100,2024-10-21 05:27:58.344000
Amber Martin,HR Analytics,100,2024-10-21 05:27:58.344000
Amber Martin,Labor Laws and Compliance,100,2024-10-21 05:27:58.344000
Jeremy Barry,Data Ethics,100,2024-10-21 05:27:58.344000
Jeremy Barry,Data Analysis for Business Decisions,100,2024-10-21 05:27:58.344000
Jeremy Barry,Data Analysis with Pandas,100,2024-10-21 05:27:58.344000
Jeremy Barry,Data Visualization with Matplotlib,100,2024-10-21 05:27:58.344000
Jeremy Barry,Data Cleaning & Preprocessing,100,2024-10-21 05:27:58.344000
Jeremy Barry,E-commerce Development Basics,100,2024-10-21 05:27:58.344000
Jeremy Barry,Risk Management in Finance,100,2024-10-21 05:27:58.344000
Jeremy Barry,Microservices in Cloud,100,2024-10-21 05:27:58.344000
Jeremy Barry,Risk Analysis and Management,100,2024-10-21 05:27:58.344000
Jeremy Barry,Usability Testing,100,2024-10-21 05:27:58.344000
Jeremy Barry,Web Performance Optimization,100,2024-10-21 05:27:58.344000
Jeremy Barry,Analytics for Marketers,100,2024-10-21 05:27:58.344000
Michele White,Data Analysis for Business Decisions,100,2024-10-21 05:27:58.344000
Michele White,Data Ethics,100,2024-10-21 05:27:58.344000
Michele White,Data Cleaning & Preprocessing,100,2024-10-21 05:27:58.344000
Michele White,Data Visualization with Matplotlib,100,2024-10-21 05:27:58.344000
Michele White,Data Analysis with Pandas,100,2024-10-21 05:27:58.344000
Michele White,Influencer Marketing,100,2024-10-21 05:27:58.344000
Michele White,User Interface Design for Mobile Apps,100,2024-10-21 05:27:58.344000
Michele White,Supervised Learning,100,2024-10-21 05:27:58.344000
Michele White,Infrastructure as Code,100,2024-10-21 05:27:58.344000
Michele White,Tokenomics,100,2024-10-21 05:27:58.344000
Michele White,Introduction to Human Resources,100,2024-10-21 05:27:58.344000
Michele White,Graphic Design Basics for Content,100,2024-10-21 05:27:58.344000
Michele White,Sales Fundamentals,100,2024-10-21 05:27:58.344000
Michele White,Serverless Architecture,100,2024-10-21 05:27:58.344000
Michele White,Blockchain Use Cases,100,2024-10-21 05:27:58.344000
Gerald Nelson,Data Analysis with Pandas,100,2024-10-21 05:27:58.344000
Gerald Nelson,Data Visualization with Matplotlib,100,2024-10-21 05:27:58.344000
Gerald Nelson,Data Analysis for Business Decisions,100,2024-10-21 05:27:58.344000
Gerald Nelson,Data Ethics,100,2024-10-21 05:27:58.344000
Gerald Nelson,Data Cleaning & Preprocessing,100,2024-10-21 05:27:58.344000
Gerald Nelson,Mobile Testing Strategies,100,2024-10-21 05:27:58.344000
Gerald Nelson,User Research Techniques,100,2024-10-21 05:27:58.344000
Gerald Nelson,Stakeholder Management,100,2024-10-21 05:27:58.344000
Gerald Nelson,Big Data with Spark,100,2024-10-21 05:27:58.344000
Gerald Nelson,Blockchain Security,100,2024-10-21 05:27:58.344000
Gerald Nelson,Python for Data Science,100,2024-10-21 05:27:58.344000
Natalie Daniel,Data Cleaning & Preprocessing,100,2024-10-21 05:27:58.344000
Natalie Daniel,Data Analysis with Pandas,100,2024-10-21 05:27:58.344000
Natalie Daniel,Data Visualization with Matplotlib,100,2024-10-21 05:27:58.344000
Natalie Daniel,Data Analysis for Business Decisions,100,2024-10-21 05:27:58.344000
Natalie Daniel,Data Ethics,100,2024-10-21 05:27:58.344000
Natalie Daniel,Building Customer Relationships,100,2024-10-21 05:27:58.344000
Natalie Daniel,E-commerce Development Basics,100,2024-10-21 05:27:58.344000
Natalie Daniel,Serverless Architecture,100,2024-10-21 05:27:58.344000
Natalie Daniel,Usability Testing,100,2024-10-21 05:27:58.344000
Natalie Daniel,AI in IoT,100,2024-10-21 05:27:58.344000
Natalie Daniel,Communication Skills for Project Managers,100,2024-10-21 05:27:58.344000
Natalie Daniel,RESTful Services,100,2024-10-21 05:27:58.344000
Natalie Daniel,Requirements Gathering Techniques,100,2024-10-21 05:27:58.344000
Tamara Medina,Data Ethics,100,2024-10-21 05:27:58.344000
Tamara Medina,Data Analysis for Business Decisions,100,2024-10-21 05:27:58.344000
Tamara Medina,Data Visualization with Matplotlib,100,2024-10-21 05:27:58.344000
Tamara Medina,Data Analysis with Pandas,100,2024-10-21 05:27:58.344000
Tamara Medina,Data Cleaning & Preprocessing,100,2024-10-21 05:27:58.344000
Tamara Medina,Vulnerability Assessment,100,2024-10-21 05:27:58.344000
Tamara Medina,Risk Management in Projects,100,2024-10-21 05:27:58.344000
Tamara Medina,Android Development Basics,100,2024-10-21 05:27:58.344000
Tamara Medina,iOS Development Basics,100,2024-10-21 05:27:58.344000
Tamara Medina,Mobile App Security,100,2024-10-21 05:27:58.344000
Tamara Medina,Financial Reporting Standards,100,2024-10-21 05:27:58.344000
Tamara Medina,Configuration Management with Ansible,100,2024-10-21 05:27:58.344000
Tamara Medina,Introduction to Finance,100,2024-10-21 05:27:58.344000
Michael Clark,Data Ethics,100,2024-10-21 05:27:58.344000
Michael Clark,Data Analysis with Pandas,100,2024-10-21 05:27:58.344000
Michael Clark,Data Analysis for Business Decisions,100,2024-10-21 05:27:58.344000
Michael Clark,Data Visualization with Matplotlib,100,2024-10-21 05:27:58.344000
Michael Clark,Data Cleaning & Preprocessing,100,2024-10-21 05:27:58.344000
Michael Clark,Project Scheduling Techniques,100,2024-10-21 05:27:58.344000
Michael Clark,Smart Contracts Development,100,2024-10-21 05:27:58.344000
Michael Clark,Introduction to Content Creation,100,2024-10-21 05:27:58.344000
Michael Clark,Conversion Rate Optimization,100,2024-10-21 05:27:58.344000
Michael Clark,Multiplayer Game Development,100,2024-10-21 05:27:58.344000
Mark Johnson,Data Cleaning & Preprocessing,100,2024-10-21 05:27:58.344000
Mark Johnson,Data Analysis with Pandas,100,2024-10-21 05:27:58.344000
Mark Johnson,Data Analysis for Business Decisions,100,2024-10-21 05:27:58.344000
Mark Johnson,Data Visualization with Matplotlib,100,2024-10-21 05:27:58.344000
Mark Johnson,Data Ethics,100,2024-10-21 05:27:58.344000
Mark Johnson,Introduction to Business Analysis,100,2024-10-21 05:27:58.344000
Mark Johnson,Conversion Rate Optimization,100,2024-10-21 05:27:58.344000
Mark Johnson,Visual Design Basics,100,2024-10-21 05:27:58.344000
Mark Johnson,Game Design Principles,100,2024-10-21 05:27:58.344000
Mark Johnson,Machine Learning Basics,100,2024-10-21 05:27:58.344000
Dawn Yates,Data Visualization with Matplotlib,100,2024-10-21 05:27:58.344000
Dawn Yates,Data Analysis for Business Decisions,100,2024-10-21 05:27:58.344000
Dawn Yates,Data Cleaning & Preprocessing,100,2024-10-21 05:27:58.344000
Dawn Yates,Data Analysis with Pandas,100,2024-10-21 05:27:58.344000
Dawn Yates,Data Ethics,100,2024-10-21 05:27:58.344000
Dawn Yates,Email Marketing Basics,100,2024-10-21 05:27:58.344000
Dawn Yates,AI in Robotics,100,2024-10-21 05:27:58.344000
Dawn Yates,Quality Management,100,2024-10-21 05:27:58.345000
Dawn Yates,Deployment & Hosting,100,2024-10-21 05:27:58.345000
Dawn Yates,Supervised Learning,100,2024-10-21 05:27:58.345000
Dawn Yates,Unity Basics,100,2024-10-21 05:27:58.345000
Dawn Yates,Game Monetization Strategies,100,2024-10-21 05:27:58.345000
Dawn Yates,Introduction to Game Development,100,2024-10-21 05:27:58.345000
Dawn Yates,DevOps in the Cloud,100,2024-10-21 05:27:58.345000
Regina Kim,Data Analysis for Business Decisions,100,2024-10-21 05:27:58.345000
Regina Kim,Data Ethics,100,2024-10-21 05:27:58.345000
Regina Kim,Data Analysis with Pandas,100,2024-10-21 05:27:58.345000
Regina Kim,Data Visualization with Matplotlib,100,2024-10-21 05:27:58.345000
Regina Kim,Data Cleaning & Preprocessing,100,2024-10-21 05:27:58.345000
Regina Kim,API Integration in Mobile Apps,100,2024-10-21 05:27:58.345000
Regina Kim,Hyperledger Basics,100,2024-10-21 05:27:58.345000
Regina Kim,HR Analytics,100,2024-10-21 05:27:58.345000
Regina Kim,JavaScript Frameworks Overview,100,2024-10-21 05:27:58.345000
Regina Kim,Interaction Design Principles,100,2024-10-21 05:27:58.345000
Kara Gallegos,Data Analysis with Pandas,100,2024-10-21 05:27:58.345000
Kara Gallegos,Data Cleaning & Preprocessing,100,2024-10-21 05:27:58.345000
Kara Gallegos,Data Visualization with Matplotlib,100,2024-10-21 05:27:58.345000
Kara Gallegos,Data Analysis for Business Decisions,100,2024-10-21 05:27:58.345000
Kara Gallegos,Data Ethics,100,2024-10-21 05:27:58.345000
Kara Gallegos,Web Application Security,100,2024-10-21 05:27:58.345000
Kara Gallegos,Publishing Mobile Apps,100,2024-10-21 05:27:58.345000
Kara Gallegos,Project Scheduling Techniques,100,2024-10-21 05:27:58.345000
Kara Gallegos,E-commerce Development Basics,100,2024-10-21 05:27:58.345000
Kara Gallegos,Cryptocurrency Fundamentals,100,2024-10-21 05:27:58.345000
Scott Ruiz,Data Visualization with Matplotlib,100,2024-10-21 05:27:58.345000
Scott Ruiz,Data Analysis for Business Decisions,100,2024-10-21 05:27:58.345000
Scott Ruiz,Data Ethics,100,2024-10-21 05:27:58.345000
Scott Ruiz,Data Analysis with Pandas,100,2024-10-21 05:27:58.345000
Scott Ruiz,Data Cleaning & Preprocessing,100,2024-10-21 05:27:58.345000
Scott Ruiz,Cryptography Basics,100,2024-10-21 05:27:58.345000
Scott Ruiz,AI in IoT,100,2024-10-21 05:27:58.345000
Scott Ruiz,Introduction to DevOps,100,2024-10-21 05:27:58.345000
Scott Ruiz,Stakeholder Management,100,2024-10-21 05:27:58.345000
Scott Ruiz,Mobile Testing Strategies,100,2024-10-21 05:27:58.345000
Scott Ruiz,Ethics in AI,100,2024-10-21 05:27:58.345000
Scott Ruiz,Cloud Support Fundamentals,100,2024-10-21 05:27:58.345000
Ronald Brandt,Data Visualization with Matplotlib,100,2024-10-21 05:27:58.345000
Ronald Brandt,Data Ethics,100,2024-10-21 05:27:58.345000
Ronald Brandt,Data Analysis for Business Decisions,100,2024-10-21 05:27:58.345000
Ronald Brandt,Data Analysis with Pandas,100,2024-10-21 05:27:58.345000
Ronald Brandt,Data Cleaning & Preprocessing,100,2024-10-21 05:27:58.345000
Ronald Brandt,Computer Vision Basics,100,2024-10-21 05:27:58.345000
Ronald Brandt,Introduction to Content Creation,100,2024-10-21 05:27:58.345000
Ronald Brandt,App Monetization Strategies,100,2024-10-21 05:27:58.345000
Ronald Brandt,Introduction to Finance,100,2024-10-21 05:27:58.345000
Ronald Brandt,Business Process Modeling,100,2024-10-21 05:27:58.345000
Ronald Brandt,Introduction to Blockchain,100,2024-10-21 05:27:58.345000
Ronald Brandt,AWS Fundamentals,100,2024-10-21 05:27:58.345000
Ronald Brandt,SEO Fundamentals,100,2024-10-21 05:27:58.345000
Tara Walker,Data Visualization with Matplotlib,100,2024-10-21 05:27:58.345000
Tara Walker,Data Ethics,100,2024-10-21 05:27:58.345000
Tara Walker,Data Cleaning & Preprocessing,100,2024-10-21 05:27:58.345000
Tara Walker,Data Analysis with Pandas,100,2024-10-21 05:27:58.345000
Tara Walker,Data Analysis for Business Decisions,100,2024-10-21 05:27:58.345000
Tara Walker,Git & GitHub,100,2024-10-21 05:27:58.345000
Tara Walker,Customer Service Skills for IT,100,2024-10-21 05:27:58.345000
Tara Walker,Unity Basics,100,2024-10-21 05:27:58.345000
Tara Walker,Editing and Proofreading Techniques,100,2024-10-21 05:27:58.345000
Tara Walker,Troubleshooting Techniques,100,2024-10-21 05:27:58.345000
Tara Walker,Deep Learning with TensorFlow,100,2024-10-21 05:27:58.345000
Tara Walker,Mobile App Security,100,2024-10-21 05:27:58.345000
Tara Walker,Smart Contracts Development,100,2024-10-21 05:27:58.345000
Tara Walker,Backend Development Fundamentals,100,2024-10-21 05:27:58.345000
Peter Mcdonald,Data Analysis with Pandas,100,2024-10-21 05:27:58.345000
Peter Mcdonald,Data Visualization with Matplotlib,100,2024-10-21 05:27:58.345000
Peter Mcdonald,Data Ethics,100,2024-10-21 05:27:58.345000
Peter Mcdonald,Data Analysis for Business Decisions,100,2024-10-21 05:27:58.345000
Peter Mcdonald,Data Cleaning & Preprocessing,100,2024-10-21 05:27:58.345000
Peter Mcdonald,Security in Cloud Computing,100,2024-10-21 05:27:58.345000
Peter Mcdonald,Introduction to AI,100,2024-10-21 05:27:58.345000
Peter Mcdonald,Business Process Modeling,100,2024-10-21 05:27:58.345000
Peter Mcdonald,SEO Fundamentals,100,2024-10-21 05:27:58.345000
Peter Mcdonald,DevOps in the Cloud,100,2024-10-21 05:27:58.345000
Peter Mcdonald,iOS Development Basics,100,2024-10-21 05:27:58.345000
Peter Mcdonald,AI in Healthcare,100,2024-10-21 05:27:58.345000
Steven Manning,Data Ethics,100,2024-10-21 05:27:58.345000
Steven Manning,Data Analysis for Business Decisions,100,2024-10-21 05:27:58.345000
Steven Manning,Data Visualization with Matplotlib,100,2024-10-21 05:27:58.345000
Steven Manning,Data Cleaning & Preprocessing,100,2024-10-21 05:27:58.345000
Steven Manning,Data Analysis with Pandas,100,2024-10-21 05:27:58.345000
Steven Manning,Git & GitHub,100,2024-10-21 05:27:58.345000
Steven Manning,API Integration in Mobile Apps,100,2024-10-21 05:27:58.345000
Steven Manning,Virtual Reality Development,100,2024-10-21 05:27:58.345000
Steven Manning,Unity Basics,100,2024-10-21 05:27:58.345000
Steven Manning,Time Management for Sales,100,2024-10-21 05:27:58.345000
Steven Manning,E-commerce Development Basics,100,2024-10-21 05:27:58.345000
Steven Manning,Sales Fundamentals,100,2024-10-21 05:27:58.345000
Steven Manning,Understanding Consumer Behavior,100,2024-10-21 05:27:58.345000
Cheryl Blake,Data Cleaning & Preprocessing,100,2024-10-21 05:27:58.345000
Cheryl Blake,Data Ethics,100,2024-10-21 05:27:58.345000
Cheryl Blake,Data Visualization with Matplotlib,100,2024-10-21 05:27:58.345000
Cheryl Blake,Data Analysis for Business Decisions,100,2024-10-21 05:27:58.345000
Cheryl Blake,Usability Testing,100,2024-10-21 05:27:58.345000
Cheryl Blake,Cloud Cost Management,100,2024-10-21 05:27:58.345000
Cheryl Blake,Supervised Learning,100,2024-10-21 05:27:58.345000
Cheryl Blake,Publishing Mobile Apps,100,2024-10-21 05:27:58.345000
Cheryl Blake,Training and Development,100,2024-10-21 05:27:58.345000
Cheryl Blake,AWS Fundamentals,100,2024-10-21 05:27:58.345000
Cheryl Blake,Penetration Testing,100,2024-10-21 05:27:58.345000
Valerie Rodriguez,Data Visualization with Matplotlib,100,2024-10-21 05:27:58.345000
Valerie Rodriguez,Data Analysis for Business Decisions,100,2024-10-21 05:27:58.345000
Valerie Rodriguez,Data Ethics,100,2024-10-21 05:27:58.345000
Valerie Rodriguez,Data Cleaning & Preprocessing,100,2024-10-21 05:27:58.345000
Valerie Rodriguez,Data Analysis with Pandas,100,2024-10-21 05:27:58.345000
Valerie Rodriguez,JavaScript Basics,100,2024-10-21 05:27:58.345000
Valerie Rodriguez,Wireframing and Prototyping,100,2024-10-21 05:27:58.345000
Valerie Rodriguez,Brand Management Online,100,2024-10-21 05:27:58.345000
Valerie Rodriguez,3D Game Development,100,2024-10-21 05:27:58.345000
Valerie Rodriguez,Performance Optimization for Mobile Apps,100,2024-10-21 05:27:58.345000
Valerie Rodriguez,Customer Service Excellence,100,2024-10-21 05:27:58.345000
Valerie Rodriguez,Requirements Gathering Techniques,100,2024-10-21 05:27:58.345000
Valerie Rodriguez,Reinforcement Learning Techniques,100,2024-10-21 05:27:58.345000
Valerie Rodriguez,Project Management Tools Overview,100,2024-10-21 05:27:58.345000
Valerie Rodriguez,SEO Best Practices,100,2024-10-21 05:27:58.345000
Adam Campbell DVM,Data Cleaning & Preprocessing,100,2024-10-21 05:27:58.345000
Adam Campbell DVM,Data Analysis with Pandas,100,2024-10-21 05:27:58.345000
Adam Campbell DVM,Data Analysis for Business Decisions,100,2024-10-21 05:27:58.345000
Adam Campbell DVM,Data Ethics,100,2024-10-21 05:27:58.345000
Adam Campbell DVM,Data Visualization with Matplotlib,100,2024-10-21 05:27:58.345000
Adam Campbell DVM,Responsive Design Principles,100,2024-10-21 05:27:58.345000
Adam Campbell DVM,AI in IoT,100,2024-10-21 05:27:58.345000
Adam Campbell DVM,Financial Reporting Standards,100,2024-10-21 05:27:58.345000
Adam Campbell DVM,Container Orchestration with Kubernetes,100,2024-10-21 05:27:58.345000
Adam Campbell DVM,Computer Vision Applications,100,2024-10-21 05:27:58.345000
Adam Campbell DVM,Game Monetization Strategies,100,2024-10-21 05:27:58.345000
Adam Campbell DVM,Presentation Skills for Sales,100,2024-10-21 05:27:58.345000
Aaron Johns,Data Ethics,100,2024-10-21 05:27:58.345000
Aaron Johns,Data Analysis with Pandas,100,2024-10-21 05:27:58.345000
Aaron Johns,Data Analysis for Business Decisions,100,2024-10-21 05:27:58.345000
Aaron Johns,Data Cleaning & Preprocessing,100,2024-10-21 05:27:58.345000
Aaron Johns,Introduction to Game Development,100,2024-10-21 05:27:58.345000
Aaron Johns,Customer Service Excellence,100,2024-10-21 05:27:58.345000
Aaron Johns,Troubleshooting Techniques,100,2024-10-21 05:27:58.345000
Aaron Johns,Introduction to Content Creation,100,2024-10-21 05:27:58.345000
Aaron Johns,Corporate Finance Essentials,100,2024-10-21 05:27:58.345000
Aaron Johns,Frontend Development Basics,100,2024-10-21 05:27:58.345000
Aaron Johns,Decentralized Applications (DApps),100,2024-10-21 05:27:58.345000
Aaron Johns,Risk Analysis and Management,100,2024-10-21 05:27:58.345000
Aaron Johns,ITIL Foundations,100,2024-10-21 05:27:58.345000
Aaron Johns,Financial Analysis Techniques,100,2024-10-21 05:27:58.345000
Aaron Johns,Introduction to Blockchain,100,2024-10-21 05:27:58.345000
Sarah Smith,Data Analysis for Business Decisions,100,2024-10-21 05:27:58.345000
Sarah Smith,Data Ethics,100,2024-10-21 05:27:58.345000
Sarah Smith,Data Analysis with Pandas,100,2024-10-21 05:27:58.345000
Sarah Smith,Data Cleaning & Preprocessing,100,2024-10-21 05:27:58.345000
Sarah Smith,Data Visualization with Matplotlib,100,2024-10-21 05:27:58.345000
Sarah Smith,Introduction to IT Support,100,2024-10-21 05:27:58.345000
Sarah Smith,Email Marketing Basics,100,2024-10-21 05:27:58.345000
Sarah Smith,Cross-Platform Development with Flutter,100,2024-10-21 05:27:58.345000
Sarah Smith,Brand Management Online,100,2024-10-21 05:27:58.345000
Sarah Smith,Introduction to DevOps,100,2024-10-21 05:27:58.345000
Sarah Smith,Graphic Design Basics for Content,100,2024-10-21 05:27:58.345000
Sarah Smith,Frontend Development Basics,100,2024-10-21 05:27:58.345000
Sarah Smith,JavaScript Basics,100,2024-10-21 05:27:58.345000
Sarah Smith,Design Thinking Process,100,2024-10-21 05:27:58.345000
Glenn Campbell,Data Analysis with Pandas,100,2024-10-21 05:27:58.346000
Glenn Campbell,Data Visualization with Matplotlib,100,2024-10-21 05:27:58.346000
Glenn Campbell,Data Analysis for Business Decisions,100,2024-10-21 05:27:58.346000
Glenn Campbell,Data Ethics,100,2024-10-21 05:27:58.346000
Glenn Campbell,Data Cleaning & Preprocessing,100,2024-10-21 05:27:58.346000
Glenn Campbell,Introduction to UI/UX Design,100,2024-10-21 05:27:58.346000
Glenn Campbell,Introduction to Finance,100,2024-10-21 05:27:58.346000
Glenn Campbell,HTML & CSS,100,2024-10-21 05:27:58.346000
Glenn Campbell,Content Management Systems (CMS),100,2024-10-21 05:27:58.346000
Glenn Campbell,Reinforcement Learning Techniques,100,2024-10-21 05:27:58.346000
Glenn Campbell,AI for Business,100,2024-10-21 05:27:58.346000
Kelly Douglas,Data Cleaning & Preprocessing,100,2024-10-21 05:27:58.346000
Kelly Douglas,Data Visualization with Matplotlib,100,2024-10-21 05:27:58.346000
Kelly Douglas,Data Ethics,100,2024-10-21 05:27:58.346000
Kelly Douglas,Data Analysis with Pandas,100,2024-10-21 05:27:58.346000
Kelly Douglas,Git & GitHub,100,2024-10-21 05:27:58.346000
Kelly Douglas,Consensus Algorithms,100,2024-10-21 05:27:58.346000
Kelly Douglas,3D Game Development,100,2024-10-21 05:27:58.346000
Kelly Douglas,Networking Basics,100,2024-10-21 05:27:58.346000
Kelly Douglas,Conflict Resolution in HR,100,2024-10-21 05:27:58.346000
Kelly Douglas,Natural Language Processing,100,2024-10-21 05:27:58.346000
Kelly Douglas,Mobile App Design,100,2024-10-21 05:27:58.346000
Timothy Zimmerman,Data Ethics,100,2024-10-21 05:27:58.346000
Timothy Zimmerman,Data Analysis with Pandas,100,2024-10-21 05:27:58.346000
Timothy Zimmerman,Data Visualization with Matplotlib,100,2024-10-21 05:27:58.346000
Timothy Zimmerman,Data Cleaning & Preprocessing,100,2024-10-21 05:27:58.346000
Timothy Zimmerman,Data Analysis for Business Decisions,100,2024-10-21 05:27:58.346000
Timothy Zimmerman,Requirements Gathering Techniques,100,2024-10-21 05:27:58.346000
Timothy Zimmerman,Building Customer Relationships,100,2024-10-21 05:27:58.346000
Timothy Zimmerman,Microservices in Cloud,100,2024-10-21 05:27:58.346000
Timothy Zimmerman,Visual Design Basics,100,2024-10-21 05:27:58.346000
Timothy Zimmerman,Customer Service Skills for IT,100,2024-10-21 05:27:58.346000
Timothy Zimmerman,Statistical Analysis,100,2024-10-21 05:27:58.346000
Timothy Zimmerman,Reinforcement Learning Techniques,100,2024-10-21 05:27:58.346000
Aaron Harris,Data Analysis with Pandas,100,2024-10-21 05:27:58.346000
Aaron Harris,Data Visualization with Matplotlib,100,2024-10-21 05:27:58.346000
Aaron Harris,Data Cleaning & Preprocessing,100,2024-10-21 05:27:58.346000
Aaron Harris,Data Ethics,100,2024-10-21 05:27:58.346000
Aaron Harris,Data Analysis for Business Decisions,100,2024-10-21 05:27:58.346000
Aaron Harris,Malware Analysis,100,2024-10-21 05:27:58.346000
Aaron Harris,RESTful Services,100,2024-10-21 05:27:58.346000
Aaron Harris,App Monetization Strategies,100,2024-10-21 05:27:58.346000
Aaron Harris,Ethics in AI,100,2024-10-21 05:27:58.346000
Aaron Harris,Hardware Repair Skills,100,2024-10-21 05:27:58.346000
Aaron Harris,Web Performance Optimization,100,2024-10-21 05:27:58.346000
Aaron Harris,Time Management for Sales,100,2024-10-21 05:27:58.346000
Marie Green,Data Cleaning & Preprocessing,100,2024-10-21 05:27:58.346000
Marie Green,Data Analysis for Business Decisions,100,2024-10-21 05:27:58.346000
Marie Green,Data Analysis with Pandas,100,2024-10-21 05:27:58.346000
Marie Green,Data Visualization with Matplotlib,100,2024-10-21 05:27:58.346000
Marie Green,Data Ethics,100,2024-10-21 05:27:58.346000
Marie Green,Design Thinking Process,100,2024-10-21 05:27:58.346000
Marie Green,Social Media Content Creation,100,2024-10-21 05:27:58.346000
Marie Green,MongoDB,100,2024-10-21 05:27:58.346000
Marie Green,Frontend Development Basics,100,2024-10-21 05:27:58.346000
Marie Green,API Integration in Mobile Apps,100,2024-10-21 05:27:58.346000
Jason Wells,Data Visualization with Matplotlib,100,2024-10-21 05:27:58.346000
Jason Wells,Data Analysis for Business Decisions,100,2024-10-21 05:27:58.346000
Jason Wells,Data Analysis with Pandas,100,2024-10-21 05:27:58.346000
Jason Wells,Data Cleaning & Preprocessing,100,2024-10-21 05:27:58.346000
Jason Wells,Data Ethics,100,2024-10-21 05:27:58.346000
Jason Wells,Express.js,100,2024-10-21 05:27:58.346000
Jason Wells,Reinforcement Learning,100,2024-10-21 05:27:58.346000
Jason Wells,Security Awareness for IT Support,100,2024-10-21 05:27:58.346000
Jason Wells,AI in Healthcare,100,2024-10-21 05:27:58.346000
Jason Wells,Conversion Rate Optimization,100,2024-10-21 05:27:58.346000
Jason Wells,Penetration Testing,100,2024-10-21 05:27:58.346000
Jason Wells,Negotiation Techniques,100,2024-10-21 05:27:58.346000
Charles Smith,Data Ethics,100,2024-10-21 05:27:58.346000
Charles Smith,Data Analysis for Business Decisions,100,2024-10-21 05:27:58.346000
Charles Smith,Data Cleaning & Preprocessing,100,2024-10-21 05:27:58.346000
Charles Smith,Data Analysis with Pandas,100,2024-10-21 05:27:58.346000
Charles Smith,Data Visualization with Matplotlib,100,2024-10-21 05:27:58.346000
Charles Smith,Closing Sales Strategies,100,2024-10-21 05:27:58.346000
Charles Smith,iOS Development Basics,100,2024-10-21 05:27:58.346000
Charles Smith,Virtual Reality Development,100,2024-10-21 05:27:58.346000
Charles Smith,HTML & CSS,100,2024-10-21 05:27:58.346000
Charles Smith,Computer Vision Basics,100,2024-10-21 05:27:58.346000
Charles Smith,Frontend Development Basics,100,2024-10-21 05:27:58.346000
Charles Smith,Introduction to DevOps,100,2024-10-21 05:27:58.346000
Brent Aguilar,Data Analysis for Business Decisions,100,2024-10-21 05:27:58.346000
Brent Aguilar,Data Analysis with Pandas,100,2024-10-21 05:27:58.346000
Brent Aguilar,Data Cleaning & Preprocessing,100,2024-10-21 05:27:58.346000
Brent Aguilar,Data Ethics,100,2024-10-21 05:27:58.346000
Brent Aguilar,Data Visualization with Matplotlib,100,2024-10-21 05:27:58.346000
Brent Aguilar,Investing Fundamentals,100,2024-10-21 05:27:58.346000
Brent Aguilar,Understanding Financial Markets,100,2024-10-21 05:27:58.346000
Brent Aguilar,Risk Management in Projects,100,2024-10-21 05:27:58.346000
Brent Aguilar,Git & GitHub,100,2024-10-21 05:27:58.346000
Brent Aguilar,Quality Management,100,2024-10-21 05:27:58.346000
Brent Aguilar,Corporate Finance Essentials,100,2024-10-21 05:27:58.346000
Brent Aguilar,Azure Basics,100,2024-10-21 05:27:58.346000
Joel Perez,Data Analysis for Business Decisions,100,2024-10-21 05:27:58.346000
Joel Perez,Data Ethics,100,2024-10-21 05:27:58.346000
Joel Perez,Data Analysis with Pandas,100,2024-10-21 05:27:58.346000
Joel Perez,Data Cleaning & Preprocessing,100,2024-10-21 05:27:58.346000
Joel Perez,Data Visualization with Matplotlib,100,2024-10-21 05:27:58.346000
Joel Perez,Publishing Mobile Apps,100,2024-10-21 05:27:58.346000
Joel Perez,Natural Language Processing,100,2024-10-21 05:27:58.346000
Joel Perez,API Integration in Mobile Apps,100,2024-10-21 05:27:58.346000
Joel Perez,Web Performance Optimization,100,2024-10-21 05:27:58.346000
Joel Perez,Introduction to IT Support,100,2024-10-21 05:27:58.346000
Joel Perez,Affiliate Marketing,100,2024-10-21 05:27:58.346000
Joel Perez,Risk Analysis and Management,100,2024-10-21 05:27:58.346000
Joel Perez,Financial Analysis Techniques,100,2024-10-21 05:27:58.346000
Nicholas Reid,Data Visualization with Matplotlib,100,2024-10-21 05:27:58.346000
Nicholas Reid,Data Analysis for Business Decisions,100,2024-10-21 05:27:58.346000
Nicholas Reid,Data Analysis with Pandas,100,2024-10-21 05:27:58.346000
Nicholas Reid,Data Ethics,100,2024-10-21 05:27:58.346000
Nicholas Reid,Data Cleaning & Preprocessing,100,2024-10-21 05:27:58.346000
Nicholas Reid,Video Production Basics,100,2024-10-21 05:27:58.346000
Nicholas Reid,Email Marketing Basics,100,2024-10-21 05:27:58.346000
Nicholas Reid,Operating Systems Overview,100,2024-10-21 05:27:58.346000
Nicholas Reid,Cloud Support Fundamentals,100,2024-10-21 05:27:58.346000
Nicholas Reid,Computer Vision Applications,100,2024-10-21 05:27:58.346000
Nicholas Reid,Analytics for Marketers,100,2024-10-21 05:27:58.346000
Barry Morrison,Data Ethics,100,2024-10-21 05:27:58.346000
Barry Morrison,Data Analysis for Business Decisions,100,2024-10-21 05:27:58.346000
Barry Morrison,Data Analysis with Pandas,100,2024-10-21 05:27:58.346000
Barry Morrison,Data Visualization with Matplotlib,100,2024-10-21 05:27:58.346000
Barry Morrison,Data Cleaning & Preprocessing,100,2024-10-21 05:27:58.346000
Barry Morrison,Consensus Algorithms,100,2024-10-21 05:27:58.346000
Barry Morrison,Introduction to Human Resources,100,2024-10-21 05:27:58.346000
Barry Morrison,Financial Planning and Forecasting,100,2024-10-21 05:27:58.346000
Barry Morrison,SWOT Analysis for Business,100,2024-10-21 05:27:58.346000
Barry Morrison,Blockchain Use Cases,100,2024-10-21 05:27:58.346000
Barry Morrison,Interaction Design Principles,100,2024-10-21 05:27:58.346000
Barry Morrison,JavaScript Basics,100,2024-10-21 05:27:58.346000
Barry Morrison,Machine Learning Basics,100,2024-10-21 05:27:58.346000
Barry Morrison,Backend Development Fundamentals,100,2024-10-21 05:27:58.346000
Larry Mitchell,Data Cleaning & Preprocessing,100,2024-10-21 05:27:58.346000
Larry Mitchell,Data Analysis for Business Decisions,100,2024-10-21 05:27:58.346000
Larry Mitchell,Data Analysis with Pandas,100,2024-10-21 05:27:58.346000
Larry Mitchell,Data Visualization with Matplotlib,100,2024-10-21 05:27:58.346000
Larry Mitchell,Supervised Learning,100,2024-10-21 05:27:58.346000
Larry Mitchell,AI in IoT,100,2024-10-21 05:27:58.346000
Larry Mitchell,HR Technology Tools,100,2024-10-21 05:27:58.346000
Larry Mitchell,Design Tools Overview,100,2024-10-21 05:27:58.346000
Larry Mitchell,3D Game Development,100,2024-10-21 05:27:58.346000
Larry Mitchell,Penetration Testing,100,2024-10-21 05:27:58.346000
Larry Mitchell,Performance Management Systems,100,2024-10-21 05:27:58.346000
Larry Mitchell,Introduction to DevOps,100,2024-10-21 05:27:58.346000
John Webster,Data Visualization with Matplotlib,100,2024-10-21 05:27:58.346000
John Webster,Data Analysis with Pandas,100,2024-10-21 05:27:58.346000
John Webster,Data Cleaning & Preprocessing,100,2024-10-21 05:27:58.346000
John Webster,Data Analysis for Business Decisions,100,2024-10-21 05:27:58.346000
John Webster,Data Ethics,100,2024-10-21 05:27:58.346000
John Webster,DevOps in the Cloud,100,2024-10-21 05:27:58.346000
John Webster,iOS Development Basics,100,2024-10-21 05:27:58.346000
John Webster,Quality Management,100,2024-10-21 05:27:58.346000
John Webster,Malware Analysis,100,2024-10-21 05:27:58.346000
John Webster,Time Management for Sales,100,2024-10-21 05:27:58.346000
John Webster,HR Analytics,100,2024-10-21 05:27:58.346000
John Webster,Performance Optimization for Mobile Apps,100,2024-10-21 05:27:58.346000
John Webster,Virtual Reality Development,100,2024-10-21 05:27:58.346000
John Webster,Employee Engagement Techniques,100,2024-10-21 05:27:58.346000
Randy Whitaker Jr.,Data Cleaning & Preprocessing,100,2024-10-21 05:27:58.346000
Randy Whitaker Jr.,Data Analysis for Business Decisions,100,2024-10-21 05:27:58.346000
Randy Whitaker Jr.,Data Visualization with Matplotlib,100,2024-10-21 05:27:58.346000
Randy Whitaker Jr.,Data Analysis with Pandas,100,2024-10-21 05:27:58.346000
Randy Whitaker Jr.,Data Ethics,100,2024-10-21 05:27:58.346000
Randy Whitaker Jr.,Risk Management in Projects,100,2024-10-21 05:27:58.346000
Randy Whitaker Jr.,Android Development Basics,100,2024-10-21 05:27:58.347000
Randy Whitaker Jr.,Agile Project Management,100,2024-10-21 05:27:58.347000
Randy Whitaker Jr.,Multiplayer Game Development,100,2024-10-21 05:27:58.347000
Randy Whitaker Jr.,Computer Vision Applications,100,2024-10-21 05:27:58.347000
Randy Whitaker Jr.,Content Marketing Strategies,100,2024-10-21 05:27:58.347000
Randy Whitaker Jr.,Closing Sales Strategies,100,2024-10-21 05:27:58.347000
Randy Whitaker Jr.,Conflict Resolution in HR,100,2024-10-21 05:27:58.347000
Lori Turner,Data Ethics,100,2024-10-21 05:27:58.347000
Lori Turner,Data Visualization with Matplotlib,100,2024-10-21 05:27:58.347000
Lori Turner,Data Analysis with Pandas,100,2024-10-21 05:27:58.347000
Lori Turner,Data Analysis for Business Decisions,100,2024-10-21 05:27:58.347000
Lori Turner,Data Cleaning & Preprocessing,100,2024-10-21 05:27:58.347000
Lori Turner,Deep Learning Fundamentals,100,2024-10-21 05:27:58.347000
Lori Turner,Business Case Development,100,2024-10-21 05:27:58.347000
Lori Turner,Introduction to Content Creation,100,2024-10-21 05:27:58.347000
Lori Turner,AI in Healthcare,100,2024-10-21 05:27:58.347000
Lori Turner,Risk Management in Cybersecurity,100,2024-10-21 05:27:58.347000
Lori Turner,Cloud Security Best Practices,100,2024-10-21 05:27:58.347000
Lori Turner,Introduction to IT Support,100,2024-10-21 05:27:58.347000
Anita Williams,Data Visualization with Matplotlib,100,2024-10-21 05:27:58.347000
Anita Williams,Data Ethics,100,2024-10-21 05:27:58.347000
Anita Williams,Data Analysis with Pandas,100,2024-10-21 05:27:58.347000
Anita Williams,Data Cleaning & Preprocessing,100,2024-10-21 05:27:58.347000
Anita Williams,Data Analysis for Business Decisions,100,2024-10-21 05:27:58.347000
Anita Williams,Content Management Systems (CMS),100,2024-10-21 05:27:58.347000
Anita Williams,Social Media Marketing,100,2024-10-21 05:27:58.347000
Anita Williams,Continuous Integration and Delivery,100,2024-10-21 05:27:58.347000
Anita Williams,Penetration Testing,100,2024-10-21 05:27:58.347000
Anita Williams,Budgeting Basics,100,2024-10-21 05:27:58.347000
Anita Williams,HR Technology Tools,100,2024-10-21 05:27:58.347000
Anita Williams,Remote Support Techniques,100,2024-10-21 05:27:58.347000
Anthony Larson,Data Analysis for Business Decisions,100,2024-10-21 05:27:58.347000
Anthony Larson,Data Analysis with Pandas,100,2024-10-21 05:27:58.347000
Anthony Larson,Data Ethics,100,2024-10-21 05:27:58.347000
Anthony Larson,Data Visualization with Matplotlib,100,2024-10-21 05:27:58.347000
Anthony Larson,Data Cleaning & Preprocessing,100,2024-10-21 05:27:58.347000
Anthony Larson,Cryptography Basics,100,2024-10-21 05:27:58.347000
Anthony Larson,Visual Design Basics,100,2024-10-21 05:27:58.347000
Anthony Larson,Project Management Basics,100,2024-10-21 05:27:58.347000
Anthony Larson,Budgeting for Projects,100,2024-10-21 05:27:58.347000
Anthony Larson,Stakeholder Analysis,100,2024-10-21 05:27:58.347000
Kelly Davis,Data Analysis for Business Decisions,100,2024-10-21 05:27:58.347000
Kelly Davis,Data Analysis with Pandas,100,2024-10-21 05:27:58.347000
Kelly Davis,Data Cleaning & Preprocessing,100,2024-10-21 05:27:58.347000
Kelly Davis,Data Ethics,100,2024-10-21 05:27:58.347000
Kelly Davis,Data Visualization with Matplotlib,100,2024-10-21 05:27:58.347000
Kelly Davis,Unreal Engine Basics,100,2024-10-21 05:27:58.347000
Kelly Davis,Game Design Principles,100,2024-10-21 05:27:58.347000
Kelly Davis,Introduction to Content Creation,100,2024-10-21 05:27:58.347000
Kelly Davis,Deep Learning with TensorFlow,100,2024-10-21 05:27:58.347000
Kelly Davis,Influencer Marketing,100,2024-10-21 05:27:58.347000
Kelly Davis,Corporate Finance Essentials,100,2024-10-21 05:27:58.347000
Kelly Davis,Presentation Skills for Sales,100,2024-10-21 05:27:58.347000
James Russell,Data Analysis with Pandas,100,2024-10-21 05:27:58.347000
James Russell,Data Analysis for Business Decisions,100,2024-10-21 05:27:58.347000
James Russell,Data Ethics,100,2024-10-21 05:27:58.347000
James Russell,Data Cleaning & Preprocessing,100,2024-10-21 05:27:58.347000
James Russell,Data Visualization with Matplotlib,100,2024-10-21 05:27:58.347000
James Russell,Hyperledger Basics,100,2024-10-21 05:27:58.347000
James Russell,Cloud Support Fundamentals,100,2024-10-21 05:27:58.347000
James Russell,Change Management,100,2024-10-21 05:27:58.347000
James Russell,Reinforcement Learning Techniques,100,2024-10-21 05:27:58.347000
James Russell,Consensus Algorithms,100,2024-10-21 05:27:58.347000
James Russell,Conversion Rate Optimization,100,2024-10-21 05:27:58.347000
James Russell,Configuration Management with Ansible,100,2024-10-21 05:27:58.347000
James Russell,Mobile Testing Strategies,100,2024-10-21 05:27:58.347000
Natalie Mcguire,Data Visualization with Matplotlib,100,2024-10-21 05:27:58.347000
Natalie Mcguire,Data Analysis for Business Decisions,100,2024-10-21 05:27:58.347000
Natalie Mcguire,Data Ethics,100,2024-10-21 05:27:58.347000
Natalie Mcguire,Data Analysis with Pandas,100,2024-10-21 05:27:58.347000
Natalie Mcguire,Data Cleaning & Preprocessing,100,2024-10-21 05:27:58.347000
Natalie Mcguire,Predictive Analytics,100,2024-10-21 05:27:58.347000
Natalie Mcguire,App Monetization Strategies,100,2024-10-21 05:27:58.347000
Natalie Mcguire,Container Orchestration with Kubernetes,100,2024-10-21 05:27:58.347000
Natalie Mcguire,Sales Fundamentals,100,2024-10-21 05:27:58.347000
Natalie Mcguire,Project Management Basics,100,2024-10-21 05:27:58.347000
Natalie Mcguire,Performance Management Systems,100,2024-10-21 05:27:58.347000
Gabriel Owens,Data Analysis for Business Decisions,100,2024-10-21 05:27:58.347000
Gabriel Owens,Data Analysis with Pandas,100,2024-10-21 05:27:58.347000
Gabriel Owens,Data Visualization with Matplotlib,100,2024-10-21 05:27:58.347000
Gabriel Owens,Data Ethics,100,2024-10-21 05:27:58.347000
Gabriel Owens,Cloud Cost Management,100,2024-10-21 05:27:58.347000
Gabriel Owens,3D Game Development,100,2024-10-21 05:27:58.347000
Gabriel Owens,AWS Fundamentals,100,2024-10-21 05:27:58.347000
Gabriel Owens,Mobile App Design,100,2024-10-21 05:27:58.347000
Gabriel Owens,SWOT Analysis for Business,100,2024-10-21 05:27:58.347000
Gabriel Owens,Introduction to Cloud Computing,100,2024-10-21 05:27:58.347000
Gabriel Owens,Introduction to Finance,100,2024-10-21 05:27:58.347000
Gabriel Owens,Risk Management in Cybersecurity,100,2024-10-21 05:27:58.347000
Gabriel Owens,Deployment & Hosting,100,2024-10-21 05:27:58.347000
Gabriel Owens,Visual Design Basics,100,2024-10-21 05:27:58.347000
Jennifer Chen,Data Ethics,100,2024-10-21 05:27:58.347000
Jennifer Chen,Data Analysis for Business Decisions,100,2024-10-21 05:27:58.347000
Jennifer Chen,Data Visualization with Matplotlib,100,2024-10-21 05:27:58.347000
Jennifer Chen,Data Analysis with Pandas,100,2024-10-21 05:27:58.347000
Jennifer Chen,Data Cleaning & Preprocessing,100,2024-10-21 05:27:58.347000
Jennifer Chen,Introduction to Cloud Computing,100,2024-10-21 05:27:58.347000
Jennifer Chen,DevOps in the Cloud,100,2024-10-21 05:27:58.347000
Jennifer Chen,Introduction to Content Creation,100,2024-10-21 05:27:58.347000
Jennifer Chen,Computer Vision Basics,100,2024-10-21 05:27:58.347000
Jennifer Chen,Big Data with Spark,100,2024-10-21 05:27:58.347000
Jorge Stephens,Data Ethics,100,2024-10-21 05:27:58.347000
Jorge Stephens,Data Visualization with Matplotlib,100,2024-10-21 05:27:58.347000
Jorge Stephens,Data Analysis for Business Decisions,100,2024-10-21 05:27:58.347000
Jorge Stephens,Data Analysis with Pandas,100,2024-10-21 05:27:58.347000
Jorge Stephens,Data Cleaning & Preprocessing,100,2024-10-21 05:27:58.347000
Jorge Stephens,Budgeting for Projects,100,2024-10-21 05:27:58.347000
Jorge Stephens,Tokenomics,100,2024-10-21 05:27:58.347000
Jorge Stephens,Ethics in AI,100,2024-10-21 05:27:58.347000
Jorge Stephens,Risk Management in Projects,100,2024-10-21 05:27:58.347000
Jorge Stephens,Web Accessibility Standards,100,2024-10-21 05:27:58.347000
Gary Mendez,Data Visualization with Matplotlib,100,2024-10-21 05:27:58.347000
Gary Mendez,Data Ethics,100,2024-10-21 05:27:58.347000
Gary Mendez,Data Analysis for Business Decisions,100,2024-10-21 05:27:58.347000
Gary Mendez,Data Analysis with Pandas,100,2024-10-21 05:27:58.347000
Gary Mendez,Introduction to Game Development,100,2024-10-21 05:27:58.347000
Gary Mendez,Smart Contracts Development,100,2024-10-21 05:27:58.347000
Gary Mendez,Operating Systems Overview,100,2024-10-21 05:27:58.347000
Gary Mendez,Reinforcement Learning,100,2024-10-21 05:27:58.347000
Gary Mendez,Cloud Cost Management,100,2024-10-21 05:27:58.347000
Gary Mendez,Labor Laws and Compliance,100,2024-10-21 05:27:58.347000
Thomas Wallace,Data Cleaning & Preprocessing,100,2024-10-21 05:27:58.347000
Thomas Wallace,Data Analysis with Pandas,100,2024-10-21 05:27:58.347000
Thomas Wallace,Data Ethics,100,2024-10-21 05:27:58.347000
Thomas Wallace,Data Analysis for Business Decisions,100,2024-10-21 05:27:58.347000
Thomas Wallace,Data Visualization with Matplotlib,100,2024-10-21 05:27:58.347000
Thomas Wallace,Labor Laws and Compliance,100,2024-10-21 05:27:58.347000
Thomas Wallace,Web Performance Optimization,100,2024-10-21 05:27:58.347000
Thomas Wallace,Hyperledger Basics,100,2024-10-21 05:27:58.347000
Thomas Wallace,Progressive Web Apps (PWAs),100,2024-10-21 05:27:58.347000
Thomas Wallace,User Interface Design for Mobile Apps,100,2024-10-21 05:27:58.347000
Thomas Wallace,Project Management Basics,100,2024-10-21 05:27:58.347000
Tony Nelson,Data Analysis for Business Decisions,100,2024-10-21 05:27:58.347000
Tony Nelson,Data Cleaning & Preprocessing,100,2024-10-21 05:27:58.347000
Tony Nelson,Data Visualization with Matplotlib,100,2024-10-21 05:27:58.347000
Tony Nelson,Data Ethics,100,2024-10-21 05:27:58.347000
Tony Nelson,Data Analysis with Pandas,100,2024-10-21 05:27:58.347000
Tony Nelson,Risk Management in Projects,100,2024-10-21 05:27:58.347000
Tony Nelson,SEO Best Practices,100,2024-10-21 05:27:58.347000
Tony Nelson,Introduction to Game Development,100,2024-10-21 05:27:58.347000
Tony Nelson,Agile Project Management,100,2024-10-21 05:27:58.347000
Tony Nelson,Hardware Repair Skills,100,2024-10-21 05:27:58.347000
Tony Nelson,Progressive Web Apps (PWAs),100,2024-10-21 05:27:58.347000
Tony Nelson,Natural Language Processing Techniques,100,2024-10-21 05:27:58.347000
Isabella Santos DDS,Data Ethics,100,2024-10-21 05:27:58.347000
Isabella Santos DDS,Data Analysis with Pandas,100,2024-10-21 05:27:58.347000
Isabella Santos DDS,Data Analysis for Business Decisions,100,2024-10-21 05:27:58.347000
Isabella Santos DDS,Data Cleaning & Preprocessing,100,2024-10-21 05:27:58.347000
Isabella Santos DDS,Data Visualization with Matplotlib,100,2024-10-21 05:27:58.347000
Isabella Santos DDS,Hyperledger Basics,100,2024-10-21 05:27:58.347000
Isabella Santos DDS,Video Production Basics,100,2024-10-21 05:27:58.347000
Isabella Santos DDS,DevOps in the Cloud,100,2024-10-21 05:27:58.347000
Isabella Santos DDS,Computer Vision Basics,100,2024-10-21 05:27:58.347000
Isabella Santos DDS,Git & GitHub,100,2024-10-21 05:27:58.347000
Isabella Santos DDS,Introduction to Human Resources,100,2024-10-21 05:27:58.347000
Isabella Santos DDS,AWS Fundamentals,100,2024-10-21 05:27:58.347000
Isabella Santos DDS,SEO for Content Creators,100,2024-10-21 05:27:58.347000
Pam Thompson,Data Analysis with Pandas,100,2024-10-21 05:27:58.347000
Pam Thompson,Data Ethics,100,2024-10-21 05:27:58.348000
Pam Thompson,Data Cleaning & Preprocessing,100,2024-10-21 05:27:58.348000
Pam Thompson,Data Analysis for Business Decisions,100,2024-10-21 05:27:58.348000
Pam Thompson,Data Visualization with Matplotlib,100,2024-10-21 05:27:58.348000
Pam Thompson,SWOT Analysis for Business,100,2024-10-21 05:27:58.348000
Pam Thompson,Backend Development Fundamentals,100,2024-10-21 05:27:58.348000
Pam Thompson,Blockchain Use Cases,100,2024-10-21 05:27:58.348000
Pam Thompson,HR Analytics,100,2024-10-21 05:27:58.348000
Pam Thompson,iOS Development Basics,100,2024-10-21 05:27:58.348000
Pam Thompson,Communication Skills for Project Managers,100,2024-10-21 05:27:58.348000
Pam Thompson,Presentation Skills for Sales,100,2024-10-21 05:27:58.348000
Pam Thompson,Git & GitHub,100,2024-10-21 05:27:58.348000
Pam Thompson,Configuration Management with Ansible,100,2024-10-21 05:27:58.348000
Pam Thompson,Budgeting for Projects,100,2024-10-21 05:27:58.348000
Jonathan Hopkins,Data Visualization with Matplotlib,100,2024-10-21 05:27:58.348000
Jonathan Hopkins,Data Analysis with Pandas,100,2024-10-21 05:27:58.348000
Jonathan Hopkins,Data Analysis for Business Decisions,100,2024-10-21 05:27:58.348000
Jonathan Hopkins,Data Cleaning & Preprocessing,100,2024-10-21 05:27:58.348000
Jonathan Hopkins,Data Ethics,100,2024-10-21 05:27:58.348000
Jonathan Hopkins,Introduction to Business Analysis,100,2024-10-21 05:27:58.348000
Jonathan Hopkins,Time Series Analysis,100,2024-10-21 05:27:58.348000
Jonathan Hopkins,MongoDB,100,2024-10-21 05:27:58.348000
Jonathan Hopkins,Ethical Hacking Basics,100,2024-10-21 05:27:58.348000
Jonathan Hopkins,Business Case Development,100,2024-10-21 05:27:58.348000
Jonathan Hopkins,Statistical Analysis,100,2024-10-21 05:27:58.348000
Robert Carson,Data Visualization with Matplotlib,100,2024-10-21 05:27:58.348000
Robert Carson,Data Analysis for Business Decisions,100,2024-10-21 05:27:58.348000
Robert Carson,Data Cleaning & Preprocessing,100,2024-10-21 05:27:58.348000
Robert Carson,Data Ethics,100,2024-10-21 05:27:58.348000
Robert Carson,Data Analysis with Pandas,100,2024-10-21 05:27:58.348000
Robert Carson,Investing Fundamentals,100,2024-10-21 05:27:58.348000
Robert Carson,Game Monetization Strategies,100,2024-10-21 05:27:58.348000
Robert Carson,App Monetization Strategies,100,2024-10-21 05:27:58.348000
Robert Carson,HR Analytics,100,2024-10-21 05:27:58.348000
Robert Carson,Blockchain Use Cases,100,2024-10-21 05:27:58.348000
Robert Carson,Understanding Financial Markets,100,2024-10-21 05:27:58.348000
Robert Carson,iOS Development Basics,100,2024-10-21 05:27:58.348000
Robert Carson,Azure Basics,100,2024-10-21 05:27:58.348000
Robert Carson,Performance Management Systems,100,2024-10-21 05:27:58.348000
Robert Carson,AI in Healthcare,100,2024-10-21 05:27:58.348000
Daniel Terrell,Data Visualization with Matplotlib,100,2024-10-21 05:27:58.348000
Daniel Terrell,Data Ethics,100,2024-10-21 05:27:58.348000
Daniel Terrell,Data Analysis with Pandas,100,2024-10-21 05:27:58.348000
Daniel Terrell,Data Cleaning & Preprocessing,100,2024-10-21 05:27:58.348000
Daniel Terrell,Data Analysis for Business Decisions,100,2024-10-21 05:27:58.348000
Daniel Terrell,Labor Laws and Compliance,100,2024-10-21 05:27:58.348000
Daniel Terrell,Progressive Web Apps (PWAs),100,2024-10-21 05:27:58.348000
Daniel Terrell,Responsive Design Principles,100,2024-10-21 05:27:58.348000
Daniel Terrell,Introduction to Blockchain,100,2024-10-21 05:27:58.348000
Daniel Terrell,Email Marketing Basics,100,2024-10-21 05:27:58.348000
Daniel Terrell,JavaScript Basics,100,2024-10-21 05:27:58.348000
Amanda Craig,Data Analysis with Pandas,100,2024-10-21 05:27:58.348000
Amanda Craig,Data Cleaning & Preprocessing,100,2024-10-21 05:27:58.348000
Amanda Craig,Data Analysis for Business Decisions,100,2024-10-21 05:27:58.348000
Amanda Craig,Data Visualization with Matplotlib,100,2024-10-21 05:27:58.348000
Amanda Craig,Introduction to Cloud Computing,100,2024-10-21 05:27:58.348000
Amanda Craig,Interaction Design Principles,100,2024-10-21 05:27:58.348000
Amanda Craig,Unity Basics,100,2024-10-21 05:27:58.348000
Amanda Craig,Introduction to Machine Learning,100,2024-10-21 05:27:58.348000
Amanda Craig,User Research Techniques,100,2024-10-21 05:27:58.348000
Amanda Craig,ITIL Foundations,100,2024-10-21 05:27:58.348000
Amanda Craig,Risk Management in Cybersecurity,100,2024-10-21 05:27:58.348000
Amanda Craig,React,100,2024-10-21 05:27:58.348000
Edward Richmond,Data Analysis for Business Decisions,100,2024-10-21 05:27:58.348000
Edward Richmond,Data Ethics,100,2024-10-21 05:27:58.348000
Edward Richmond,Data Cleaning & Preprocessing,100,2024-10-21 05:27:58.348000
Edward Richmond,Data Analysis with Pandas,100,2024-10-21 05:27:58.348000
Edward Richmond,Data Visualization with Matplotlib,100,2024-10-21 05:27:58.348000
Edward Richmond,SEO Best Practices,100,2024-10-21 05:27:58.348000
Edward Richmond,Unsupervised Learning,100,2024-10-21 05:27:58.348000
Edward Richmond,Version Control with Git,100,2024-10-21 05:27:58.348000
Edward Richmond,Analytics for Marketers,100,2024-10-21 05:27:58.348000
Edward Richmond,Multiplayer Game Development,100,2024-10-21 05:27:58.348000
Edward Richmond,Influencer Marketing,100,2024-10-21 05:27:58.348000
Edward Richmond,Consensus Algorithms,100,2024-10-21 05:27:58.348000
Edward Richmond,Security Awareness for IT Support,100,2024-10-21 05:27:58.348000
Edward Richmond,Git & GitHub,100,2024-10-21 05:27:58.348000
Edward Richmond,Web Accessibility Standards,100,2024-10-21 05:27:58.348000
Tyler Wright,Data Analysis for Business Decisions,100,2024-10-21 05:27:58.348000
Tyler Wright,Data Visualization with Matplotlib,100,2024-10-21 05:27:58.348000
Tyler Wright,Data Analysis with Pandas,100,2024-10-21 05:27:58.348000
Tyler Wright,Data Ethics,100,2024-10-21 05:27:58.348000
Tyler Wright,DevOps in the Cloud,100,2024-10-21 05:27:58.348000
Tyler Wright,Project Scheduling Techniques,100,2024-10-21 05:27:58.348000
Tyler Wright,Sales Fundamentals,100,2024-10-21 05:27:58.348000
Tyler Wright,Analytics for Marketers,100,2024-10-21 05:27:58.348000
Tyler Wright,Microservices in Cloud,100,2024-10-21 05:27:58.348000
Tyler Wright,Vulnerability Assessment,100,2024-10-21 05:27:58.348000
Tyler Wright,Incident Response,100,2024-10-21 05:27:58.348000
Tyler Wright,Interaction Design Principles,100,2024-10-21 05:27:58.348000
Tyler Wright,Frontend Development Basics,100,2024-10-21 05:27:58.348000
Christopher Chaney,Data Ethics,100,2024-10-21 05:27:58.348000
Christopher Chaney,Data Analysis for Business Decisions,100,2024-10-21 05:27:58.348000
Christopher Chaney,Data Visualization with Matplotlib,100,2024-10-21 05:27:58.348000
Christopher Chaney,Data Analysis with Pandas,100,2024-10-21 05:27:58.348000
Christopher Chaney,API Development,100,2024-10-21 05:27:58.348000
Christopher Chaney,Deep Learning with TensorFlow,100,2024-10-21 05:27:58.348000
Christopher Chaney,Introduction to Game Development,100,2024-10-21 05:27:58.348000
Christopher Chaney,JavaScript Basics,100,2024-10-21 05:27:58.348000
Christopher Chaney,Training and Development,100,2024-10-21 05:27:58.348000
Christopher Chaney,Virtual Reality Development,100,2024-10-21 05:27:58.348000
Christopher Chaney,Penetration Testing,100,2024-10-21 05:27:58.348000
Christopher Chaney,Design Tools Overview,100,2024-10-21 05:27:58.348000
Heather Hernandez,Data Analysis with Pandas,100,2024-10-21 05:27:58.348000
Heather Hernandez,Data Analysis for Business Decisions,100,2024-10-21 05:27:58.348000
Heather Hernandez,Data Ethics,100,2024-10-21 05:27:58.348000
Heather Hernandez,Data Visualization with Matplotlib,100,2024-10-21 05:27:58.348000
Heather Hernandez,Introduction to UI/UX Design,100,2024-10-21 05:27:58.348000
Heather Hernandez,Presentation Skills for Sales,100,2024-10-21 05:27:58.348000
Heather Hernandez,Android Development Basics,100,2024-10-21 05:27:58.348000
Heather Hernandez,Decentralized Applications (DApps),100,2024-10-21 05:27:58.348000
Heather Hernandez,RESTful Services,100,2024-10-21 05:27:58.348000
Heather Hernandez,Blockchain Security,100,2024-10-21 05:27:58.348000
Heather Hernandez,Web Accessibility Standards,100,2024-10-21 05:27:58.348000
Heather Hernandez,MongoDB,100,2024-10-21 05:27:58.348000
Heather Hernandez,Reinforcement Learning,100,2024-10-21 05:27:58.348000
Heather Hernandez,Visual Design Basics,100,2024-10-21 05:27:58.348000
Heather Hernandez,Containerization with Docker,100,2024-10-21 05:27:58.348000
Rebekah Lozano,Data Analysis for Business Decisions,100,2024-10-21 05:27:58.348000
Rebekah Lozano,Data Visualization with Matplotlib,100,2024-10-21 05:27:58.348000
Rebekah Lozano,Data Ethics,100,2024-10-21 05:27:58.348000
Rebekah Lozano,Data Analysis with Pandas,100,2024-10-21 05:27:58.348000
Rebekah Lozano,Data Cleaning & Preprocessing,100,2024-10-21 05:27:58.348000
Rebekah Lozano,Frontend Development Basics,100,2024-10-21 05:27:58.348000
Rebekah Lozano,JavaScript Frameworks Overview,100,2024-10-21 05:27:58.348000
Rebekah Lozano,SEO Fundamentals,100,2024-10-21 05:27:58.348000
Rebekah Lozano,App Monetization Strategies,100,2024-10-21 05:27:58.348000
Rebekah Lozano,Mobile App Design,100,2024-10-21 05:27:58.348000
Rebekah Lozano,Cloud Support Fundamentals,100,2024-10-21 05:27:58.348000
Rebekah Lozano,Consensus Algorithms,100,2024-10-21 05:27:58.348000
Rebekah Lozano,Introduction to Business Analysis,100,2024-10-21 05:27:58.348000
Rebekah Lozano,Infrastructure as Code,100,2024-10-21 05:27:58.348000
Rebekah Lozano,Usability Testing,100,2024-10-21 05:27:58.348000
Dr. Gregory Mccarthy DVM,Data Ethics,100,2024-10-21 05:27:58.348000
Dr. Gregory Mccarthy DVM,Data Analysis with Pandas,100,2024-10-21 05:27:58.348000
Dr. Gregory Mccarthy DVM,Data Analysis for Business Decisions,100,2024-10-21 05:27:58.348000
Dr. Gregory Mccarthy DVM,Data Cleaning & Preprocessing,100,2024-10-21 05:27:58.348000
Dr. Gregory Mccarthy DVM,Data Visualization with Matplotlib,100,2024-10-21 05:27:58.348000
Dr. Gregory Mccarthy DVM,Introduction to Cloud Computing,100,2024-10-21 05:27:58.348000
Dr. Gregory Mccarthy DVM,App Monetization Strategies,100,2024-10-21 05:27:58.348000
Dr. Gregory Mccarthy DVM,Labor Laws and Compliance,100,2024-10-21 05:27:58.348000
Dr. Gregory Mccarthy DVM,ITIL Foundations,100,2024-10-21 05:27:58.348000
Dr. Gregory Mccarthy DVM,Introduction to Machine Learning,100,2024-10-21 05:27:58.348000
Dr. Gregory Mccarthy DVM,HR Technology Tools,100,2024-10-21 05:27:58.348000
Dr. Gregory Mccarthy DVM,Editing and Proofreading Techniques,100,2024-10-21 05:27:58.348000
Jesse Hubbard,Data Analysis with Pandas,100,2024-10-21 05:27:58.348000
Jesse Hubbard,Data Ethics,100,2024-10-21 05:27:58.348000
Jesse Hubbard,Data Cleaning & Preprocessing,100,2024-10-21 05:27:58.348000
Jesse Hubbard,Data Analysis for Business Decisions,100,2024-10-21 05:27:58.348000
Jesse Hubbard,Data Visualization with Matplotlib,100,2024-10-21 05:27:58.348000
Jesse Hubbard,AI in Robotics,100,2024-10-21 05:27:58.348000
Jesse Hubbard,Node.js,100,2024-10-21 05:27:58.348000
Jesse Hubbard,Understanding Financial Markets,100,2024-10-21 05:27:58.348000
Jesse Hubbard,Sales Fundamentals,100,2024-10-21 05:27:58.348000
Jesse Hubbard,Mobile App Design,100,2024-10-21 05:27:58.348000
Jesse Hubbard,Graphic Design Basics for Content,100,2024-10-21 05:27:58.348000
Gina Hendricks,Data Analysis with Pandas,100,2024-10-21 05:27:58.348000
Gina Hendricks,Data Analysis for Business Decisions,100,2024-10-21 05:27:58.348000
Gina Hendricks,Data Visualization with Matplotlib,100,2024-10-21 05:27:58.348000
Gina Hendricks,Data Ethics,100,2024-10-21 05:27:58.348000
Gina Hendricks,Data Cleaning & Preprocessing,100,2024-10-21 05:27:58.348000
Gina Hendricks,Cross-Platform Development with Flutter,100,2024-10-21 05:27:58.348000
Gina Hendricks,HTML & CSS,100,2024-10-21 05:27:58.348000
Gina Hendricks,Blockchain Security,100,2024-10-21 05:27:58.348000
Gina Hendricks,Blockchain Use Cases,100,2024-10-21 05:27:58.348000
Gina Hendricks,Continuous Integration and Delivery,100,2024-10-21 05:27:58.348000
Gina Hendricks,Publishing Mobile Apps,100,2024-10-21 05:27:58.348000
Gina Hendricks,Python for Data Science,100,2024-10-21 05:27:58.349000
Gina Hendricks,Investing Fundamentals,100,2024-10-21 05:27:58.349000
Raymond Wagner,Data Analysis for Business Decisions,100,2024-10-21 05:27:58.349000
Raymond Wagner,Data Ethics,100,2024-10-21 05:27:58.349000
Raymond Wagner,Data Visualization with Matplotlib,100,2024-10-21 05:27:58.349000
Raymond Wagner,Data Cleaning & Preprocessing,100,2024-10-21 05:27:58.349000
Raymond Wagner,Data Analysis with Pandas,100,2024-10-21 05:27:58.349000
Raymond Wagner,Risk Management in Finance,100,2024-10-21 05:27:58.349000
Raymond Wagner,Multiplayer Game Development,100,2024-10-21 05:27:58.349000
Raymond Wagner,Unreal Engine Basics,100,2024-10-21 05:27:58.349000
Raymond Wagner,2D Game Development,100,2024-10-21 05:27:58.349000
Raymond Wagner,Supervised Learning,100,2024-10-21 05:27:58.349000
Karen Miller,Data Analysis with Pandas,100,2024-10-21 05:27:58.349000
Karen Miller,Data Visualization with Matplotlib,100,2024-10-21 05:27:58.349000
Karen Miller,Data Cleaning & Preprocessing,100,2024-10-21 05:27:58.349000
Karen Miller,Data Ethics,100,2024-10-21 05:27:58.349000
Karen Miller,Data Analysis for Business Decisions,100,2024-10-21 05:27:58.349000
Karen Miller,React,100,2024-10-21 05:27:58.349000
Karen Miller,Financial Analysis Techniques,100,2024-10-21 05:27:58.349000
Karen Miller,Configuration Management with Ansible,100,2024-10-21 05:27:58.349000
Karen Miller,Deep Learning with TensorFlow,100,2024-10-21 05:27:58.349000
Karen Miller,Statistical Analysis,100,2024-10-21 05:27:58.349000
Karen Miller,Game Testing Techniques,100,2024-10-21 05:27:58.349000
Karen Miller,Change Management,100,2024-10-21 05:27:58.349000
Kendra Mcdonald,Data Cleaning & Preprocessing,100,2024-10-21 05:27:58.349000
Kendra Mcdonald,Data Analysis with Pandas,100,2024-10-21 05:27:58.349000
Kendra Mcdonald,Data Analysis for Business Decisions,100,2024-10-21 05:27:58.349000
Kendra Mcdonald,Data Ethics,100,2024-10-21 05:27:58.349000
Kendra Mcdonald,Data Visualization with Matplotlib,100,2024-10-21 05:27:58.349000
Kendra Mcdonald,Performance Optimization for Mobile Apps,100,2024-10-21 05:27:58.349000
Kendra Mcdonald,Digital Sales Techniques,100,2024-10-21 05:27:58.349000
Kendra Mcdonald,AI in Robotics,100,2024-10-21 05:27:58.349000
Kendra Mcdonald,Business Case Development,100,2024-10-21 05:27:58.349000
Kendra Mcdonald,iOS Development Basics,100,2024-10-21 05:27:58.349000
Kendra Mcdonald,Agile Methodologies,100,2024-10-21 05:27:58.349000
Tasha Miller,Data Cleaning & Preprocessing,100,2024-10-21 05:27:58.349000
Tasha Miller,Data Visualization with Matplotlib,100,2024-10-21 05:27:58.349000
Tasha Miller,Data Ethics,100,2024-10-21 05:27:58.349000
Tasha Miller,Data Analysis for Business Decisions,100,2024-10-21 05:27:58.349000
Tasha Miller,Data Analysis with Pandas,100,2024-10-21 05:27:58.349000
Tasha Miller,Google Ads Fundamentals,100,2024-10-21 05:27:58.349000
Tasha Miller,Introduction to Business Analysis,100,2024-10-21 05:27:58.349000
Tasha Miller,Web Performance Optimization,100,2024-10-21 05:27:58.349000
Tasha Miller,Reinforcement Learning,100,2024-10-21 05:27:58.349000
Tasha Miller,Continuous Integration and Delivery,100,2024-10-21 05:27:58.349000
Tasha Miller,Node.js,100,2024-10-21 05:27:58.349000
Tasha Miller,Blockchain Use Cases,100,2024-10-21 05:27:58.349000
Tasha Miller,MongoDB,100,2024-10-21 05:27:58.349000
Tasha Miller,Consensus Algorithms,100,2024-10-21 05:27:58.349000
Tasha Miller,Conflict Resolution in HR,100,2024-10-21 05:27:58.349000
Carol Wilson,Data Visualization with Matplotlib,100,2024-10-21 05:27:58.349000
Carol Wilson,Data Cleaning & Preprocessing,100,2024-10-21 05:27:58.349000
Carol Wilson,Data Analysis for Business Decisions,100,2024-10-21 05:27:58.349000
Carol Wilson,Data Analysis with Pandas,100,2024-10-21 05:27:58.349000
Carol Wilson,Data Ethics,100,2024-10-21 05:27:58.349000
Carol Wilson,Business Process Modeling,100,2024-10-21 05:27:58.349000
Carol Wilson,Requirements Gathering Techniques,100,2024-10-21 05:27:58.349000
Carol Wilson,Hardware Repair Skills,100,2024-10-21 05:27:58.349000
Carol Wilson,Understanding Consumer Behavior,100,2024-10-21 05:27:58.349000
Carol Wilson,Introduction to Game Development,100,2024-10-21 05:27:58.349000
Carol Wilson,Time Series Analysis,100,2024-10-21 05:27:58.349000
Carol Wilson,Social Media Content Creation,100,2024-10-21 05:27:58.349000
Carol Wilson,Content Marketing Strategies,100,2024-10-21 05:27:58.349000
Sherry Jacobs,Data Cleaning & Preprocessing,100,2024-10-21 05:27:58.349000
Sherry Jacobs,Data Ethics,100,2024-10-21 05:27:58.349000
Sherry Jacobs,Data Analysis for Business Decisions,100,2024-10-21 05:27:58.349000
Sherry Jacobs,Data Analysis with Pandas,100,2024-10-21 05:27:58.349000
Sherry Jacobs,Data Visualization with Matplotlib,100,2024-10-21 05:27:58.349000
Sherry Jacobs,Google Ads Fundamentals,100,2024-10-21 05:27:58.349000
Sherry Jacobs,iOS Development Basics,100,2024-10-21 05:27:58.349000
Sherry Jacobs,Malware Analysis,100,2024-10-21 05:27:58.349000
Sherry Jacobs,SEO for Content Creators,100,2024-10-21 05:27:58.349000
Sherry Jacobs,2D Game Development,100,2024-10-21 05:27:58.349000
Sherry Jacobs,Deep Learning with TensorFlow,100,2024-10-21 05:27:58.349000
Sherry Jacobs,Vulnerability Assessment,100,2024-10-21 05:27:58.349000
Sherry Jacobs,Android Development Basics,100,2024-10-21 05:27:58.349000
Jessica Friedman,Data Cleaning & Preprocessing,100,2024-10-21 05:27:58.349000
Jessica Friedman,Data Visualization with Matplotlib,100,2024-10-21 05:27:58.349000
Jessica Friedman,Data Ethics,100,2024-10-21 05:27:58.349000
Jessica Friedman,Data Analysis for Business Decisions,100,2024-10-21 05:27:58.349000
Jessica Friedman,Data Analysis with Pandas,100,2024-10-21 05:27:58.349000
Jessica Friedman,Agile Methodologies,100,2024-10-21 05:27:58.349000
Jessica Friedman,AI in IoT,100,2024-10-21 05:27:58.349000
Jessica Friedman,Editing and Proofreading Techniques,100,2024-10-21 05:27:58.349000
Jessica Friedman,Mobile Testing Strategies,100,2024-10-21 05:27:58.349000
Jessica Friedman,Sales Analytics,100,2024-10-21 05:27:58.349000
Jessica Friedman,Unity Basics,100,2024-10-21 05:27:58.349000
Jessica Friedman,Cryptography Basics,100,2024-10-21 05:27:58.349000
Jessica Friedman,MongoDB,100,2024-10-21 05:27:58.349000
Jessica Friedman,Introduction to Finance,100,2024-10-21 05:27:58.349000
Carrie Mcknight,Data Cleaning & Preprocessing,100,2024-10-21 05:27:58.349000
Carrie Mcknight,Data Analysis for Business Decisions,100,2024-10-21 05:27:58.349000
Carrie Mcknight,Data Analysis with Pandas,100,2024-10-21 05:27:58.349000
Carrie Mcknight,Data Ethics,100,2024-10-21 05:27:58.349000
Carrie Mcknight,Data Visualization with Matplotlib,100,2024-10-21 05:27:58.349000
Carrie Mcknight,Cross-Platform Development with Flutter,100,2024-10-21 05:27:58.349000
Carrie Mcknight,Analytics for Marketers,100,2024-10-21 05:27:58.349000
Carrie Mcknight,Computer Vision Applications,100,2024-10-21 05:27:58.349000
Carrie Mcknight,Web Performance Optimization,100,2024-10-21 05:27:58.349000
Carrie Mcknight,Google Cloud Platform Essentials,100,2024-10-21 05:27:58.349000
Carrie Mcknight,Mobile Testing Strategies,100,2024-10-21 05:27:58.349000
Carrie Mcknight,Customer Service Skills for IT,100,2024-10-21 05:27:58.349000
Carrie Mcknight,Decentralized Applications (DApps),100,2024-10-21 05:27:58.349000
Carrie Mcknight,Risk Management in Cybersecurity,100,2024-10-21 05:27:58.349000
Jennifer Jimenez,Data Analysis with Pandas,100,2024-10-21 05:27:58.349000
Jennifer Jimenez,Data Visualization with Matplotlib,100,2024-10-21 05:27:58.349000
Jennifer Jimenez,Data Analysis for Business Decisions,100,2024-10-21 05:27:58.349000
Jennifer Jimenez,Data Ethics,100,2024-10-21 05:27:58.349000
Jennifer Jimenez,Data Cleaning & Preprocessing,100,2024-10-21 05:27:58.349000
Jennifer Jimenez,Introduction to IT Support,100,2024-10-21 05:27:58.349000
Jennifer Jimenez,API Development,100,2024-10-21 05:27:58.349000
Jennifer Jimenez,App Monetization Strategies,100,2024-10-21 05:27:58.349000
Jennifer Jimenez,Computer Vision Basics,100,2024-10-21 05:27:58.349000
Jennifer Jimenez,Web Application Security,100,2024-10-21 05:27:58.349000
Jennifer Jimenez,Introduction to Human Resources,100,2024-10-21 05:27:58.349000
Jennifer Jimenez,Conflict Resolution in HR,100,2024-10-21 05:27:58.349000
Jennifer Jimenez,Wireframing and Prototyping,100,2024-10-21 05:27:58.349000
Jennifer Jimenez,Google Ads Fundamentals,100,2024-10-21 05:27:58.349000
Jennifer Jimenez,Email Marketing Basics,100,2024-10-21 05:27:58.349000
Laurie Hale,Data Visualization with Matplotlib,100,2024-10-21 05:27:58.349000
Laurie Hale,Data Analysis for Business Decisions,100,2024-10-21 05:27:58.349000
Laurie Hale,Data Analysis with Pandas,100,2024-10-21 05:27:58.349000
Laurie Hale,Data Ethics,100,2024-10-21 05:27:58.349000
Laurie Hale,Data Cleaning & Preprocessing,100,2024-10-21 05:27:58.349000
Laurie Hale,Introduction to Human Resources,100,2024-10-21 05:27:58.349000
Laurie Hale,Introduction to AI,100,2024-10-21 05:27:58.349000
Laurie Hale,Hardware Repair Skills,100,2024-10-21 05:27:58.349000
Laurie Hale,Quality Management,100,2024-10-21 05:27:58.349000
Laurie Hale,RESTful Services,100,2024-10-21 05:27:58.349000
Laurie Hale,Deep Learning Fundamentals,100,2024-10-21 05:27:58.349000
Laurie Hale,Google Ads Fundamentals,100,2024-10-21 05:27:58.349000
Laurie Hale,Android Development Basics,100,2024-10-21 05:27:58.349000
Laurie Hale,Penetration Testing,100,2024-10-21 05:27:58.349000
Eric Cook,Data Ethics,100,2024-10-21 05:27:58.349000
Eric Cook,Data Analysis for Business Decisions,100,2024-10-21 05:27:58.349000
Eric Cook,Data Analysis with Pandas,100,2024-10-21 05:27:58.349000
Eric Cook,Data Visualization with Matplotlib,100,2024-10-21 05:27:58.349000
Eric Cook,Data Cleaning & Preprocessing,100,2024-10-21 05:27:58.349000
Eric Cook,Understanding Financial Markets,100,2024-10-21 05:27:58.349000
Eric Cook,Git & GitHub,100,2024-10-21 05:27:58.349000
Eric Cook,Supervised Learning,100,2024-10-21 05:27:58.349000
Eric Cook,Cloud Security Best Practices,100,2024-10-21 05:27:58.349000
Eric Cook,Machine Learning Basics,100,2024-10-21 05:27:58.349000
Eric Cook,Social Media Marketing,100,2024-10-21 05:27:58.349000
Ethan Taylor,Data Visualization with Matplotlib,100,2024-10-21 05:27:58.349000
Ethan Taylor,Data Cleaning & Preprocessing,100,2024-10-21 05:27:58.349000
Ethan Taylor,Data Analysis with Pandas,100,2024-10-21 05:27:58.349000
Ethan Taylor,Data Analysis for Business Decisions,100,2024-10-21 05:27:58.349000
Ethan Taylor,Data Ethics,100,2024-10-21 05:27:58.349000
Ethan Taylor,Presentation Skills for Sales,100,2024-10-21 05:27:58.349000
Ethan Taylor,Deep Learning Fundamentals,100,2024-10-21 05:27:58.349000
Ethan Taylor,Affiliate Marketing,100,2024-10-21 05:27:58.349000
Ethan Taylor,HR Analytics,100,2024-10-21 05:27:58.349000
Ethan Taylor,Natural Language Processing Techniques,100,2024-10-21 05:27:58.349000
Ethan Taylor,Deployment & Hosting,100,2024-10-21 05:27:58.349000
Ethan Taylor,User Research Techniques,100,2024-10-21 05:27:58.349000
Rhonda Mays,Data Ethics,100,2024-10-21 05:27:58.350000
Rhonda Mays,Data Analysis with Pandas,100,2024-10-21 05:27:58.350000
Rhonda Mays,Data Cleaning & Preprocessing,100,2024-10-21 05:27:58.350000
Rhonda Mays,Data Analysis for Business Decisions,100,2024-10-21 05:27:58.350000
Rhonda Mays,Data Visualization with Matplotlib,100,2024-10-21 05:27:58.350000
Rhonda Mays,Predictive Analytics,100,2024-10-21 05:27:58.350000
Rhonda Mays,Web Application Security,100,2024-10-21 05:27:58.350000
Rhonda Mays,Design Tools Overview,100,2024-10-21 05:27:58.350000
Rhonda Mays,Customer Service Excellence,100,2024-10-21 05:27:58.350000
Rhonda Mays,Node.js,100,2024-10-21 05:27:58.350000
Rhonda Mays,Social Media Content Creation,100,2024-10-21 05:27:58.350000
Rhonda Mays,Financial Reporting Standards,100,2024-10-21 05:27:58.350000
Juan Jones,Data Analysis for Business Decisions,100,2024-10-21 05:27:58.350000
Juan Jones,Data Visualization with Matplotlib,100,2024-10-21 05:27:58.350000
Juan Jones,Data Ethics,100,2024-10-21 05:27:58.350000
Juan Jones,Data Analysis with Pandas,100,2024-10-21 05:27:58.350000
Juan Jones,Data Cleaning & Preprocessing,100,2024-10-21 05:27:58.350000
Juan Jones,Social Media Marketing,100,2024-10-21 05:27:58.350000
Juan Jones,Risk Management in Finance,100,2024-10-21 05:27:58.350000
Juan Jones,Communication Skills for Project Managers,100,2024-10-21 05:27:58.350000
Juan Jones,Podcasting Fundamentals,100,2024-10-21 05:27:58.350000
Juan Jones,E-commerce Development Basics,100,2024-10-21 05:27:58.350000
Jessica Long,Data Analysis for Business Decisions,100,2024-10-21 05:27:58.350000
Jessica Long,Data Cleaning & Preprocessing,100,2024-10-21 05:27:58.350000
Jessica Long,Data Ethics,100,2024-10-21 05:27:58.350000
Jessica Long,Data Visualization with Matplotlib,100,2024-10-21 05:27:58.350000
Jessica Long,Data Analysis with Pandas,100,2024-10-21 05:27:58.350000
Jessica Long,Content Strategy Development,100,2024-10-21 05:27:58.350000
Jessica Long,Change Management Strategies,100,2024-10-21 05:27:58.350000
Jessica Long,Project Scheduling Techniques,100,2024-10-21 05:27:58.350000
Jessica Long,Deployment & Hosting,100,2024-10-21 05:27:58.350000
Jessica Long,Understanding Consumer Behavior,100,2024-10-21 05:27:58.350000
Jessica Long,API Development,100,2024-10-21 05:27:58.350000
Jessica Long,Containerization with Docker,100,2024-10-21 05:27:58.350000
Jessica Long,AI in Healthcare,100,2024-10-21 05:27:58.350000
Jessica Long,Google Cloud Platform Essentials,100,2024-10-21 05:27:58.350000
Jessica Long,Responsive Design Principles,100,2024-10-21 05:27:58.350000
Kathleen Huffman,Data Ethics,100,2024-10-21 05:27:58.350000
Kathleen Huffman,Data Analysis for Business Decisions,100,2024-10-21 05:27:58.350000
Kathleen Huffman,Data Analysis with Pandas,100,2024-10-21 05:27:58.350000
Kathleen Huffman,Data Visualization with Matplotlib,100,2024-10-21 05:27:58.350000
Kathleen Huffman,Data Cleaning & Preprocessing,100,2024-10-21 05:27:58.350000
Kathleen Huffman,Web Performance Optimization,100,2024-10-21 05:27:58.350000
Kathleen Huffman,HR Technology Tools,100,2024-10-21 05:27:58.350000
Kathleen Huffman,AI in Healthcare,100,2024-10-21 05:27:58.350000
Kathleen Huffman,Penetration Testing,100,2024-10-21 05:27:58.350000
Kathleen Huffman,Content Promotion Strategies,100,2024-10-21 05:27:58.350000
Kathleen Huffman,Network Security Fundamentals,100,2024-10-21 05:27:58.350000
Kathleen Huffman,Incident Response,100,2024-10-21 05:27:58.350000
Kathleen Huffman,Design Thinking Process,100,2024-10-21 05:27:58.350000
Kathleen Huffman,Android Development Basics,100,2024-10-21 05:27:58.350000
Kathleen Huffman,Change Management Strategies,100,2024-10-21 05:27:58.350000
Robert Price,Data Ethics,100,2024-10-21 05:27:58.350000
Robert Price,Data Cleaning & Preprocessing,100,2024-10-21 05:27:58.350000
Robert Price,Data Visualization with Matplotlib,100,2024-10-21 05:27:58.350000
Robert Price,Data Analysis with Pandas,100,2024-10-21 05:27:58.350000
Robert Price,Data Analysis for Business Decisions,100,2024-10-21 05:27:58.350000
Robert Price,Risk Analysis and Management,100,2024-10-21 05:27:58.350000
Robert Price,Influencer Marketing,100,2024-10-21 05:27:58.350000
Robert Price,Introduction to Machine Learning,100,2024-10-21 05:27:58.350000
Robert Price,Decentralized Applications (DApps),100,2024-10-21 05:27:58.350000
Robert Price,Statistical Analysis,100,2024-10-21 05:27:58.350000
Robert Price,Digital Sales Techniques,100,2024-10-21 05:27:58.350000
Robert Price,Change Management Strategies,100,2024-10-21 05:27:58.350000
Michelle Williams,Data Analysis with Pandas,100,2024-10-21 05:27:58.350000
Michelle Williams,Data Analysis for Business Decisions,100,2024-10-21 05:27:58.350000
Michelle Williams,Data Cleaning & Preprocessing,100,2024-10-21 05:27:58.350000
Michelle Williams,Data Ethics,100,2024-10-21 05:27:58.350000
Michelle Williams,Data Visualization with Matplotlib,100,2024-10-21 05:27:58.350000
Michelle Williams,Express.js,100,2024-10-21 05:27:58.350000
Michelle Williams,Investing Fundamentals,100,2024-10-21 05:27:58.350000
Michelle Williams,Decentralized Applications (DApps),100,2024-10-21 05:27:58.350000
Michelle Williams,Microservices in Cloud,100,2024-10-21 05:27:58.350000
Michelle Williams,User Interface Design for Mobile Apps,100,2024-10-21 05:27:58.350000
Hector Sheppard,Data Cleaning & Preprocessing,100,2024-10-21 05:27:58.350000
Hector Sheppard,Data Visualization with Matplotlib,100,2024-10-21 05:27:58.350000
Hector Sheppard,Data Ethics,100,2024-10-21 05:27:58.350000
Hector Sheppard,Data Analysis for Business Decisions,100,2024-10-21 05:27:58.350000
Hector Sheppard,Data Analysis with Pandas,100,2024-10-21 05:27:58.350000
Hector Sheppard,Android Development Basics,100,2024-10-21 05:27:58.350000
Hector Sheppard,Content Management Systems (CMS),100,2024-10-21 05:27:58.350000
Hector Sheppard,Graphic Design Basics for Content,100,2024-10-21 05:27:58.350000
Hector Sheppard,Progressive Web Apps (PWAs),100,2024-10-21 05:27:58.350000
Hector Sheppard,Speech Recognition Technologies,100,2024-10-21 05:27:58.350000
Hector Sheppard,iOS Development Basics,100,2024-10-21 05:27:58.350000
Hector Sheppard,Risk Analysis and Management,100,2024-10-21 05:27:58.350000
Hector Sheppard,Interaction Design Principles,100,2024-10-21 05:27:58.350000
Jason Stephens,Data Analysis with Pandas,100,2024-10-21 05:27:58.350000
Jason Stephens,Data Ethics,100,2024-10-21 05:27:58.350000
Jason Stephens,Data Analysis for Business Decisions,100,2024-10-21 05:27:58.350000
Jason Stephens,Data Visualization with Matplotlib,100,2024-10-21 05:27:58.350000
Jason Stephens,Data Cleaning & Preprocessing,100,2024-10-21 05:27:58.350000
Jason Stephens,Frontend Development Basics,100,2024-10-21 05:27:58.350000
Jason Stephens,Graphic Design Basics for Content,100,2024-10-21 05:27:58.350000
Jason Stephens,Deployment & Hosting,100,2024-10-21 05:27:58.350000
Jason Stephens,Deployment of ML Models,100,2024-10-21 05:27:58.350000
Jason Stephens,Penetration Testing,100,2024-10-21 05:27:58.350000
Jason Stephens,Conversion Rate Optimization,100,2024-10-21 05:27:58.350000
Jason Stephens,Content Marketing Strategies,100,2024-10-21 05:27:58.350000
Jason Stephens,Presentation Skills for Sales,100,2024-10-21 05:27:58.350000
Jason Stephens,Introduction to Cloud Computing,100,2024-10-21 05:27:58.350000
Timothy Meyer,Data Analysis with Pandas,100,2024-10-21 05:27:58.350000
Timothy Meyer,Data Cleaning & Preprocessing,100,2024-10-21 05:27:58.350000
Timothy Meyer,Data Visualization with Matplotlib,100,2024-10-21 05:27:58.350000
Timothy Meyer,Data Ethics,100,2024-10-21 05:27:58.350000
Timothy Meyer,Data Analysis for Business Decisions,100,2024-10-21 05:27:58.350000
Timothy Meyer,Sales Analytics,100,2024-10-21 05:27:58.350000
Timothy Meyer,Diversity and Inclusion Initiatives,100,2024-10-21 05:27:58.350000
Timothy Meyer,Google Ads Fundamentals,100,2024-10-21 05:27:58.350000
Timothy Meyer,Brand Management Online,100,2024-10-21 05:27:58.350000
Timothy Meyer,Reinforcement Learning,100,2024-10-21 05:27:58.350000
Timothy Meyer,Introduction to UI/UX Design,100,2024-10-21 05:27:58.350000
Timothy Meyer,Monitoring and Logging,100,2024-10-21 05:27:58.350000
Timothy Meyer,API Development,100,2024-10-21 05:27:58.350000
Timothy Meyer,Wireframing and Prototyping,100,2024-10-21 05:27:58.350000
Timothy Meyer,Deployment & Hosting,100,2024-10-21 05:27:58.350000
Erika Hoffman,Data Analysis with Pandas,100,2024-10-21 05:27:58.350000
Erika Hoffman,Data Ethics,100,2024-10-21 05:27:58.350000
Erika Hoffman,Data Visualization with Matplotlib,100,2024-10-21 05:27:58.350000
Erika Hoffman,Data Analysis for Business Decisions,100,2024-10-21 05:27:58.350000
Erika Hoffman,Data Cleaning & Preprocessing,100,2024-10-21 05:27:58.350000
Erika Hoffman,Requirements Gathering Techniques,100,2024-10-21 05:27:58.350000
Erika Hoffman,Budgeting for Projects,100,2024-10-21 05:27:58.350000
Erika Hoffman,Web Performance Optimization,100,2024-10-21 05:27:58.350000
Erika Hoffman,Financial Analysis Techniques,100,2024-10-21 05:27:58.350000
Erika Hoffman,Statistical Analysis,100,2024-10-21 05:27:58.350000
Erika Hoffman,Remote Support Techniques,100,2024-10-21 05:27:58.350000
Tracy Miller,Data Analysis for Business Decisions,100,2024-10-21 05:27:58.350000
Tracy Miller,Data Ethics,100,2024-10-21 05:27:58.350000
Tracy Miller,Data Cleaning & Preprocessing,100,2024-10-21 05:27:58.350000
Tracy Miller,Data Analysis with Pandas,100,2024-10-21 05:27:58.350000
Tracy Miller,Data Visualization with Matplotlib,100,2024-10-21 05:27:58.350000
Tracy Miller,Video Production Basics,100,2024-10-21 05:27:58.350000
Tracy Miller,Corporate Finance Essentials,100,2024-10-21 05:27:58.350000
Tracy Miller,Financial Planning and Forecasting,100,2024-10-21 05:27:58.350000
Tracy Miller,Performance Optimization for Mobile Apps,100,2024-10-21 05:27:58.350000
Tracy Miller,Cross-Platform Development with Flutter,100,2024-10-21 05:27:58.350000
Tracy Miller,Natural Language Processing Techniques,100,2024-10-21 05:27:58.350000
Tracy Miller,Ethereum Development,100,2024-10-21 05:27:58.350000
Tracy Miller,Introduction to Game Development,100,2024-10-21 05:27:58.350000
Tracy Miller,AWS Fundamentals,100,2024-10-21 05:27:58.350000
Tracy Miller,Predictive Analytics,100,2024-10-21 05:27:58.350000
Kristin Rodriguez,Data Cleaning & Preprocessing,100,2024-10-21 05:27:58.350000
Kristin Rodriguez,Data Analysis with Pandas,100,2024-10-21 05:27:58.350000
Kristin Rodriguez,Data Analysis for Business Decisions,100,2024-10-21 05:27:58.350000
Kristin Rodriguez,Data Visualization with Matplotlib,100,2024-10-21 05:27:58.350000
Kristin Rodriguez,Data Ethics,100,2024-10-21 05:27:58.350000
Kristin Rodriguez,SWOT Analysis for Business,100,2024-10-21 05:27:58.350000
Kristin Rodriguez,Responsive Design Principles,100,2024-10-21 05:27:58.350000
Kristin Rodriguez,Project Management Tools Overview,100,2024-10-21 05:27:58.350000
Kristin Rodriguez,Reinforcement Learning Techniques,100,2024-10-21 05:27:58.350000
Kristin Rodriguez,Progressive Web Apps (PWAs),100,2024-10-21 05:27:58.350000
Kristin Rodriguez,API Development,100,2024-10-21 05:27:58.350000
Kristin Rodriguez,User Research Techniques,100,2024-10-21 05:27:58.350000
Kristin Rodriguez,Change Management,100,2024-10-21 05:27:58.350000
Kristin Rodriguez,HR Analytics,100,2024-10-21 05:27:58.350000
Kristin Rodriguez,HTML & CSS,100,2024-10-21 05:27:58.350000
Zoe Benson,Data Cleaning & Preprocessing,100,2024-10-21 05:27:58.350000
Zoe Benson,Data Visualization with Matplotlib,100,2024-10-21 05:27:58.350000
Zoe Benson,Data Analysis for Business Decisions,100,2024-10-21 05:27:58.350000
Zoe Benson,Data Analysis with Pandas,100,2024-10-21 05:27:58.350000
Zoe Benson,Data Ethics,100,2024-10-21 05:27:58.350000
Zoe Benson,Monitoring and Logging,100,2024-10-21 05:27:58.350000
Zoe Benson,Backend Development Fundamentals,100,2024-10-21 05:27:58.350000
Zoe Benson,Performance Optimization for Mobile Apps,100,2024-10-21 05:27:58.350000
Zoe Benson,Presentation Skills for Business Analysts,100,2024-10-21 05:27:58.350000
Zoe Benson,Risk Management in Cybersecurity,100,2024-10-21 05:27:58.351000
Zoe Benson,3D Game Development,100,2024-10-21 05:27:58.351000
Zoe Benson,Consensus Algorithms,100,2024-10-21 05:27:58.351000
Zoe Benson,Hardware Repair Skills,100,2024-10-21 05:27:58.351000
Zoe Benson,Design Thinking Process,100,2024-10-21 05:27:58.351000
Christine Taylor,Data Ethics,100,2024-10-21 05:27:58.351000
Christine Taylor,Data Analysis for Business Decisions,100,2024-10-21 05:27:58.351000
Christine Taylor,Data Visualization with Matplotlib,100,2024-10-21 05:27:58.351000
Christine Taylor,Data Cleaning & Preprocessing,100,2024-10-21 05:27:58.351000
Christine Taylor,Data Analysis with Pandas,100,2024-10-21 05:27:58.351000
Christine Taylor,Penetration Testing,100,2024-10-21 05:27:58.351000
Christine Taylor,Machine Learning Basics,100,2024-10-21 05:27:58.351000
Christine Taylor,Affiliate Marketing,100,2024-10-21 05:27:58.351000
Christine Taylor,Presentation Skills for Business Analysts,100,2024-10-21 05:27:58.351000
Christine Taylor,Podcasting Fundamentals,100,2024-10-21 05:27:58.351000
Christine Taylor,Project Management Tools Overview,100,2024-10-21 05:27:58.351000
Christine Taylor,Introduction to Machine Learning,100,2024-10-21 05:27:58.351000
Christine Taylor,Publishing Mobile Apps,100,2024-10-21 05:27:58.351000
Matthew Cross,Data Visualization with Matplotlib,100,2024-10-21 05:27:58.351000
Matthew Cross,Data Analysis with Pandas,100,2024-10-21 05:27:58.351000
Matthew Cross,Data Analysis for Business Decisions,100,2024-10-21 05:27:58.351000
Matthew Cross,Data Ethics,100,2024-10-21 05:27:58.351000
Matthew Cross,Data Cleaning & Preprocessing,100,2024-10-21 05:27:58.351000
Matthew Cross,Introduction to Cloud Computing,100,2024-10-21 05:27:58.351000
Matthew Cross,Mobile Testing Strategies,100,2024-10-21 05:27:58.351000
Matthew Cross,Reinforcement Learning,100,2024-10-21 05:27:58.351000
Matthew Cross,Git & GitHub,100,2024-10-21 05:27:58.351000
Matthew Cross,Predictive Analytics,100,2024-10-21 05:27:58.351000
Lisa Vargas,Data Analysis for Business Decisions,100,2024-10-21 05:27:58.351000
Lisa Vargas,Data Ethics,100,2024-10-21 05:27:58.351000
Lisa Vargas,Data Cleaning & Preprocessing,100,2024-10-21 05:27:58.351000
Lisa Vargas,Data Analysis with Pandas,100,2024-10-21 05:27:58.351000
Lisa Vargas,Data Visualization with Matplotlib,100,2024-10-21 05:27:58.351000
Lisa Vargas,Penetration Testing,100,2024-10-21 05:27:58.351000
Lisa Vargas,Visual Design Basics,100,2024-10-21 05:27:58.351000
Lisa Vargas,Wireframing and Prototyping,100,2024-10-21 05:27:58.351000
Lisa Vargas,Supervised Learning,100,2024-10-21 05:27:58.351000
Lisa Vargas,Corporate Finance Essentials,100,2024-10-21 05:27:58.351000
Lisa Vargas,Presentation Skills for Business Analysts,100,2024-10-21 05:27:58.351000
Lisa Vargas,Content Management Systems (CMS),100,2024-10-21 05:27:58.351000
Lisa Vargas,AI for Business,100,2024-10-21 05:27:58.351000
Lisa Vargas,Multiplayer Game Development,100,2024-10-21 05:27:58.351000
Frank Castillo,Data Visualization with Matplotlib,100,2024-10-21 05:27:58.351000
Frank Castillo,Data Ethics,100,2024-10-21 05:27:58.351000
Frank Castillo,Data Analysis with Pandas,100,2024-10-21 05:27:58.351000
Frank Castillo,Data Cleaning & Preprocessing,100,2024-10-21 05:27:58.351000
Frank Castillo,Data Analysis for Business Decisions,100,2024-10-21 05:27:58.351000
Frank Castillo,Speech Recognition Technologies,100,2024-10-21 05:27:58.351000
Frank Castillo,Social Media Marketing,100,2024-10-21 05:27:58.351000
Frank Castillo,Performance Optimization for Mobile Apps,100,2024-10-21 05:27:58.351000
Frank Castillo,Performance Management Systems,100,2024-10-21 05:27:58.351000
Frank Castillo,Cryptography Basics,100,2024-10-21 05:27:58.351000
Frank Castillo,AI in Healthcare,100,2024-10-21 05:27:58.351000
Frank Castillo,Network Security Fundamentals,100,2024-10-21 05:27:58.351000
Frank Castillo,Affiliate Marketing,100,2024-10-21 05:27:58.351000
Amber Ball,Data Ethics,100,2024-10-21 05:27:58.351000
Amber Ball,Data Analysis for Business Decisions,100,2024-10-21 05:27:58.351000
Amber Ball,Data Cleaning & Preprocessing,100,2024-10-21 05:27:58.351000
Amber Ball,Data Analysis with Pandas,100,2024-10-21 05:27:58.351000
Amber Ball,Data Visualization with Matplotlib,100,2024-10-21 05:27:58.351000
Amber Ball,Risk Analysis and Management,100,2024-10-21 05:27:58.351000
Amber Ball,HR Technology Tools,100,2024-10-21 05:27:58.351000
Amber Ball,Affiliate Marketing,100,2024-10-21 05:27:58.351000
Amber Ball,Content Marketing Strategies,100,2024-10-21 05:27:58.351000
Amber Ball,Content Strategy Development,100,2024-10-21 05:27:58.351000
Amber Ball,Security Awareness for IT Support,100,2024-10-21 05:27:58.351000
Amber Ball,Wireframing and Prototyping,100,2024-10-21 05:27:58.351000
Amber Ball,Risk Management in Projects,100,2024-10-21 05:27:58.351000
Amber Ball,Customer Service Excellence,100,2024-10-21 05:27:58.351000
Amber Ball,Unity Basics,100,2024-10-21 05:27:58.351000
Dana Harris PhD,Data Ethics,100,2024-10-21 05:27:58.351000
Dana Harris PhD,Data Analysis for Business Decisions,100,2024-10-21 05:27:58.351000
Dana Harris PhD,Data Visualization with Matplotlib,100,2024-10-21 05:27:58.351000
Dana Harris PhD,Data Cleaning & Preprocessing,100,2024-10-21 05:27:58.351000
Dana Harris PhD,Data Analysis with Pandas,100,2024-10-21 05:27:58.351000
Dana Harris PhD,Hyperledger Basics,100,2024-10-21 05:27:58.351000
Dana Harris PhD,Corporate Finance Essentials,100,2024-10-21 05:27:58.351000
Dana Harris PhD,Design Thinking Process,100,2024-10-21 05:27:58.351000
Dana Harris PhD,API Development,100,2024-10-21 05:27:58.351000
Dana Harris PhD,Mobile App Security,100,2024-10-21 05:27:58.351000
Dana Harris PhD,Unsupervised Learning,100,2024-10-21 05:27:58.351000
Dana Harris PhD,Cloud Support Fundamentals,100,2024-10-21 05:27:58.351000
Dana Harris PhD,Deep Learning Fundamentals,100,2024-10-21 05:27:58.351000
Dana Harris PhD,MongoDB,100,2024-10-21 05:27:58.351000
Dana Harris PhD,Risk Management in Finance,100,2024-10-21 05:27:58.351000
Joanna Holland,Data Ethics,100,2024-10-21 05:27:58.351000
Joanna Holland,Data Analysis with Pandas,100,2024-10-21 05:27:58.351000
Joanna Holland,Data Analysis for Business Decisions,100,2024-10-21 05:27:58.351000
Joanna Holland,Data Visualization with Matplotlib,100,2024-10-21 05:27:58.351000
Joanna Holland,Data Cleaning & Preprocessing,100,2024-10-21 05:27:58.351000
Joanna Holland,Blockchain Use Cases,100,2024-10-21 05:27:58.351000
Joanna Holland,Web Application Security,100,2024-10-21 05:27:58.351000
Joanna Holland,Blockchain Security,100,2024-10-21 05:27:58.351000
Joanna Holland,Reinforcement Learning Techniques,100,2024-10-21 05:27:58.351000
Joanna Holland,User Research Techniques,100,2024-10-21 05:27:58.351000
Joanna Holland,Sales Fundamentals,100,2024-10-21 05:27:58.351000
Joanna Holland,Graphic Design Basics for Content,100,2024-10-21 05:27:58.351000
Joanna Holland,Natural Language Processing Techniques,100,2024-10-21 05:27:58.351000
Emily Gardner,Data Cleaning & Preprocessing,100,2024-10-21 05:27:58.351000
Emily Gardner,Data Ethics,100,2024-10-21 05:27:58.351000
Emily Gardner,Data Analysis for Business Decisions,100,2024-10-21 05:27:58.351000
Emily Gardner,Data Analysis with Pandas,100,2024-10-21 05:27:58.351000
Emily Gardner,Data Visualization with Matplotlib,100,2024-10-21 05:27:58.351000
Emily Gardner,Conflict Resolution in HR,100,2024-10-21 05:27:58.351000
Emily Gardner,Game Testing Techniques,100,2024-10-21 05:27:58.351000
Emily Gardner,Blogging for Beginners,100,2024-10-21 05:27:58.351000
Emily Gardner,SEO for Content Creators,100,2024-10-21 05:27:58.351000
Emily Gardner,Remote Support Techniques,100,2024-10-21 05:27:58.351000
Emily Gardner,Azure Basics,100,2024-10-21 05:27:58.351000
Emily Gardner,Digital Sales Techniques,100,2024-10-21 05:27:58.351000
Emily Gardner,Ethereum Development,100,2024-10-21 05:27:58.351000
John Myers,Data Analysis with Pandas,100,2024-10-21 05:27:58.351000
John Myers,Data Ethics,100,2024-10-21 05:27:58.351000
John Myers,Data Visualization with Matplotlib,100,2024-10-21 05:27:58.351000
John Myers,Data Analysis for Business Decisions,100,2024-10-21 05:27:58.351000
John Myers,Data Cleaning & Preprocessing,100,2024-10-21 05:27:58.351000
John Myers,App Monetization Strategies,100,2024-10-21 05:27:58.351000
John Myers,Introduction to Business Analysis,100,2024-10-21 05:27:58.351000
John Myers,Usability Testing,100,2024-10-21 05:27:58.351000
John Myers,Game Monetization Strategies,100,2024-10-21 05:27:58.351000
John Myers,Change Management Strategies,100,2024-10-21 05:27:58.351000
John Myers,Financial Planning and Forecasting,100,2024-10-21 05:27:58.351000
Elizabeth Powell,Data Cleaning & Preprocessing,100,2024-10-21 05:27:58.351000
Elizabeth Powell,Data Ethics,100,2024-10-21 05:27:58.351000
Elizabeth Powell,Data Visualization with Matplotlib,100,2024-10-21 05:27:58.351000
Elizabeth Powell,Data Analysis for Business Decisions,100,2024-10-21 05:27:58.351000
Elizabeth Powell,Data Analysis with Pandas,100,2024-10-21 05:27:58.351000
Elizabeth Powell,3D Game Development,100,2024-10-21 05:27:58.351000
Elizabeth Powell,Business Case Development,100,2024-10-21 05:27:58.351000
Elizabeth Powell,SEO Fundamentals,100,2024-10-21 05:27:58.351000
Elizabeth Powell,Communication Skills for Project Managers,100,2024-10-21 05:27:58.351000
Elizabeth Powell,Usability Testing,100,2024-10-21 05:27:58.351000
Elizabeth Powell,Responsive Web Design,100,2024-10-21 05:27:58.351000
Elizabeth Powell,Presentation Skills for Business Analysts,100,2024-10-21 05:27:58.351000
Elizabeth Powell,Agile Project Management,100,2024-10-21 05:27:58.351000
Kara Riggs,Data Ethics,100,2024-10-21 05:27:58.351000
Kara Riggs,Data Analysis for Business Decisions,100,2024-10-21 05:27:58.351000
Kara Riggs,Data Cleaning & Preprocessing,100,2024-10-21 05:27:58.351000
Kara Riggs,Data Visualization with Matplotlib,100,2024-10-21 05:27:58.351000
Kara Riggs,Data Analysis with Pandas,100,2024-10-21 05:27:58.351000
Kara Riggs,Introduction to Human Resources,100,2024-10-21 05:27:58.351000
Kara Riggs,Email Marketing Basics,100,2024-10-21 05:27:58.351000
Kara Riggs,Python for Data Science,100,2024-10-21 05:27:58.351000
Kara Riggs,Decentralized Applications (DApps),100,2024-10-21 05:27:58.351000
Kara Riggs,Responsive Design Principles,100,2024-10-21 05:27:58.351000
Kara Riggs,AI in Healthcare,100,2024-10-21 05:27:58.351000
Kara Riggs,Serverless Architecture,100,2024-10-21 05:27:58.351000
Kara Riggs,Building Customer Relationships,100,2024-10-21 05:27:58.351000
Matthew Gardner,Data Ethics,100,2024-10-21 05:27:58.351000
Matthew Gardner,Data Visualization with Matplotlib,100,2024-10-21 05:27:58.351000
Matthew Gardner,Data Analysis with Pandas,100,2024-10-21 05:27:58.351000
Matthew Gardner,Data Cleaning & Preprocessing,100,2024-10-21 05:27:58.351000
Matthew Gardner,Data Analysis for Business Decisions,100,2024-10-21 05:27:58.351000
Matthew Gardner,API Development,100,2024-10-21 05:27:58.351000
Matthew Gardner,Introduction to Blockchain,100,2024-10-21 05:27:58.351000
Matthew Gardner,Hyperledger Basics,100,2024-10-21 05:27:58.351000
Matthew Gardner,Computer Vision Basics,100,2024-10-21 05:27:58.351000
Matthew Gardner,Risk Management in Cybersecurity,100,2024-10-21 05:27:58.351000
Matthew Gardner,Progressive Web Apps (PWAs),100,2024-10-21 05:27:58.351000
Matthew Gardner,Introduction to Machine Learning,100,2024-10-21 05:27:58.351000
Patricia Davis,Data Visualization with Matplotlib,100,2024-10-21 05:27:58.351000
Patricia Davis,Data Ethics,100,2024-10-21 05:27:58.351000
Patricia Davis,Data Cleaning & Preprocessing,100,2024-10-21 05:27:58.351000
Patricia Davis,Data Analysis with Pandas,100,2024-10-21 05:27:58.351000
Patricia Davis,Data Analysis for Business Decisions,100,2024-10-21 05:27:58.352000
Patricia Davis,Financial Planning and Forecasting,100,2024-10-21 05:27:58.352000
Patricia Davis,Closing Sales Strategies,100,2024-10-21 05:27:58.352000
Patricia Davis,Blogging for Beginners,100,2024-10-21 05:27:58.352000
Patricia Davis,Game Testing Techniques,100,2024-10-21 05:27:58.352000
Patricia Davis,Game Design Principles,100,2024-10-21 05:27:58.352000
Caitlyn Mccormick,Data Visualization with Matplotlib,100,2024-10-21 05:27:58.352000
Caitlyn Mccormick,Data Analysis for Business Decisions,100,2024-10-21 05:27:58.352000
Caitlyn Mccormick,Data Ethics,100,2024-10-21 05:27:58.352000
Caitlyn Mccormick,Data Analysis with Pandas,100,2024-10-21 05:27:58.352000
Caitlyn Mccormick,Data Cleaning & Preprocessing,100,2024-10-21 05:27:58.352000
Caitlyn Mccormick,API Integration in Mobile Apps,100,2024-10-21 05:27:58.352000
Caitlyn Mccormick,Incident Response,100,2024-10-21 05:27:58.352000
Caitlyn Mccormick,Collaboration Tools in DevOps,100,2024-10-21 05:27:58.352000
Caitlyn Mccormick,Risk Management in Projects,100,2024-10-21 05:27:58.352000
Caitlyn Mccormick,Infrastructure as Code,100,2024-10-21 05:27:58.352000
Caitlyn Mccormick,Analytics for Marketers,100,2024-10-21 05:27:58.352000
Caitlyn Mccormick,Change Management Strategies,100,2024-10-21 05:27:58.352000
Caitlyn Mccormick,Training and Development,100,2024-10-21 05:27:58.352000
Holly Huynh,Data Visualization with Matplotlib,100,2024-10-21 05:27:58.352000
Holly Huynh,Data Cleaning & Preprocessing,100,2024-10-21 05:27:58.352000
Holly Huynh,Data Ethics,100,2024-10-21 05:27:58.352000
Holly Huynh,Data Analysis with Pandas,100,2024-10-21 05:27:58.352000
Holly Huynh,Data Analysis for Business Decisions,100,2024-10-21 05:27:58.352000
Holly Huynh,Malware Analysis,100,2024-10-21 05:27:58.352000
Holly Huynh,Business Process Modeling,100,2024-10-21 05:27:58.352000
Holly Huynh,JavaScript Basics,100,2024-10-21 05:27:58.352000
Holly Huynh,Introduction to IT Support,100,2024-10-21 05:27:58.352000
Holly Huynh,Containerization with Docker,100,2024-10-21 05:27:58.352000
Holly Huynh,Remote Support Techniques,100,2024-10-21 05:27:58.352000
Holly Huynh,Presentation Skills for Business Analysts,100,2024-10-21 05:27:58.352000
Holly Huynh,Social Media Marketing,100,2024-10-21 05:27:58.352000
Jesse Casey Jr.,Data Ethics,100,2024-10-21 05:27:58.352000
Jesse Casey Jr.,Data Analysis with Pandas,100,2024-10-21 05:27:58.352000
Jesse Casey Jr.,Data Visualization with Matplotlib,100,2024-10-21 05:27:58.352000
Jesse Casey Jr.,Data Analysis for Business Decisions,100,2024-10-21 05:27:58.352000
Jesse Casey Jr.,Data Cleaning & Preprocessing,100,2024-10-21 05:27:58.352000
Jesse Casey Jr.,Mobile Testing Strategies,100,2024-10-21 05:27:58.352000
Jesse Casey Jr.,Change Management,100,2024-10-21 05:27:58.352000
Jesse Casey Jr.,Sales Analytics,100,2024-10-21 05:27:58.352000
Jesse Casey Jr.,HR Analytics,100,2024-10-21 05:27:58.352000
Jesse Casey Jr.,Multiplayer Game Development,100,2024-10-21 05:27:58.352000
Jesse Casey Jr.,Content Management Systems (CMS),100,2024-10-21 05:27:58.352000
Jesse Casey Jr.,Git & GitHub,100,2024-10-21 05:27:58.352000
Jesse Casey Jr.,Presentation Skills for Sales,100,2024-10-21 05:27:58.352000
Jesse Casey Jr.,3D Game Development,100,2024-10-21 05:27:58.352000
Jesse Casey Jr.,Node.js,100,2024-10-21 05:27:58.352000
Karen Johnson,Data Visualization with Matplotlib,100,2024-10-21 05:27:58.352000
Karen Johnson,Data Analysis with Pandas,100,2024-10-21 05:27:58.352000
Karen Johnson,Data Ethics,100,2024-10-21 05:27:58.352000
Karen Johnson,Data Cleaning & Preprocessing,100,2024-10-21 05:27:58.352000
Karen Johnson,Data Analysis for Business Decisions,100,2024-10-21 05:27:58.352000
Karen Johnson,Requirements Gathering Techniques,100,2024-10-21 05:27:58.352000
Karen Johnson,Content Management Systems (CMS),100,2024-10-21 05:27:58.352000
Karen Johnson,API Integration in Mobile Apps,100,2024-10-21 05:27:58.352000
Karen Johnson,Training and Development,100,2024-10-21 05:27:58.352000
Karen Johnson,Azure Basics,100,2024-10-21 05:27:58.352000
Karen Johnson,SWOT Analysis for Business,100,2024-10-21 05:27:58.352000
Karen Johnson,Game Testing Techniques,100,2024-10-21 05:27:58.352000
Karen Johnson,Computer Vision Basics,100,2024-10-21 05:27:58.352000
Steven Flores,Data Ethics,100,2024-10-21 05:27:58.352000
Steven Flores,Data Analysis with Pandas,100,2024-10-21 05:27:58.352000
Steven Flores,Data Analysis for Business Decisions,100,2024-10-21 05:27:58.352000
Steven Flores,Data Cleaning & Preprocessing,100,2024-10-21 05:27:58.352000
Steven Flores,Data Visualization with Matplotlib,100,2024-10-21 05:27:58.352000
Steven Flores,Introduction to Content Creation,100,2024-10-21 05:27:58.352000
Steven Flores,Quality Management,100,2024-10-21 05:27:58.352000
Steven Flores,Time Management for Sales,100,2024-10-21 05:27:58.352000
Steven Flores,Conflict Resolution in HR,100,2024-10-21 05:27:58.352000
Steven Flores,Multiplayer Game Development,100,2024-10-21 05:27:58.352000
Steven Flores,Project Scheduling Techniques,100,2024-10-21 05:27:58.352000
Steven Flores,Android Development Basics,100,2024-10-21 05:27:58.352000
Steven Flores,App Monetization Strategies,100,2024-10-21 05:27:58.352000
Steven Flores,JavaScript Basics,100,2024-10-21 05:27:58.352000
Jessica Chapman,Data Analysis with Pandas,100,2024-10-21 05:27:58.352000
Jessica Chapman,Data Visualization with Matplotlib,100,2024-10-21 05:27:58.352000
Jessica Chapman,Data Ethics,100,2024-10-21 05:27:58.352000
Jessica Chapman,Data Cleaning & Preprocessing,100,2024-10-21 05:27:58.352000
Jessica Chapman,Data Analysis for Business Decisions,100,2024-10-21 05:27:58.352000
Jessica Chapman,Personal Finance Skills,100,2024-10-21 05:27:58.352000
Jessica Chapman,Budgeting for Projects,100,2024-10-21 05:27:58.352000
Jessica Chapman,Troubleshooting Techniques,100,2024-10-21 05:27:58.352000
Jessica Chapman,Speech Recognition Technologies,100,2024-10-21 05:27:58.352000
Jessica Chapman,Computer Vision Basics,100,2024-10-21 05:27:58.352000
Jessica Chapman,Security in Cloud Computing,100,2024-10-21 05:27:58.352000
Jessica Chapman,Corporate Finance Essentials,100,2024-10-21 05:27:58.352000
Jessica Chapman,User Interface Design for Mobile Apps,100,2024-10-21 05:27:58.352000
Jessica Chapman,Cryptocurrency Fundamentals,100,2024-10-21 05:27:58.352000
Bruce Johnston,Data Cleaning & Preprocessing,100,2024-10-21 05:27:58.352000
Bruce Johnston,Data Analysis with Pandas,100,2024-10-21 05:27:58.352000
Bruce Johnston,Data Visualization with Matplotlib,100,2024-10-21 05:27:58.352000
Bruce Johnston,Data Analysis for Business Decisions,100,2024-10-21 05:27:58.352000
Bruce Johnston,Data Ethics,100,2024-10-21 05:27:58.352000
Bruce Johnston,Risk Analysis and Management,100,2024-10-21 05:27:58.352000
Bruce Johnston,Requirements Gathering Techniques,100,2024-10-21 05:27:58.352000
Bruce Johnston,SEO Best Practices,100,2024-10-21 05:27:58.352000
Bruce Johnston,Usability Testing,100,2024-10-21 05:27:58.352000
Bruce Johnston,Git & GitHub,100,2024-10-21 05:27:58.352000
Bruce Johnston,Project Management Basics,100,2024-10-21 05:27:58.352000
Bruce Johnston,RESTful Services,100,2024-10-21 05:27:58.352000
Bruce Johnston,Introduction to IT Support,100,2024-10-21 05:27:58.352000
Barbara Hunt,Data Visualization with Matplotlib,100,2024-10-21 05:27:58.352000
Barbara Hunt,Data Analysis with Pandas,100,2024-10-21 05:27:58.352000
Barbara Hunt,Data Ethics,100,2024-10-21 05:27:58.352000
Barbara Hunt,Data Cleaning & Preprocessing,100,2024-10-21 05:27:58.352000
Barbara Hunt,Data Analysis for Business Decisions,100,2024-10-21 05:27:58.352000
Barbara Hunt,Change Management Strategies,100,2024-10-21 05:27:58.352000
Barbara Hunt,Introduction to IT Support,100,2024-10-21 05:27:58.352000
Barbara Hunt,Natural Language Processing,100,2024-10-21 05:27:58.352000
Barbara Hunt,Backend Development Fundamentals,100,2024-10-21 05:27:58.352000
Barbara Hunt,Cloud Cost Management,100,2024-10-21 05:27:58.352000
Theresa Snyder,Data Analysis for Business Decisions,100,2024-10-21 05:27:58.352000
Theresa Snyder,Data Analysis with Pandas,100,2024-10-21 05:27:58.352000
Theresa Snyder,Data Ethics,100,2024-10-21 05:27:58.352000
Theresa Snyder,Data Cleaning & Preprocessing,100,2024-10-21 05:27:58.352000
Theresa Snyder,Data Visualization with Matplotlib,100,2024-10-21 05:27:58.352000
Theresa Snyder,Cryptography Basics,100,2024-10-21 05:27:58.352000
Theresa Snyder,Reinforcement Learning,100,2024-10-21 05:27:58.352000
Theresa Snyder,Mobile Testing Strategies,100,2024-10-21 05:27:58.352000
Theresa Snyder,Time Management for Sales,100,2024-10-21 05:27:58.352000
Theresa Snyder,Agile Project Management,100,2024-10-21 05:27:58.352000
Theresa Snyder,AI in Healthcare,100,2024-10-21 05:27:58.352000
Anna Morgan,Data Cleaning & Preprocessing,100,2024-10-21 05:27:58.352000
Anna Morgan,Data Visualization with Matplotlib,100,2024-10-21 05:27:58.352000
Anna Morgan,Data Analysis with Pandas,100,2024-10-21 05:27:58.352000
Anna Morgan,Data Ethics,100,2024-10-21 05:27:58.352000
Anna Morgan,Data Analysis for Business Decisions,100,2024-10-21 05:27:58.352000
Anna Morgan,Content Marketing Strategies,100,2024-10-21 05:27:58.352000
Anna Morgan,Deployment of ML Models,100,2024-10-21 05:27:58.352000
Anna Morgan,Customer Service Excellence,100,2024-10-21 05:27:58.352000
Anna Morgan,E-commerce Development Basics,100,2024-10-21 05:27:58.352000
Anna Morgan,User Interface Design for Mobile Apps,100,2024-10-21 05:27:58.352000
Anna Morgan,Computer Vision Basics,100,2024-10-21 05:27:58.352000
Anna Morgan,DevOps in the Cloud,100,2024-10-21 05:27:58.352000
Jacob Edwards,Data Cleaning & Preprocessing,100,2024-10-21 05:27:58.352000
Jacob Edwards,Data Visualization with Matplotlib,100,2024-10-21 05:27:58.352000
Jacob Edwards,Data Analysis for Business Decisions,100,2024-10-21 05:27:58.352000
Jacob Edwards,Data Ethics,100,2024-10-21 05:27:58.352000
Jacob Edwards,Data Analysis with Pandas,100,2024-10-21 05:27:58.352000
Jacob Edwards,API Development,100,2024-10-21 05:27:58.352000
Jacob Edwards,Network Security Fundamentals,100,2024-10-21 05:27:58.352000
Jacob Edwards,Python for Data Science,100,2024-10-21 05:27:58.352000
Jacob Edwards,Requirements Gathering Techniques,100,2024-10-21 05:27:58.352000
Jacob Edwards,Git & GitHub,100,2024-10-21 05:27:58.352000
Jacob Edwards,HR Technology Tools,100,2024-10-21 05:27:58.352000
Rebecca Phelps,Data Ethics,100,2024-10-21 05:27:58.352000
Rebecca Phelps,Data Analysis with Pandas,100,2024-10-21 05:27:58.352000
Rebecca Phelps,Data Visualization with Matplotlib,100,2024-10-21 05:27:58.352000
Rebecca Phelps,Data Analysis for Business Decisions,100,2024-10-21 05:27:58.352000
Rebecca Phelps,Data Cleaning & Preprocessing,100,2024-10-21 05:27:58.352000
Rebecca Phelps,Communication Skills for Project Managers,100,2024-10-21 05:27:58.352000
Rebecca Phelps,User Research Techniques,100,2024-10-21 05:27:58.352000
Rebecca Phelps,Supervised Learning,100,2024-10-21 05:27:58.352000
Rebecca Phelps,Frontend Development Basics,100,2024-10-21 05:27:58.352000
Rebecca Phelps,Unreal Engine Basics,100,2024-10-21 05:27:58.352000
Tiffany Thompson,Data Analysis with Pandas,100,2024-10-21 05:27:58.352000
Tiffany Thompson,Data Analysis for Business Decisions,100,2024-10-21 05:27:58.352000
Tiffany Thompson,Data Ethics,100,2024-10-21 05:27:58.352000
Tiffany Thompson,Data Visualization with Matplotlib,100,2024-10-21 05:27:58.352000
Tiffany Thompson,Data Cleaning & Preprocessing,100,2024-10-21 05:27:58.352000
Tiffany Thompson,Content Strategy Development,100,2024-10-21 05:27:58.352000
Tiffany Thompson,Cross-Platform Development with Flutter,100,2024-10-21 05:27:58.352000
Tiffany Thompson,AI for Business,100,2024-10-21 05:27:58.352000
Tiffany Thompson,Android Development Basics,100,2024-10-21 05:27:58.352000
Tiffany Thompson,Incident Response,100,2024-10-21 05:27:58.353000
Tiffany Thompson,Project Scheduling Techniques,100,2024-10-21 05:27:58.353000
Tina Williams,Data Visualization with Matplotlib,100,2024-10-21 05:27:58.353000
Tina Williams,Data Cleaning & Preprocessing,100,2024-10-21 05:27:58.353000
Tina Williams,Data Analysis for Business Decisions,100,2024-10-21 05:27:58.353000
Tina Williams,Data Ethics,100,2024-10-21 05:27:58.353000
Tina Williams,Data Analysis with Pandas,100,2024-10-21 05:27:58.353000
Tina Williams,Node.js,100,2024-10-21 05:27:58.353000
Tina Williams,Game Design Principles,100,2024-10-21 05:27:58.353000
Tina Williams,Unsupervised Learning,100,2024-10-21 05:27:58.353000
Tina Williams,Game Monetization Strategies,100,2024-10-21 05:27:58.353000
Tina Williams,Machine Learning Basics,100,2024-10-21 05:27:58.353000
Stacey Knight,Data Visualization with Matplotlib,100,2024-10-21 05:27:58.353000
Stacey Knight,Data Analysis with Pandas,100,2024-10-21 05:27:58.353000
Stacey Knight,Data Analysis for Business Decisions,100,2024-10-21 05:27:58.353000
Stacey Knight,Data Ethics,100,2024-10-21 05:27:58.353000
Stacey Knight,Data Cleaning & Preprocessing,100,2024-10-21 05:27:58.353000
Stacey Knight,Smart Contracts Development,100,2024-10-21 05:27:58.353000
Stacey Knight,Labor Laws and Compliance,100,2024-10-21 05:27:58.353000
Stacey Knight,Affiliate Marketing,100,2024-10-21 05:27:58.353000
Stacey Knight,Operating Systems Overview,100,2024-10-21 05:27:58.353000
Stacey Knight,Remote Support Techniques,100,2024-10-21 05:27:58.353000
Stacey Knight,Editing and Proofreading Techniques,100,2024-10-21 05:27:58.353000
Stacey Knight,User Interface Design for Mobile Apps,100,2024-10-21 05:27:58.353000
Stacey Knight,Financial Reporting Standards,100,2024-10-21 05:27:58.353000
Stacey Knight,Cloud Cost Management,100,2024-10-21 05:27:58.353000
Maria Tate,Data Visualization with Matplotlib,100,2024-10-21 05:27:58.353000
Maria Tate,Data Cleaning & Preprocessing,100,2024-10-21 05:27:58.353000
Maria Tate,Data Analysis with Pandas,100,2024-10-21 05:27:58.353000
Maria Tate,Data Analysis for Business Decisions,100,2024-10-21 05:27:58.353000
Maria Tate,Data Ethics,100,2024-10-21 05:27:58.353000
Maria Tate,Progressive Web Apps (PWAs),100,2024-10-21 05:27:58.353000
Maria Tate,AI in IoT,100,2024-10-21 05:27:58.353000
Maria Tate,Big Data with Spark,100,2024-10-21 05:27:58.353000
Maria Tate,Visual Design Basics,100,2024-10-21 05:27:58.353000
Maria Tate,Requirements Gathering Techniques,100,2024-10-21 05:27:58.353000
Maria Tate,Quality Management,100,2024-10-21 05:27:58.353000
Natalie Smith,Data Cleaning & Preprocessing,100,2024-10-21 05:27:58.353000
Natalie Smith,Data Visualization with Matplotlib,100,2024-10-21 05:27:58.353000
Natalie Smith,Data Ethics,100,2024-10-21 05:27:58.353000
Natalie Smith,Data Analysis with Pandas,100,2024-10-21 05:27:58.353000
Natalie Smith,Data Analysis for Business Decisions,100,2024-10-21 05:27:58.353000
Natalie Smith,Content Strategy Development,100,2024-10-21 05:27:58.353000
Natalie Smith,Graphic Design Basics for Content,100,2024-10-21 05:27:58.353000
Natalie Smith,Google Cloud Platform Essentials,100,2024-10-21 05:27:58.353000
Natalie Smith,Hyperledger Basics,100,2024-10-21 05:27:58.353000
Natalie Smith,Predictive Analytics,100,2024-10-21 05:27:58.353000
Natalie Smith,Natural Language Processing,100,2024-10-21 05:27:58.353000
Natalie Smith,Hardware Repair Skills,100,2024-10-21 05:27:58.353000
Natalie Smith,SEO Fundamentals,100,2024-10-21 05:27:58.353000
Jeffrey Woods,Data Ethics,100,2024-10-21 05:27:58.353000
Jeffrey Woods,Data Analysis with Pandas,100,2024-10-21 05:27:58.353000
Jeffrey Woods,Data Cleaning & Preprocessing,100,2024-10-21 05:27:58.353000
Jeffrey Woods,Data Visualization with Matplotlib,100,2024-10-21 05:27:58.353000
Jeffrey Woods,Data Analysis for Business Decisions,100,2024-10-21 05:27:58.353000
Jeffrey Woods,Introduction to Machine Learning,100,2024-10-21 05:27:58.353000
Jeffrey Woods,Blockchain Use Cases,100,2024-10-21 05:27:58.353000
Jeffrey Woods,Financial Planning and Forecasting,100,2024-10-21 05:27:58.353000
Jeffrey Woods,Collaboration Tools in DevOps,100,2024-10-21 05:27:58.353000
Jeffrey Woods,Ethical Hacking Basics,100,2024-10-21 05:27:58.353000
Jeffrey Woods,Risk Analysis and Management,100,2024-10-21 05:27:58.353000
Jeffrey Woods,Reinforcement Learning Techniques,100,2024-10-21 05:27:58.353000
Jeffrey Woods,Deep Learning with TensorFlow,100,2024-10-21 05:27:58.353000
Jeffrey Woods,Continuous Integration and Delivery,100,2024-10-21 05:27:58.353000
David Martinez,Data Ethics,100,2024-10-21 05:27:58.353000
David Martinez,Data Analysis for Business Decisions,100,2024-10-21 05:27:58.353000
David Martinez,Data Analysis with Pandas,100,2024-10-21 05:27:58.353000
David Martinez,Data Cleaning & Preprocessing,100,2024-10-21 05:27:58.353000
David Martinez,Data Visualization with Matplotlib,100,2024-10-21 05:27:58.353000
David Martinez,Labor Laws and Compliance,100,2024-10-21 05:27:58.353000
David Martinez,Introduction to Human Resources,100,2024-10-21 05:27:58.353000
David Martinez,Presentation Skills for Business Analysts,100,2024-10-21 05:27:58.353000
David Martinez,Introduction to Content Creation,100,2024-10-21 05:27:58.353000
David Martinez,AI in IoT,100,2024-10-21 05:27:58.353000
David Martinez,Deep Learning with TensorFlow,100,2024-10-21 05:27:58.353000
Robin Moody,Data Ethics,100,2024-10-21 05:27:58.353000
Robin Moody,Data Analysis with Pandas,100,2024-10-21 05:27:58.353000
Robin Moody,Data Analysis for Business Decisions,100,2024-10-21 05:27:58.353000
Robin Moody,Data Cleaning & Preprocessing,100,2024-10-21 05:27:58.353000
Robin Moody,SEO Best Practices,100,2024-10-21 05:27:58.353000
Robin Moody,Game Design Principles,100,2024-10-21 05:27:58.353000
Robin Moody,Podcasting Fundamentals,100,2024-10-21 05:27:58.353000
Robin Moody,Ethereum Development,100,2024-10-21 05:27:58.353000
Robin Moody,Building Customer Relationships,100,2024-10-21 05:27:58.353000
Robin Moody,Vulnerability Assessment,100,2024-10-21 05:27:58.353000
Robin Moody,Corporate Finance Essentials,100,2024-10-21 05:27:58.353000
Amber Roberts,Data Analysis for Business Decisions,100,2024-10-21 05:27:58.353000
Amber Roberts,Data Cleaning & Preprocessing,100,2024-10-21 05:27:58.353000
Amber Roberts,Data Visualization with Matplotlib,100,2024-10-21 05:27:58.353000
Amber Roberts,Data Ethics,100,2024-10-21 05:27:58.353000
Amber Roberts,Data Analysis with Pandas,100,2024-10-21 05:27:58.353000
Amber Roberts,Introduction to UI/UX Design,100,2024-10-21 05:27:58.353000
Amber Roberts,Editing and Proofreading Techniques,100,2024-10-21 05:27:58.353000
Amber Roberts,API Development,100,2024-10-21 05:27:58.353000
Amber Roberts,Reinforcement Learning,100,2024-10-21 05:27:58.353000
Amber Roberts,Labor Laws and Compliance,100,2024-10-21 05:27:58.353000
Amber Roberts,Security in Cloud Computing,100,2024-10-21 05:27:58.353000
Amber Roberts,Change Management Strategies,100,2024-10-21 05:27:58.353000
Rhonda Boyle,Data Ethics,100,2024-10-21 05:27:58.353000
Rhonda Boyle,Data Visualization with Matplotlib,100,2024-10-21 05:27:58.353000
Rhonda Boyle,Data Cleaning & Preprocessing,100,2024-10-21 05:27:58.353000
Rhonda Boyle,Data Analysis with Pandas,100,2024-10-21 05:27:58.353000
Rhonda Boyle,Data Analysis for Business Decisions,100,2024-10-21 05:27:58.353000
Rhonda Boyle,Negotiation Techniques,100,2024-10-21 05:27:58.353000
Rhonda Boyle,Communication Skills for Project Managers,100,2024-10-21 05:27:58.353000
Rhonda Boyle,Cryptocurrency Fundamentals,100,2024-10-21 05:27:58.353000
Rhonda Boyle,Visual Design Basics,100,2024-10-21 05:27:58.353000
Rhonda Boyle,Email Marketing Basics,100,2024-10-21 05:27:58.353000
Rhonda Boyle,API Development,100,2024-10-21 05:27:58.353000
Rhonda Boyle,SWOT Analysis for Business,100,2024-10-21 05:27:58.353000
Rhonda Boyle,RESTful Services,100,2024-10-21 05:27:58.353000
Rhonda Boyle,Customer Service Excellence,100,2024-10-21 05:27:58.353000
Rhonda Boyle,Frontend Development Basics,100,2024-10-21 05:27:58.353000
Rebecca Cain,Data Analysis for Business Decisions,100,2024-10-21 05:27:58.353000
Rebecca Cain,Data Visualization with Matplotlib,100,2024-10-21 05:27:58.353000
Rebecca Cain,Data Analysis with Pandas,100,2024-10-21 05:27:58.353000
Rebecca Cain,Data Ethics,100,2024-10-21 05:27:58.353000
Rebecca Cain,Data Cleaning & Preprocessing,100,2024-10-21 05:27:58.353000
Rebecca Cain,Serverless Architecture,100,2024-10-21 05:27:58.353000
Rebecca Cain,Game Testing Techniques,100,2024-10-21 05:27:58.353000
Rebecca Cain,Introduction to Human Resources,100,2024-10-21 05:27:58.353000
Rebecca Cain,2D Game Development,100,2024-10-21 05:27:58.353000
Rebecca Cain,Influencer Marketing,100,2024-10-21 05:27:58.353000
Joshua Fitzpatrick,Data Cleaning & Preprocessing,100,2024-10-21 05:27:58.353000
Joshua Fitzpatrick,Data Analysis for Business Decisions,100,2024-10-21 05:27:58.353000
Joshua Fitzpatrick,Data Analysis with Pandas,100,2024-10-21 05:27:58.353000
Joshua Fitzpatrick,Data Visualization with Matplotlib,100,2024-10-21 05:27:58.353000
Joshua Fitzpatrick,Data Ethics,100,2024-10-21 05:27:58.353000
Joshua Fitzpatrick,Risk Management in Finance,100,2024-10-21 05:27:58.353000
Joshua Fitzpatrick,Wireframing and Prototyping,100,2024-10-21 05:27:58.353000
Joshua Fitzpatrick,Reinforcement Learning Techniques,100,2024-10-21 05:27:58.353000
Joshua Fitzpatrick,Monitoring and Logging,100,2024-10-21 05:27:58.353000
Joshua Fitzpatrick,API Development,100,2024-10-21 05:27:58.353000
Joshua Fitzpatrick,Mobile App Security,100,2024-10-21 05:27:58.353000
Ashley Rodriguez,Data Visualization with Matplotlib,100,2024-10-21 05:27:58.353000
Ashley Rodriguez,Data Cleaning & Preprocessing,100,2024-10-21 05:27:58.353000
Ashley Rodriguez,Data Ethics,100,2024-10-21 05:27:58.353000
Ashley Rodriguez,Data Analysis for Business Decisions,100,2024-10-21 05:27:58.353000
Ashley Rodriguez,Data Analysis with Pandas,100,2024-10-21 05:27:58.353000
Ashley Rodriguez,Introduction to Finance,100,2024-10-21 05:27:58.353000
Ashley Rodriguez,Speech Recognition Technologies,100,2024-10-21 05:27:58.353000
Ashley Rodriguez,Operating Systems Overview,100,2024-10-21 05:27:58.353000
Ashley Rodriguez,ITIL Foundations,100,2024-10-21 05:27:58.353000
Ashley Rodriguez,SEO for Content Creators,100,2024-10-21 05:27:58.353000
Ashley Rodriguez,Cloud Cost Management,100,2024-10-21 05:27:58.353000
Ashley Rodriguez,Security in Cloud Computing,100,2024-10-21 05:27:58.353000
Ashley Rodriguez,Conversion Rate Optimization,100,2024-10-21 05:27:58.353000
John Wolfe,Data Visualization with Matplotlib,100,2024-10-21 05:27:58.353000
John Wolfe,Data Cleaning & Preprocessing,100,2024-10-21 05:27:58.353000
John Wolfe,Data Ethics,100,2024-10-21 05:27:58.353000
John Wolfe,Data Analysis with Pandas,100,2024-10-21 05:27:58.353000
John Wolfe,Data Analysis for Business Decisions,100,2024-10-21 05:27:58.353000
John Wolfe,Project Management Basics,100,2024-10-21 05:27:58.353000
John Wolfe,Content Management Systems (CMS),100,2024-10-21 05:27:58.353000
John Wolfe,Game Monetization Strategies,100,2024-10-21 05:27:58.353000
John Wolfe,Operating Systems Overview,100,2024-10-21 05:27:58.353000
John Wolfe,Labor Laws and Compliance,100,2024-10-21 05:27:58.353000
John Wolfe,API Development,100,2024-10-21 05:27:58.353000
John Wolfe,Collaboration Tools in DevOps,100,2024-10-21 05:27:58.353000
John Wolfe,Blockchain Security,100,2024-10-21 05:27:58.353000
John Wolfe,Unsupervised Learning,100,2024-10-21 05:27:58.353000
John Wolfe,Machine Learning Basics,100,2024-10-21 05:27:58.353000
Jennifer Moon,Data Visualization with Matplotlib,100,2024-10-21 05:27:58.354000
Jennifer Moon,Data Analysis with Pandas,100,2024-10-21 05:27:58.354000
Jennifer Moon,Data Ethics,100,2024-10-21 05:27:58.354000
Jennifer Moon,Data Cleaning & Preprocessing,100,2024-10-21 05:27:58.354000
Jennifer Moon,Data Analysis for Business Decisions,100,2024-10-21 05:27:58.354000
Jennifer Moon,Web Performance Optimization,100,2024-10-21 05:27:58.354000
Jennifer Moon,Brand Management Online,100,2024-10-21 05:27:58.354000
Jennifer Moon,Podcasting Fundamentals,100,2024-10-21 05:27:58.354000
Jennifer Moon,Influencer Marketing,100,2024-10-21 05:27:58.354000
Jennifer Moon,Introduction to Cloud Computing,100,2024-10-21 05:27:58.354000
Jennifer Moon,Version Control with Git,100,2024-10-21 05:27:58.354000
Jennifer Moon,Content Marketing Strategies,100,2024-10-21 05:27:58.354000
Jennifer Moon,Customer Service Skills for IT,100,2024-10-21 05:27:58.354000
Jennifer Moon,Progressive Web Apps (PWAs),100,2024-10-21 05:27:58.354000
Jennifer Cox,Data Ethics,100,2024-10-21 05:27:58.354000
Jennifer Cox,Data Analysis for Business Decisions,100,2024-10-21 05:27:58.354000
Jennifer Cox,Data Cleaning & Preprocessing,100,2024-10-21 05:27:58.354000
Jennifer Cox,Data Analysis with Pandas,100,2024-10-21 05:27:58.354000
Jennifer Cox,SEO for Content Creators,100,2024-10-21 05:27:58.354000
Jennifer Cox,Computer Vision Applications,100,2024-10-21 05:27:58.354000
Jennifer Cox,Financial Reporting Standards,100,2024-10-21 05:27:58.354000
Jennifer Cox,Sales Analytics,100,2024-10-21 05:27:58.354000
Jennifer Cox,AI for Business,100,2024-10-21 05:27:58.354000
Jennifer Cox,Smart Contracts Development,100,2024-10-21 05:27:58.354000
Jennifer Cox,Web Performance Optimization,100,2024-10-21 05:27:58.354000
Jennifer Cox,Podcasting Fundamentals,100,2024-10-21 05:27:58.354000
Jordan Evans,Data Analysis for Business Decisions,100,2024-10-21 05:27:58.354000
Jordan Evans,Data Cleaning & Preprocessing,100,2024-10-21 05:27:58.354000
Jordan Evans,Data Ethics,100,2024-10-21 05:27:58.354000
Jordan Evans,Data Visualization with Matplotlib,100,2024-10-21 05:27:58.354000
Jordan Evans,Data Analysis with Pandas,100,2024-10-21 05:27:58.354000
Jordan Evans,Brand Management Online,100,2024-10-21 05:27:58.354000
Jordan Evans,JavaScript Frameworks Overview,100,2024-10-21 05:27:58.354000
Jordan Evans,Project Scheduling Techniques,100,2024-10-21 05:27:58.354000
Jordan Evans,Hyperledger Basics,100,2024-10-21 05:27:58.354000
Jordan Evans,Influencer Marketing,100,2024-10-21 05:27:58.354000
Jordan Evans,Talent Acquisition Strategies,100,2024-10-21 05:27:58.354000
Jordan Evans,Infrastructure as Code,100,2024-10-21 05:27:58.354000
Jordan Evans,Natural Language Processing Techniques,100,2024-10-21 05:27:58.354000
Kristi Cervantes,Data Analysis with Pandas,100,2024-10-21 05:27:58.354000
Kristi Cervantes,Data Analysis for Business Decisions,100,2024-10-21 05:27:58.354000
Kristi Cervantes,Data Cleaning & Preprocessing,100,2024-10-21 05:27:58.354000
Kristi Cervantes,Data Visualization with Matplotlib,100,2024-10-21 05:27:58.354000
Kristi Cervantes,Data Ethics,100,2024-10-21 05:27:58.354000
Kristi Cervantes,Social Media Content Creation,100,2024-10-21 05:27:58.354000
Kristi Cervantes,Performance Optimization for Mobile Apps,100,2024-10-21 05:27:58.354000
Kristi Cervantes,Decentralized Applications (DApps),100,2024-10-21 05:27:58.354000
Kristi Cervantes,Introduction to Cloud Computing,100,2024-10-21 05:27:58.354000
Kristi Cervantes,Content Promotion Strategies,100,2024-10-21 05:27:58.354000
Kristi Cervantes,Project Management Basics,100,2024-10-21 05:27:58.354000
Kristi Cervantes,Natural Language Processing Techniques,100,2024-10-21 05:27:58.354000
Andrea Hill,Data Cleaning & Preprocessing,100,2024-10-21 05:27:58.354000
Andrea Hill,Data Visualization with Matplotlib,100,2024-10-21 05:27:58.354000
Andrea Hill,Data Ethics,100,2024-10-21 05:27:58.354000
Andrea Hill,Data Analysis with Pandas,100,2024-10-21 05:27:58.354000
Andrea Hill,Data Analysis for Business Decisions,100,2024-10-21 05:27:58.354000
Andrea Hill,Customer Service Skills for IT,100,2024-10-21 05:27:58.354000
Andrea Hill,DevOps in the Cloud,100,2024-10-21 05:27:58.354000
Andrea Hill,Model Evaluation,100,2024-10-21 05:27:58.354000
Andrea Hill,Design Thinking Process,100,2024-10-21 05:27:58.354000
Andrea Hill,Video Production Basics,100,2024-10-21 05:27:58.354000
Andrea Hill,E-commerce Development Basics,100,2024-10-21 05:27:58.354000
Kenneth Lee,Data Visualization with Matplotlib,100,2024-10-21 05:27:58.354000
Kenneth Lee,Data Analysis with Pandas,100,2024-10-21 05:27:58.354000
Kenneth Lee,Data Ethics,100,2024-10-21 05:27:58.354000
Kenneth Lee,Data Cleaning & Preprocessing,100,2024-10-21 05:27:58.354000
Kenneth Lee,Data Analysis for Business Decisions,100,2024-10-21 05:27:58.354000
Kenneth Lee,Change Management,100,2024-10-21 05:27:58.354000
Kenneth Lee,Model Evaluation,100,2024-10-21 05:27:58.354000
Kenneth Lee,Business Process Modeling,100,2024-10-21 05:27:58.354000
Kenneth Lee,Computer Vision Applications,100,2024-10-21 05:27:58.354000
Kenneth Lee,Web Accessibility Standards,100,2024-10-21 05:27:58.354000
Kenneth Lee,User Research Techniques,100,2024-10-21 05:27:58.354000
Kenneth Lee,Project Management Tools Overview,100,2024-10-21 05:27:58.354000
Dawn Vaughn,Data Visualization with Matplotlib,100,2024-10-21 05:27:58.354000
Dawn Vaughn,Data Analysis with Pandas,100,2024-10-21 05:27:58.354000
Dawn Vaughn,Data Cleaning & Preprocessing,100,2024-10-21 05:27:58.354000
Dawn Vaughn,Data Analysis for Business Decisions,100,2024-10-21 05:27:58.354000
Dawn Vaughn,Data Ethics,100,2024-10-21 05:27:58.354000
Dawn Vaughn,Game Design Principles,100,2024-10-21 05:27:58.354000
Dawn Vaughn,Project Management Basics,100,2024-10-21 05:27:58.354000
Dawn Vaughn,Backend Development Fundamentals,100,2024-10-21 05:27:58.354000
Dawn Vaughn,E-commerce Development Basics,100,2024-10-21 05:27:58.354000
Dawn Vaughn,Introduction to Human Resources,100,2024-10-21 05:27:58.354000
Dawn Vaughn,SEO Fundamentals,100,2024-10-21 05:27:58.354000
George Cervantes,Data Analysis with Pandas,100,2024-10-21 05:27:58.354000
George Cervantes,Data Ethics,100,2024-10-21 05:27:58.354000
George Cervantes,Data Cleaning & Preprocessing,100,2024-10-21 05:27:58.354000
George Cervantes,Data Visualization with Matplotlib,100,2024-10-21 05:27:58.354000
George Cervantes,Project Scheduling Techniques,100,2024-10-21 05:27:58.354000
George Cervantes,Responsive Design Principles,100,2024-10-21 05:27:58.354000
George Cervantes,AI in IoT,100,2024-10-21 05:27:58.354000
George Cervantes,Introduction to Finance,100,2024-10-21 05:27:58.354000
George Cervantes,Risk Management in Projects,100,2024-10-21 05:27:58.354000
George Cervantes,Investing Fundamentals,100,2024-10-21 05:27:58.354000
George Cervantes,Affiliate Marketing,100,2024-10-21 05:27:58.354000
George Cervantes,Hyperledger Basics,100,2024-10-21 05:27:58.354000
George Cervantes,Agile Methodologies,100,2024-10-21 05:27:58.354000
George Cervantes,Introduction to AI,100,2024-10-21 05:27:58.354000
George Cervantes,AI for Business,100,2024-10-21 05:27:58.354000
Jennifer Herring,Data Ethics,100,2024-10-21 05:27:58.354000
Jennifer Herring,Data Analysis for Business Decisions,100,2024-10-21 05:27:58.354000
Jennifer Herring,Data Analysis with Pandas,100,2024-10-21 05:27:58.354000
Jennifer Herring,Data Cleaning & Preprocessing,100,2024-10-21 05:27:58.354000
Jennifer Herring,Data Visualization with Matplotlib,100,2024-10-21 05:27:58.354000
Jennifer Herring,Computer Vision Applications,100,2024-10-21 05:27:58.354000
Jennifer Herring,DevOps in the Cloud,100,2024-10-21 05:27:58.354000
Jennifer Herring,2D Game Development,100,2024-10-21 05:27:58.354000
Jennifer Herring,Containerization with Docker,100,2024-10-21 05:27:58.354000
Jennifer Herring,Conflict Resolution in HR,100,2024-10-21 05:27:58.354000
Jennifer Herring,Project Management Tools Overview,100,2024-10-21 05:27:58.354000
Jennifer Herring,Content Promotion Strategies,100,2024-10-21 05:27:58.354000
Jennifer Herring,Google Ads Fundamentals,100,2024-10-21 05:27:58.354000
Jennifer Herring,Machine Learning Basics,100,2024-10-21 05:27:58.354000
Timothy Campbell,Data Ethics,100,2024-10-21 05:27:58.354000
Timothy Campbell,Data Visualization with Matplotlib,100,2024-10-21 05:27:58.354000
Timothy Campbell,Data Cleaning & Preprocessing,100,2024-10-21 05:27:58.354000
Timothy Campbell,Data Analysis for Business Decisions,100,2024-10-21 05:27:58.354000
Timothy Campbell,Data Analysis with Pandas,100,2024-10-21 05:27:58.354000
Timothy Campbell,Customer Service Skills for IT,100,2024-10-21 05:27:58.354000
Timothy Campbell,Node.js,100,2024-10-21 05:27:58.354000
Timothy Campbell,JavaScript Basics,100,2024-10-21 05:27:58.354000
Timothy Campbell,Machine Learning Basics,100,2024-10-21 05:27:58.354000
Timothy Campbell,Graphic Design Basics for Content,100,2024-10-21 05:27:58.354000
Timothy Campbell,Quality Management,100,2024-10-21 05:27:58.354000
Timothy Campbell,Budgeting Basics,100,2024-10-21 05:27:58.354000
Timothy Campbell,Visual Design Basics,100,2024-10-21 05:27:58.354000
Gary Sherman,Data Ethics,100,2024-10-21 05:27:58.354000
Gary Sherman,Data Cleaning & Preprocessing,100,2024-10-21 05:27:58.354000
Gary Sherman,Data Visualization with Matplotlib,100,2024-10-21 05:27:58.354000
Gary Sherman,Data Analysis with Pandas,100,2024-10-21 05:27:58.354000
Gary Sherman,Data Analysis for Business Decisions,100,2024-10-21 05:27:58.354000
Gary Sherman,Video Production Basics,100,2024-10-21 05:27:58.354000
Gary Sherman,Editing and Proofreading Techniques,100,2024-10-21 05:27:58.354000
Gary Sherman,Game Design Principles,100,2024-10-21 05:27:58.354000
Gary Sherman,Diversity and Inclusion Initiatives,100,2024-10-21 05:27:58.354000
Gary Sherman,3D Game Development,100,2024-10-21 05:27:58.354000
Rick Frye,Data Ethics,100,2024-10-21 05:27:58.354000
Rick Frye,Data Analysis with Pandas,100,2024-10-21 05:27:58.354000
Rick Frye,Data Visualization with Matplotlib,100,2024-10-21 05:27:58.354000
Rick Frye,Data Cleaning & Preprocessing,100,2024-10-21 05:27:58.354000
Rick Frye,Data Analysis for Business Decisions,100,2024-10-21 05:27:58.354000
Rick Frye,Introduction to Finance,100,2024-10-21 05:27:58.354000
Rick Frye,Introduction to Blockchain,100,2024-10-21 05:27:58.354000
Rick Frye,DevOps in the Cloud,100,2024-10-21 05:27:58.354000
Rick Frye,Content Marketing Strategies,100,2024-10-21 05:27:58.354000
Rick Frye,3D Game Development,100,2024-10-21 05:27:58.354000
Rick Frye,Introduction to Business Analysis,100,2024-10-21 05:27:58.354000
Rick Frye,Python for Data Science,100,2024-10-21 05:27:58.354000
Bethany Baker,Data Visualization with Matplotlib,100,2024-10-21 05:27:58.354000
Bethany Baker,Data Analysis with Pandas,100,2024-10-21 05:27:58.354000
Bethany Baker,Data Cleaning & Preprocessing,100,2024-10-21 05:27:58.354000
Bethany Baker,Data Ethics,100,2024-10-21 05:27:58.354000
Bethany Baker,Data Analysis for Business Decisions,100,2024-10-21 05:27:58.354000
Bethany Baker,Google Ads Fundamentals,100,2024-10-21 05:27:58.354000
Bethany Baker,Deep Learning with TensorFlow,100,2024-10-21 05:27:58.354000
Bethany Baker,Unsupervised Learning,100,2024-10-21 05:27:58.354000
Bethany Baker,Time Series Analysis,100,2024-10-21 05:27:58.354000
Bethany Baker,Business Process Modeling,100,2024-10-21 05:27:58.354000
Anna Lowe,Data Ethics,100,2024-10-21 05:27:58.354000
Anna Lowe,Data Analysis with Pandas,100,2024-10-21 05:27:58.354000
Anna Lowe,Data Cleaning & Preprocessing,100,2024-10-21 05:27:58.354000
Anna Lowe,Data Analysis for Business Decisions,100,2024-10-21 05:27:58.354000
Anna Lowe,Data Visualization with Matplotlib,100,2024-10-21 05:27:58.355000
Anna Lowe,Budgeting for Projects,100,2024-10-21 05:27:58.355000
Anna Lowe,RESTful Services,100,2024-10-21 05:27:58.355000
Anna Lowe,Web Performance Optimization,100,2024-10-21 05:27:58.355000
Anna Lowe,Interaction Design Principles,100,2024-10-21 05:27:58.355000
Anna Lowe,Corporate Finance Essentials,100,2024-10-21 05:27:58.355000
Candice Williams,Data Ethics,100,2024-10-21 05:27:58.355000
Candice Williams,Data Analysis for Business Decisions,100,2024-10-21 05:27:58.355000
Candice Williams,Data Analysis with Pandas,100,2024-10-21 05:27:58.355000
Candice Williams,Data Cleaning & Preprocessing,100,2024-10-21 05:27:58.355000
Candice Williams,Data Visualization with Matplotlib,100,2024-10-21 05:27:58.355000
Candice Williams,Analytics for Marketers,100,2024-10-21 05:27:58.355000
Candice Williams,HTML & CSS,100,2024-10-21 05:27:58.355000
Candice Williams,Business Process Modeling,100,2024-10-21 05:27:58.355000
Candice Williams,Automating Cloud Deployments,100,2024-10-21 05:27:58.355000
Candice Williams,Smart Contracts Development,100,2024-10-21 05:27:58.355000
Candice Williams,Introduction to DevOps,100,2024-10-21 05:27:58.355000
Candice Williams,Editing and Proofreading Techniques,100,2024-10-21 05:27:58.355000
Michelle Diaz,Data Ethics,100,2024-10-21 05:27:58.355000
Michelle Diaz,Data Cleaning & Preprocessing,100,2024-10-21 05:27:58.355000
Michelle Diaz,Data Analysis for Business Decisions,100,2024-10-21 05:27:58.355000
Michelle Diaz,Data Analysis with Pandas,100,2024-10-21 05:27:58.355000
Michelle Diaz,Data Visualization with Matplotlib,100,2024-10-21 05:27:58.355000
Michelle Diaz,Publishing Mobile Apps,100,2024-10-21 05:27:58.355000
Michelle Diaz,Predictive Analytics,100,2024-10-21 05:27:58.355000
Michelle Diaz,AI in Healthcare,100,2024-10-21 05:27:58.355000
Michelle Diaz,Project Management Tools Overview,100,2024-10-21 05:27:58.355000
Michelle Diaz,Agile Methodologies,100,2024-10-21 05:27:58.355000
Michelle Diaz,Understanding Financial Markets,100,2024-10-21 05:27:58.355000
Michelle Diaz,DevOps in the Cloud,100,2024-10-21 05:27:58.355000
Michelle Diaz,Android Development Basics,100,2024-10-21 05:27:58.355000
Michelle Diaz,Cryptocurrency Fundamentals,100,2024-10-21 05:27:58.355000
Kyle Wright,Data Ethics,100,2024-10-21 05:27:58.355000
Kyle Wright,Data Analysis with Pandas,100,2024-10-21 05:27:58.355000
Kyle Wright,Data Cleaning & Preprocessing,100,2024-10-21 05:27:58.355000
Kyle Wright,Data Visualization with Matplotlib,100,2024-10-21 05:27:58.355000
Kyle Wright,Data Analysis for Business Decisions,100,2024-10-21 05:27:58.355000
Kyle Wright,Unity Basics,100,2024-10-21 05:27:58.355000
Kyle Wright,Risk Analysis and Management,100,2024-10-21 05:27:58.355000
Kyle Wright,Node.js,100,2024-10-21 05:27:58.355000
Kyle Wright,Design Tools Overview,100,2024-10-21 05:27:58.355000
Kyle Wright,Customer Service Excellence,100,2024-10-21 05:27:58.355000
Kyle Wright,Financial Reporting Standards,100,2024-10-21 05:27:58.355000
Deanna Barker,Data Visualization with Matplotlib,100,2024-10-21 05:27:58.355000
Deanna Barker,Data Cleaning & Preprocessing,100,2024-10-21 05:27:58.355000
Deanna Barker,Data Analysis for Business Decisions,100,2024-10-21 05:27:58.355000
Deanna Barker,Data Analysis with Pandas,100,2024-10-21 05:27:58.355000
Deanna Barker,Data Ethics,100,2024-10-21 05:27:58.355000
Deanna Barker,Tokenomics,100,2024-10-21 05:27:58.355000
Deanna Barker,Investing Fundamentals,100,2024-10-21 05:27:58.355000
Deanna Barker,Deep Learning with TensorFlow,100,2024-10-21 05:27:58.355000
Deanna Barker,Closing Sales Strategies,100,2024-10-21 05:27:58.355000
Deanna Barker,HR Technology Tools,100,2024-10-21 05:27:58.355000
Deanna Barker,API Integration in Mobile Apps,100,2024-10-21 05:27:58.355000
Deanna Barker,Network Security Fundamentals,100,2024-10-21 05:27:58.355000
Deanna Barker,2D Game Development,100,2024-10-21 05:27:58.355000
Deanna Barker,Employee Engagement Techniques,100,2024-10-21 05:27:58.355000
Andrew Pearson,Data Analysis for Business Decisions,100,2024-10-21 05:27:58.355000
Andrew Pearson,Data Visualization with Matplotlib,100,2024-10-21 05:27:58.355000
Andrew Pearson,Data Ethics,100,2024-10-21 05:27:58.355000
Andrew Pearson,Data Analysis with Pandas,100,2024-10-21 05:27:58.355000
Andrew Pearson,Data Cleaning & Preprocessing,100,2024-10-21 05:27:58.355000
Andrew Pearson,Blogging for Beginners,100,2024-10-21 05:27:58.355000
Andrew Pearson,Business Process Modeling,100,2024-10-21 05:27:58.355000
Andrew Pearson,Blockchain Use Cases,100,2024-10-21 05:27:58.355000
Andrew Pearson,Monitoring and Logging,100,2024-10-21 05:27:58.355000
Andrew Pearson,Ethereum Development,100,2024-10-21 05:27:58.355000
Andrew Pearson,Blockchain Security,100,2024-10-21 05:27:58.355000
Brian Henry,Data Analysis for Business Decisions,100,2024-10-21 05:27:58.355000
Brian Henry,Data Visualization with Matplotlib,100,2024-10-21 05:27:58.355000
Brian Henry,Data Cleaning & Preprocessing,100,2024-10-21 05:27:58.355000
Brian Henry,Data Analysis with Pandas,100,2024-10-21 05:27:58.355000
Brian Henry,Data Ethics,100,2024-10-21 05:27:58.355000
Brian Henry,Deep Learning Fundamentals,100,2024-10-21 05:27:58.355000
Brian Henry,React,100,2024-10-21 05:27:58.355000
Brian Henry,Talent Acquisition Strategies,100,2024-10-21 05:27:58.355000
Brian Henry,Penetration Testing,100,2024-10-21 05:27:58.355000
Brian Henry,Video Production Basics,100,2024-10-21 05:27:58.355000
Lisa Reed,Data Analysis with Pandas,100,2024-10-21 05:27:58.355000
Lisa Reed,Data Ethics,100,2024-10-21 05:27:58.355000
Lisa Reed,Data Cleaning & Preprocessing,100,2024-10-21 05:27:58.355000
Lisa Reed,Data Analysis for Business Decisions,100,2024-10-21 05:27:58.355000
Lisa Reed,Data Visualization with Matplotlib,100,2024-10-21 05:27:58.355000
Lisa Reed,Operating Systems Overview,100,2024-10-21 05:27:58.355000
Lisa Reed,Version Control with Git,100,2024-10-21 05:27:58.355000
Lisa Reed,AI in Healthcare,100,2024-10-21 05:27:58.355000
Lisa Reed,Agile Project Management,100,2024-10-21 05:27:58.355000
Lisa Reed,Introduction to Blockchain,100,2024-10-21 05:27:58.355000
Lisa Reed,Model Evaluation,100,2024-10-21 05:27:58.355000
Lisa Reed,Content Management Systems (CMS),100,2024-10-21 05:27:58.355000
Lisa Reed,Smart Contracts Development,100,2024-10-21 05:27:58.355000
Lisa Reed,Project Management Tools Overview,100,2024-10-21 05:27:58.355000
Lisa Reed,Understanding Financial Markets,100,2024-10-21 05:27:58.355000
Robyn Green,Data Visualization with Matplotlib,100,2024-10-21 05:27:58.355000
Robyn Green,Data Analysis for Business Decisions,100,2024-10-21 05:27:58.355000
Robyn Green,Data Ethics,100,2024-10-21 05:27:58.355000
Robyn Green,Data Analysis with Pandas,100,2024-10-21 05:27:58.355000
Robyn Green,Data Cleaning & Preprocessing,100,2024-10-21 05:27:58.355000
Robyn Green,Cryptography Basics,100,2024-10-21 05:27:58.355000
Robyn Green,Penetration Testing,100,2024-10-21 05:27:58.355000
Robyn Green,Introduction to Content Creation,100,2024-10-21 05:27:58.355000
Robyn Green,SEO Best Practices,100,2024-10-21 05:27:58.355000
Robyn Green,Express.js,100,2024-10-21 05:27:58.355000
Rebecca Andrews,Data Ethics,100,2024-10-21 05:27:58.355000
Rebecca Andrews,Data Cleaning & Preprocessing,100,2024-10-21 05:27:58.355000
Rebecca Andrews,Data Analysis with Pandas,100,2024-10-21 05:27:58.355000
Rebecca Andrews,Data Analysis for Business Decisions,100,2024-10-21 05:27:58.355000
Rebecca Andrews,Data Visualization with Matplotlib,100,2024-10-21 05:27:58.355000
Rebecca Andrews,Containerization with Docker,100,2024-10-21 05:27:58.355000
Rebecca Andrews,Change Management Strategies,100,2024-10-21 05:27:58.355000
Rebecca Andrews,Predictive Analytics,100,2024-10-21 05:27:58.355000
Rebecca Andrews,Deployment of ML Models,100,2024-10-21 05:27:58.355000
Rebecca Andrews,Email Marketing Basics,100,2024-10-21 05:27:58.355000
Rebecca Andrews,Introduction to Business Analysis,100,2024-10-21 05:27:58.355000
Rebecca Andrews,DevOps in the Cloud,100,2024-10-21 05:27:58.355000
Rebecca Andrews,Reinforcement Learning Techniques,100,2024-10-21 05:27:58.355000
Tony Lawson,Data Visualization with Matplotlib,100,2024-10-21 05:27:58.355000
Tony Lawson,Data Analysis for Business Decisions,100,2024-10-21 05:27:58.355000
Tony Lawson,Data Cleaning & Preprocessing,100,2024-10-21 05:27:58.355000
Tony Lawson,Data Analysis with Pandas,100,2024-10-21 05:27:58.355000
Tony Lawson,Data Ethics,100,2024-10-21 05:27:58.355000
Tony Lawson,Mobile App Security,100,2024-10-21 05:27:58.355000
Tony Lawson,Penetration Testing,100,2024-10-21 05:27:58.355000
Tony Lawson,Blockchain Security,100,2024-10-21 05:27:58.355000
Tony Lawson,Content Management Systems (CMS),100,2024-10-21 05:27:58.355000
Tony Lawson,Introduction to Business Analysis,100,2024-10-21 05:27:58.355000
Tony Lawson,Android Development Basics,100,2024-10-21 05:27:58.355000
Tony Lawson,AI in Healthcare,100,2024-10-21 05:27:58.355000
Tony Lawson,Collaboration Tools in DevOps,100,2024-10-21 05:27:58.355000
Tony Lawson,Design Tools Overview,100,2024-10-21 05:27:58.355000
Joseph Rangel,Data Ethics,100,2024-10-21 05:27:58.355000
Joseph Rangel,Data Visualization with Matplotlib,100,2024-10-21 05:27:58.355000
Joseph Rangel,Data Analysis with Pandas,100,2024-10-21 05:27:58.355000
Joseph Rangel,Data Analysis for Business Decisions,100,2024-10-21 05:27:58.355000
Joseph Rangel,Data Cleaning & Preprocessing,100,2024-10-21 05:27:58.355000
Joseph Rangel,API Integration in Mobile Apps,100,2024-10-21 05:27:58.355000
Joseph Rangel,Sales Fundamentals,100,2024-10-21 05:27:58.355000
Joseph Rangel,Content Marketing Strategies,100,2024-10-21 05:27:58.355000
Joseph Rangel,Version Control with Git,100,2024-10-21 05:27:58.355000
Joseph Rangel,Responsive Web Design,100,2024-10-21 05:27:58.355000
Joseph Rangel,Operating Systems Overview,100,2024-10-21 05:27:58.355000
Joseph Rangel,Cryptocurrency Fundamentals,100,2024-10-21 05:27:58.355000
Ashley Anthony,Data Cleaning & Preprocessing,100,2024-10-21 05:27:58.355000
Ashley Anthony,Data Analysis with Pandas,100,2024-10-21 05:27:58.355000
Ashley Anthony,Data Visualization with Matplotlib,100,2024-10-21 05:27:58.355000
Ashley Anthony,Data Ethics,100,2024-10-21 05:27:58.356000
Ashley Anthony,Data Analysis for Business Decisions,100,2024-10-21 05:27:58.356000
Ashley Anthony,Smart Contracts Development,100,2024-10-21 05:27:58.356000
Ashley Anthony,Social Media Content Creation,100,2024-10-21 05:27:58.356000
Ashley Anthony,Speech Recognition Technologies,100,2024-10-21 05:27:58.356000
Ashley Anthony,Content Marketing Strategies,100,2024-10-21 05:27:58.356000
Ashley Anthony,Virtual Reality Development,100,2024-10-21 05:27:58.356000
Ashley Anthony,Understanding Financial Markets,100,2024-10-21 05:27:58.356000
Angela Jones,Data Analysis for Business Decisions,100,2024-10-21 05:27:58.356000
Angela Jones,Data Cleaning & Preprocessing,100,2024-10-21 05:27:58.356000
Angela Jones,Data Analysis with Pandas,100,2024-10-21 05:27:58.356000
Angela Jones,Data Visualization with Matplotlib,100,2024-10-21 05:27:58.356000
Angela Jones,Data Ethics,100,2024-10-21 05:27:58.356000
Angela Jones,Version Control with Git,100,2024-10-21 05:27:58.356000
Angela Jones,Investing Fundamentals,100,2024-10-21 05:27:58.356000
Angela Jones,Smart Contracts Development,100,2024-10-21 05:27:58.356000
Angela Jones,Content Promotion Strategies,100,2024-10-21 05:27:58.356000
Angela Jones,Budgeting Basics,100,2024-10-21 05:27:58.356000
Angela Jones,Deep Learning with TensorFlow,100,2024-10-21 05:27:58.356000
Angela Jones,Container Orchestration with Kubernetes,100,2024-10-21 05:27:58.356000
Angela Jones,Introduction to Content Creation,100,2024-10-21 05:27:58.356000
Angela Jones,Employee Engagement Techniques,100,2024-10-21 05:27:58.356000
Elizabeth Castaneda,Data Analysis for Business Decisions,100,2024-10-21 05:27:58.356000
Elizabeth Castaneda,Data Visualization with Matplotlib,100,2024-10-21 05:27:58.356000
Elizabeth Castaneda,Data Analysis with Pandas,100,2024-10-21 05:27:58.356000
Elizabeth Castaneda,Data Cleaning & Preprocessing,100,2024-10-21 05:27:58.356000
Elizabeth Castaneda,Data Ethics,100,2024-10-21 05:27:58.356000
Elizabeth Castaneda,Communication Skills for Project Managers,100,2024-10-21 05:27:58.356000
Elizabeth Castaneda,Virtual Reality Development,100,2024-10-21 05:27:58.356000
Elizabeth Castaneda,Backend Development Fundamentals,100,2024-10-21 05:27:58.356000
Elizabeth Castaneda,Understanding Financial Markets,100,2024-10-21 05:27:58.356000
Elizabeth Castaneda,Model Evaluation,100,2024-10-21 05:27:58.356000
Elizabeth Castaneda,Digital Sales Techniques,100,2024-10-21 05:27:58.356000
Elizabeth Castaneda,Incident Response,100,2024-10-21 05:27:58.356000
Elizabeth Castaneda,Google Cloud Platform Essentials,100,2024-10-21 05:27:58.356000
Elizabeth Castaneda,Budgeting Basics,100,2024-10-21 05:27:58.356000
Diana Poole,Data Analysis for Business Decisions,100,2024-10-21 05:27:58.356000
Diana Poole,Data Cleaning & Preprocessing,100,2024-10-21 05:27:58.356000
Diana Poole,Data Ethics,100,2024-10-21 05:27:58.356000
Diana Poole,Data Visualization with Matplotlib,100,2024-10-21 05:27:58.356000
Diana Poole,Data Analysis with Pandas,100,2024-10-21 05:27:58.356000
Diana Poole,Graphic Design Basics for Content,100,2024-10-21 05:27:58.356000
Diana Poole,Virtual Reality Development,100,2024-10-21 05:27:58.356000
Diana Poole,Hyperledger Basics,100,2024-10-21 05:27:58.356000
Diana Poole,Customer Service Skills for IT,100,2024-10-21 05:27:58.356000
Diana Poole,Python for Data Science,100,2024-10-21 05:27:58.356000
Diana Poole,React,100,2024-10-21 05:27:58.356000
Diana Poole,Closing Sales Strategies,100,2024-10-21 05:27:58.356000
Danielle Juarez,Data Ethics,100,2024-10-21 05:27:58.356000
Danielle Juarez,Data Cleaning & Preprocessing,100,2024-10-21 05:27:58.356000
Danielle Juarez,Data Analysis for Business Decisions,100,2024-10-21 05:27:58.356000
Danielle Juarez,Data Analysis with Pandas,100,2024-10-21 05:27:58.356000
Danielle Juarez,Data Visualization with Matplotlib,100,2024-10-21 05:27:58.356000
Danielle Juarez,Financial Planning and Forecasting,100,2024-10-21 05:27:58.356000
Danielle Juarez,Unsupervised Learning,100,2024-10-21 05:27:58.356000
Danielle Juarez,RESTful Services,100,2024-10-21 05:27:58.356000
Danielle Juarez,AI in Healthcare,100,2024-10-21 05:27:58.356000
Danielle Juarez,Agile Methodologies,100,2024-10-21 05:27:58.356000
Danielle Juarez,Design Thinking Process,100,2024-10-21 05:27:58.356000
Danielle Juarez,Introduction to Blockchain,100,2024-10-21 05:27:58.356000
Danielle Juarez,Introduction to DevOps,100,2024-10-21 05:27:58.356000
Danielle Juarez,Content Strategy Development,100,2024-10-21 05:27:58.356000
Danielle Juarez,Deployment of ML Models,100,2024-10-21 05:27:58.356000
Brenda Watkins,Data Cleaning & Preprocessing,100,2024-10-21 05:27:58.356000
Brenda Watkins,Data Analysis for Business Decisions,100,2024-10-21 05:27:58.356000
Brenda Watkins,Data Ethics,100,2024-10-21 05:27:58.356000
Brenda Watkins,Data Visualization with Matplotlib,100,2024-10-21 05:27:58.356000
Brenda Watkins,Data Analysis with Pandas,100,2024-10-21 05:27:58.356000
Brenda Watkins,SEO Fundamentals,100,2024-10-21 05:27:58.356000
Brenda Watkins,Deployment of ML Models,100,2024-10-21 05:27:58.356000
Brenda Watkins,Introduction to Business Analysis,100,2024-10-21 05:27:58.356000
Brenda Watkins,Stakeholder Analysis,100,2024-10-21 05:27:58.356000
Brenda Watkins,Frontend Development Basics,100,2024-10-21 05:27:58.356000
Brenda Watkins,HTML & CSS,100,2024-10-21 05:27:58.356000
Scott Davidson,Data Ethics,100,2024-10-21 05:27:58.356000
Scott Davidson,Data Cleaning & Preprocessing,100,2024-10-21 05:27:58.356000
Scott Davidson,Data Analysis with Pandas,100,2024-10-21 05:27:58.356000
Scott Davidson,Data Visualization with Matplotlib,100,2024-10-21 05:27:58.356000
Scott Davidson,Analytics for Marketers,100,2024-10-21 05:27:58.356000
Scott Davidson,Azure Basics,100,2024-10-21 05:27:58.356000
Scott Davidson,Interaction Design Principles,100,2024-10-21 05:27:58.356000
Scott Davidson,Brand Management Online,100,2024-10-21 05:27:58.356000
Scott Davidson,Vulnerability Assessment,100,2024-10-21 05:27:58.356000
Scott Davidson,Risk Management in Finance,100,2024-10-21 05:27:58.356000
Scott Davidson,Cryptocurrency Fundamentals,100,2024-10-21 05:27:58.356000
Scott Davidson,Social Media Content Creation,100,2024-10-21 05:27:58.356000
Scott Davidson,Deployment of ML Models,100,2024-10-21 05:27:58.356000
Scott Davidson,Natural Language Processing Techniques,100,2024-10-21 05:27:58.356000
Steven Wilson,Data Analysis for Business Decisions,100,2024-10-21 05:27:58.356000
Steven Wilson,Data Ethics,100,2024-10-21 05:27:58.356000
Steven Wilson,Data Analysis with Pandas,100,2024-10-21 05:27:58.356000
Steven Wilson,Data Cleaning & Preprocessing,100,2024-10-21 05:27:58.356000
Steven Wilson,Data Visualization with Matplotlib,100,2024-10-21 05:27:58.356000
Steven Wilson,Reinforcement Learning,100,2024-10-21 05:27:58.356000
Steven Wilson,Web Accessibility Standards,100,2024-10-21 05:27:58.356000
Steven Wilson,SEO Fundamentals,100,2024-10-21 05:27:58.356000
Steven Wilson,Communication Skills for Project Managers,100,2024-10-21 05:27:58.356000
Steven Wilson,SEO for Content Creators,100,2024-10-21 05:27:58.356000
Steven Wilson,Conversion Rate Optimization,100,2024-10-21 05:27:58.356000
Steven Wilson,Understanding Financial Markets,100,2024-10-21 05:27:58.356000
Steven Wilson,Microservices in Cloud,100,2024-10-21 05:27:58.356000
Steven Wilson,Smart Contracts Development,100,2024-10-21 05:27:58.356000
Jennifer Tran,Data Analysis for Business Decisions,100,2024-10-21 05:27:58.356000
Jennifer Tran,Data Visualization with Matplotlib,100,2024-10-21 05:27:58.356000
Jennifer Tran,Data Ethics,100,2024-10-21 05:27:58.356000
Jennifer Tran,Data Analysis with Pandas,100,2024-10-21 05:27:58.356000
Jennifer Tran,Data Cleaning & Preprocessing,100,2024-10-21 05:27:58.356000
Jennifer Tran,Introduction to IT Support,100,2024-10-21 05:27:58.356000
Jennifer Tran,Cloud Support Fundamentals,100,2024-10-21 05:27:58.356000
Jennifer Tran,Deep Learning with TensorFlow,100,2024-10-21 05:27:58.356000
Jennifer Tran,Investing Fundamentals,100,2024-10-21 05:27:58.356000
Jennifer Tran,Time Management for Sales,100,2024-10-21 05:27:58.356000
Joseph Martin,Data Visualization with Matplotlib,100,2024-10-21 05:27:58.356000
Joseph Martin,Data Ethics,100,2024-10-21 05:27:58.356000
Joseph Martin,Data Analysis with Pandas,100,2024-10-21 05:27:58.356000
Joseph Martin,Data Analysis for Business Decisions,100,2024-10-21 05:27:58.356000
Joseph Martin,Data Cleaning & Preprocessing,100,2024-10-21 05:27:58.356000
Joseph Martin,Ethereum Development,100,2024-10-21 05:27:58.356000
Joseph Martin,HR Technology Tools,100,2024-10-21 05:27:58.356000
Joseph Martin,Performance Management Systems,100,2024-10-21 05:27:58.356000
Joseph Martin,Introduction to Finance,100,2024-10-21 05:27:58.356000
Joseph Martin,Conversion Rate Optimization,100,2024-10-21 05:27:58.356000
Joseph Martin,DevOps in the Cloud,100,2024-10-21 05:27:58.356000
Joseph Martin,Progressive Web Apps (PWAs),100,2024-10-21 05:27:58.356000
Cole Hansen,Data Ethics,100,2024-10-21 05:27:58.356000
Cole Hansen,Data Cleaning & Preprocessing,100,2024-10-21 05:27:58.356000
Cole Hansen,Data Analysis for Business Decisions,100,2024-10-21 05:27:58.356000
Cole Hansen,Data Visualization with Matplotlib,100,2024-10-21 05:27:58.356000
Cole Hansen,Data Analysis with Pandas,100,2024-10-21 05:27:58.356000
Cole Hansen,Microservices in Cloud,100,2024-10-21 05:27:58.356000
Cole Hansen,Git & GitHub,100,2024-10-21 05:27:58.356000
Cole Hansen,User Research Techniques,100,2024-10-21 05:27:58.356000
Cole Hansen,Corporate Finance Essentials,100,2024-10-21 05:27:58.356000
Cole Hansen,Virtual Reality Development,100,2024-10-21 05:27:58.356000
Cole Hansen,Azure Basics,100,2024-10-21 05:27:58.356000
Cole Hansen,Risk Management in Cybersecurity,100,2024-10-21 05:27:58.356000
Cole Hansen,Employee Engagement Techniques,100,2024-10-21 05:27:58.356000
Cole Hansen,Mobile App Design,100,2024-10-21 05:27:58.356000
Cole Hansen,Introduction to IT Support,100,2024-10-21 05:27:58.356000
Daniel Webster,Data Cleaning & Preprocessing,100,2024-10-21 05:27:58.356000
Daniel Webster,Data Ethics,100,2024-10-21 05:27:58.356000
Daniel Webster,Data Analysis for Business Decisions,100,2024-10-21 05:27:58.356000
Daniel Webster,Data Analysis with Pandas,100,2024-10-21 05:27:58.356000
Daniel Webster,Data Visualization with Matplotlib,100,2024-10-21 05:27:58.356000
Daniel Webster,Hyperledger Basics,100,2024-10-21 05:27:58.356000
Daniel Webster,Frontend Development Basics,100,2024-10-21 05:27:58.356000
Daniel Webster,SEO for Content Creators,100,2024-10-21 05:27:58.356000
Daniel Webster,Introduction to Finance,100,2024-10-21 05:27:58.356000
Daniel Webster,Usability Testing,100,2024-10-21 05:27:58.356000
Daniel Webster,Negotiation Techniques,100,2024-10-21 05:27:58.356000
Jocelyn Grant,Data Analysis for Business Decisions,100,2024-10-21 05:27:58.357000
Jocelyn Grant,Data Ethics,100,2024-10-21 05:27:58.357000
Jocelyn Grant,Data Analysis with Pandas,100,2024-10-21 05:27:58.357000
Jocelyn Grant,Data Visualization with Matplotlib,100,2024-10-21 05:27:58.357000
Jocelyn Grant,Data Cleaning & Preprocessing,100,2024-10-21 05:27:58.357000
Jocelyn Grant,Network Security Fundamentals,100,2024-10-21 05:27:58.357000
Jocelyn Grant,Sales Fundamentals,100,2024-10-21 05:27:58.357000
Jocelyn Grant,Node.js,100,2024-10-21 05:27:58.357000
Jocelyn Grant,Conversion Rate Optimization,100,2024-10-21 05:27:58.357000
Jocelyn Grant,Agile Methodologies,100,2024-10-21 05:27:58.357000
Jocelyn Grant,Brand Management Online,100,2024-10-21 05:27:58.357000
Jocelyn Grant,Business Case Development,100,2024-10-21 05:27:58.357000
Jocelyn Grant,Azure Basics,100,2024-10-21 05:27:58.357000
Jocelyn Grant,Content Management Systems (CMS),100,2024-10-21 05:27:58.357000
Mrs. Jessica Bailey,Data Analysis for Business Decisions,100,2024-10-21 05:27:58.357000
Mrs. Jessica Bailey,Data Visualization with Matplotlib,100,2024-10-21 05:27:58.357000
Mrs. Jessica Bailey,Data Cleaning & Preprocessing,100,2024-10-21 05:27:58.357000
Mrs. Jessica Bailey,Data Ethics,100,2024-10-21 05:27:58.357000
Mrs. Jessica Bailey,Interaction Design Principles,100,2024-10-21 05:27:58.357000
Mrs. Jessica Bailey,Computer Vision Basics,100,2024-10-21 05:27:58.357000
Mrs. Jessica Bailey,Progressive Web Apps (PWAs),100,2024-10-21 05:27:58.357000
Mrs. Jessica Bailey,Configuration Management with Ansible,100,2024-10-21 05:27:58.357000
Mrs. Jessica Bailey,SWOT Analysis for Business,100,2024-10-21 05:27:58.357000
Mrs. Jessica Bailey,Blockchain Security,100,2024-10-21 05:27:58.357000
Mrs. Jessica Bailey,Building Customer Relationships,100,2024-10-21 05:27:58.357000
Mrs. Jessica Bailey,Introduction to IT Support,100,2024-10-21 05:27:58.357000
Mrs. Jessica Bailey,Containerization with Docker,100,2024-10-21 05:27:58.357000
Mrs. Jessica Bailey,Social Media Content Creation,100,2024-10-21 05:27:58.357000
Mrs. Jessica Bailey,Hardware Repair Skills,100,2024-10-21 05:27:58.357000
Richard Price,Data Cleaning & Preprocessing,100,2024-10-21 05:27:58.357000
Richard Price,Data Analysis with Pandas,100,2024-10-21 05:27:58.357000
Richard Price,Data Ethics,100,2024-10-21 05:27:58.357000
Richard Price,Data Visualization with Matplotlib,100,2024-10-21 05:27:58.357000
Richard Price,Consensus Algorithms,100,2024-10-21 05:27:58.357000
Richard Price,Blockchain Security,100,2024-10-21 05:27:58.357000
Richard Price,AI in Robotics,100,2024-10-21 05:27:58.357000
Richard Price,Network Security Fundamentals,100,2024-10-21 05:27:58.357000
Richard Price,Malware Analysis,100,2024-10-21 05:27:58.357000
Richard Price,Usability Testing,100,2024-10-21 05:27:58.357000
Richard Price,Tokenomics,100,2024-10-21 05:27:58.357000
Richard Price,Graphic Design Basics for Content,100,2024-10-21 05:27:58.357000
Richard Price,Security in Cloud Computing,100,2024-10-21 05:27:58.357000
Richard Price,AWS Fundamentals,100,2024-10-21 05:27:58.357000
James King,Data Visualization with Matplotlib,100,2024-10-21 05:27:58.357000
James King,Data Analysis for Business Decisions,100,2024-10-21 05:27:58.357000
James King,Data Ethics,100,2024-10-21 05:27:58.357000
James King,Data Cleaning & Preprocessing,100,2024-10-21 05:27:58.357000
James King,Decentralized Applications (DApps),100,2024-10-21 05:27:58.357000
James King,Progressive Web Apps (PWAs),100,2024-10-21 05:27:58.357000
James King,Web Performance Optimization,100,2024-10-21 05:27:58.357000
James King,Git & GitHub,100,2024-10-21 05:27:58.357000
James King,Big Data with Spark,100,2024-10-21 05:27:58.357000
James King,iOS Development Basics,100,2024-10-21 05:27:58.357000
Amanda Gray,Data Cleaning & Preprocessing,100,2024-10-21 05:27:58.357000
Amanda Gray,Data Analysis with Pandas,100,2024-10-21 05:27:58.357000
Amanda Gray,Data Analysis for Business Decisions,100,2024-10-21 05:27:58.357000
Amanda Gray,Data Ethics,100,2024-10-21 05:27:58.357000
Amanda Gray,Data Visualization with Matplotlib,100,2024-10-21 05:27:58.357000
Amanda Gray,Collaboration Tools in DevOps,100,2024-10-21 05:27:58.357000
Amanda Gray,AI in Healthcare,100,2024-10-21 05:27:58.357000
Amanda Gray,Configuration Management with Ansible,100,2024-10-21 05:27:58.357000
Amanda Gray,Understanding Consumer Behavior,100,2024-10-21 05:27:58.357000
Amanda Gray,Introduction to Finance,100,2024-10-21 05:27:58.357000
Amanda Gray,Brand Management Online,100,2024-10-21 05:27:58.357000
Amanda Gray,Consensus Algorithms,100,2024-10-21 05:27:58.357000
Amanda Gray,E-commerce Development Basics,100,2024-10-21 05:27:58.357000
Amanda Gray,Responsive Web Design,100,2024-10-21 05:27:58.357000
Jennifer Gray,Data Analysis with Pandas,100,2024-10-21 05:27:58.357000
Jennifer Gray,Data Cleaning & Preprocessing,100,2024-10-21 05:27:58.357000
Jennifer Gray,Data Ethics,100,2024-10-21 05:27:58.357000
Jennifer Gray,Data Visualization with Matplotlib,100,2024-10-21 05:27:58.357000
Jennifer Gray,Data Analysis for Business Decisions,100,2024-10-21 05:27:58.357000
Jennifer Gray,Interaction Design Principles,100,2024-10-21 05:27:58.357000
Jennifer Gray,Agile Methodologies,100,2024-10-21 05:27:58.357000
Jennifer Gray,Training and Development,100,2024-10-21 05:27:58.357000
Jennifer Gray,Introduction to Machine Learning,100,2024-10-21 05:27:58.357000
Jennifer Gray,Network Security Fundamentals,100,2024-10-21 05:27:58.357000
Jennifer Gray,Game Testing Techniques,100,2024-10-21 05:27:58.357000
Jennifer Gray,Version Control with Git,100,2024-10-21 05:27:58.357000
Jennifer Gray,Node.js,100,2024-10-21 05:27:58.357000
Anthony Sheppard,Data Ethics,100,2024-10-21 05:27:58.357000
Anthony Sheppard,Data Cleaning & Preprocessing,100,2024-10-21 05:27:58.357000
Anthony Sheppard,Data Visualization with Matplotlib,100,2024-10-21 05:27:58.357000
Anthony Sheppard,Data Analysis with Pandas,100,2024-10-21 05:27:58.357000
Anthony Sheppard,Data Analysis for Business Decisions,100,2024-10-21 05:27:58.357000
Anthony Sheppard,Big Data with Spark,100,2024-10-21 05:27:58.357000
Anthony Sheppard,Personal Finance Skills,100,2024-10-21 05:27:58.357000
Anthony Sheppard,Deployment of ML Models,100,2024-10-21 05:27:58.357000
Anthony Sheppard,Conflict Resolution in HR,100,2024-10-21 05:27:58.357000
Anthony Sheppard,Web Performance Optimization,100,2024-10-21 05:27:58.357000
Anthony Sheppard,Publishing Mobile Apps,100,2024-10-21 05:27:58.357000
Anthony Sheppard,SEO Fundamentals,100,2024-10-21 05:27:58.357000
Anthony Sheppard,RESTful Services,100,2024-10-21 05:27:58.357000
Justin Rogers,Data Visualization with Matplotlib,100,2024-10-21 05:27:58.357000
Justin Rogers,Data Analysis with Pandas,100,2024-10-21 05:27:58.357000
Justin Rogers,Data Analysis for Business Decisions,100,2024-10-21 05:27:58.357000
Justin Rogers,Data Cleaning & Preprocessing,100,2024-10-21 05:27:58.357000
Justin Rogers,Data Ethics,100,2024-10-21 05:27:58.357000
Justin Rogers,Affiliate Marketing,100,2024-10-21 05:27:58.357000
Justin Rogers,Consensus Algorithms,100,2024-10-21 05:27:58.357000
Justin Rogers,Speech Recognition Technologies,100,2024-10-21 05:27:58.357000
Justin Rogers,MongoDB,100,2024-10-21 05:27:58.357000
Justin Rogers,Python for Data Science,100,2024-10-21 05:27:58.357000
Sarah Webster,Data Cleaning & Preprocessing,100,2024-10-21 05:27:58.357000
Sarah Webster,Data Analysis for Business Decisions,100,2024-10-21 05:27:58.357000
Sarah Webster,Data Analysis with Pandas,100,2024-10-21 05:27:58.357000
Sarah Webster,Data Visualization with Matplotlib,100,2024-10-21 05:27:58.357000
Sarah Webster,Data Ethics,100,2024-10-21 05:27:58.357000
Sarah Webster,Time Series Analysis,100,2024-10-21 05:27:58.357000
Sarah Webster,Agile Methodologies,100,2024-10-21 05:27:58.357000
Sarah Webster,Mobile Testing Strategies,100,2024-10-21 05:27:58.357000
Sarah Webster,Network Security Fundamentals,100,2024-10-21 05:27:58.357000
Sarah Webster,Networking Basics,100,2024-10-21 05:27:58.357000
Sarah Webster,Remote Support Techniques,100,2024-10-21 05:27:58.357000
Sarah Webster,Introduction to IT Support,100,2024-10-21 05:27:58.357000
Sarah Webster,Understanding Consumer Behavior,100,2024-10-21 05:27:58.357000
Sarah Webster,Big Data with Spark,100,2024-10-21 05:27:58.357000
Sarah Webster,Editing and Proofreading Techniques,100,2024-10-21 05:27:58.357000
Lori Holland,Data Visualization with Matplotlib,100,2024-10-21 05:27:58.357000
Lori Holland,Data Ethics,100,2024-10-21 05:27:58.357000
Lori Holland,Data Analysis for Business Decisions,100,2024-10-21 05:27:58.357000
Lori Holland,Data Analysis with Pandas,100,2024-10-21 05:27:58.357000
Lori Holland,Data Cleaning & Preprocessing,100,2024-10-21 05:27:58.357000
Lori Holland,Cloud Support Fundamentals,100,2024-10-21 05:27:58.357000
Lori Holland,2D Game Development,100,2024-10-21 05:27:58.357000
Lori Holland,Agile Project Management,100,2024-10-21 05:27:58.357000
Lori Holland,Networking Basics,100,2024-10-21 05:27:58.357000
Lori Holland,Unsupervised Learning,100,2024-10-21 05:27:58.357000
Elizabeth Coleman,Data Visualization with Matplotlib,100,2024-10-21 05:27:58.357000
Elizabeth Coleman,Data Analysis for Business Decisions,100,2024-10-21 05:27:58.357000
Elizabeth Coleman,Data Ethics,100,2024-10-21 05:27:58.357000
Elizabeth Coleman,Data Cleaning & Preprocessing,100,2024-10-21 05:27:58.357000
Elizabeth Coleman,Data Analysis with Pandas,100,2024-10-21 05:27:58.357000
Elizabeth Coleman,Budgeting for Projects,100,2024-10-21 05:27:58.357000
Elizabeth Coleman,AI in IoT,100,2024-10-21 05:27:58.357000
Elizabeth Coleman,JavaScript Basics,100,2024-10-21 05:27:58.357000
Elizabeth Coleman,Hyperledger Basics,100,2024-10-21 05:27:58.357000
Elizabeth Coleman,Requirements Gathering Techniques,100,2024-10-21 05:27:58.357000
Elizabeth Coleman,Introduction to Cloud Computing,100,2024-10-21 05:27:58.357000
Elizabeth Coleman,Reinforcement Learning,100,2024-10-21 05:27:58.357000
Kim Alvarez,Data Visualization with Matplotlib,100,2024-10-21 05:27:58.357000
Kim Alvarez,Data Cleaning & Preprocessing,100,2024-10-21 05:27:58.357000
Kim Alvarez,Data Analysis for Business Decisions,100,2024-10-21 05:27:58.357000
Kim Alvarez,Data Ethics,100,2024-10-21 05:27:58.357000
Kim Alvarez,Data Analysis with Pandas,100,2024-10-21 05:27:58.357000
Kim Alvarez,Financial Analysis Techniques,100,2024-10-21 05:27:58.358000
Kim Alvarez,Deployment of ML Models,100,2024-10-21 05:27:58.358000
Kim Alvarez,Budgeting for Projects,100,2024-10-21 05:27:58.358000
Kim Alvarez,Editing and Proofreading Techniques,100,2024-10-21 05:27:58.358000
Kim Alvarez,Automating Cloud Deployments,100,2024-10-21 05:27:58.358000
Kim Alvarez,Virtual Reality Development,100,2024-10-21 05:27:58.358000
Kim Alvarez,Project Management Basics,100,2024-10-21 05:27:58.358000
John Bradshaw,Data Cleaning & Preprocessing,100,2024-10-21 05:27:58.358000
John Bradshaw,Data Analysis with Pandas,100,2024-10-21 05:27:58.358000
John Bradshaw,Data Visualization with Matplotlib,100,2024-10-21 05:27:58.358000
John Bradshaw,Data Analysis for Business Decisions,100,2024-10-21 05:27:58.358000
John Bradshaw,Mobile App Security,100,2024-10-21 05:27:58.358000
John Bradshaw,Training and Development,100,2024-10-21 05:27:58.358000
John Bradshaw,Unsupervised Learning,100,2024-10-21 05:27:58.358000
John Bradshaw,Python for Data Science,100,2024-10-21 05:27:58.358000
John Bradshaw,Blockchain Use Cases,100,2024-10-21 05:27:58.358000
John Bradshaw,Network Security Fundamentals,100,2024-10-21 05:27:58.358000
John Bradshaw,DevOps in the Cloud,100,2024-10-21 05:27:58.358000
John Bradshaw,Natural Language Processing Techniques,100,2024-10-21 05:27:58.358000
John Bradshaw,Introduction to Cloud Computing,100,2024-10-21 05:27:58.358000
John Bradshaw,AI in Robotics,100,2024-10-21 05:27:58.358000
John Bradshaw,Wireframing and Prototyping,100,2024-10-21 05:27:58.358000
Richard Frost,Data Ethics,100,2024-10-21 05:27:58.358000
Richard Frost,Data Analysis for Business Decisions,100,2024-10-21 05:27:58.358000
Richard Frost,Data Visualization with Matplotlib,100,2024-10-21 05:27:58.358000
Richard Frost,Data Analysis with Pandas,100,2024-10-21 05:27:58.358000
Richard Frost,Data Cleaning & Preprocessing,100,2024-10-21 05:27:58.358000
Richard Frost,Predictive Analytics,100,2024-10-21 05:27:58.358000
Richard Frost,Design Tools Overview,100,2024-10-21 05:27:58.358000
Richard Frost,Incident Response,100,2024-10-21 05:27:58.358000
Richard Frost,Android Development Basics,100,2024-10-21 05:27:58.358000
Richard Frost,Microservices in Cloud,100,2024-10-21 05:27:58.358000
Richard Frost,Introduction to Machine Learning,100,2024-10-21 05:27:58.358000
Richard Frost,Video Production Basics,100,2024-10-21 05:27:58.358000
Richard Frost,Change Management,100,2024-10-21 05:27:58.358000
Richard Frost,SEO Best Practices,100,2024-10-21 05:27:58.358000
Richard Frost,DevOps in the Cloud,100,2024-10-21 05:27:58.358000
Sarah Henry,Data Analysis with Pandas,100,2024-10-21 05:27:58.358000
Sarah Henry,Data Ethics,100,2024-10-21 05:27:58.358000
Sarah Henry,Data Cleaning & Preprocessing,100,2024-10-21 05:27:58.358000
Sarah Henry,Data Analysis for Business Decisions,100,2024-10-21 05:27:58.358000
Sarah Henry,Consensus Algorithms,100,2024-10-21 05:27:58.358000
Sarah Henry,JavaScript Frameworks Overview,100,2024-10-21 05:27:58.358000
Sarah Henry,Performance Optimization for Mobile Apps,100,2024-10-21 05:27:58.358000
Sarah Henry,Model Evaluation,100,2024-10-21 05:27:58.358000
Sarah Henry,Content Management Systems (CMS),100,2024-10-21 05:27:58.358000
Sarah Henry,Content Marketing Strategies,100,2024-10-21 05:27:58.358000
Sarah Henry,Speech Recognition Technologies,100,2024-10-21 05:27:58.358000
Sarah Henry,Malware Analysis,100,2024-10-21 05:27:58.358000
Sarah Henry,Python for Data Science,100,2024-10-21 05:27:58.358000
Sarah Henry,Ethereum Development,100,2024-10-21 05:27:58.358000
Rachel Martinez,Data Analysis with Pandas,100,2024-10-21 05:27:58.358000
Rachel Martinez,Data Visualization with Matplotlib,100,2024-10-21 05:27:58.358000
Rachel Martinez,Data Ethics,100,2024-10-21 05:27:58.358000
Rachel Martinez,Data Analysis for Business Decisions,100,2024-10-21 05:27:58.358000
Rachel Martinez,Data Cleaning & Preprocessing,100,2024-10-21 05:27:58.358000
Rachel Martinez,Security in Cloud Computing,100,2024-10-21 05:27:58.358000
Rachel Martinez,Blockchain Use Cases,100,2024-10-21 05:27:58.358000
Rachel Martinez,Stakeholder Management,100,2024-10-21 05:27:58.358000
Rachel Martinez,Introduction to DevOps,100,2024-10-21 05:27:58.358000
Rachel Martinez,Deep Learning with TensorFlow,100,2024-10-21 05:27:58.358000
Rachel Martinez,Content Promotion Strategies,100,2024-10-21 05:27:58.358000
Paul Cooper,Data Visualization with Matplotlib,100,2024-10-21 05:27:58.358000
Paul Cooper,Data Cleaning & Preprocessing,100,2024-10-21 05:27:58.358000
Paul Cooper,Data Ethics,100,2024-10-21 05:27:58.358000
Paul Cooper,Data Analysis for Business Decisions,100,2024-10-21 05:27:58.358000
Paul Cooper,DevOps in the Cloud,100,2024-10-21 05:27:58.358000
Paul Cooper,Editing and Proofreading Techniques,100,2024-10-21 05:27:58.358000
Paul Cooper,Agile Project Management,100,2024-10-21 05:27:58.358000
Paul Cooper,Security Awareness for IT Support,100,2024-10-21 05:27:58.358000
Paul Cooper,Budgeting for Projects,100,2024-10-21 05:27:58.358000
Paul Cooper,Introduction to DevOps,100,2024-10-21 05:27:58.358000
Paul Cooper,Cloud Security Best Practices,100,2024-10-21 05:27:58.358000
Amy Jones,Data Cleaning & Preprocessing,100,2024-10-21 05:27:58.358000
Amy Jones,Data Analysis with Pandas,100,2024-10-21 05:27:58.358000
Amy Jones,Data Visualization with Matplotlib,100,2024-10-21 05:27:58.358000
Amy Jones,Data Ethics,100,2024-10-21 05:27:58.358000
Amy Jones,Data Analysis for Business Decisions,100,2024-10-21 05:27:58.358000
Amy Jones,Big Data with Spark,100,2024-10-21 05:27:58.358000
Amy Jones,Introduction to IT Support,100,2024-10-21 05:27:58.358000
Amy Jones,User Research Techniques,100,2024-10-21 05:27:58.358000
Amy Jones,Sales Fundamentals,100,2024-10-21 05:27:58.358000
Amy Jones,Financial Reporting Standards,100,2024-10-21 05:27:58.358000
Amy Jones,Tokenomics,100,2024-10-21 05:27:58.358000
Amy Jones,Project Management Tools Overview,100,2024-10-21 05:27:58.358000
Amy Jones,Blockchain Security,100,2024-10-21 05:27:58.358000
Amy Jones,Unsupervised Learning,100,2024-10-21 05:27:58.358000
Jordan Mays,Data Analysis for Business Decisions,100,2024-10-21 05:27:58.358000
Jordan Mays,Data Analysis with Pandas,100,2024-10-21 05:27:58.358000
Jordan Mays,Data Visualization with Matplotlib,100,2024-10-21 05:27:58.358000
Jordan Mays,Data Cleaning & Preprocessing,100,2024-10-21 05:27:58.358000
Jordan Mays,Data Ethics,100,2024-10-21 05:27:58.358000
Jordan Mays,Diversity and Inclusion Initiatives,100,2024-10-21 05:27:58.358000
Jordan Mays,Design Tools Overview,100,2024-10-21 05:27:58.358000
Jordan Mays,Blogging for Beginners,100,2024-10-21 05:27:58.358000
Jordan Mays,Stakeholder Analysis,100,2024-10-21 05:27:58.358000
Jordan Mays,Design Thinking Process,100,2024-10-21 05:27:58.358000
Jordan Mays,Sales Fundamentals,100,2024-10-21 05:27:58.358000
Jordan Mays,Game Design Principles,100,2024-10-21 05:27:58.358000
Michael Wright,Data Analysis with Pandas,100,2024-10-21 05:27:58.358000
Michael Wright,Data Ethics,100,2024-10-21 05:27:58.358000
Michael Wright,Data Cleaning & Preprocessing,100,2024-10-21 05:27:58.358000
Michael Wright,Data Visualization with Matplotlib,100,2024-10-21 05:27:58.358000
Michael Wright,Unsupervised Learning,100,2024-10-21 05:27:58.358000
Michael Wright,Stakeholder Management,100,2024-10-21 05:27:58.358000
Michael Wright,Risk Management in Projects,100,2024-10-21 05:27:58.358000
Michael Wright,Email Marketing Basics,100,2024-10-21 05:27:58.358000
Michael Wright,Employee Engagement Techniques,100,2024-10-21 05:27:58.358000
Michael Wright,Quality Management,100,2024-10-21 05:27:58.358000
Michael Wright,Content Strategy Development,100,2024-10-21 05:27:58.358000
Daniel Cook,Data Analysis for Business Decisions,100,2024-10-21 05:27:58.358000
Daniel Cook,Data Ethics,100,2024-10-21 05:27:58.358000
Daniel Cook,Data Visualization with Matplotlib,100,2024-10-21 05:27:58.358000
Daniel Cook,Data Analysis with Pandas,100,2024-10-21 05:27:58.358000
Daniel Cook,Data Cleaning & Preprocessing,100,2024-10-21 05:27:58.358000
Daniel Cook,SWOT Analysis for Business,100,2024-10-21 05:27:58.358000
Daniel Cook,Introduction to Cloud Computing,100,2024-10-21 05:27:58.358000
Daniel Cook,Computer Vision Applications,100,2024-10-21 05:27:58.358000
Daniel Cook,Presentation Skills for Business Analysts,100,2024-10-21 05:27:58.358000
Daniel Cook,API Integration in Mobile Apps,100,2024-10-21 05:27:58.358000
Daniel Cook,Cloud Security Best Practices,100,2024-10-21 05:27:58.358000
Sarah Garcia,Data Cleaning & Preprocessing,100,2024-10-21 05:27:58.358000
Sarah Garcia,Data Ethics,100,2024-10-21 05:27:58.358000
Sarah Garcia,Data Analysis with Pandas,100,2024-10-21 05:27:58.358000
Sarah Garcia,Data Analysis for Business Decisions,100,2024-10-21 05:27:58.358000
Sarah Garcia,Data Visualization with Matplotlib,100,2024-10-21 05:27:58.358000
Sarah Garcia,Understanding Consumer Behavior,100,2024-10-21 05:27:58.358000
Sarah Garcia,Git & GitHub,100,2024-10-21 05:27:58.358000
Sarah Garcia,Version Control with Git,100,2024-10-21 05:27:58.358000
Sarah Garcia,Monitoring and Logging,100,2024-10-21 05:27:58.358000
Sarah Garcia,Sales Analytics,100,2024-10-21 05:27:58.358000
Sarah Garcia,Closing Sales Strategies,100,2024-10-21 05:27:58.358000
Sarah Garcia,Requirements Gathering Techniques,100,2024-10-21 05:27:58.358000
Gerald Pierce,Data Analysis with Pandas,100,2024-10-21 05:27:58.358000
Gerald Pierce,Data Ethics,100,2024-10-21 05:27:58.358000
Gerald Pierce,Data Cleaning & Preprocessing,100,2024-10-21 05:27:58.358000
Gerald Pierce,Data Analysis for Business Decisions,100,2024-10-21 05:27:58.358000
Gerald Pierce,Data Visualization with Matplotlib,100,2024-10-21 05:27:58.358000
Gerald Pierce,Reinforcement Learning,100,2024-10-21 05:27:58.358000
Gerald Pierce,Configuration Management with Ansible,100,2024-10-21 05:27:58.358000
Gerald Pierce,HTML & CSS,100,2024-10-21 05:27:58.358000
Gerald Pierce,Collaboration Tools in DevOps,100,2024-10-21 05:27:58.358000
Gerald Pierce,Troubleshooting Techniques,100,2024-10-21 05:27:58.358000
Gerald Pierce,Content Management Systems (CMS),100,2024-10-21 05:27:58.358000
Gerald Pierce,Budgeting for Projects,100,2024-10-21 05:27:58.358000
Gerald Pierce,Tokenomics,100,2024-10-21 05:27:58.358000
Gerald Pierce,Introduction to DevOps,100,2024-10-21 05:27:58.358000
Shawn Gordon,Data Ethics,100,2024-10-21 05:27:58.358000
Shawn Gordon,Data Cleaning & Preprocessing,100,2024-10-21 05:27:58.358000
Shawn Gordon,Data Visualization with Matplotlib,100,2024-10-21 05:27:58.358000
Shawn Gordon,Data Analysis with Pandas,100,2024-10-21 05:27:58.358000
Shawn Gordon,Data Analysis for Business Decisions,100,2024-10-21 05:27:58.358000
Shawn Gordon,Introduction to Game Development,100,2024-10-21 05:27:58.358000
Shawn Gordon,Networking Basics,100,2024-10-21 05:27:58.358000
Shawn Gordon,HR Technology Tools,100,2024-10-21 05:27:58.358000
Shawn Gordon,Natural Language Processing Techniques,100,2024-10-21 05:27:58.358000
Shawn Gordon,Frontend Development Basics,100,2024-10-21 05:27:58.358000
Shawn Gordon,Financial Analysis Techniques,100,2024-10-21 05:27:58.358000
Shawn Gordon,Reinforcement Learning Techniques,100,2024-10-21 05:27:58.358000
Shawn Gordon,Android Development Basics,100,2024-10-21 05:27:58.358000
Shawn Gordon,Mobile Testing Strategies,100,2024-10-21 05:27:58.358000
Alexis Mullins,Data Ethics,100,2024-10-21 05:27:58.359000
Alexis Mullins,Data Visualization with Matplotlib,100,2024-10-21 05:27:58.359000
Alexis Mullins,Data Analysis for Business Decisions,100,2024-10-21 05:27:58.359000
Alexis Mullins,Data Analysis with Pandas,100,2024-10-21 05:27:58.359000
Alexis Mullins,Data Cleaning & Preprocessing,100,2024-10-21 05:27:58.359000
Alexis Mullins,Cross-Platform Development with Flutter,100,2024-10-21 05:27:58.359000
Alexis Mullins,Project Management Tools Overview,100,2024-10-21 05:27:58.359000
Alexis Mullins,Personal Finance Skills,100,2024-10-21 05:27:58.359000
Alexis Mullins,Influencer Marketing,100,2024-10-21 05:27:58.359000
Alexis Mullins,Web Accessibility Standards,100,2024-10-21 05:27:58.359000
James Romero,Data Cleaning & Preprocessing,100,2024-10-21 05:27:58.359000
James Romero,Data Analysis for Business Decisions,100,2024-10-21 05:27:58.359000
James Romero,Data Ethics,100,2024-10-21 05:27:58.359000
James Romero,Data Analysis with Pandas,100,2024-10-21 05:27:58.359000
James Romero,Data Visualization with Matplotlib,100,2024-10-21 05:27:58.359000
James Romero,Cloud Cost Management,100,2024-10-21 05:27:58.359000
James Romero,SEO for Content Creators,100,2024-10-21 05:27:58.359000
James Romero,Investing Fundamentals,100,2024-10-21 05:27:58.359000
James Romero,Big Data with Spark,100,2024-10-21 05:27:58.359000
James Romero,Predictive Analytics,100,2024-10-21 05:27:58.359000
James Romero,Python for Data Science,100,2024-10-21 05:27:58.359000
James Romero,Content Strategy Development,100,2024-10-21 05:27:58.359000
Jimmy Watson,Data Analysis for Business Decisions,100,2024-10-21 05:27:58.359000
Jimmy Watson,Data Cleaning & Preprocessing,100,2024-10-21 05:27:58.359000
Jimmy Watson,Data Ethics,100,2024-10-21 05:27:58.359000
Jimmy Watson,Data Visualization with Matplotlib,100,2024-10-21 05:27:58.359000
Jimmy Watson,Data Analysis with Pandas,100,2024-10-21 05:27:58.359000
Jimmy Watson,User Research Techniques,100,2024-10-21 05:27:58.359000
Jimmy Watson,Web Accessibility Standards,100,2024-10-21 05:27:58.359000
Jimmy Watson,Performance Management Systems,100,2024-10-21 05:27:58.359000
Jimmy Watson,Mobile Testing Strategies,100,2024-10-21 05:27:58.359000
Jimmy Watson,Digital Sales Techniques,100,2024-10-21 05:27:58.359000
Jimmy Watson,Android Development Basics,100,2024-10-21 05:27:58.359000
Karen Estes,Data Analysis for Business Decisions,100,2024-10-21 05:27:58.359000
Karen Estes,Data Cleaning & Preprocessing,100,2024-10-21 05:27:58.359000
Karen Estes,Data Ethics,100,2024-10-21 05:27:58.359000
Karen Estes,Data Analysis with Pandas,100,2024-10-21 05:27:58.359000
Karen Estes,Data Visualization with Matplotlib,100,2024-10-21 05:27:58.359000
Karen Estes,Statistical Analysis,100,2024-10-21 05:27:58.359000
Karen Estes,Smart Contracts Development,100,2024-10-21 05:27:58.359000
Karen Estes,HR Technology Tools,100,2024-10-21 05:27:58.359000
Karen Estes,Content Promotion Strategies,100,2024-10-21 05:27:58.359000
Karen Estes,Game Design Principles,100,2024-10-21 05:27:58.359000
Karen Estes,Collaboration Tools in DevOps,100,2024-10-21 05:27:58.359000
Robert Garner,Data Cleaning & Preprocessing,100,2024-10-21 05:27:58.359000
Robert Garner,Data Analysis with Pandas,100,2024-10-21 05:27:58.359000
Robert Garner,Data Ethics,100,2024-10-21 05:27:58.359000
Robert Garner,Data Analysis for Business Decisions,100,2024-10-21 05:27:58.359000
Robert Garner,Data Visualization with Matplotlib,100,2024-10-21 05:27:58.359000
Robert Garner,Change Management Strategies,100,2024-10-21 05:27:58.359000
Robert Garner,Sales Analytics,100,2024-10-21 05:27:58.359000
Robert Garner,Containerization with Docker,100,2024-10-21 05:27:58.359000
Robert Garner,E-commerce Development Basics,100,2024-10-21 05:27:58.359000
Robert Garner,Customer Service Skills for IT,100,2024-10-21 05:27:58.359000
Robert Garner,Negotiation Techniques,100,2024-10-21 05:27:58.359000
Robert Garner,Risk Management in Cybersecurity,100,2024-10-21 05:27:58.359000
Robert Garner,Presentation Skills for Business Analysts,100,2024-10-21 05:27:58.359000
Robert Garner,Hardware Repair Skills,100,2024-10-21 05:27:58.359000
Robert Garner,Digital Sales Techniques,100,2024-10-21 05:27:58.359000
Kimberly Hernandez,Data Cleaning & Preprocessing,100,2024-10-21 05:27:58.359000
Kimberly Hernandez,Data Visualization with Matplotlib,100,2024-10-21 05:27:58.359000
Kimberly Hernandez,Data Ethics,100,2024-10-21 05:27:58.359000
Kimberly Hernandez,Data Analysis with Pandas,100,2024-10-21 05:27:58.359000
Kimberly Hernandez,Data Analysis for Business Decisions,100,2024-10-21 05:27:58.359000
Kimberly Hernandez,Continuous Integration and Delivery,100,2024-10-21 05:27:58.359000
Kimberly Hernandez,Responsive Web Design,100,2024-10-21 05:27:58.359000
Kimberly Hernandez,App Monetization Strategies,100,2024-10-21 05:27:58.359000
Kimberly Hernandez,Version Control with Git,100,2024-10-21 05:27:58.359000
Kimberly Hernandez,Smart Contracts Development,100,2024-10-21 05:27:58.359000
Kimberly Hernandez,Introduction to Content Creation,100,2024-10-21 05:27:58.359000
Kimberly Hernandez,Natural Language Processing,100,2024-10-21 05:27:58.359000
Kimberly Hernandez,E-commerce Development Basics,100,2024-10-21 05:27:58.359000
Kimberly Hernandez,Serverless Architecture,100,2024-10-21 05:27:58.359000
Kimberly Hernandez,Reinforcement Learning Techniques,100,2024-10-21 05:27:58.359000
Ellen Douglas,Data Visualization with Matplotlib,100,2024-10-21 05:27:58.359000
Ellen Douglas,Data Analysis for Business Decisions,100,2024-10-21 05:27:58.359000
Ellen Douglas,Data Cleaning & Preprocessing,100,2024-10-21 05:27:58.359000
Ellen Douglas,Data Analysis with Pandas,100,2024-10-21 05:27:58.359000
Ellen Douglas,Data Ethics,100,2024-10-21 05:27:58.359000
Ellen Douglas,Risk Analysis and Management,100,2024-10-21 05:27:58.359000
Ellen Douglas,Presentation Skills for Sales,100,2024-10-21 05:27:58.359000
Ellen Douglas,Frontend Development Basics,100,2024-10-21 05:27:58.359000
Ellen Douglas,HR Technology Tools,100,2024-10-21 05:27:58.359000
Ellen Douglas,Introduction to DevOps,100,2024-10-21 05:27:58.359000
Ellen Douglas,Tokenomics,100,2024-10-21 05:27:58.359000
Ellen Douglas,HTML & CSS,100,2024-10-21 05:27:58.359000
Ellen Douglas,Business Case Development,100,2024-10-21 05:27:58.359000
Ellen Douglas,SEO Fundamentals,100,2024-10-21 05:27:58.359000
Wendy Terry,Data Cleaning & Preprocessing,100,2024-10-21 05:27:58.359000
Wendy Terry,Data Ethics,100,2024-10-21 05:27:58.359000
Wendy Terry,Data Analysis with Pandas,100,2024-10-21 05:27:58.359000
Wendy Terry,Data Visualization with Matplotlib,100,2024-10-21 05:27:58.359000
Wendy Terry,Data Analysis for Business Decisions,100,2024-10-21 05:27:58.359000
Wendy Terry,Time Series Analysis,100,2024-10-21 05:27:58.359000
Wendy Terry,Introduction to IT Support,100,2024-10-21 05:27:58.359000
Wendy Terry,Model Evaluation,100,2024-10-21 05:27:58.359000
Wendy Terry,Tokenomics,100,2024-10-21 05:27:58.359000
Wendy Terry,RESTful Services,100,2024-10-21 05:27:58.359000
Wendy Terry,Predictive Analytics,100,2024-10-21 05:27:58.359000
Wendy Terry,Deployment of ML Models,100,2024-10-21 05:27:58.359000
Wendy Terry,Project Management Basics,100,2024-10-21 05:27:58.359000
Wendy Terry,API Integration in Mobile Apps,100,2024-10-21 05:27:58.359000
Amanda Velasquez,Data Analysis for Business Decisions,100,2024-10-21 05:27:58.359000
Amanda Velasquez,Data Analysis with Pandas,100,2024-10-21 05:27:58.359000
Amanda Velasquez,Data Visualization with Matplotlib,100,2024-10-21 05:27:58.359000
Amanda Velasquez,Data Ethics,100,2024-10-21 05:27:58.359000
Amanda Velasquez,Data Cleaning & Preprocessing,100,2024-10-21 05:27:58.359000
Amanda Velasquez,Wireframing and Prototyping,100,2024-10-21 05:27:58.359000
Amanda Velasquez,Malware Analysis,100,2024-10-21 05:27:58.359000
Amanda Velasquez,AI in Robotics,100,2024-10-21 05:27:58.359000
Amanda Velasquez,React,100,2024-10-21 05:27:58.359000
Amanda Velasquez,Introduction to Blockchain,100,2024-10-21 05:27:58.359000
Amanda Velasquez,Cloud Cost Management,100,2024-10-21 05:27:58.359000
Amanda Velasquez,Financial Planning and Forecasting,100,2024-10-21 05:27:58.359000
Amanda Velasquez,Budgeting Basics,100,2024-10-21 05:27:58.359000
Jessica Sawyer,Data Analysis for Business Decisions,100,2024-10-21 05:27:58.359000
Jessica Sawyer,Data Visualization with Matplotlib,100,2024-10-21 05:27:58.359000
Jessica Sawyer,Data Cleaning & Preprocessing,100,2024-10-21 05:27:58.359000
Jessica Sawyer,Data Ethics,100,2024-10-21 05:27:58.359000
Jessica Sawyer,Data Analysis with Pandas,100,2024-10-21 05:27:58.359000
Jessica Sawyer,Tokenomics,100,2024-10-21 05:27:58.359000
Jessica Sawyer,Configuration Management with Ansible,100,2024-10-21 05:27:58.359000
Jessica Sawyer,Closing Sales Strategies,100,2024-10-21 05:27:58.359000
Jessica Sawyer,Git & GitHub,100,2024-10-21 05:27:58.359000
Jessica Sawyer,Unsupervised Learning,100,2024-10-21 05:27:58.359000
Jessica Sawyer,Computer Vision Applications,100,2024-10-21 05:27:58.359000
Jessica Sawyer,User Research Techniques,100,2024-10-21 05:27:58.359000
Jessica Sawyer,Vulnerability Assessment,100,2024-10-21 05:27:58.359000
Jessica Sawyer,Container Orchestration with Kubernetes,100,2024-10-21 05:27:58.359000
Stephanie Snyder,Data Cleaning & Preprocessing,100,2024-10-21 05:27:58.359000
Stephanie Snyder,Data Ethics,100,2024-10-21 05:27:58.359000
Stephanie Snyder,Data Analysis for Business Decisions,100,2024-10-21 05:27:58.359000
Stephanie Snyder,Data Visualization with Matplotlib,100,2024-10-21 05:27:58.359000
Stephanie Snyder,Data Analysis with Pandas,100,2024-10-21 05:27:58.359000
Stephanie Snyder,Computer Vision Applications,100,2024-10-21 05:27:58.359000
Stephanie Snyder,AI in IoT,100,2024-10-21 05:27:58.359000
Stephanie Snyder,React,100,2024-10-21 05:27:58.359000
Stephanie Snyder,Supervised Learning,100,2024-10-21 05:27:58.359000
Stephanie Snyder,Performance Management Systems,100,2024-10-21 05:27:58.359000
Stephanie Snyder,Predictive Analytics,100,2024-10-21 05:27:58.359000
Stephanie Snyder,Vulnerability Assessment,100,2024-10-21 05:27:58.359000
Victoria Strong,Data Ethics,100,2024-10-21 05:27:58.359000
Victoria Strong,Data Visualization with Matplotlib,100,2024-10-21 05:27:58.359000
Victoria Strong,Data Cleaning & Preprocessing,100,2024-10-21 05:27:58.359000
Victoria Strong,Data Analysis with Pandas,100,2024-10-21 05:27:58.359000
Victoria Strong,Data Analysis for Business Decisions,100,2024-10-21 05:27:58.359000
Victoria Strong,Financial Analysis Techniques,100,2024-10-21 05:27:58.359000
Victoria Strong,Ethereum Development,100,2024-10-21 05:27:58.359000
Victoria Strong,Natural Language Processing,100,2024-10-21 05:27:58.359000
Victoria Strong,Cloud Support Fundamentals,100,2024-10-21 05:27:58.359000
Victoria Strong,Cloud Security Best Practices,100,2024-10-21 05:27:58.359000
Victoria Strong,Understanding Financial Markets,100,2024-10-21 05:27:58.359000
Victoria Strong,Hyperledger Basics,100,2024-10-21 05:27:58.359000
Victoria Strong,Introduction to Content Creation,100,2024-10-21 05:27:58.359000
Victoria Strong,Communication Skills for Project Managers,100,2024-10-21 05:27:58.359000
Michelle Farmer,Data Analysis with Pandas,100,2024-10-21 05:27:58.359000
Michelle Farmer,Data Cleaning & Preprocessing,100,2024-10-21 05:27:58.359000
Michelle Farmer,Data Visualization with Matplotlib,100,2024-10-21 05:27:58.359000
Michelle Farmer,Data Analysis for Business Decisions,100,2024-10-21 05:27:58.359000
Michelle Farmer,Budgeting for Projects,100,2024-10-21 05:27:58.359000
Michelle Farmer,API Development,100,2024-10-21 05:27:58.359000
Michelle Farmer,Deep Learning with TensorFlow,100,2024-10-21 05:27:58.359000
Michelle Farmer,Git & GitHub,100,2024-10-21 05:27:58.359000
Michelle Farmer,Decentralized Applications (DApps),100,2024-10-21 05:27:58.359000
Michelle Farmer,Design Thinking Process,100,2024-10-21 05:27:58.359000
Michelle Farmer,Introduction to Finance,100,2024-10-21 05:27:58.359000
John Holland,Data Analysis for Business Decisions,100,2024-10-21 05:27:58.359000
John Holland,Data Visualization with Matplotlib,100,2024-10-21 05:27:58.359000
John Holland,Data Cleaning & Preprocessing,100,2024-10-21 05:27:58.359000
John Holland,Data Ethics,100,2024-10-21 05:27:58.359000
John Holland,Data Analysis with Pandas,100,2024-10-21 05:27:58.359000
John Holland,Content Strategy Development,100,2024-10-21 05:27:58.359000
John Holland,Reinforcement Learning,100,2024-10-21 05:27:58.359000
John Holland,Analytics for Marketers,100,2024-10-21 05:27:58.359000
John Holland,E-commerce Development Basics,100,2024-10-21 05:27:58.359000
John Holland,Deep Learning with TensorFlow,100,2024-10-21 05:27:58.359000
John Holland,Statistical Analysis,100,2024-10-21 05:27:58.359000
John Holland,Building Customer Relationships,100,2024-10-21 05:27:58.359000
John Holland,HR Analytics,100,2024-10-21 05:27:58.359000
John Holland,Business Process Modeling,100,2024-10-21 05:27:58.359000
Brandon Smith,Data Analysis with Pandas,100,2024-10-21 05:27:58.359000
Brandon Smith,Data Analysis for Business Decisions,100,2024-10-21 05:27:58.359000
Brandon Smith,Data Cleaning & Preprocessing,100,2024-10-21 05:27:58.359000
Brandon Smith,Data Visualization with Matplotlib,100,2024-10-21 05:27:58.359000
Brandon Smith,Data Ethics,100,2024-10-21 05:27:58.359000
Brandon Smith,Risk Management in Projects,100,2024-10-21 05:27:58.359000
Brandon Smith,Cryptocurrency Fundamentals,100,2024-10-21 05:27:58.359000
Brandon Smith,DevOps in the Cloud,100,2024-10-21 05:27:58.359000
Brandon Smith,Computer Vision Applications,100,2024-10-21 05:27:58.359000
Brandon Smith,Corporate Finance Essentials,100,2024-10-21 05:27:58.359000
David Brown,Data Cleaning & Preprocessing,100,2024-10-21 05:27:58.359000
David Brown,Data Ethics,100,2024-10-21 05:27:58.359000
David Brown,Data Visualization with Matplotlib,100,2024-10-21 05:27:58.359000
David Brown,Data Analysis for Business Decisions,100,2024-10-21 05:27:58.359000
David Brown,Data Analysis with Pandas,100,2024-10-21 05:27:58.359000
David Brown,Unreal Engine Basics,100,2024-10-21 05:27:58.359000
David Brown,Building Customer Relationships,100,2024-10-21 05:27:58.359000
David Brown,Design Thinking Process,100,2024-10-21 05:27:58.359000
David Brown,Usability Testing,100,2024-10-21 05:27:58.359000
David Brown,Blockchain Use Cases,100,2024-10-21 05:27:58.359000
David Brown,Conflict Resolution in HR,100,2024-10-21 05:27:58.359000
Mark Boyd,Data Analysis with Pandas,100,2024-10-21 05:27:58.359000
Mark Boyd,Data Analysis for Business Decisions,100,2024-10-21 05:27:58.359000
Mark Boyd,Data Ethics,100,2024-10-21 05:27:58.359000
Mark Boyd,Data Visualization with Matplotlib,100,2024-10-21 05:27:58.359000
Mark Boyd,Performance Optimization for Mobile Apps,100,2024-10-21 05:27:58.359000
Mark Boyd,Supervised Learning,100,2024-10-21 05:27:58.359000
Mark Boyd,Agile Methodologies,100,2024-10-21 05:27:58.359000
Mark Boyd,Decentralized Applications (DApps),100,2024-10-21 05:27:58.359000
Mark Boyd,Backend Development Fundamentals,100,2024-10-21 05:27:58.359000
Mark Boyd,Introduction to Business Analysis,100,2024-10-21 05:27:58.359000
Mark Boyd,Introduction to IT Support,100,2024-10-21 05:27:58.359000
Mark Boyd,Containerization with Docker,100,2024-10-21 05:27:58.359000
Mark Boyd,Time Management for Sales,100,2024-10-21 05:27:58.359000
Mark Boyd,Digital Sales Techniques,100,2024-10-21 05:27:58.359000
James Campbell,Data Cleaning & Preprocessing,100,2024-10-21 05:27:58.359000
James Campbell,Data Analysis with Pandas,100,2024-10-21 05:27:58.359000
James Campbell,Data Visualization with Matplotlib,100,2024-10-21 05:27:58.359000
James Campbell,Data Analysis for Business Decisions,100,2024-10-21 05:27:58.359000
James Campbell,Data Ethics,100,2024-10-21 05:27:58.359000
James Campbell,Customer Service Excellence,100,2024-10-21 05:27:58.359000
James Campbell,Customer Service Skills for IT,100,2024-10-21 05:27:58.359000
James Campbell,Publishing Mobile Apps,100,2024-10-21 05:27:58.359000
James Campbell,Android Development Basics,100,2024-10-21 05:27:58.359000
James Campbell,Business Case Development,100,2024-10-21 05:27:58.359000
James Campbell,Cloud Security Best Practices,100,2024-10-21 05:27:58.359000
James Campbell,SEO Best Practices,100,2024-10-21 05:27:58.359000
Sonya Mccormick,Data Analysis for Business Decisions,100,2024-10-21 05:27:58.359000
Sonya Mccormick,Data Cleaning & Preprocessing,100,2024-10-21 05:27:58.359000
Sonya Mccormick,Data Visualization with Matplotlib,100,2024-10-21 05:27:58.359000
Sonya Mccormick,Data Ethics,100,2024-10-21 05:27:58.359000
Sonya Mccormick,Data Analysis with Pandas,100,2024-10-21 05:27:58.359000
Sonya Mccormick,Natural Language Processing Techniques,100,2024-10-21 05:27:58.359000
Sonya Mccormick,Speech Recognition Technologies,100,2024-10-21 05:27:58.359000
Sonya Mccormick,Email Marketing Basics,100,2024-10-21 05:27:58.359000
Sonya Mccormick,Progressive Web Apps (PWAs),100,2024-10-21 05:27:58.359000
Sonya Mccormick,Operating Systems Overview,100,2024-10-21 05:27:58.359000
Sonya Mccormick,3D Game Development,100,2024-10-21 05:27:58.359000
Sonya Mccormick,User Interface Design for Mobile Apps,100,2024-10-21 05:27:58.359000
Steven Garcia,Data Visualization with Matplotlib,100,2024-10-21 05:27:58.359000
Steven Garcia,Data Ethics,100,2024-10-21 05:27:58.359000
Steven Garcia,Data Cleaning & Preprocessing,100,2024-10-21 05:27:58.359000
Steven Garcia,Data Analysis with Pandas,100,2024-10-21 05:27:58.359000
Steven Garcia,Data Analysis for Business Decisions,100,2024-10-21 05:27:58.360000
Steven Garcia,Game Monetization Strategies,100,2024-10-21 05:27:58.360000
Steven Garcia,Progressive Web Apps (PWAs),100,2024-10-21 05:27:58.360000
Steven Garcia,Risk Management in Projects,100,2024-10-21 05:27:58.360000
Steven Garcia,Labor Laws and Compliance,100,2024-10-21 05:27:58.360000
Steven Garcia,Google Ads Fundamentals,100,2024-10-21 05:27:58.360000
Steven Garcia,Closing Sales Strategies,100,2024-10-21 05:27:58.360000
Steven Garcia,Introduction to Human Resources,100,2024-10-21 05:27:58.360000
Steven Garcia,AI for Business,100,2024-10-21 05:27:58.360000
Steven Garcia,AI in Robotics,100,2024-10-21 05:27:58.360000
Steven Garcia,Vulnerability Assessment,100,2024-10-21 05:27:58.360000
Shelby West,Data Visualization with Matplotlib,100,2024-10-21 05:27:58.360000
Shelby West,Data Cleaning & Preprocessing,100,2024-10-21 05:27:58.360000
Shelby West,Data Analysis with Pandas,100,2024-10-21 05:27:58.360000
Shelby West,Data Ethics,100,2024-10-21 05:27:58.360000
Shelby West,Data Analysis for Business Decisions,100,2024-10-21 05:27:58.360000
Shelby West,Security Awareness for IT Support,100,2024-10-21 05:27:58.360000
Shelby West,HR Technology Tools,100,2024-10-21 05:27:58.360000
Shelby West,Change Management Strategies,100,2024-10-21 05:27:58.360000
Shelby West,Financial Analysis Techniques,100,2024-10-21 05:27:58.360000
Shelby West,Budgeting Basics,100,2024-10-21 05:27:58.360000
Shelby West,Risk Management in Cybersecurity,100,2024-10-21 05:27:58.360000
Rebecca Pace,Data Cleaning & Preprocessing,100,2024-10-21 05:27:58.360000
Rebecca Pace,Data Analysis with Pandas,100,2024-10-21 05:27:58.360000
Rebecca Pace,Data Visualization with Matplotlib,100,2024-10-21 05:27:58.360000
Rebecca Pace,Data Analysis for Business Decisions,100,2024-10-21 05:27:58.360000
Rebecca Pace,Multiplayer Game Development,100,2024-10-21 05:27:58.360000
Rebecca Pace,Container Orchestration with Kubernetes,100,2024-10-21 05:27:58.360000
Rebecca Pace,Deployment & Hosting,100,2024-10-21 05:27:58.360000
Rebecca Pace,Configuration Management with Ansible,100,2024-10-21 05:27:58.360000
Rebecca Pace,Introduction to Business Analysis,100,2024-10-21 05:27:58.360000
Rebecca Pace,Financial Planning and Forecasting,100,2024-10-21 05:27:58.360000
Rebecca Pace,Speech Recognition Technologies,100,2024-10-21 05:27:58.360000
Lisa Anderson,Data Analysis with Pandas,100,2024-10-21 05:27:58.360000
Lisa Anderson,Data Analysis for Business Decisions,100,2024-10-21 05:27:58.360000
Lisa Anderson,Data Cleaning & Preprocessing,100,2024-10-21 05:27:58.360000
Lisa Anderson,Data Visualization with Matplotlib,100,2024-10-21 05:27:58.360000
Lisa Anderson,Data Ethics,100,2024-10-21 05:27:58.360000
Lisa Anderson,Computer Vision Basics,100,2024-10-21 05:27:58.360000
Lisa Anderson,Ethereum Development,100,2024-10-21 05:27:58.360000
Lisa Anderson,Natural Language Processing Techniques,100,2024-10-21 05:27:58.360000
Lisa Anderson,Building Customer Relationships,100,2024-10-21 05:27:58.360000
Lisa Anderson,Business Case Development,100,2024-10-21 05:27:58.360000
Brandon Ramirez,Data Analysis with Pandas,100,2024-10-21 05:27:58.360000
Brandon Ramirez,Data Ethics,100,2024-10-21 05:27:58.360000
Brandon Ramirez,Data Analysis for Business Decisions,100,2024-10-21 05:27:58.360000
Brandon Ramirez,Data Cleaning & Preprocessing,100,2024-10-21 05:27:58.360000
Brandon Ramirez,Data Visualization with Matplotlib,100,2024-10-21 05:27:58.360000
Brandon Ramirez,Blockchain Security,100,2024-10-21 05:27:58.360000
Brandon Ramirez,React,100,2024-10-21 05:27:58.360000
Brandon Ramirez,Ethical Hacking Basics,100,2024-10-21 05:27:58.360000
Brandon Ramirez,Introduction to Finance,100,2024-10-21 05:27:58.360000
Brandon Ramirez,Progressive Web Apps (PWAs),100,2024-10-21 05:27:58.360000
Brandon Ramirez,Introduction to Content Creation,100,2024-10-21 05:27:58.360000
Brandon Ramirez,Design Tools Overview,100,2024-10-21 05:27:58.360000
Brandon Ramirez,Editing and Proofreading Techniques,100,2024-10-21 05:27:58.360000
Brandon Ramirez,AI in Robotics,100,2024-10-21 05:27:58.360000
Brandon Ramirez,API Integration in Mobile Apps,100,2024-10-21 05:27:58.360000
Tonya Warner,Data Ethics,100,2024-10-21 05:27:58.360000
Tonya Warner,Data Visualization with Matplotlib,100,2024-10-21 05:27:58.360000
Tonya Warner,Data Analysis with Pandas,100,2024-10-21 05:27:58.360000
Tonya Warner,Data Analysis for Business Decisions,100,2024-10-21 05:27:58.360000
Tonya Warner,Data Cleaning & Preprocessing,100,2024-10-21 05:27:58.360000
Tonya Warner,Computer Vision Basics,100,2024-10-21 05:27:58.360000
Tonya Warner,Employee Engagement Techniques,100,2024-10-21 05:27:58.360000
Tonya Warner,Infrastructure as Code,100,2024-10-21 05:27:58.360000
Tonya Warner,Natural Language Processing Techniques,100,2024-10-21 05:27:58.360000
Tonya Warner,Python for Data Science,100,2024-10-21 05:27:58.360000
Tonya Warner,Security Awareness for IT Support,100,2024-10-21 05:27:58.360000
Tonya Warner,Corporate Finance Essentials,100,2024-10-21 05:27:58.360000
Tonya Warner,HR Technology Tools,100,2024-10-21 05:27:58.360000
Tonya Warner,Cross-Platform Development with Flutter,100,2024-10-21 05:27:58.360000
Tonya Warner,Speech Recognition Technologies,100,2024-10-21 05:27:58.360000
Timothy Burton,Data Ethics,100,2024-10-21 05:27:58.360000
Timothy Burton,Data Analysis for Business Decisions,100,2024-10-21 05:27:58.360000
Timothy Burton,Data Cleaning & Preprocessing,100,2024-10-21 05:27:58.360000
Timothy Burton,Data Visualization with Matplotlib,100,2024-10-21 05:27:58.360000
Timothy Burton,Data Analysis with Pandas,100,2024-10-21 05:27:58.360000
Timothy Burton,Game Design Principles,100,2024-10-21 05:27:58.360000
Timothy Burton,User Research Techniques,100,2024-10-21 05:27:58.360000
Timothy Burton,Tokenomics,100,2024-10-21 05:27:58.360000
Timothy Burton,Cloud Support Fundamentals,100,2024-10-21 05:27:58.360000
Timothy Burton,Business Process Modeling,100,2024-10-21 05:27:58.360000
Timothy Burton,Unsupervised Learning,100,2024-10-21 05:27:58.360000
Timothy Burton,Risk Management in Finance,100,2024-10-21 05:27:58.360000
Timothy Burton,Frontend Development Basics,100,2024-10-21 05:27:58.360000
Timothy Burton,Performance Management Systems,100,2024-10-21 05:27:58.360000
Timothy Burton,Reinforcement Learning Techniques,100,2024-10-21 05:27:58.360000
Anthony Vance,Data Ethics,100,2024-10-21 05:27:58.360000
Anthony Vance,Data Visualization with Matplotlib,100,2024-10-21 05:27:58.360000
Anthony Vance,Data Analysis for Business Decisions,100,2024-10-21 05:27:58.360000
Anthony Vance,Data Analysis with Pandas,100,2024-10-21 05:27:58.360000
Anthony Vance,Data Cleaning & Preprocessing,100,2024-10-21 05:27:58.360000
Anthony Vance,Risk Management in Cybersecurity,100,2024-10-21 05:27:58.360000
Anthony Vance,Statistical Analysis,100,2024-10-21 05:27:58.360000
Anthony Vance,Tokenomics,100,2024-10-21 05:27:58.360000
Anthony Vance,Cloud Support Fundamentals,100,2024-10-21 05:27:58.360000
Anthony Vance,Infrastructure as Code,100,2024-10-21 05:27:58.360000
Danny Jimenez,Data Visualization with Matplotlib,100,2024-10-21 05:27:58.360000
Danny Jimenez,Data Analysis with Pandas,100,2024-10-21 05:27:58.360000
Danny Jimenez,Data Analysis for Business Decisions,100,2024-10-21 05:27:58.360000
Danny Jimenez,Data Ethics,100,2024-10-21 05:27:58.360000
Danny Jimenez,Security in Cloud Computing,100,2024-10-21 05:27:58.360000
Danny Jimenez,Unreal Engine Basics,100,2024-10-21 05:27:58.360000
Danny Jimenez,Risk Management in Finance,100,2024-10-21 05:27:58.360000
Danny Jimenez,Introduction to Human Resources,100,2024-10-21 05:27:58.360000
Danny Jimenez,Time Management for Sales,100,2024-10-21 05:27:58.360000
Danny Jimenez,Android Development Basics,100,2024-10-21 05:27:58.360000
Danny Jimenez,Podcasting Fundamentals,100,2024-10-21 05:27:58.360000
Danny Jimenez,Content Strategy Development,100,2024-10-21 05:27:58.360000
Danny Jimenez,Google Cloud Platform Essentials,100,2024-10-21 05:27:58.360000
Danny Jimenez,Project Management Basics,100,2024-10-21 05:27:58.360000
Christina Smith,Data Cleaning & Preprocessing,100,2024-10-21 05:27:58.360000
Christina Smith,Data Ethics,100,2024-10-21 05:27:58.360000
Christina Smith,Data Visualization with Matplotlib,100,2024-10-21 05:27:58.360000
Christina Smith,Data Analysis for Business Decisions,100,2024-10-21 05:27:58.360000
Christina Smith,Data Analysis with Pandas,100,2024-10-21 05:27:58.360000
Christina Smith,Design Tools Overview,100,2024-10-21 05:27:58.360000
Christina Smith,Introduction to IT Support,100,2024-10-21 05:27:58.360000
Christina Smith,Collaboration Tools in DevOps,100,2024-10-21 05:27:58.360000
Christina Smith,Blogging for Beginners,100,2024-10-21 05:27:58.360000
Christina Smith,Budgeting Basics,100,2024-10-21 05:27:58.360000
Christina Smith,Statistical Analysis,100,2024-10-21 05:27:58.360000
Christina Smith,Risk Management in Cybersecurity,100,2024-10-21 05:27:58.360000
Christina Smith,Project Management Tools Overview,100,2024-10-21 05:27:58.360000
Christina Smith,Container Orchestration with Kubernetes,100,2024-10-21 05:27:58.360000
Louis Hinton,Data Analysis with Pandas,100,2024-10-21 05:27:58.360000
Louis Hinton,Data Cleaning & Preprocessing,100,2024-10-21 05:27:58.360000
Louis Hinton,Data Visualization with Matplotlib,100,2024-10-21 05:27:58.360000
Louis Hinton,Data Ethics,100,2024-10-21 05:27:58.360000
Louis Hinton,Data Analysis for Business Decisions,100,2024-10-21 05:27:58.360000
Louis Hinton,Publishing Mobile Apps,100,2024-10-21 05:27:58.360000
Louis Hinton,Presentation Skills for Business Analysts,100,2024-10-21 05:27:58.360000
Louis Hinton,Conflict Resolution in HR,100,2024-10-21 05:27:58.360000
Louis Hinton,Web Performance Optimization,100,2024-10-21 05:27:58.360000
Louis Hinton,Budgeting for Projects,100,2024-10-21 05:27:58.360000
Denise Dyer,Data Cleaning & Preprocessing,100,2024-10-21 05:27:58.360000
Denise Dyer,Data Visualization with Matplotlib,100,2024-10-21 05:27:58.360000
Denise Dyer,Data Analysis for Business Decisions,100,2024-10-21 05:27:58.360000
Denise Dyer,Data Ethics,100,2024-10-21 05:27:58.360000
Denise Dyer,Unsupervised Learning,100,2024-10-21 05:27:58.360000
Denise Dyer,Introduction to DevOps,100,2024-10-21 05:27:58.360000
Denise Dyer,Social Media Content Creation,100,2024-10-21 05:27:58.360000
Denise Dyer,AI in IoT,100,2024-10-21 05:27:58.360000
Denise Dyer,Introduction to Blockchain,100,2024-10-21 05:27:58.360000
Denise Dyer,Stakeholder Management,100,2024-10-21 05:27:58.360000
Denise Dyer,Blockchain Use Cases,100,2024-10-21 05:27:58.360000
Denise Dyer,Progressive Web Apps (PWAs),100,2024-10-21 05:27:58.360000
Denise Dyer,Risk Management in Projects,100,2024-10-21 05:27:58.360000
Denise Dyer,Diversity and Inclusion Initiatives,100,2024-10-21 05:27:58.360000
Denise Dyer,Customer Service Excellence,100,2024-10-21 05:27:58.360000
Marie King,Data Cleaning & Preprocessing,100,2024-10-21 05:27:58.360000
Marie King,Data Ethics,100,2024-10-21 05:27:58.360000
Marie King,Data Visualization with Matplotlib,100,2024-10-21 05:27:58.360000
Marie King,Data Analysis for Business Decisions,100,2024-10-21 05:27:58.360000
Marie King,Data Analysis with Pandas,100,2024-10-21 05:27:58.360000
Marie King,Closing Sales Strategies,100,2024-10-21 05:27:58.360000
Marie King,Business Case Development,100,2024-10-21 05:27:58.360000
Marie King,Unity Basics,100,2024-10-21 05:27:58.360000
Marie King,2D Game Development,100,2024-10-21 05:27:58.360000
Marie King,Negotiation Techniques,100,2024-10-21 05:27:58.360000
Marie King,Graphic Design Basics for Content,100,2024-10-21 05:27:58.360000
Marie King,Content Promotion Strategies,100,2024-10-21 05:27:58.360000
Dawn Snyder,Data Analysis with Pandas,100,2024-10-21 05:27:58.360000
Dawn Snyder,Data Ethics,100,2024-10-21 05:27:58.360000
Dawn Snyder,Data Analysis for Business Decisions,100,2024-10-21 05:27:58.360000
Dawn Snyder,Data Visualization with Matplotlib,100,2024-10-21 05:27:58.360000
Dawn Snyder,Infrastructure as Code,100,2024-10-21 05:27:58.360000
Dawn Snyder,Building Customer Relationships,100,2024-10-21 05:27:58.362000
Dawn Snyder,Risk Management in Cybersecurity,100,2024-10-21 05:27:58.362000
Dawn Snyder,Blockchain Use Cases,100,2024-10-21 05:27:58.362000
Dawn Snyder,App Monetization Strategies,100,2024-10-21 05:27:58.362000
Dawn Snyder,Diversity and Inclusion Initiatives,100,2024-10-21 05:27:58.362000
Dawn Snyder,Time Management for Sales,100,2024-10-21 05:27:58.362000
Dawn Snyder,Cloud Cost Management,100,2024-10-21 05:27:58.362000
Dawn Snyder,Cross-Platform Development with Flutter,100,2024-10-21 05:27:58.362000
Dawn Snyder,Risk Management in Finance,100,2024-10-21 05:27:58.362000
Aaron Boone,Data Visualization with Matplotlib,100,2024-10-21 05:27:58.362000
Aaron Boone,Data Ethics,100,2024-10-21 05:27:58.362000
Aaron Boone,Data Analysis with Pandas,100,2024-10-21 05:27:58.362000
Aaron Boone,Data Analysis for Business Decisions,100,2024-10-21 05:27:58.362000
Aaron Boone,Data Cleaning & Preprocessing,100,2024-10-21 05:27:58.362000
Aaron Boone,MongoDB,100,2024-10-21 05:27:58.362000
Aaron Boone,Talent Acquisition Strategies,100,2024-10-21 05:27:58.362000
Aaron Boone,Change Management,100,2024-10-21 05:27:58.362000
Aaron Boone,Mobile App Design,100,2024-10-21 05:27:58.362000
Aaron Boone,Presentation Skills for Business Analysts,100,2024-10-21 05:27:58.362000
Aaron Boone,Content Strategy Development,100,2024-10-21 05:27:58.362000
Alexander Duran,Data Cleaning & Preprocessing,100,2024-10-21 05:27:58.362000
Alexander Duran,Data Analysis for Business Decisions,100,2024-10-21 05:27:58.362000
Alexander Duran,Data Analysis with Pandas,100,2024-10-21 05:27:58.362000
Alexander Duran,Data Ethics,100,2024-10-21 05:27:58.362000
Alexander Duran,Data Visualization with Matplotlib,100,2024-10-21 05:27:58.362000
Alexander Duran,Change Management,100,2024-10-21 05:27:58.362000
Alexander Duran,Understanding Financial Markets,100,2024-10-21 05:27:58.362000
Alexander Duran,Natural Language Processing Techniques,100,2024-10-21 05:27:58.362000
Alexander Duran,React,100,2024-10-21 05:27:58.362000
Alexander Duran,Blockchain Use Cases,100,2024-10-21 05:27:58.362000
Alexander Duran,Podcasting Fundamentals,100,2024-10-21 05:27:58.362000
Alexander Duran,Risk Management in Cybersecurity,100,2024-10-21 05:27:58.362000
Terri Howard,Data Analysis for Business Decisions,100,2024-10-21 05:27:58.362000
Terri Howard,Data Cleaning & Preprocessing,100,2024-10-21 05:27:58.362000
Terri Howard,Data Visualization with Matplotlib,100,2024-10-21 05:27:58.362000
Terri Howard,Data Analysis with Pandas,100,2024-10-21 05:27:58.362000
Terri Howard,Data Ethics,100,2024-10-21 05:27:58.362000
Terri Howard,Computer Vision Basics,100,2024-10-21 05:27:58.362000
Terri Howard,Content Strategy Development,100,2024-10-21 05:27:58.362000
Terri Howard,Requirements Gathering Techniques,100,2024-10-21 05:27:58.362000
Terri Howard,Automating Cloud Deployments,100,2024-10-21 05:27:58.362000
Terri Howard,Cryptocurrency Fundamentals,100,2024-10-21 05:27:58.362000
Desiree Garcia,Data Analysis with Pandas,100,2024-10-21 05:27:58.362000
Desiree Garcia,Data Cleaning & Preprocessing,100,2024-10-21 05:27:58.362000
Desiree Garcia,Data Ethics,100,2024-10-21 05:27:58.362000
Desiree Garcia,Data Analysis for Business Decisions,100,2024-10-21 05:27:58.362000
Desiree Garcia,Data Visualization with Matplotlib,100,2024-10-21 05:27:58.362000
Desiree Garcia,Social Media Content Creation,100,2024-10-21 05:27:58.362000
Desiree Garcia,Responsive Web Design,100,2024-10-21 05:27:58.362000
Desiree Garcia,Project Scheduling Techniques,100,2024-10-21 05:27:58.362000
Desiree Garcia,Ethics in AI,100,2024-10-21 05:27:58.362000
Desiree Garcia,Vulnerability Assessment,100,2024-10-21 05:27:58.362000
Desiree Garcia,Reinforcement Learning,100,2024-10-21 05:27:58.362000
Desiree Garcia,Machine Learning Basics,100,2024-10-21 05:27:58.362000
Desiree Garcia,AWS Fundamentals,100,2024-10-21 05:27:58.362000
Desiree Garcia,Podcasting Fundamentals,100,2024-10-21 05:27:58.362000
Roy Campbell,Data Analysis with Pandas,100,2024-10-21 05:27:58.362000
Roy Campbell,Data Analysis for Business Decisions,100,2024-10-21 05:27:58.362000
Roy Campbell,Data Cleaning & Preprocessing,100,2024-10-21 05:27:58.362000
Roy Campbell,Data Visualization with Matplotlib,100,2024-10-21 05:27:58.362000
Roy Campbell,Data Ethics,100,2024-10-21 05:27:58.362000
Roy Campbell,Google Ads Fundamentals,100,2024-10-21 05:27:58.362000
Roy Campbell,Web Performance Optimization,100,2024-10-21 05:27:58.362000
Roy Campbell,Risk Analysis and Management,100,2024-10-21 05:27:58.362000
Roy Campbell,Conversion Rate Optimization,100,2024-10-21 05:27:58.362000
Roy Campbell,RESTful Services,100,2024-10-21 05:27:58.362000
Roy Campbell,Responsive Web Design,100,2024-10-21 05:27:58.362000
Roy Campbell,Serverless Architecture,100,2024-10-21 05:27:58.362000
Roy Campbell,Introduction to Cloud Computing,100,2024-10-21 05:27:58.362000
Roy Campbell,Social Media Content Creation,100,2024-10-21 05:27:58.362000
Shannon Thompson,Data Visualization with Matplotlib,100,2024-10-21 05:27:58.362000
Shannon Thompson,Data Cleaning & Preprocessing,100,2024-10-21 05:27:58.362000
Shannon Thompson,Data Ethics,100,2024-10-21 05:27:58.362000
Shannon Thompson,Data Analysis with Pandas,100,2024-10-21 05:27:58.362000
Shannon Thompson,Data Analysis for Business Decisions,100,2024-10-21 05:27:58.362000
Shannon Thompson,Social Media Marketing,100,2024-10-21 05:27:58.362000
Shannon Thompson,Podcasting Fundamentals,100,2024-10-21 05:27:58.362000
Shannon Thompson,Analytics for Marketers,100,2024-10-21 05:27:58.362000
Shannon Thompson,Remote Support Techniques,100,2024-10-21 05:27:58.362000
Shannon Thompson,Network Security Fundamentals,100,2024-10-21 05:27:58.362000
Shannon Thompson,Stakeholder Management,100,2024-10-21 05:27:58.362000
Shannon Thompson,Mobile App Design,100,2024-10-21 05:27:58.362000
Scott Cox,Data Analysis for Business Decisions,100,2024-10-21 05:27:58.362000
Scott Cox,Data Visualization with Matplotlib,100,2024-10-21 05:27:58.362000
Scott Cox,Data Ethics,100,2024-10-21 05:27:58.362000
Scott Cox,Data Analysis with Pandas,100,2024-10-21 05:27:58.362000
Scott Cox,Data Cleaning & Preprocessing,100,2024-10-21 05:27:58.362000
Scott Cox,Introduction to Machine Learning,100,2024-10-21 05:27:58.362000
Scott Cox,Introduction to DevOps,100,2024-10-21 05:27:58.362000
Scott Cox,2D Game Development,100,2024-10-21 05:27:58.362000
Scott Cox,Introduction to Content Creation,100,2024-10-21 05:27:58.362000
Scott Cox,API Development,100,2024-10-21 05:27:58.362000
Scott Cox,Introduction to Human Resources,100,2024-10-21 05:27:58.362000
Scott Cox,Virtual Reality Development,100,2024-10-21 05:27:58.362000
Scott Cox,Ethereum Development,100,2024-10-21 05:27:58.362000
Scott Cox,Security Awareness for IT Support,100,2024-10-21 05:27:58.362000
Scott Cox,Interaction Design Principles,100,2024-10-21 05:27:58.362000
Elizabeth Dunn,Data Visualization with Matplotlib,100,2024-10-21 05:27:58.362000
Elizabeth Dunn,Data Analysis for Business Decisions,100,2024-10-21 05:27:58.362000
Elizabeth Dunn,Data Cleaning & Preprocessing,100,2024-10-21 05:27:58.362000
Elizabeth Dunn,Data Analysis with Pandas,100,2024-10-21 05:27:58.362000
Elizabeth Dunn,Statistical Analysis,100,2024-10-21 05:27:58.362000
Elizabeth Dunn,Google Cloud Platform Essentials,100,2024-10-21 05:27:58.362000
Elizabeth Dunn,Cross-Platform Development with Flutter,100,2024-10-21 05:27:58.362000
Elizabeth Dunn,User Research Techniques,100,2024-10-21 05:27:58.362000
Elizabeth Dunn,Unsupervised Learning,100,2024-10-21 05:27:58.362000
Elizabeth Dunn,Vulnerability Assessment,100,2024-10-21 05:27:58.362000
Elizabeth Dunn,Content Management Systems (CMS),100,2024-10-21 05:27:58.362000
Elizabeth Dunn,Multiplayer Game Development,100,2024-10-21 05:27:58.362000
Elizabeth Dunn,Quality Management,100,2024-10-21 05:27:58.362000
Elizabeth Dunn,Change Management,100,2024-10-21 05:27:58.362000
Elizabeth Dunn,Deep Learning with TensorFlow,100,2024-10-21 05:27:58.362000
Tina Diaz,Data Ethics,100,2024-10-21 05:27:58.362000
Tina Diaz,Data Visualization with Matplotlib,100,2024-10-21 05:27:58.362000
Tina Diaz,Data Analysis with Pandas,100,2024-10-21 05:27:58.362000
Tina Diaz,Data Cleaning & Preprocessing,100,2024-10-21 05:27:58.362000
Tina Diaz,Data Analysis for Business Decisions,100,2024-10-21 05:27:58.362000
Tina Diaz,ITIL Foundations,100,2024-10-21 05:27:58.362000
Tina Diaz,Incident Response,100,2024-10-21 05:27:58.362000
Tina Diaz,Automating Cloud Deployments,100,2024-10-21 05:27:58.362000
Tina Diaz,Monitoring and Logging,100,2024-10-21 05:27:58.362000
Tina Diaz,Virtual Reality Development,100,2024-10-21 05:27:58.362000
Tina Diaz,Risk Analysis and Management,100,2024-10-21 05:27:58.362000
Tina Diaz,Content Marketing Strategies,100,2024-10-21 05:27:58.362000
Tina Diaz,SEO Best Practices,100,2024-10-21 05:27:58.362000
Brianna Gonzalez,Data Analysis with Pandas,100,2024-10-21 05:27:58.362000
Brianna Gonzalez,Data Cleaning & Preprocessing,100,2024-10-21 05:27:58.362000
Brianna Gonzalez,Data Ethics,100,2024-10-21 05:27:58.362000
Brianna Gonzalez,Data Analysis for Business Decisions,100,2024-10-21 05:27:58.362000
Brianna Gonzalez,Data Visualization with Matplotlib,100,2024-10-21 05:27:58.362000
Brianna Gonzalez,Conversion Rate Optimization,100,2024-10-21 05:27:58.362000
Brianna Gonzalez,Usability Testing,100,2024-10-21 05:27:58.362000
Brianna Gonzalez,Affiliate Marketing,100,2024-10-21 05:27:58.362000
Brianna Gonzalez,Computer Vision Basics,100,2024-10-21 05:27:58.362000
Brianna Gonzalez,Blockchain Security,100,2024-10-21 05:27:58.362000
Brianna Gonzalez,Project Scheduling Techniques,100,2024-10-21 05:27:58.362000
Brianna Gonzalez,Cross-Platform Development with Flutter,100,2024-10-21 05:27:58.362000
Brianna Gonzalez,Game Design Principles,100,2024-10-21 05:27:58.362000
Andrew Frey,Data Cleaning & Preprocessing,100,2024-10-21 05:27:58.362000
Andrew Frey,Data Analysis for Business Decisions,100,2024-10-21 05:27:58.362000
Andrew Frey,Data Ethics,100,2024-10-21 05:27:58.362000
Andrew Frey,Data Analysis with Pandas,100,2024-10-21 05:27:58.362000
Andrew Frey,Data Visualization with Matplotlib,100,2024-10-21 05:27:58.362000
Andrew Frey,Progressive Web Apps (PWAs),100,2024-10-21 05:27:58.362000
Andrew Frey,Deep Learning with TensorFlow,100,2024-10-21 05:27:58.362000
Andrew Frey,RESTful Services,100,2024-10-21 05:27:58.362000
Andrew Frey,Influencer Marketing,100,2024-10-21 05:27:58.362000
Andrew Frey,Configuration Management with Ansible,100,2024-10-21 05:27:58.362000
Andrew Frey,Stakeholder Management,100,2024-10-21 05:27:58.362000
Andrew Frey,Git & GitHub,100,2024-10-21 05:27:58.362000
Andrew Frey,HR Analytics,100,2024-10-21 05:27:58.362000
Andrew Frey,E-commerce Development Basics,100,2024-10-21 05:27:58.362000
Andrew Frey,Hyperledger Basics,100,2024-10-21 05:27:58.362000
Raymond Davis,Data Ethics,100,2024-10-21 05:27:58.362000
Raymond Davis,Data Analysis for Business Decisions,100,2024-10-21 05:27:58.362000
Raymond Davis,Data Visualization with Matplotlib,100,2024-10-21 05:27:58.362000
Raymond Davis,Data Analysis with Pandas,100,2024-10-21 05:27:58.362000
Raymond Davis,Data Cleaning & Preprocessing,100,2024-10-21 05:27:58.362000
Raymond Davis,Security Awareness for IT Support,100,2024-10-21 05:27:58.362000
Raymond Davis,AWS Fundamentals,100,2024-10-21 05:27:58.362000
Raymond Davis,Presentation Skills for Sales,100,2024-10-21 05:27:58.362000
Raymond Davis,Introduction to Cloud Computing,100,2024-10-21 05:27:58.362000
Raymond Davis,Cloud Cost Management,100,2024-10-21 05:27:58.362000
Pamela Mclaughlin,Data Analysis with Pandas,100,2024-10-21 05:27:58.363000
Pamela Mclaughlin,Data Ethics,100,2024-10-21 05:27:58.363000
Pamela Mclaughlin,Data Cleaning & Preprocessing,100,2024-10-21 05:27:58.363000
Pamela Mclaughlin,Data Visualization with Matplotlib,100,2024-10-21 05:27:58.363000
Pamela Mclaughlin,Data Analysis for Business Decisions,100,2024-10-21 05:27:58.363000
Pamela Mclaughlin,Hyperledger Basics,100,2024-10-21 05:27:58.363000
Pamela Mclaughlin,API Development,100,2024-10-21 05:27:58.363000
Pamela Mclaughlin,Closing Sales Strategies,100,2024-10-21 05:27:58.363000
Pamela Mclaughlin,Continuous Integration and Delivery,100,2024-10-21 05:27:58.363000
Pamela Mclaughlin,Personal Finance Skills,100,2024-10-21 05:27:58.363000
Pamela Mclaughlin,HTML & CSS,100,2024-10-21 05:27:58.363000
Pamela Mclaughlin,Financial Analysis Techniques,100,2024-10-21 05:27:58.363000
Pamela Mclaughlin,Supervised Learning,100,2024-10-21 05:27:58.363000
Emma Collins,Data Analysis with Pandas,100,2024-10-21 05:27:58.363000
Emma Collins,Data Visualization with Matplotlib,100,2024-10-21 05:27:58.363000
Emma Collins,Data Analysis for Business Decisions,100,2024-10-21 05:27:58.363000
Emma Collins,Data Ethics,100,2024-10-21 05:27:58.363000
Emma Collins,Data Cleaning & Preprocessing,100,2024-10-21 05:27:58.363000
Emma Collins,Building Customer Relationships,100,2024-10-21 05:27:58.363000
Emma Collins,Cross-Platform Development with Flutter,100,2024-10-21 05:27:58.363000
Emma Collins,Introduction to Blockchain,100,2024-10-21 05:27:58.363000
Emma Collins,Diversity and Inclusion Initiatives,100,2024-10-21 05:27:58.363000
Emma Collins,AI in Robotics,100,2024-10-21 05:27:58.363000
Emma Collins,Penetration Testing,100,2024-10-21 05:27:58.363000
Emma Collins,Mobile Testing Strategies,100,2024-10-21 05:27:58.363000
Emma Collins,Performance Management Systems,100,2024-10-21 05:27:58.363000
Jason Day,Data Analysis with Pandas,100,2024-10-21 05:27:58.363000
Jason Day,Data Analysis for Business Decisions,100,2024-10-21 05:27:58.363000
Jason Day,Data Ethics,100,2024-10-21 05:27:58.363000
Jason Day,Data Cleaning & Preprocessing,100,2024-10-21 05:27:58.363000
Jason Day,Data Visualization with Matplotlib,100,2024-10-21 05:27:58.363000
Jason Day,Usability Testing,100,2024-10-21 05:27:58.363000
Jason Day,Social Media Content Creation,100,2024-10-21 05:27:58.363000
Jason Day,Performance Optimization for Mobile Apps,100,2024-10-21 05:27:58.363000
Jason Day,Security in Cloud Computing,100,2024-10-21 05:27:58.363000
Jason Day,Business Process Modeling,100,2024-10-21 05:27:58.363000
Jason Day,API Integration in Mobile Apps,100,2024-10-21 05:27:58.363000
Jason Day,Multiplayer Game Development,100,2024-10-21 05:27:58.363000
Jason Day,Introduction to Business Analysis,100,2024-10-21 05:27:58.363000
Jason Day,Change Management,100,2024-10-21 05:27:58.363000
Jason Day,Wireframing and Prototyping,100,2024-10-21 05:27:58.363000
James Dawson,Data Analysis for Business Decisions,100,2024-10-21 05:27:58.363000
James Dawson,Data Ethics,100,2024-10-21 05:27:58.363000
James Dawson,Data Visualization with Matplotlib,100,2024-10-21 05:27:58.363000
James Dawson,Data Cleaning & Preprocessing,100,2024-10-21 05:27:58.363000
James Dawson,Data Analysis with Pandas,100,2024-10-21 05:27:58.363000
James Dawson,Interaction Design Principles,100,2024-10-21 05:27:58.363000
James Dawson,ITIL Foundations,100,2024-10-21 05:27:58.363000
James Dawson,Unsupervised Learning,100,2024-10-21 05:27:58.363000
James Dawson,Machine Learning Basics,100,2024-10-21 05:27:58.363000
James Dawson,Influencer Marketing,100,2024-10-21 05:27:58.363000
James Dawson,AI in Robotics,100,2024-10-21 05:27:58.363000
Shane Johnson,Data Visualization with Matplotlib,100,2024-10-21 05:27:58.363000
Shane Johnson,Data Analysis with Pandas,100,2024-10-21 05:27:58.363000
Shane Johnson,Data Analysis for Business Decisions,100,2024-10-21 05:27:58.363000
Shane Johnson,Data Ethics,100,2024-10-21 05:27:58.363000
Shane Johnson,Data Cleaning & Preprocessing,100,2024-10-21 05:27:58.363000
Shane Johnson,Agile Methodologies,100,2024-10-21 05:27:58.363000
Shane Johnson,Introduction to Blockchain,100,2024-10-21 05:27:58.363000
Shane Johnson,Project Management Tools Overview,100,2024-10-21 05:27:58.363000
Shane Johnson,Introduction to Cloud Computing,100,2024-10-21 05:27:58.363000
Shane Johnson,Ethical Hacking Basics,100,2024-10-21 05:27:58.363000
Shane Johnson,Graphic Design Basics for Content,100,2024-10-21 05:27:58.363000
Shane Johnson,Introduction to Human Resources,100,2024-10-21 05:27:58.363000
Jonathan Cooper,Data Visualization with Matplotlib,100,2024-10-21 05:27:58.363000
Jonathan Cooper,Data Ethics,100,2024-10-21 05:27:58.363000
Jonathan Cooper,Data Analysis for Business Decisions,100,2024-10-21 05:27:58.363000
Jonathan Cooper,Data Analysis with Pandas,100,2024-10-21 05:27:58.363000
Jonathan Cooper,User Research Techniques,100,2024-10-21 05:27:58.363000
Jonathan Cooper,Budgeting Basics,100,2024-10-21 05:27:58.363000
Jonathan Cooper,Containerization with Docker,100,2024-10-21 05:27:58.363000
Jonathan Cooper,Azure Basics,100,2024-10-21 05:27:58.363000
Jonathan Cooper,Risk Management in Finance,100,2024-10-21 05:27:58.363000
Jonathan Cooper,Infrastructure as Code,100,2024-10-21 05:27:58.363000
Jonathan Cooper,Machine Learning Basics,100,2024-10-21 05:27:58.363000
Jonathan Cooper,Introduction to Blockchain,100,2024-10-21 05:27:58.363000
Jonathan Cooper,SEO for Content Creators,100,2024-10-21 05:27:58.363000
Joan Davenport,Data Analysis with Pandas,100,2024-10-21 05:27:58.363000
Joan Davenport,Data Cleaning & Preprocessing,100,2024-10-21 05:27:58.363000
Joan Davenport,Data Visualization with Matplotlib,100,2024-10-21 05:27:58.363000
Joan Davenport,Data Ethics,100,2024-10-21 05:27:58.363000
Joan Davenport,Data Analysis for Business Decisions,100,2024-10-21 05:27:58.363000
Joan Davenport,Content Management Systems (CMS),100,2024-10-21 05:27:58.363000
Joan Davenport,Incident Response,100,2024-10-21 05:27:58.363000
Joan Davenport,Understanding Financial Markets,100,2024-10-21 05:27:58.363000
Joan Davenport,Budgeting for Projects,100,2024-10-21 05:27:58.363000
Joan Davenport,Vulnerability Assessment,100,2024-10-21 05:27:58.363000
Joan Davenport,Introduction to Content Creation,100,2024-10-21 05:27:58.363000
Joan Davenport,Decentralized Applications (DApps),100,2024-10-21 05:27:58.363000
Joan Davenport,Cloud Security Best Practices,100,2024-10-21 05:27:58.363000
Joan Davenport,AI for Business,100,2024-10-21 05:27:58.363000
Laura Garcia,Data Cleaning & Preprocessing,100,2024-10-21 05:27:58.363000
Laura Garcia,Data Analysis for Business Decisions,100,2024-10-21 05:27:58.363000
Laura Garcia,Data Ethics,100,2024-10-21 05:27:58.363000
Laura Garcia,Data Visualization with Matplotlib,100,2024-10-21 05:27:58.363000
Laura Garcia,Data Analysis with Pandas,100,2024-10-21 05:27:58.363000
Laura Garcia,Financial Analysis Techniques,100,2024-10-21 05:27:58.363000
Laura Garcia,Cloud Cost Management,100,2024-10-21 05:27:58.363000
Laura Garcia,App Monetization Strategies,100,2024-10-21 05:27:58.363000
Laura Garcia,Sales Fundamentals,100,2024-10-21 05:27:58.363000
Laura Garcia,Blockchain Security,100,2024-10-21 05:27:58.363000
Laura Garcia,Networking Basics,100,2024-10-21 05:27:58.363000
Laura Garcia,Cryptography Basics,100,2024-10-21 05:27:58.363000
Laura Garcia,Introduction to Finance,100,2024-10-21 05:27:58.363000
Laura Garcia,API Integration in Mobile Apps,100,2024-10-21 05:27:58.363000
Richard Munoz,Data Ethics,100,2024-10-21 05:27:58.363000
Richard Munoz,Data Analysis with Pandas,100,2024-10-21 05:27:58.363000
Richard Munoz,Data Analysis for Business Decisions,100,2024-10-21 05:27:58.363000
Richard Munoz,Data Visualization with Matplotlib,100,2024-10-21 05:27:58.363000
Richard Munoz,Data Cleaning & Preprocessing,100,2024-10-21 05:27:58.363000
Richard Munoz,Decentralized Applications (DApps),100,2024-10-21 05:27:58.363000
Richard Munoz,AI in Healthcare,100,2024-10-21 05:27:58.363000
Richard Munoz,Video Production Basics,100,2024-10-21 05:27:58.363000
Richard Munoz,Change Management,100,2024-10-21 05:27:58.363000
Richard Munoz,Ethical Hacking Basics,100,2024-10-21 05:27:58.363000
Richard Munoz,JavaScript Basics,100,2024-10-21 05:27:58.363000
Richard Munoz,Azure Basics,100,2024-10-21 05:27:58.363000
Michael Cole,Data Analysis for Business Decisions,100,2024-10-21 05:27:58.363000
Michael Cole,Data Analysis with Pandas,100,2024-10-21 05:27:58.363000
Michael Cole,Data Visualization with Matplotlib,100,2024-10-21 05:27:58.363000
Michael Cole,Data Cleaning & Preprocessing,100,2024-10-21 05:27:58.363000
Michael Cole,Data Ethics,100,2024-10-21 05:27:58.363000
Michael Cole,Model Evaluation,100,2024-10-21 05:27:58.363000
Michael Cole,Cloud Support Fundamentals,100,2024-10-21 05:27:58.363000
Michael Cole,Personal Finance Skills,100,2024-10-21 05:27:58.363000
Michael Cole,Ethical Hacking Basics,100,2024-10-21 05:27:58.363000
Michael Cole,Podcasting Fundamentals,100,2024-10-21 05:27:58.363000
Michael Cole,Responsive Design Principles,100,2024-10-21 05:27:58.363000
Michael Cole,Container Orchestration with Kubernetes,100,2024-10-21 05:27:58.363000
Laura White,Data Ethics,100,2024-10-21 05:27:58.363000
Laura White,Data Visualization with Matplotlib,100,2024-10-21 05:27:58.363000
Laura White,Data Analysis for Business Decisions,100,2024-10-21 05:27:58.363000
Laura White,Data Analysis with Pandas,100,2024-10-21 05:27:58.363000
Laura White,Data Cleaning & Preprocessing,100,2024-10-21 05:27:58.363000
Laura White,Understanding Consumer Behavior,100,2024-10-21 05:27:58.363000
Laura White,Talent Acquisition Strategies,100,2024-10-21 05:27:58.363000
Laura White,Closing Sales Strategies,100,2024-10-21 05:27:58.363000
Laura White,Containerization with Docker,100,2024-10-21 05:27:58.363000
Laura White,AI in Healthcare,100,2024-10-21 05:27:58.363000
Laura White,Employee Engagement Techniques,100,2024-10-21 05:27:58.363000
Laura White,Introduction to Content Creation,100,2024-10-21 05:27:58.363000
Laura White,Ethical Hacking Basics,100,2024-10-21 05:27:58.363000
Laura White,Project Scheduling Techniques,100,2024-10-21 05:27:58.363000
Laura White,Vulnerability Assessment,100,2024-10-21 05:27:58.363000
Ashley Gordon,Data Cleaning & Preprocessing,100,2024-10-21 05:27:58.363000
Ashley Gordon,Data Visualization with Matplotlib,100,2024-10-21 05:27:58.363000
Ashley Gordon,Data Analysis with Pandas,100,2024-10-21 05:27:58.363000
Ashley Gordon,Data Ethics,100,2024-10-21 05:27:58.363000
Ashley Gordon,Data Analysis for Business Decisions,100,2024-10-21 05:27:58.363000
Ashley Gordon,Training and Development,100,2024-10-21 05:27:58.363000
Ashley Gordon,Content Strategy Development,100,2024-10-21 05:27:58.363000
Ashley Gordon,Cloud Support Fundamentals,100,2024-10-21 05:27:58.363000
Ashley Gordon,Investing Fundamentals,100,2024-10-21 05:27:58.363000
Ashley Gordon,Serverless Architecture,100,2024-10-21 05:27:58.363000
Ashley Gordon,Personal Finance Skills,100,2024-10-21 05:27:58.363000
Ashley Gordon,Incident Response,100,2024-10-21 05:27:58.363000
Ashley Gordon,Cryptography Basics,100,2024-10-21 05:27:58.363000
Ashley Gordon,Conversion Rate Optimization,100,2024-10-21 05:27:58.363000
Sheila Nguyen,Data Visualization with Matplotlib,100,2024-10-21 05:27:58.363000
Sheila Nguyen,Data Analysis for Business Decisions,100,2024-10-21 05:27:58.363000
Sheila Nguyen,Data Ethics,100,2024-10-21 05:27:58.363000
Sheila Nguyen,Data Cleaning & Preprocessing,100,2024-10-21 05:27:58.363000
Sheila Nguyen,Data Analysis with Pandas,100,2024-10-21 05:27:58.363000
Sheila Nguyen,Social Media Content Creation,100,2024-10-21 05:27:58.363000
Sheila Nguyen,Presentation Skills for Business Analysts,100,2024-10-21 05:27:58.363000
Sheila Nguyen,Employee Engagement Techniques,100,2024-10-21 05:27:58.363000
Sheila Nguyen,Network Security Fundamentals,100,2024-10-21 05:27:58.363000
Sheila Nguyen,Project Management Basics,100,2024-10-21 05:27:58.364000
Christine Garcia,Data Cleaning & Preprocessing,100,2024-10-21 05:27:58.364000
Christine Garcia,Data Analysis for Business Decisions,100,2024-10-21 05:27:58.364000
Christine Garcia,Data Visualization with Matplotlib,100,2024-10-21 05:27:58.364000
Christine Garcia,Data Ethics,100,2024-10-21 05:27:58.364000
Christine Garcia,Data Analysis with Pandas,100,2024-10-21 05:27:58.364000
Christine Garcia,Smart Contracts Development,100,2024-10-21 05:27:58.364000
Christine Garcia,Introduction to DevOps,100,2024-10-21 05:27:58.364000
Christine Garcia,React,100,2024-10-21 05:27:58.364000
Christine Garcia,Introduction to UI/UX Design,100,2024-10-21 05:27:58.364000
Christine Garcia,Performance Management Systems,100,2024-10-21 05:27:58.364000
Christine Garcia,Project Management Tools Overview,100,2024-10-21 05:27:58.364000
Jeremiah Williams,Data Analysis with Pandas,100,2024-10-21 05:27:58.364000
Jeremiah Williams,Data Ethics,100,2024-10-21 05:27:58.364000
Jeremiah Williams,Data Visualization with Matplotlib,100,2024-10-21 05:27:58.364000
Jeremiah Williams,Data Analysis for Business Decisions,100,2024-10-21 05:27:58.364000
Jeremiah Williams,Data Cleaning & Preprocessing,100,2024-10-21 05:27:58.364000
Jeremiah Williams,Podcasting Fundamentals,100,2024-10-21 05:27:58.364000
Jeremiah Williams,Stakeholder Management,100,2024-10-21 05:27:58.364000
Jeremiah Williams,Tokenomics,100,2024-10-21 05:27:58.364000
Jeremiah Williams,Design Tools Overview,100,2024-10-21 05:27:58.364000
Jeremiah Williams,3D Game Development,100,2024-10-21 05:27:58.364000
James Gonzalez,Data Visualization with Matplotlib,100,2024-10-21 05:27:58.364000
James Gonzalez,Data Analysis with Pandas,100,2024-10-21 05:27:58.364000
James Gonzalez,Data Ethics,100,2024-10-21 05:27:58.364000
James Gonzalez,Data Cleaning & Preprocessing,100,2024-10-21 05:27:58.364000
James Gonzalez,Data Analysis for Business Decisions,100,2024-10-21 05:27:58.364000
James Gonzalez,AI in Robotics,100,2024-10-21 05:27:58.364000
James Gonzalez,Unreal Engine Basics,100,2024-10-21 05:27:58.364000
James Gonzalez,Introduction to UI/UX Design,100,2024-10-21 05:27:58.364000
James Gonzalez,Performance Management Systems,100,2024-10-21 05:27:58.364000
James Gonzalez,Natural Language Processing,100,2024-10-21 05:27:58.364000
James Gonzalez,Tokenomics,100,2024-10-21 05:27:58.364000
James Gonzalez,Web Performance Optimization,100,2024-10-21 05:27:58.364000
Jennifer Garcia,Data Cleaning & Preprocessing,100,2024-10-21 05:27:58.364000
Jennifer Garcia,Data Analysis with Pandas,100,2024-10-21 05:27:58.364000
Jennifer Garcia,Data Visualization with Matplotlib,100,2024-10-21 05:27:58.364000
Jennifer Garcia,Data Ethics,100,2024-10-21 05:27:58.364000
Jennifer Garcia,Data Analysis for Business Decisions,100,2024-10-21 05:27:58.364000
Jennifer Garcia,Introduction to Business Analysis,100,2024-10-21 05:27:58.364000
Jennifer Garcia,Corporate Finance Essentials,100,2024-10-21 05:27:58.364000
Jennifer Garcia,Design Thinking Process,100,2024-10-21 05:27:58.364000
Jennifer Garcia,Business Process Modeling,100,2024-10-21 05:27:58.364000
Jennifer Garcia,E-commerce Development Basics,100,2024-10-21 05:27:58.364000
Jennifer Garcia,Network Security Fundamentals,100,2024-10-21 05:27:58.364000
Jennifer Martin,Data Ethics,100,2024-10-21 05:27:58.364000
Jennifer Martin,Data Cleaning & Preprocessing,100,2024-10-21 05:27:58.364000
Jennifer Martin,Data Analysis for Business Decisions,100,2024-10-21 05:27:58.364000
Jennifer Martin,Data Analysis with Pandas,100,2024-10-21 05:27:58.364000
Jennifer Martin,Data Visualization with Matplotlib,100,2024-10-21 05:27:58.364000
Jennifer Martin,Sales Fundamentals,100,2024-10-21 05:27:58.364000
Jennifer Martin,Security Awareness for IT Support,100,2024-10-21 05:27:58.364000
Jennifer Martin,Social Media Content Creation,100,2024-10-21 05:27:58.364000
Jennifer Martin,Closing Sales Strategies,100,2024-10-21 05:27:58.364000
Jennifer Martin,React,100,2024-10-21 05:27:58.364000
Jennifer Martin,Corporate Finance Essentials,100,2024-10-21 05:27:58.364000
Jennifer Martin,Ethical Hacking Basics,100,2024-10-21 05:27:58.364000
Jennifer Martin,MongoDB,100,2024-10-21 05:27:58.364000
Alexander Pope,Data Ethics,100,2024-10-21 05:27:58.364000
Alexander Pope,Data Analysis with Pandas,100,2024-10-21 05:27:58.364000
Alexander Pope,Data Cleaning & Preprocessing,100,2024-10-21 05:27:58.364000
Alexander Pope,Data Analysis for Business Decisions,100,2024-10-21 05:27:58.364000
Alexander Pope,Data Visualization with Matplotlib,100,2024-10-21 05:27:58.364000
Alexander Pope,Social Media Content Creation,100,2024-10-21 05:27:58.364000
Alexander Pope,React,100,2024-10-21 05:27:58.364000
Alexander Pope,Speech Recognition Technologies,100,2024-10-21 05:27:58.364000
Alexander Pope,Deployment & Hosting,100,2024-10-21 05:27:58.364000
Alexander Pope,Labor Laws and Compliance,100,2024-10-21 05:27:58.364000
Alexander Pope,Mobile App Design,100,2024-10-21 05:27:58.364000
Alexander Pope,Understanding Financial Markets,100,2024-10-21 05:27:58.364000
Maria Moore,Data Analysis for Business Decisions,100,2024-10-21 05:27:58.364000
Maria Moore,Data Cleaning & Preprocessing,100,2024-10-21 05:27:58.364000
Maria Moore,Data Ethics,100,2024-10-21 05:27:58.364000
Maria Moore,Data Visualization with Matplotlib,100,2024-10-21 05:27:58.364000
Maria Moore,Brand Management Online,100,2024-10-21 05:27:58.364000
Maria Moore,Tokenomics,100,2024-10-21 05:27:58.364000
Maria Moore,Statistical Analysis,100,2024-10-21 05:27:58.364000
Maria Moore,MongoDB,100,2024-10-21 05:27:58.364000
Maria Moore,Social Media Content Creation,100,2024-10-21 05:27:58.364000
Maria Moore,Cloud Security Best Practices,100,2024-10-21 05:27:58.364000
Maria Moore,Backend Development Fundamentals,100,2024-10-21 05:27:58.364000
Maria Moore,Azure Basics,100,2024-10-21 05:27:58.364000
Christina Ibarra,Data Visualization with Matplotlib,100,2024-10-21 05:27:58.364000
Christina Ibarra,Data Cleaning & Preprocessing,100,2024-10-21 05:27:58.364000
Christina Ibarra,Data Analysis with Pandas,100,2024-10-21 05:27:58.364000
Christina Ibarra,Data Ethics,100,2024-10-21 05:27:58.364000
Christina Ibarra,Data Analysis for Business Decisions,100,2024-10-21 05:27:58.364000
Christina Ibarra,Podcasting Fundamentals,100,2024-10-21 05:27:58.364000
Christina Ibarra,Tokenomics,100,2024-10-21 05:27:58.364000
Christina Ibarra,Containerization with Docker,100,2024-10-21 05:27:58.364000
Christina Ibarra,Game Monetization Strategies,100,2024-10-21 05:27:58.364000
Christina Ibarra,Customer Service Skills for IT,100,2024-10-21 05:27:58.364000
Christina Ibarra,Risk Management in Finance,100,2024-10-21 05:27:58.364000
Christina Ibarra,Introduction to Cloud Computing,100,2024-10-21 05:27:58.364000
Brandy Lopez,Data Analysis for Business Decisions,100,2024-10-21 05:27:58.364000
Brandy Lopez,Data Ethics,100,2024-10-21 05:27:58.364000
Brandy Lopez,Data Visualization with Matplotlib,100,2024-10-21 05:27:58.364000
Brandy Lopez,Data Analysis with Pandas,100,2024-10-21 05:27:58.364000
Brandy Lopez,Data Cleaning & Preprocessing,100,2024-10-21 05:27:58.364000
Brandy Lopez,Digital Sales Techniques,100,2024-10-21 05:27:58.364000
Brandy Lopez,Understanding Consumer Behavior,100,2024-10-21 05:27:58.364000
Brandy Lopez,Content Strategy Development,100,2024-10-21 05:27:58.364000
Brandy Lopez,Building Customer Relationships,100,2024-10-21 05:27:58.364000
Brandy Lopez,Risk Analysis and Management,100,2024-10-21 05:27:58.364000
Brandy Lopez,Mobile Testing Strategies,100,2024-10-21 05:27:58.364000
Brandy Lopez,Analytics for Marketers,100,2024-10-21 05:27:58.364000
Brandy Lopez,Time Series Analysis,100,2024-10-21 05:27:58.364000
Brandy Lopez,Editing and Proofreading Techniques,100,2024-10-21 05:27:58.364000
Brandy Lopez,Blockchain Use Cases,100,2024-10-21 05:27:58.364000
Stacey Sharp,Data Ethics,100,2024-10-21 05:27:58.364000
Stacey Sharp,Data Cleaning & Preprocessing,100,2024-10-21 05:27:58.364000
Stacey Sharp,Data Analysis for Business Decisions,100,2024-10-21 05:27:58.364000
Stacey Sharp,Data Visualization with Matplotlib,100,2024-10-21 05:27:58.364000
Stacey Sharp,Data Analysis with Pandas,100,2024-10-21 05:27:58.364000
Stacey Sharp,Understanding Financial Markets,100,2024-10-21 05:27:58.364000
Stacey Sharp,Node.js,100,2024-10-21 05:27:58.364000
Stacey Sharp,Time Management for Sales,100,2024-10-21 05:27:58.364000
Stacey Sharp,Machine Learning Basics,100,2024-10-21 05:27:58.364000
Stacey Sharp,Agile Methodologies,100,2024-10-21 05:27:58.364000
Stacey Sharp,Conflict Resolution in HR,100,2024-10-21 05:27:58.364000
Stacey Sharp,Content Marketing Strategies,100,2024-10-21 05:27:58.364000
Stacey Sharp,API Integration in Mobile Apps,100,2024-10-21 05:27:58.364000
Kelsey Rose,Data Cleaning & Preprocessing,100,2024-10-21 05:27:58.364000
Kelsey Rose,Data Ethics,100,2024-10-21 05:27:58.364000
Kelsey Rose,Data Visualization with Matplotlib,100,2024-10-21 05:27:58.364000
Kelsey Rose,Data Analysis for Business Decisions,100,2024-10-21 05:27:58.364000
Kelsey Rose,Data Analysis with Pandas,100,2024-10-21 05:27:58.364000
Kelsey Rose,Social Media Content Creation,100,2024-10-21 05:27:58.364000
Kelsey Rose,Customer Service Excellence,100,2024-10-21 05:27:58.364000
Kelsey Rose,Multiplayer Game Development,100,2024-10-21 05:27:58.364000
Kelsey Rose,Reinforcement Learning Techniques,100,2024-10-21 05:27:58.364000
Kelsey Rose,Unity Basics,100,2024-10-21 05:27:58.364000
Kelsey Rose,Project Management Basics,100,2024-10-21 05:27:58.364000
Kelsey Rose,Model Evaluation,100,2024-10-21 05:27:58.364000
Kelsey Rose,Cryptography Basics,100,2024-10-21 05:27:58.364000
Kelsey Rose,E-commerce Development Basics,100,2024-10-21 05:27:58.364000
Scott Foley,Data Analysis for Business Decisions,100,2024-10-21 05:27:58.364000
Scott Foley,Data Analysis with Pandas,100,2024-10-21 05:27:58.364000
Scott Foley,Data Ethics,100,2024-10-21 05:27:58.364000
Scott Foley,Data Cleaning & Preprocessing,100,2024-10-21 05:27:58.364000
Scott Foley,Data Visualization with Matplotlib,100,2024-10-21 05:27:58.364000
Scott Foley,Time Series Analysis,100,2024-10-21 05:27:58.364000
Scott Foley,Negotiation Techniques,100,2024-10-21 05:27:58.364000
Scott Foley,Game Testing Techniques,100,2024-10-21 05:27:58.364000
Scott Foley,Incident Response,100,2024-10-21 05:27:58.364000
Scott Foley,Content Promotion Strategies,100,2024-10-21 05:27:58.364000
Scott Foley,Statistical Analysis,100,2024-10-21 05:27:58.364000
Scott Foley,Malware Analysis,100,2024-10-21 05:27:58.364000
Kelly Rogers,Data Visualization with Matplotlib,100,2024-10-21 05:27:58.364000
Kelly Rogers,Data Analysis for Business Decisions,100,2024-10-21 05:27:58.364000
Kelly Rogers,Data Analysis with Pandas,100,2024-10-21 05:27:58.364000
Kelly Rogers,Data Cleaning & Preprocessing,100,2024-10-21 05:27:58.364000
Kelly Rogers,Data Ethics,100,2024-10-21 05:27:58.364000
Kelly Rogers,Version Control with Git,100,2024-10-21 05:27:58.364000
Kelly Rogers,Vulnerability Assessment,100,2024-10-21 05:27:58.364000
Kelly Rogers,Model Evaluation,100,2024-10-21 05:27:58.364000
Kelly Rogers,Risk Analysis and Management,100,2024-10-21 05:27:58.364000
Kelly Rogers,AI for Business,100,2024-10-21 05:27:58.364000
Michael Smith,Data Cleaning & Preprocessing,100,2024-10-21 05:27:58.365000
Michael Smith,Data Ethics,100,2024-10-21 05:27:58.365000
Michael Smith,Data Analysis with Pandas,100,2024-10-21 05:27:58.365000
Michael Smith,Data Visualization with Matplotlib,100,2024-10-21 05:27:58.365000
Michael Smith,Data Analysis for Business Decisions,100,2024-10-21 05:27:58.365000
Michael Smith,Social Media Content Creation,100,2024-10-21 05:27:58.365000
Michael Smith,Hyperledger Basics,100,2024-10-21 05:27:58.365000
Michael Smith,Editing and Proofreading Techniques,100,2024-10-21 05:27:58.365000
Michael Smith,Google Cloud Platform Essentials,100,2024-10-21 05:27:58.365000
Michael Smith,Risk Analysis and Management,100,2024-10-21 05:27:58.365000
Michael Smith,Web Performance Optimization,100,2024-10-21 05:27:58.365000
Michael Smith,Cloud Support Fundamentals,100,2024-10-21 05:27:58.365000
Michael Smith,Podcasting Fundamentals,100,2024-10-21 05:27:58.365000
Amanda Hayden,Data Analysis for Business Decisions,100,2024-10-21 05:27:58.365000
Amanda Hayden,Data Visualization with Matplotlib,100,2024-10-21 05:27:58.365000
Amanda Hayden,Data Cleaning & Preprocessing,100,2024-10-21 05:27:58.365000
Amanda Hayden,Data Ethics,100,2024-10-21 05:27:58.365000
Amanda Hayden,Data Analysis with Pandas,100,2024-10-21 05:27:58.365000
Amanda Hayden,Predictive Analytics,100,2024-10-21 05:27:58.365000
Amanda Hayden,Budgeting for Projects,100,2024-10-21 05:27:58.365000
Amanda Hayden,Customer Service Excellence,100,2024-10-21 05:27:58.365000
Amanda Hayden,Quality Management,100,2024-10-21 05:27:58.365000
Amanda Hayden,Web Application Security,100,2024-10-21 05:27:58.365000
Paul Ross,Data Analysis for Business Decisions,100,2024-10-21 05:27:58.365000
Paul Ross,Data Cleaning & Preprocessing,100,2024-10-21 05:27:58.365000
Paul Ross,Data Analysis with Pandas,100,2024-10-21 05:27:58.365000
Paul Ross,Data Ethics,100,2024-10-21 05:27:58.365000
Paul Ross,Data Visualization with Matplotlib,100,2024-10-21 05:27:58.365000
Paul Ross,Risk Analysis and Management,100,2024-10-21 05:27:58.365000
Paul Ross,SEO Best Practices,100,2024-10-21 05:27:58.365000
Paul Ross,Express.js,100,2024-10-21 05:27:58.365000
Paul Ross,Networking Basics,100,2024-10-21 05:27:58.365000
Paul Ross,Model Evaluation,100,2024-10-21 05:27:58.365000
Paul Ross,Understanding Consumer Behavior,100,2024-10-21 05:27:58.365000
Paul Ross,Mobile App Design,100,2024-10-21 05:27:58.365000
Paul Ross,Microservices in Cloud,100,2024-10-21 05:27:58.365000
Paul Ross,Azure Basics,100,2024-10-21 05:27:58.365000
Paul Ross,Wireframing and Prototyping,100,2024-10-21 05:27:58.365000
Alexis Brown,Data Analysis for Business Decisions,100,2024-10-21 05:27:58.365000
Alexis Brown,Data Cleaning & Preprocessing,100,2024-10-21 05:27:58.365000
Alexis Brown,Data Visualization with Matplotlib,100,2024-10-21 05:27:58.365000
Alexis Brown,Data Ethics,100,2024-10-21 05:27:58.365000
Alexis Brown,Data Analysis with Pandas,100,2024-10-21 05:27:58.365000
Alexis Brown,Understanding Financial Markets,100,2024-10-21 05:27:58.365000
Alexis Brown,Performance Management Systems,100,2024-10-21 05:27:58.365000
Alexis Brown,Natural Language Processing Techniques,100,2024-10-21 05:27:58.365000
Alexis Brown,Time Management for Sales,100,2024-10-21 05:27:58.365000
Alexis Brown,AI in Robotics,100,2024-10-21 05:27:58.365000
Alexis Brown,Introduction to Machine Learning,100,2024-10-21 05:27:58.365000
Alexis Brown,Corporate Finance Essentials,100,2024-10-21 05:27:58.365000
Alexis Brown,Risk Management in Projects,100,2024-10-21 05:27:58.365000
Alexis Brown,Customer Service Excellence,100,2024-10-21 05:27:58.365000
Alexis Brown,User Interface Design for Mobile Apps,100,2024-10-21 05:27:58.365000
Eric Santiago,Data Visualization with Matplotlib,100,2024-10-21 05:27:58.365000
Eric Santiago,Data Analysis for Business Decisions,100,2024-10-21 05:27:58.365000
Eric Santiago,Data Ethics,100,2024-10-21 05:27:58.365000
Eric Santiago,Data Cleaning & Preprocessing,100,2024-10-21 05:27:58.365000
Eric Santiago,Data Analysis with Pandas,100,2024-10-21 05:27:58.365000
Eric Santiago,Operating Systems Overview,100,2024-10-21 05:27:58.365000
Eric Santiago,AI in Robotics,100,2024-10-21 05:27:58.365000
Eric Santiago,Hardware Repair Skills,100,2024-10-21 05:27:58.365000
Eric Santiago,Blockchain Security,100,2024-10-21 05:27:58.365000
Eric Santiago,AI in IoT,100,2024-10-21 05:27:58.365000
Eric Santiago,Google Ads Fundamentals,100,2024-10-21 05:27:58.365000
Eric Santiago,Consensus Algorithms,100,2024-10-21 05:27:58.365000
Wendy Price,Data Analysis for Business Decisions,100,2024-10-21 05:27:58.365000
Wendy Price,Data Analysis with Pandas,100,2024-10-21 05:27:58.365000
Wendy Price,Data Visualization with Matplotlib,100,2024-10-21 05:27:58.365000
Wendy Price,Data Cleaning & Preprocessing,100,2024-10-21 05:27:58.365000
Wendy Price,Data Ethics,100,2024-10-21 05:27:58.365000
Wendy Price,Automating Cloud Deployments,100,2024-10-21 05:27:58.365000
Wendy Price,Financial Reporting Standards,100,2024-10-21 05:27:58.365000
Wendy Price,Supervised Learning,100,2024-10-21 05:27:58.365000
Wendy Price,Deployment & Hosting,100,2024-10-21 05:27:58.365000
Wendy Price,Security Awareness for IT Support,100,2024-10-21 05:27:58.365000
Wendy Price,Hardware Repair Skills,100,2024-10-21 05:27:58.365000
Wendy Price,Express.js,100,2024-10-21 05:27:58.365000
Wendy Price,AI in IoT,100,2024-10-21 05:27:58.365000
David Durham,Data Visualization with Matplotlib,100,2024-10-21 05:27:58.365000
David Durham,Data Analysis with Pandas,100,2024-10-21 05:27:58.365000
David Durham,Data Cleaning & Preprocessing,100,2024-10-21 05:27:58.365000
David Durham,Data Analysis for Business Decisions,100,2024-10-21 05:27:58.365000
David Durham,Data Ethics,100,2024-10-21 05:27:58.365000
David Durham,Training and Development,100,2024-10-21 05:27:58.365000
David Durham,Email Marketing Basics,100,2024-10-21 05:27:58.365000
David Durham,Remote Support Techniques,100,2024-10-21 05:27:58.365000
David Durham,Podcasting Fundamentals,100,2024-10-21 05:27:58.365000
David Durham,Introduction to Blockchain,100,2024-10-21 05:27:58.365000
David Durham,Blogging for Beginners,100,2024-10-21 05:27:58.365000
David Durham,Computer Vision Applications,100,2024-10-21 05:27:58.365000
David Durham,Agile Project Management,100,2024-10-21 05:27:58.365000
James French Jr.,Data Analysis for Business Decisions,100,2024-10-21 05:27:58.365000
James French Jr.,Data Ethics,100,2024-10-21 05:27:58.365000
James French Jr.,Data Cleaning & Preprocessing,100,2024-10-21 05:27:58.365000
James French Jr.,Data Analysis with Pandas,100,2024-10-21 05:27:58.365000
James French Jr.,Data Visualization with Matplotlib,100,2024-10-21 05:27:58.365000
James French Jr.,API Development,100,2024-10-21 05:27:58.365000
James French Jr.,Hyperledger Basics,100,2024-10-21 05:27:58.365000
James French Jr.,Introduction to Game Development,100,2024-10-21 05:27:58.365000
James French Jr.,Financial Planning and Forecasting,100,2024-10-21 05:27:58.365000
James French Jr.,Model Evaluation,100,2024-10-21 05:27:58.365000
James French Jr.,Security Awareness for IT Support,100,2024-10-21 05:27:58.365000
James French Jr.,Consensus Algorithms,100,2024-10-21 05:27:58.365000
James French Jr.,Project Management Basics,100,2024-10-21 05:27:58.365000
James French Jr.,Stakeholder Analysis,100,2024-10-21 05:27:58.365000
Amanda Steele,Data Cleaning & Preprocessing,100,2024-10-21 05:27:58.365000
Amanda Steele,Data Ethics,100,2024-10-21 05:27:58.365000
Amanda Steele,Data Visualization with Matplotlib,100,2024-10-21 05:27:58.365000
Amanda Steele,Data Analysis with Pandas,100,2024-10-21 05:27:58.365000
Amanda Steele,Data Analysis for Business Decisions,100,2024-10-21 05:27:58.365000
Amanda Steele,Cloud Security Best Practices,100,2024-10-21 05:27:58.365000
Amanda Steele,ITIL Foundations,100,2024-10-21 05:27:58.365000
Amanda Steele,Blockchain Use Cases,100,2024-10-21 05:27:58.365000
Amanda Steele,HTML & CSS,100,2024-10-21 05:27:58.365000
Amanda Steele,Training and Development,100,2024-10-21 05:27:58.365000
Amanda Steele,AI in Robotics,100,2024-10-21 05:27:58.365000
Amanda Steele,Backend Development Fundamentals,100,2024-10-21 05:27:58.365000
Amanda Steele,SWOT Analysis for Business,100,2024-10-21 05:27:58.365000
Amanda Steele,Investing Fundamentals,100,2024-10-21 05:27:58.365000
Amanda Steele,Python for Data Science,100,2024-10-21 05:27:58.365000
Deborah Turner,Data Ethics,100,2024-10-21 05:27:58.365000
Deborah Turner,Data Analysis with Pandas,100,2024-10-21 05:27:58.365000
Deborah Turner,Data Cleaning & Preprocessing,100,2024-10-21 05:27:58.365000
Deborah Turner,Data Visualization with Matplotlib,100,2024-10-21 05:27:58.365000
Deborah Turner,Data Analysis for Business Decisions,100,2024-10-21 05:27:58.365000
Deborah Turner,Containerization with Docker,100,2024-10-21 05:27:58.365000
Deborah Turner,3D Game Development,100,2024-10-21 05:27:58.365000
Deborah Turner,Mobile App Design,100,2024-10-21 05:27:58.365000
Deborah Turner,Business Case Development,100,2024-10-21 05:27:58.365000
Deborah Turner,Collaboration Tools in DevOps,100,2024-10-21 05:27:58.365000
Bryan Romero,Data Cleaning & Preprocessing,100,2024-10-21 05:27:58.365000
Bryan Romero,Data Analysis for Business Decisions,100,2024-10-21 05:27:58.365000
Bryan Romero,Data Visualization with Matplotlib,100,2024-10-21 05:27:58.365000
Bryan Romero,Data Ethics,100,2024-10-21 05:27:58.365000
Bryan Romero,Data Analysis with Pandas,100,2024-10-21 05:27:58.365000
Bryan Romero,2D Game Development,100,2024-10-21 05:27:58.365000
Bryan Romero,RESTful Services,100,2024-10-21 05:27:58.365000
Bryan Romero,Talent Acquisition Strategies,100,2024-10-21 05:27:58.365000
Bryan Romero,Cryptography Basics,100,2024-10-21 05:27:58.365000
Bryan Romero,Virtual Reality Development,100,2024-10-21 05:27:58.365000
Bryan Romero,Web Performance Optimization,100,2024-10-21 05:27:58.365000
Bryan Romero,Security in Cloud Computing,100,2024-10-21 05:27:58.365000
Bryan Romero,Progressive Web Apps (PWAs),100,2024-10-21 05:27:58.365000
Stephen Hale,Data Cleaning & Preprocessing,100,2024-10-21 05:27:58.365000
Stephen Hale,Data Visualization with Matplotlib,100,2024-10-21 05:27:58.365000
Stephen Hale,Data Ethics,100,2024-10-21 05:27:58.365000
Stephen Hale,Data Analysis with Pandas,100,2024-10-21 05:27:58.365000
Stephen Hale,Data Analysis for Business Decisions,100,2024-10-21 05:27:58.365000
Stephen Hale,Smart Contracts Development,100,2024-10-21 05:27:58.365000
Stephen Hale,Publishing Mobile Apps,100,2024-10-21 05:27:58.365000
Stephen Hale,Frontend Development Basics,100,2024-10-21 05:27:58.365000
Stephen Hale,Cloud Cost Management,100,2024-10-21 05:27:58.365000
Stephen Hale,Deep Learning with TensorFlow,100,2024-10-21 05:27:58.365000
Dana Brown,Data Analysis with Pandas,100,2024-10-21 05:27:58.365000
Dana Brown,Data Visualization with Matplotlib,100,2024-10-21 05:27:58.366000
Dana Brown,Data Ethics,100,2024-10-21 05:27:58.366000
Dana Brown,Data Analysis for Business Decisions,100,2024-10-21 05:27:58.366000
Dana Brown,Data Cleaning & Preprocessing,100,2024-10-21 05:27:58.366000
Dana Brown,Predictive Analytics,100,2024-10-21 05:27:58.366000
Dana Brown,Hardware Repair Skills,100,2024-10-21 05:27:58.366000
Dana Brown,Malware Analysis,100,2024-10-21 05:27:58.366000
Dana Brown,Customer Service Excellence,100,2024-10-21 05:27:58.366000
Dana Brown,Conversion Rate Optimization,100,2024-10-21 05:27:58.366000
Dana Brown,Understanding Consumer Behavior,100,2024-10-21 05:27:58.366000
Dana Brown,Computer Vision Basics,100,2024-10-21 05:27:58.366000
Dana Brown,Blockchain Security,100,2024-10-21 05:27:58.366000
Dana Brown,Natural Language Processing,100,2024-10-21 05:27:58.366000
Erin Mccoy,Data Cleaning & Preprocessing,100,2024-10-21 05:27:58.366000
Erin Mccoy,Data Analysis for Business Decisions,100,2024-10-21 05:27:58.366000
Erin Mccoy,Data Analysis with Pandas,100,2024-10-21 05:27:58.366000
Erin Mccoy,Data Visualization with Matplotlib,100,2024-10-21 05:27:58.366000
Erin Mccoy,Data Ethics,100,2024-10-21 05:27:58.366000
Erin Mccoy,Agile Project Management,100,2024-10-21 05:27:58.366000
Erin Mccoy,Publishing Mobile Apps,100,2024-10-21 05:27:58.366000
Erin Mccoy,Building Customer Relationships,100,2024-10-21 05:27:58.366000
Erin Mccoy,Podcasting Fundamentals,100,2024-10-21 05:27:58.366000
Erin Mccoy,Stakeholder Management,100,2024-10-21 05:27:58.366000
Brad Doyle,Data Visualization with Matplotlib,100,2024-10-21 05:27:58.366000
Brad Doyle,Data Ethics,100,2024-10-21 05:27:58.366000
Brad Doyle,Data Cleaning & Preprocessing,100,2024-10-21 05:27:58.366000
Brad Doyle,Data Analysis with Pandas,100,2024-10-21 05:27:58.366000
Brad Doyle,Data Analysis for Business Decisions,100,2024-10-21 05:27:58.366000
Brad Doyle,Mobile App Security,100,2024-10-21 05:27:58.366000
Brad Doyle,Quality Management,100,2024-10-21 05:27:58.366000
Brad Doyle,Investing Fundamentals,100,2024-10-21 05:27:58.366000
Brad Doyle,Understanding Consumer Behavior,100,2024-10-21 05:27:58.366000
Brad Doyle,Editing and Proofreading Techniques,100,2024-10-21 05:27:58.366000
Brad Doyle,Container Orchestration with Kubernetes,100,2024-10-21 05:27:58.366000
Brad Doyle,Sales Fundamentals,100,2024-10-21 05:27:58.366000
Brad Doyle,Google Cloud Platform Essentials,100,2024-10-21 05:27:58.366000
Brad Doyle,Affiliate Marketing,100,2024-10-21 05:27:58.366000
Latasha Mann,Data Ethics,100,2024-10-21 05:27:58.366000
Latasha Mann,Data Visualization with Matplotlib,100,2024-10-21 05:27:58.366000
Latasha Mann,Data Analysis for Business Decisions,100,2024-10-21 05:27:58.366000
Latasha Mann,Data Analysis with Pandas,100,2024-10-21 05:27:58.366000
Latasha Mann,Ethics in AI,100,2024-10-21 05:27:58.366000
Latasha Mann,SEO Best Practices,100,2024-10-21 05:27:58.366000
Latasha Mann,Introduction to Machine Learning,100,2024-10-21 05:27:58.366000
Latasha Mann,Configuration Management with Ansible,100,2024-10-21 05:27:58.366000
Latasha Mann,Content Management Systems (CMS),100,2024-10-21 05:27:58.366000
Latasha Mann,Deployment & Hosting,100,2024-10-21 05:27:58.366000
Latasha Mann,Version Control with Git,100,2024-10-21 05:27:58.366000
John Todd,Data Analysis for Business Decisions,100,2024-10-21 05:27:58.366000
John Todd,Data Analysis with Pandas,100,2024-10-21 05:27:58.366000
John Todd,Data Cleaning & Preprocessing,100,2024-10-21 05:27:58.366000
John Todd,Data Ethics,100,2024-10-21 05:27:58.366000
John Todd,Data Visualization with Matplotlib,100,2024-10-21 05:27:58.366000
John Todd,AI in Healthcare,100,2024-10-21 05:27:58.366000
John Todd,API Integration in Mobile Apps,100,2024-10-21 05:27:58.366000
John Todd,User Interface Design for Mobile Apps,100,2024-10-21 05:27:58.366000
John Todd,Progressive Web Apps (PWAs),100,2024-10-21 05:27:58.366000
John Todd,Web Performance Optimization,100,2024-10-21 05:27:58.366000
John Todd,Video Production Basics,100,2024-10-21 05:27:58.366000
John Todd,Customer Service Excellence,100,2024-10-21 05:27:58.366000
John Todd,HR Technology Tools,100,2024-10-21 05:27:58.366000
Alexander Lopez,Data Visualization with Matplotlib,100,2024-10-21 05:27:58.366000
Alexander Lopez,Data Cleaning & Preprocessing,100,2024-10-21 05:27:58.366000
Alexander Lopez,Data Ethics,100,2024-10-21 05:27:58.366000
Alexander Lopez,Data Analysis with Pandas,100,2024-10-21 05:27:58.366000
Alexander Lopez,Data Analysis for Business Decisions,100,2024-10-21 05:27:58.366000
Alexander Lopez,Risk Analysis and Management,100,2024-10-21 05:27:58.366000
Alexander Lopez,Serverless Architecture,100,2024-10-21 05:27:58.366000
Alexander Lopez,Diversity and Inclusion Initiatives,100,2024-10-21 05:27:58.366000
Alexander Lopez,AI in IoT,100,2024-10-21 05:27:58.366000
Alexander Lopez,Reinforcement Learning Techniques,100,2024-10-21 05:27:58.366000
Kimberly Ayala,Data Analysis with Pandas,100,2024-10-21 05:27:58.366000
Kimberly Ayala,Data Analysis for Business Decisions,100,2024-10-21 05:27:58.366000
Kimberly Ayala,Data Visualization with Matplotlib,100,2024-10-21 05:27:58.366000
Kimberly Ayala,Data Cleaning & Preprocessing,100,2024-10-21 05:27:58.366000
Kimberly Ayala,Data Ethics,100,2024-10-21 05:27:58.366000
Kimberly Ayala,Deep Learning Fundamentals,100,2024-10-21 05:27:58.366000
Kimberly Ayala,JavaScript Basics,100,2024-10-21 05:27:58.366000
Kimberly Ayala,Serverless Architecture,100,2024-10-21 05:27:58.366000
Kimberly Ayala,Remote Support Techniques,100,2024-10-21 05:27:58.366000
Kimberly Ayala,API Development,100,2024-10-21 05:27:58.366000
Kimberly Ayala,Design Tools Overview,100,2024-10-21 05:27:58.366000
Kimberly Ayala,Speech Recognition Technologies,100,2024-10-21 05:27:58.366000
Jessica Rodriguez,Data Ethics,100,2024-10-21 05:27:58.366000
Jessica Rodriguez,Data Visualization with Matplotlib,100,2024-10-21 05:27:58.366000
Jessica Rodriguez,Data Analysis for Business Decisions,100,2024-10-21 05:27:58.366000
Jessica Rodriguez,Data Cleaning & Preprocessing,100,2024-10-21 05:27:58.366000
Jessica Rodriguez,Data Analysis with Pandas,100,2024-10-21 05:27:58.366000
Jessica Rodriguez,Sales Analytics,100,2024-10-21 05:27:58.366000
Jessica Rodriguez,SEO Best Practices,100,2024-10-21 05:27:58.366000
Jessica Rodriguez,Web Accessibility Standards,100,2024-10-21 05:27:58.366000
Jessica Rodriguez,Personal Finance Skills,100,2024-10-21 05:27:58.366000
Jessica Rodriguez,Malware Analysis,100,2024-10-21 05:27:58.366000
Jessica Rodriguez,Tokenomics,100,2024-10-21 05:27:58.366000
Jessica Rodriguez,Publishing Mobile Apps,100,2024-10-21 05:27:58.366000
Jessica Rodriguez,SEO Fundamentals,100,2024-10-21 05:27:58.366000
Jessica Rodriguez,Financial Reporting Standards,100,2024-10-21 05:27:58.366000
Brooke Johnson,Data Cleaning & Preprocessing,100,2024-10-21 05:27:58.366000
Brooke Johnson,Data Ethics,100,2024-10-21 05:27:58.366000
Brooke Johnson,Data Visualization with Matplotlib,100,2024-10-21 05:27:58.366000
Brooke Johnson,Data Analysis with Pandas,100,2024-10-21 05:27:58.366000
Brooke Johnson,Data Analysis for Business Decisions,100,2024-10-21 05:27:58.366000
Brooke Johnson,Malware Analysis,100,2024-10-21 05:27:58.366000
Brooke Johnson,Project Management Basics,100,2024-10-21 05:27:58.366000
Brooke Johnson,Speech Recognition Technologies,100,2024-10-21 05:27:58.366000
Brooke Johnson,Decentralized Applications (DApps),100,2024-10-21 05:27:58.366000
Brooke Johnson,Reinforcement Learning,100,2024-10-21 05:27:58.366000
Brooke Johnson,Risk Analysis and Management,100,2024-10-21 05:27:58.366000
David Petersen,Data Ethics,100,2024-10-21 05:27:58.366000
David Petersen,Data Analysis for Business Decisions,100,2024-10-21 05:27:58.366000
David Petersen,Data Cleaning & Preprocessing,100,2024-10-21 05:27:58.366000
David Petersen,Data Visualization with Matplotlib,100,2024-10-21 05:27:58.366000
David Petersen,Data Analysis with Pandas,100,2024-10-21 05:27:58.366000
David Petersen,Conversion Rate Optimization,100,2024-10-21 05:27:58.366000
David Petersen,2D Game Development,100,2024-10-21 05:27:58.366000
David Petersen,Big Data with Spark,100,2024-10-21 05:27:58.366000
David Petersen,Natural Language Processing Techniques,100,2024-10-21 05:27:58.366000
David Petersen,API Development,100,2024-10-21 05:27:58.366000
David Petersen,Editing and Proofreading Techniques,100,2024-10-21 05:27:58.366000
David Petersen,Stakeholder Management,100,2024-10-21 05:27:58.366000
David Petersen,Web Application Security,100,2024-10-21 05:27:58.366000
David Petersen,Security Awareness for IT Support,100,2024-10-21 05:27:58.366000
Curtis Davis,Data Analysis with Pandas,100,2024-10-21 05:27:58.366000
Curtis Davis,Data Ethics,100,2024-10-21 05:27:58.366000
Curtis Davis,Data Cleaning & Preprocessing,100,2024-10-21 05:27:58.366000
Curtis Davis,Data Analysis for Business Decisions,100,2024-10-21 05:27:58.366000
Curtis Davis,Data Visualization with Matplotlib,100,2024-10-21 05:27:58.366000
Curtis Davis,RESTful Services,100,2024-10-21 05:27:58.366000
Curtis Davis,Google Cloud Platform Essentials,100,2024-10-21 05:27:58.366000
Curtis Davis,MongoDB,100,2024-10-21 05:27:58.366000
Curtis Davis,Understanding Consumer Behavior,100,2024-10-21 05:27:58.366000
Curtis Davis,Requirements Gathering Techniques,100,2024-10-21 05:27:58.366000
Curtis Davis,Budgeting Basics,100,2024-10-21 05:27:58.366000
Curtis Davis,Game Testing Techniques,100,2024-10-21 05:27:58.366000
Paul Robinson,Data Visualization with Matplotlib,100,2024-10-21 05:27:58.366000
Paul Robinson,Data Analysis with Pandas,100,2024-10-21 05:27:58.366000
Paul Robinson,Data Analysis for Business Decisions,100,2024-10-21 05:27:58.366000
Paul Robinson,Data Cleaning & Preprocessing,100,2024-10-21 05:27:58.366000
Paul Robinson,Data Ethics,100,2024-10-21 05:27:58.366000
Paul Robinson,Google Cloud Platform Essentials,100,2024-10-21 05:27:58.366000
Paul Robinson,Usability Testing,100,2024-10-21 05:27:58.366000
Paul Robinson,Microservices in Cloud,100,2024-10-21 05:27:58.366000
Paul Robinson,Monitoring and Logging,100,2024-10-21 05:27:58.366000
Paul Robinson,User Interface Design for Mobile Apps,100,2024-10-21 05:27:58.366000
Paul Robinson,API Integration in Mobile Apps,100,2024-10-21 05:27:58.366000
Paul Robinson,Responsive Design Principles,100,2024-10-21 05:27:58.366000
Paul Robinson,Statistical Analysis,100,2024-10-21 05:27:58.366000
Paul Robinson,Hyperledger Basics,100,2024-10-21 05:27:58.366000
Jeffery Harper,Data Ethics,100,2024-10-21 05:27:58.366000
Jeffery Harper,Data Visualization with Matplotlib,100,2024-10-21 05:27:58.366000
Jeffery Harper,Data Cleaning & Preprocessing,100,2024-10-21 05:27:58.366000
Jeffery Harper,Data Analysis with Pandas,100,2024-10-21 05:27:58.366000
Jeffery Harper,Data Analysis for Business Decisions,100,2024-10-21 05:27:58.366000
Jeffery Harper,SEO Fundamentals,100,2024-10-21 05:27:58.366000
Jeffery Harper,Business Case Development,100,2024-10-21 05:27:58.366000
Jeffery Harper,Google Cloud Platform Essentials,100,2024-10-21 05:27:58.366000
Jeffery Harper,Ethereum Development,100,2024-10-21 05:27:58.366000
Jeffery Harper,Virtual Reality Development,100,2024-10-21 05:27:58.366000
Jeffery Harper,Closing Sales Strategies,100,2024-10-21 05:27:58.366000
Jeffery Harper,Ethical Hacking Basics,100,2024-10-21 05:27:58.366000
Kelly Reynolds,Data Visualization with Matplotlib,100,2024-10-21 05:27:58.366000
Kelly Reynolds,Data Analysis for Business Decisions,100,2024-10-21 05:27:58.366000
Kelly Reynolds,Data Ethics,100,2024-10-21 05:27:58.366000
Kelly Reynolds,Data Cleaning & Preprocessing,100,2024-10-21 05:27:58.367000
Kelly Reynolds,Data Analysis with Pandas,100,2024-10-21 05:27:58.367000
Kelly Reynolds,Business Process Modeling,100,2024-10-21 05:27:58.367000
Kelly Reynolds,Wireframing and Prototyping,100,2024-10-21 05:27:58.367000
Kelly Reynolds,Consensus Algorithms,100,2024-10-21 05:27:58.367000
Kelly Reynolds,Frontend Development Basics,100,2024-10-21 05:27:58.367000
Kelly Reynolds,Big Data with Spark,100,2024-10-21 05:27:58.367000
Sarah Rogers,Data Analysis with Pandas,100,2024-10-21 05:27:58.367000
Sarah Rogers,Data Analysis for Business Decisions,100,2024-10-21 05:27:58.367000
Sarah Rogers,Data Ethics,100,2024-10-21 05:27:58.367000
Sarah Rogers,Data Cleaning & Preprocessing,100,2024-10-21 05:27:58.367000
Sarah Rogers,Data Visualization with Matplotlib,100,2024-10-21 05:27:58.367000
Sarah Rogers,2D Game Development,100,2024-10-21 05:27:58.367000
Sarah Rogers,Introduction to IT Support,100,2024-10-21 05:27:58.367000
Sarah Rogers,Influencer Marketing,100,2024-10-21 05:27:58.367000
Sarah Rogers,Serverless Architecture,100,2024-10-21 05:27:58.367000
Sarah Rogers,Understanding Consumer Behavior,100,2024-10-21 05:27:58.367000
Loretta Orr,Data Visualization with Matplotlib,100,2024-10-21 05:27:58.367000
Loretta Orr,Data Analysis with Pandas,100,2024-10-21 05:27:58.367000
Loretta Orr,Data Analysis for Business Decisions,100,2024-10-21 05:27:58.367000
Loretta Orr,Data Cleaning & Preprocessing,100,2024-10-21 05:27:58.367000
Loretta Orr,Stakeholder Management,100,2024-10-21 05:27:58.367000
Loretta Orr,2D Game Development,100,2024-10-21 05:27:58.367000
Loretta Orr,Google Ads Fundamentals,100,2024-10-21 05:27:58.367000
Loretta Orr,Introduction to Business Analysis,100,2024-10-21 05:27:58.367000
Loretta Orr,Wireframing and Prototyping,100,2024-10-21 05:27:58.367000
Loretta Orr,Introduction to Game Development,100,2024-10-21 05:27:58.367000
Loretta Orr,AWS Fundamentals,100,2024-10-21 05:27:58.367000
Nicholas Smith,Data Ethics,100,2024-10-21 05:27:58.367000
Nicholas Smith,Data Cleaning & Preprocessing,100,2024-10-21 05:27:58.367000
Nicholas Smith,Data Analysis with Pandas,100,2024-10-21 05:27:58.367000
Nicholas Smith,Data Analysis for Business Decisions,100,2024-10-21 05:27:58.367000
Nicholas Smith,Data Visualization with Matplotlib,100,2024-10-21 05:27:58.367000
Nicholas Smith,Understanding Financial Markets,100,2024-10-21 05:27:58.367000
Nicholas Smith,Performance Management Systems,100,2024-10-21 05:27:58.367000
Nicholas Smith,AI in Healthcare,100,2024-10-21 05:27:58.367000
Nicholas Smith,Time Series Analysis,100,2024-10-21 05:27:58.367000
Nicholas Smith,Influencer Marketing,100,2024-10-21 05:27:58.367000
Nicholas Smith,Agile Methodologies,100,2024-10-21 05:27:58.367000
Nicholas Smith,Diversity and Inclusion Initiatives,100,2024-10-21 05:27:58.367000
Nicholas Smith,AWS Fundamentals,100,2024-10-21 05:27:58.367000
Nicholas Smith,SEO Fundamentals,100,2024-10-21 05:27:58.367000
Ian Hernandez,Data Ethics,100,2024-10-21 05:27:58.367000
Ian Hernandez,Data Cleaning & Preprocessing,100,2024-10-21 05:27:58.367000
Ian Hernandez,Data Analysis for Business Decisions,100,2024-10-21 05:27:58.367000
Ian Hernandez,Data Visualization with Matplotlib,100,2024-10-21 05:27:58.367000
Ian Hernandez,Data Analysis with Pandas,100,2024-10-21 05:27:58.367000
Ian Hernandez,Negotiation Techniques,100,2024-10-21 05:27:58.367000
Ian Hernandez,Social Media Marketing,100,2024-10-21 05:27:58.367000
Ian Hernandez,Agile Project Management,100,2024-10-21 05:27:58.367000
Ian Hernandez,Agile Methodologies,100,2024-10-21 05:27:58.367000
Ian Hernandez,Progressive Web Apps (PWAs),100,2024-10-21 05:27:58.367000
Ian Hernandez,Risk Management in Projects,100,2024-10-21 05:27:58.367000
Ian Hernandez,Financial Planning and Forecasting,100,2024-10-21 05:27:58.367000
Ian Hernandez,Google Ads Fundamentals,100,2024-10-21 05:27:58.367000
Ian Hernandez,Cryptography Basics,100,2024-10-21 05:27:58.367000
Ian Hernandez,Editing and Proofreading Techniques,100,2024-10-21 05:27:58.367000
Lindsay Williams,Data Ethics,100,2024-10-21 05:27:58.367000
Lindsay Williams,Data Cleaning & Preprocessing,100,2024-10-21 05:27:58.367000
Lindsay Williams,Data Analysis with Pandas,100,2024-10-21 05:27:58.367000
Lindsay Williams,Data Analysis for Business Decisions,100,2024-10-21 05:27:58.367000
Lindsay Williams,Data Visualization with Matplotlib,100,2024-10-21 05:27:58.367000
Lindsay Williams,Introduction to Blockchain,100,2024-10-21 05:27:58.367000
Lindsay Williams,Understanding Consumer Behavior,100,2024-10-21 05:27:58.367000
Lindsay Williams,Understanding Financial Markets,100,2024-10-21 05:27:58.367000
Lindsay Williams,Performance Management Systems,100,2024-10-21 05:27:58.367000
Lindsay Williams,Cloud Support Fundamentals,100,2024-10-21 05:27:58.367000
Lindsay Williams,Labor Laws and Compliance,100,2024-10-21 05:27:58.367000
Brian Patel,Data Analysis with Pandas,100,2024-10-21 05:27:58.367000
Brian Patel,Data Cleaning & Preprocessing,100,2024-10-21 05:27:58.367000
Brian Patel,Data Visualization with Matplotlib,100,2024-10-21 05:27:58.367000
Brian Patel,Data Analysis for Business Decisions,100,2024-10-21 05:27:58.367000
Brian Patel,Data Ethics,100,2024-10-21 05:27:58.367000
Brian Patel,AI in Healthcare,100,2024-10-21 05:27:58.367000
Brian Patel,Deep Learning Fundamentals,100,2024-10-21 05:27:58.367000
Brian Patel,Unsupervised Learning,100,2024-10-21 05:27:58.367000
Brian Patel,RESTful Services,100,2024-10-21 05:27:58.367000
Brian Patel,Security in Cloud Computing,100,2024-10-21 05:27:58.367000
Brian Patel,Ethical Hacking Basics,100,2024-10-21 05:27:58.367000
Brian Patel,Mobile Testing Strategies,100,2024-10-21 05:27:58.367000
Brian Patel,Communication Skills for Project Managers,100,2024-10-21 05:27:58.367000
Brian Patel,Monitoring and Logging,100,2024-10-21 05:27:58.367000
Brian Patel,User Research Techniques,100,2024-10-21 05:27:58.367000
Robin Porter,Data Visualization with Matplotlib,100,2024-10-21 05:27:58.367000
Robin Porter,Data Cleaning & Preprocessing,100,2024-10-21 05:27:58.367000
Robin Porter,Data Analysis for Business Decisions,100,2024-10-21 05:27:58.367000
Robin Porter,Data Analysis with Pandas,100,2024-10-21 05:27:58.367000
Robin Porter,Data Ethics,100,2024-10-21 05:27:58.367000
Robin Porter,Introduction to Finance,100,2024-10-21 05:27:58.367000
Robin Porter,Computer Vision Applications,100,2024-10-21 05:27:58.367000
Robin Porter,Monitoring and Logging,100,2024-10-21 05:27:58.367000
Robin Porter,Introduction to Machine Learning,100,2024-10-21 05:27:58.367000
Robin Porter,2D Game Development,100,2024-10-21 05:27:58.367000
Robin Porter,Introduction to Human Resources,100,2024-10-21 05:27:58.367000
Robin Porter,Google Cloud Platform Essentials,100,2024-10-21 05:27:58.367000
Robin Eaton,Data Cleaning & Preprocessing,100,2024-10-21 05:27:58.367000
Robin Eaton,Data Analysis with Pandas,100,2024-10-21 05:27:58.367000
Robin Eaton,Data Ethics,100,2024-10-21 05:27:58.367000
Robin Eaton,Data Visualization with Matplotlib,100,2024-10-21 05:27:58.367000
Robin Eaton,Data Analysis for Business Decisions,100,2024-10-21 05:27:58.367000
Robin Eaton,Mobile Testing Strategies,100,2024-10-21 05:27:58.367000
Robin Eaton,Google Ads Fundamentals,100,2024-10-21 05:27:58.367000
Robin Eaton,Unreal Engine Basics,100,2024-10-21 05:27:58.367000
Robin Eaton,Hardware Repair Skills,100,2024-10-21 05:27:58.367000
Robin Eaton,HR Technology Tools,100,2024-10-21 05:27:58.367000
Robin Eaton,SWOT Analysis for Business,100,2024-10-21 05:27:58.367000
Robin Eaton,Introduction to Content Creation,100,2024-10-21 05:27:58.367000
James Holland,Data Visualization with Matplotlib,100,2024-10-21 05:27:58.367000
James Holland,Data Analysis for Business Decisions,100,2024-10-21 05:27:58.367000
James Holland,Data Cleaning & Preprocessing,100,2024-10-21 05:27:58.367000
James Holland,Data Analysis with Pandas,100,2024-10-21 05:27:58.367000
James Holland,Data Ethics,100,2024-10-21 05:27:58.367000
James Holland,Corporate Finance Essentials,100,2024-10-21 05:27:58.367000
James Holland,Microservices in Cloud,100,2024-10-21 05:27:58.367000
James Holland,Communication Skills for Project Managers,100,2024-10-21 05:27:58.367000
James Holland,API Development,100,2024-10-21 05:27:58.367000
James Holland,AI in IoT,100,2024-10-21 05:27:58.367000
George Holder,Data Analysis for Business Decisions,100,2024-10-21 05:27:58.367000
George Holder,Data Visualization with Matplotlib,100,2024-10-21 05:27:58.367000
George Holder,Data Ethics,100,2024-10-21 05:27:58.367000
George Holder,Data Analysis with Pandas,100,2024-10-21 05:27:58.367000
George Holder,Data Cleaning & Preprocessing,100,2024-10-21 05:27:58.367000
George Holder,Big Data with Spark,100,2024-10-21 05:27:58.367000
George Holder,Supervised Learning,100,2024-10-21 05:27:58.367000
George Holder,Brand Management Online,100,2024-10-21 05:27:58.367000
George Holder,JavaScript Basics,100,2024-10-21 05:27:58.367000
George Holder,Publishing Mobile Apps,100,2024-10-21 05:27:58.367000
George Holder,Machine Learning Basics,100,2024-10-21 05:27:58.367000
George Holder,User Interface Design for Mobile Apps,100,2024-10-21 05:27:58.367000
George Holder,SEO Fundamentals,100,2024-10-21 05:27:58.367000
George Holder,Continuous Integration and Delivery,100,2024-10-21 05:27:58.367000
Amy Phillips,Data Analysis for Business Decisions,100,2024-10-21 05:27:58.367000
Amy Phillips,Data Analysis with Pandas,100,2024-10-21 05:27:58.367000
Amy Phillips,Data Cleaning & Preprocessing,100,2024-10-21 05:27:58.367000
Amy Phillips,Data Ethics,100,2024-10-21 05:27:58.367000
Amy Phillips,Data Visualization with Matplotlib,100,2024-10-21 05:27:58.367000
Amy Phillips,Interaction Design Principles,100,2024-10-21 05:27:58.367000
Amy Phillips,Sales Fundamentals,100,2024-10-21 05:27:58.367000
Amy Phillips,Ethical Hacking Basics,100,2024-10-21 05:27:58.367000
Amy Phillips,React,100,2024-10-21 05:27:58.367000
Amy Phillips,Remote Support Techniques,100,2024-10-21 05:27:58.367000
Amy Phillips,Game Monetization Strategies,100,2024-10-21 05:27:58.367000
Amy Phillips,Serverless Architecture,100,2024-10-21 05:27:58.367000
Amy Phillips,Quality Management,100,2024-10-21 05:27:58.367000
Kristen Garrett,Data Analysis for Business Decisions,100,2024-10-21 05:27:58.367000
Kristen Garrett,Data Visualization with Matplotlib,100,2024-10-21 05:27:58.367000
Kristen Garrett,Data Analysis with Pandas,100,2024-10-21 05:27:58.367000
Kristen Garrett,Data Ethics,100,2024-10-21 05:27:58.367000
Kristen Garrett,Data Cleaning & Preprocessing,100,2024-10-21 05:27:58.367000
Kristen Garrett,Introduction to IT Support,100,2024-10-21 05:27:58.367000
Kristen Garrett,Content Promotion Strategies,100,2024-10-21 05:27:58.367000
Kristen Garrett,Mobile Testing Strategies,100,2024-10-21 05:27:58.367000
Kristen Garrett,Deployment & Hosting,100,2024-10-21 05:27:58.367000
Kristen Garrett,Infrastructure as Code,100,2024-10-21 05:27:58.367000
Kristen Garrett,AI in Healthcare,100,2024-10-21 05:27:58.367000
Kristen Garrett,Introduction to Business Analysis,100,2024-10-21 05:27:58.367000
Kristen Garrett,Ethical Hacking Basics,100,2024-10-21 05:27:58.367000
Kristen Garrett,SEO Best Practices,100,2024-10-21 05:27:58.367000
Natalie Hernandez,Data Cleaning & Preprocessing,100,2024-10-21 05:27:58.367000
Natalie Hernandez,Data Visualization with Matplotlib,100,2024-10-21 05:27:58.367000
Natalie Hernandez,Data Analysis with Pandas,100,2024-10-21 05:27:58.367000
Natalie Hernandez,Data Ethics,100,2024-10-21 05:27:58.367000
Natalie Hernandez,Data Analysis for Business Decisions,100,2024-10-21 05:27:58.367000
Natalie Hernandez,Affiliate Marketing,100,2024-10-21 05:27:58.367000
Natalie Hernandez,Consensus Algorithms,100,2024-10-21 05:27:58.367000
Natalie Hernandez,Digital Sales Techniques,100,2024-10-21 05:27:58.367000
Natalie Hernandez,Predictive Analytics,100,2024-10-21 05:27:58.368000
Natalie Hernandez,Cryptocurrency Fundamentals,100,2024-10-21 05:27:58.368000
Natalie Hernandez,Editing and Proofreading Techniques,100,2024-10-21 05:27:58.368000
Christine Long,Data Analysis with Pandas,100,2024-10-21 05:27:58.368000
Christine Long,Data Cleaning & Preprocessing,100,2024-10-21 05:27:58.368000
Christine Long,Data Visualization with Matplotlib,100,2024-10-21 05:27:58.368000
Christine Long,Data Analysis for Business Decisions,100,2024-10-21 05:27:58.368000
Christine Long,Data Ethics,100,2024-10-21 05:27:58.368000
Christine Long,Risk Management in Projects,100,2024-10-21 05:27:58.368000
Christine Long,Deployment of ML Models,100,2024-10-21 05:27:58.368000
Christine Long,Azure Basics,100,2024-10-21 05:27:58.368000
Christine Long,Quality Management,100,2024-10-21 05:27:58.368000
Christine Long,Version Control with Git,100,2024-10-21 05:27:58.368000
Christine Long,Security Awareness for IT Support,100,2024-10-21 05:27:58.368000
Christine Long,Sales Analytics,100,2024-10-21 05:27:58.368000
Jordan York,Data Analysis for Business Decisions,100,2024-10-21 05:27:58.368000
Jordan York,Data Cleaning & Preprocessing,100,2024-10-21 05:27:58.368000
Jordan York,Data Ethics,100,2024-10-21 05:27:58.368000
Jordan York,Data Analysis with Pandas,100,2024-10-21 05:27:58.368000
Jordan York,Data Visualization with Matplotlib,100,2024-10-21 05:27:58.368000
Jordan York,Analytics for Marketers,100,2024-10-21 05:27:58.368000
Jordan York,Blockchain Use Cases,100,2024-10-21 05:27:58.368000
Jordan York,Collaboration Tools in DevOps,100,2024-10-21 05:27:58.368000
Jordan York,SWOT Analysis for Business,100,2024-10-21 05:27:58.368000
Jordan York,RESTful Services,100,2024-10-21 05:27:58.368000
Jordan York,Game Testing Techniques,100,2024-10-21 05:27:58.368000
Jordan York,AI in Robotics,100,2024-10-21 05:27:58.368000
Jessica Villanueva,Data Visualization with Matplotlib,100,2024-10-21 05:27:58.368000
Jessica Villanueva,Data Analysis with Pandas,100,2024-10-21 05:27:58.368000
Jessica Villanueva,Data Analysis for Business Decisions,100,2024-10-21 05:27:58.368000
Jessica Villanueva,Data Cleaning & Preprocessing,100,2024-10-21 05:27:58.368000
Jessica Villanueva,Data Ethics,100,2024-10-21 05:27:58.368000
Jessica Villanueva,Git & GitHub,100,2024-10-21 05:27:58.368000
Jessica Villanueva,Mobile App Design,100,2024-10-21 05:27:58.368000
Jessica Villanueva,Blockchain Use Cases,100,2024-10-21 05:27:58.368000
Jessica Villanueva,Employee Engagement Techniques,100,2024-10-21 05:27:58.368000
Jessica Villanueva,Google Cloud Platform Essentials,100,2024-10-21 05:27:58.368000
Jessica Villanueva,Introduction to DevOps,100,2024-10-21 05:27:58.368000
Robert Mendez,Data Analysis with Pandas,100,2024-10-21 05:27:58.368000
Robert Mendez,Data Visualization with Matplotlib,100,2024-10-21 05:27:58.368000
Robert Mendez,Data Ethics,100,2024-10-21 05:27:58.368000
Robert Mendez,Data Analysis for Business Decisions,100,2024-10-21 05:27:58.368000
Robert Mendez,Data Cleaning & Preprocessing,100,2024-10-21 05:27:58.368000
Robert Mendez,Mobile App Security,100,2024-10-21 05:27:58.368000
Robert Mendez,Blockchain Use Cases,100,2024-10-21 05:27:58.368000
Robert Mendez,Remote Support Techniques,100,2024-10-21 05:27:58.368000
Robert Mendez,Security Awareness for IT Support,100,2024-10-21 05:27:58.368000
Robert Mendez,Design Tools Overview,100,2024-10-21 05:27:58.368000
Scott Martin,Data Visualization with Matplotlib,100,2024-10-21 05:27:58.368000
Scott Martin,Data Ethics,100,2024-10-21 05:27:58.368000
Scott Martin,Data Cleaning & Preprocessing,100,2024-10-21 05:27:58.368000
Scott Martin,Data Analysis with Pandas,100,2024-10-21 05:27:58.368000
Scott Martin,Performance Management Systems,100,2024-10-21 05:27:58.368000
Scott Martin,Ethics in AI,100,2024-10-21 05:27:58.368000
Scott Martin,Email Marketing Basics,100,2024-10-21 05:27:58.368000
Scott Martin,Responsive Web Design,100,2024-10-21 05:27:58.368000
Scott Martin,AI in Healthcare,100,2024-10-21 05:27:58.368000
Scott Martin,Podcasting Fundamentals,100,2024-10-21 05:27:58.368000
Scott Martin,Sales Analytics,100,2024-10-21 05:27:58.368000
Scott Martin,Machine Learning Basics,100,2024-10-21 05:27:58.368000
Jose Jackson,Data Analysis for Business Decisions,100,2024-10-21 05:27:58.368000
Jose Jackson,Data Visualization with Matplotlib,100,2024-10-21 05:27:58.368000
Jose Jackson,Data Cleaning & Preprocessing,100,2024-10-21 05:27:58.368000
Jose Jackson,Data Analysis with Pandas,100,2024-10-21 05:27:58.368000
Jose Jackson,Data Ethics,100,2024-10-21 05:27:58.368000
Jose Jackson,Conflict Resolution in HR,100,2024-10-21 05:27:58.368000
Jose Jackson,Tokenomics,100,2024-10-21 05:27:58.368000
Jose Jackson,Big Data with Spark,100,2024-10-21 05:27:58.368000
Jose Jackson,AI in IoT,100,2024-10-21 05:27:58.368000
Jose Jackson,RESTful Services,100,2024-10-21 05:27:58.368000
Jose Jackson,Digital Sales Techniques,100,2024-10-21 05:27:58.368000
Jose Jackson,Supervised Learning,100,2024-10-21 05:27:58.368000
Sherry Nelson,Data Analysis for Business Decisions,100,2024-10-21 05:27:58.368000
Sherry Nelson,Data Ethics,100,2024-10-21 05:27:58.368000
Sherry Nelson,Data Cleaning & Preprocessing,100,2024-10-21 05:27:58.368000
Sherry Nelson,Data Visualization with Matplotlib,100,2024-10-21 05:27:58.368000
Sherry Nelson,Data Analysis with Pandas,100,2024-10-21 05:27:58.368000
Sherry Nelson,Stakeholder Analysis,100,2024-10-21 05:27:58.368000
Sherry Nelson,iOS Development Basics,100,2024-10-21 05:27:58.368000
Sherry Nelson,Conflict Resolution in HR,100,2024-10-21 05:27:58.368000
Sherry Nelson,Malware Analysis,100,2024-10-21 05:27:58.368000
Sherry Nelson,HR Technology Tools,100,2024-10-21 05:27:58.368000
Sherry Nelson,Presentation Skills for Business Analysts,100,2024-10-21 05:27:58.368000
Sherry Nelson,Risk Management in Projects,100,2024-10-21 05:27:58.368000
Sherry Nelson,Budgeting Basics,100,2024-10-21 05:27:58.368000
Michael Miller,Data Visualization with Matplotlib,100,2024-10-21 05:27:58.368000
Michael Miller,Data Ethics,100,2024-10-21 05:27:58.368000
Michael Miller,Data Cleaning & Preprocessing,100,2024-10-21 05:27:58.368000
Michael Miller,Data Analysis for Business Decisions,100,2024-10-21 05:27:58.368000
Michael Miller,Data Analysis with Pandas,100,2024-10-21 05:27:58.368000
Michael Miller,Budgeting for Projects,100,2024-10-21 05:27:58.368000
Michael Miller,Interaction Design Principles,100,2024-10-21 05:27:58.368000
Michael Miller,Remote Support Techniques,100,2024-10-21 05:27:58.368000
Michael Miller,API Integration in Mobile Apps,100,2024-10-21 05:27:58.368000
Michael Miller,Risk Management in Projects,100,2024-10-21 05:27:58.368000
Michael Miller,RESTful Services,100,2024-10-21 05:27:58.368000
Michael Miller,Business Process Modeling,100,2024-10-21 05:27:58.368000
Michael Miller,AWS Fundamentals,100,2024-10-21 05:27:58.368000
Carol Gonzalez,Data Ethics,100,2024-10-21 05:27:58.368000
Carol Gonzalez,Data Analysis for Business Decisions,100,2024-10-21 05:27:58.368000
Carol Gonzalez,Data Cleaning & Preprocessing,100,2024-10-21 05:27:58.368000
Carol Gonzalez,Data Visualization with Matplotlib,100,2024-10-21 05:27:58.368000
Carol Gonzalez,Data Analysis with Pandas,100,2024-10-21 05:27:58.368000
Carol Gonzalez,Introduction to UI/UX Design,100,2024-10-21 05:27:58.368000
Carol Gonzalez,Introduction to Finance,100,2024-10-21 05:27:58.368000
Carol Gonzalez,Deep Learning Fundamentals,100,2024-10-21 05:27:58.368000
Carol Gonzalez,Customer Service Excellence,100,2024-10-21 05:27:58.368000
Carol Gonzalez,Consensus Algorithms,100,2024-10-21 05:27:58.368000
Carol Gonzalez,Conversion Rate Optimization,100,2024-10-21 05:27:58.368000
Carol Gonzalez,Reinforcement Learning Techniques,100,2024-10-21 05:27:58.368000
Carol Gonzalez,Project Management Basics,100,2024-10-21 05:27:58.368000
Carol Gonzalez,Backend Development Fundamentals,100,2024-10-21 05:27:58.368000
Carol Gonzalez,Training and Development,100,2024-10-21 05:27:58.368000
Miss Cindy Frey MD,Data Cleaning & Preprocessing,100,2024-10-21 05:27:58.368000
Miss Cindy Frey MD,Data Visualization with Matplotlib,100,2024-10-21 05:27:58.368000
Miss Cindy Frey MD,Data Ethics,100,2024-10-21 05:27:58.368000
Miss Cindy Frey MD,Data Analysis for Business Decisions,100,2024-10-21 05:27:58.368000
Miss Cindy Frey MD,Data Analysis with Pandas,100,2024-10-21 05:27:58.368000
Miss Cindy Frey MD,Blockchain Use Cases,100,2024-10-21 05:27:58.368000
Miss Cindy Frey MD,Game Testing Techniques,100,2024-10-21 05:27:58.368000
Miss Cindy Frey MD,Virtual Reality Development,100,2024-10-21 05:27:58.368000
Miss Cindy Frey MD,Design Tools Overview,100,2024-10-21 05:27:58.368000
Miss Cindy Frey MD,Backend Development Fundamentals,100,2024-10-21 05:27:58.368000
Miss Cindy Frey MD,Business Process Modeling,100,2024-10-21 05:27:58.368000
Miss Cindy Frey MD,JavaScript Frameworks Overview,100,2024-10-21 05:27:58.368000
Nicholas Taylor,Data Ethics,100,2024-10-21 05:27:58.368000
Nicholas Taylor,Data Cleaning & Preprocessing,100,2024-10-21 05:27:58.368000
Nicholas Taylor,Data Analysis for Business Decisions,100,2024-10-21 05:27:58.368000
Nicholas Taylor,Data Analysis with Pandas,100,2024-10-21 05:27:58.368000
Nicholas Taylor,Data Visualization with Matplotlib,100,2024-10-21 05:27:58.368000
Nicholas Taylor,JavaScript Basics,100,2024-10-21 05:27:58.368000
Nicholas Taylor,ITIL Foundations,100,2024-10-21 05:27:58.368000
Nicholas Taylor,Unsupervised Learning,100,2024-10-21 05:27:58.368000
Nicholas Taylor,App Monetization Strategies,100,2024-10-21 05:27:58.368000
Nicholas Taylor,Unity Basics,100,2024-10-21 05:27:58.368000
Sara Campos,Data Cleaning & Preprocessing,100,2024-10-21 05:27:58.368000
Sara Campos,Data Visualization with Matplotlib,100,2024-10-21 05:27:58.368000
Sara Campos,Data Analysis with Pandas,100,2024-10-21 05:27:58.368000
Sara Campos,Data Analysis for Business Decisions,100,2024-10-21 05:27:58.368000
Sara Campos,Data Ethics,100,2024-10-21 05:27:58.368000
Sara Campos,Visual Design Basics,100,2024-10-21 05:27:58.368000
Sara Campos,Introduction to Finance,100,2024-10-21 05:27:58.368000
Sara Campos,Sales Analytics,100,2024-10-21 05:27:58.368000
Sara Campos,iOS Development Basics,100,2024-10-21 05:27:58.368000
Sara Campos,AI in Robotics,100,2024-10-21 05:27:58.368000
Sara Campos,Risk Management in Finance,100,2024-10-21 05:27:58.368000
Sara Campos,HR Technology Tools,100,2024-10-21 05:27:58.368000
Sara Campos,Blockchain Security,100,2024-10-21 05:27:58.368000
Sara Campos,Presentation Skills for Sales,100,2024-10-21 05:27:58.368000
Sara Campos,Responsive Design Principles,100,2024-10-21 05:27:58.368000
Angel Bailey,Data Visualization with Matplotlib,100,2024-10-21 05:27:58.368000
Angel Bailey,Data Ethics,100,2024-10-21 05:27:58.368000
Angel Bailey,Data Cleaning & Preprocessing,100,2024-10-21 05:27:58.368000
Angel Bailey,Data Analysis for Business Decisions,100,2024-10-21 05:27:58.368000
Angel Bailey,Data Analysis with Pandas,100,2024-10-21 05:27:58.368000
Angel Bailey,Visual Design Basics,100,2024-10-21 05:27:58.368000
Angel Bailey,MongoDB,100,2024-10-21 05:27:58.368000
Angel Bailey,Introduction to Blockchain,100,2024-10-21 05:27:58.368000
Angel Bailey,Reinforcement Learning Techniques,100,2024-10-21 05:27:58.368000
Angel Bailey,Content Strategy Development,100,2024-10-21 05:27:58.368000
Angel Bailey,Quality Management,100,2024-10-21 05:27:58.368000
Angel Bailey,Agile Methodologies,100,2024-10-21 05:27:58.368000
Karen Smith,Data Cleaning & Preprocessing,100,2024-10-21 05:27:58.369000
Karen Smith,Data Visualization with Matplotlib,100,2024-10-21 05:27:58.369000
Karen Smith,Data Analysis with Pandas,100,2024-10-21 05:27:58.369000
Karen Smith,Data Ethics,100,2024-10-21 05:27:58.369000
Karen Smith,Data Analysis for Business Decisions,100,2024-10-21 05:27:58.369000
Karen Smith,Diversity and Inclusion Initiatives,100,2024-10-21 05:27:58.369000
Karen Smith,Understanding Financial Markets,100,2024-10-21 05:27:58.369000
Karen Smith,Risk Management in Finance,100,2024-10-21 05:27:58.369000
Karen Smith,Penetration Testing,100,2024-10-21 05:27:58.369000
Karen Smith,Content Marketing Strategies,100,2024-10-21 05:27:58.369000
Karen Smith,Ethical Hacking Basics,100,2024-10-21 05:27:58.369000
Karen Smith,Game Design Principles,100,2024-10-21 05:27:58.369000
Karen Smith,Collaboration Tools in DevOps,100,2024-10-21 05:27:58.369000
Karen Smith,Introduction to AI,100,2024-10-21 05:27:58.369000
Karen Smith,Editing and Proofreading Techniques,100,2024-10-21 05:27:58.369000
Maria Yoder,Data Ethics,100,2024-10-21 05:27:58.369000
Maria Yoder,Data Cleaning & Preprocessing,100,2024-10-21 05:27:58.369000
Maria Yoder,Data Analysis with Pandas,100,2024-10-21 05:27:58.369000
Maria Yoder,Data Visualization with Matplotlib,100,2024-10-21 05:27:58.369000
Maria Yoder,Data Analysis for Business Decisions,100,2024-10-21 05:27:58.369000
Maria Yoder,E-commerce Development Basics,100,2024-10-21 05:27:58.369000
Maria Yoder,Mobile App Design,100,2024-10-21 05:27:58.369000
Maria Yoder,Project Management Basics,100,2024-10-21 05:27:58.369000
Maria Yoder,Networking Basics,100,2024-10-21 05:27:58.369000
Maria Yoder,Android Development Basics,100,2024-10-21 05:27:58.369000
Maria Yoder,Risk Management in Cybersecurity,100,2024-10-21 05:27:58.369000
John Ross,Data Visualization with Matplotlib,100,2024-10-21 05:27:58.369000
John Ross,Data Analysis for Business Decisions,100,2024-10-21 05:27:58.369000
John Ross,Data Cleaning & Preprocessing,100,2024-10-21 05:27:58.369000
John Ross,Data Analysis with Pandas,100,2024-10-21 05:27:58.369000
John Ross,Data Ethics,100,2024-10-21 05:27:58.369000
John Ross,2D Game Development,100,2024-10-21 05:27:58.369000
John Ross,Reinforcement Learning,100,2024-10-21 05:27:58.369000
John Ross,Content Promotion Strategies,100,2024-10-21 05:27:58.369000
John Ross,Network Security Fundamentals,100,2024-10-21 05:27:58.369000
John Ross,Customer Service Skills for IT,100,2024-10-21 05:27:58.369000
John Ross,Web Application Security,100,2024-10-21 05:27:58.369000
Michelle Nelson,Data Cleaning & Preprocessing,100,2024-10-21 05:27:58.369000
Michelle Nelson,Data Analysis for Business Decisions,100,2024-10-21 05:27:58.369000
Michelle Nelson,Data Ethics,100,2024-10-21 05:27:58.369000
Michelle Nelson,Data Analysis with Pandas,100,2024-10-21 05:27:58.369000
Michelle Nelson,Consensus Algorithms,100,2024-10-21 05:27:58.369000
Michelle Nelson,Talent Acquisition Strategies,100,2024-10-21 05:27:58.369000
Michelle Nelson,Building Customer Relationships,100,2024-10-21 05:27:58.369000
Michelle Nelson,Stakeholder Management,100,2024-10-21 05:27:58.369000
Michelle Nelson,Smart Contracts Development,100,2024-10-21 05:27:58.369000
Michelle Nelson,React,100,2024-10-21 05:27:58.369000
Michelle Nelson,Ethereum Development,100,2024-10-21 05:27:58.369000
Michelle Nelson,Introduction to Finance,100,2024-10-21 05:27:58.369000
Michelle Nelson,Networking Basics,100,2024-10-21 05:27:58.369000
Mrs. Christina Colon,Data Cleaning & Preprocessing,100,2024-10-21 05:27:58.369000
Mrs. Christina Colon,Data Visualization with Matplotlib,100,2024-10-21 05:27:58.369000
Mrs. Christina Colon,Data Analysis with Pandas,100,2024-10-21 05:27:58.369000
Mrs. Christina Colon,Data Analysis for Business Decisions,100,2024-10-21 05:27:58.369000
Mrs. Christina Colon,Data Ethics,100,2024-10-21 05:27:58.369000
Mrs. Christina Colon,Computer Vision Basics,100,2024-10-21 05:27:58.369000
Mrs. Christina Colon,Usability Testing,100,2024-10-21 05:27:58.369000
Mrs. Christina Colon,Performance Management Systems,100,2024-10-21 05:27:58.369000
Mrs. Christina Colon,Introduction to DevOps,100,2024-10-21 05:27:58.369000
Mrs. Christina Colon,Web Application Security,100,2024-10-21 05:27:58.369000
Mrs. Christina Colon,Deployment of ML Models,100,2024-10-21 05:27:58.369000
Mrs. Christina Colon,Presentation Skills for Sales,100,2024-10-21 05:27:58.369000
Mrs. Christina Colon,API Integration in Mobile Apps,100,2024-10-21 05:27:58.369000
Mrs. Christina Colon,Content Strategy Development,100,2024-10-21 05:27:58.369000
Jesse Maldonado,Data Ethics,100,2024-10-21 05:27:58.369000
Jesse Maldonado,Data Analysis with Pandas,100,2024-10-21 05:27:58.369000
Jesse Maldonado,Data Analysis for Business Decisions,100,2024-10-21 05:27:58.369000
Jesse Maldonado,Data Cleaning & Preprocessing,100,2024-10-21 05:27:58.369000
Jesse Maldonado,Data Visualization with Matplotlib,100,2024-10-21 05:27:58.369000
Jesse Maldonado,Cross-Platform Development with Flutter,100,2024-10-21 05:27:58.369000
Jesse Maldonado,Supervised Learning,100,2024-10-21 05:27:58.369000
Jesse Maldonado,Virtual Reality Development,100,2024-10-21 05:27:58.369000
Jesse Maldonado,Closing Sales Strategies,100,2024-10-21 05:27:58.369000
Jesse Maldonado,Sales Fundamentals,100,2024-10-21 05:27:58.369000
Jesse Maldonado,Collaboration Tools in DevOps,100,2024-10-21 05:27:58.369000
Jesse Maldonado,Blockchain Use Cases,100,2024-10-21 05:27:58.369000
John Myers,Data Ethics,100,2024-10-21 05:27:58.369000
John Myers,Data Analysis with Pandas,100,2024-10-21 05:27:58.369000
John Myers,Data Analysis for Business Decisions,100,2024-10-21 05:27:58.369000
John Myers,Data Cleaning & Preprocessing,100,2024-10-21 05:27:58.369000
John Myers,Data Visualization with Matplotlib,100,2024-10-21 05:27:58.369000
John Myers,Web Performance Optimization,100,2024-10-21 05:27:58.369000
John Myers,Usability Testing,100,2024-10-21 05:27:58.369000
John Myers,E-commerce Development Basics,100,2024-10-21 05:27:58.369000
John Myers,Conflict Resolution in HR,100,2024-10-21 05:27:58.369000
John Myers,Networking Basics,100,2024-10-21 05:27:58.369000
John Myers,Presentation Skills for Business Analysts,100,2024-10-21 05:27:58.369000
John Myers,iOS Development Basics,100,2024-10-21 05:27:58.369000
John Myers,Podcasting Fundamentals,100,2024-10-21 05:27:58.369000
John Myers,Visual Design Basics,100,2024-10-21 05:27:58.369000
Adam Galvan,Data Visualization with Matplotlib,100,2024-10-21 05:27:58.369000
Adam Galvan,Data Analysis with Pandas,100,2024-10-21 05:27:58.369000
Adam Galvan,Data Ethics,100,2024-10-21 05:27:58.369000
Adam Galvan,Data Cleaning & Preprocessing,100,2024-10-21 05:27:58.369000
Adam Galvan,Data Analysis for Business Decisions,100,2024-10-21 05:27:58.369000
Adam Galvan,Infrastructure as Code,100,2024-10-21 05:27:58.369000
Adam Galvan,Penetration Testing,100,2024-10-21 05:27:58.369000
Adam Galvan,AI for Business,100,2024-10-21 05:27:58.369000
Adam Galvan,Natural Language Processing Techniques,100,2024-10-21 05:27:58.369000
Adam Galvan,Introduction to Game Development,100,2024-10-21 05:27:58.369000
Adam Galvan,Frontend Development Basics,100,2024-10-21 05:27:58.369000
Michael Brown,Data Analysis for Business Decisions,100,2024-10-21 05:27:58.369000
Michael Brown,Data Cleaning & Preprocessing,100,2024-10-21 05:27:58.369000
Michael Brown,Data Ethics,100,2024-10-21 05:27:58.369000
Michael Brown,Data Analysis with Pandas,100,2024-10-21 05:27:58.369000
Michael Brown,Data Visualization with Matplotlib,100,2024-10-21 05:27:58.369000
Michael Brown,Configuration Management with Ansible,100,2024-10-21 05:27:58.369000
Michael Brown,Understanding Financial Markets,100,2024-10-21 05:27:58.369000
Michael Brown,Content Promotion Strategies,100,2024-10-21 05:27:58.369000
Michael Brown,Content Marketing Strategies,100,2024-10-21 05:27:58.369000
Michael Brown,Sales Analytics,100,2024-10-21 05:27:58.369000
Michael Brown,Publishing Mobile Apps,100,2024-10-21 05:27:58.369000
Michael Brown,HR Technology Tools,100,2024-10-21 05:27:58.369000
Michael Brown,Cross-Platform Development with Flutter,100,2024-10-21 05:27:58.369000
Michael Brown,Containerization with Docker,100,2024-10-21 05:27:58.369000
George Lucas,Data Analysis for Business Decisions,100,2024-10-21 05:27:58.369000
George Lucas,Data Cleaning & Preprocessing,100,2024-10-21 05:27:58.369000
George Lucas,Data Analysis with Pandas,100,2024-10-21 05:27:58.369000
George Lucas,Data Ethics,100,2024-10-21 05:27:58.369000
George Lucas,Data Visualization with Matplotlib,100,2024-10-21 05:27:58.369000
George Lucas,HR Technology Tools,100,2024-10-21 05:27:58.369000
George Lucas,Publishing Mobile Apps,100,2024-10-21 05:27:58.369000
George Lucas,Collaboration Tools in DevOps,100,2024-10-21 05:27:58.369000
George Lucas,Microservices in Cloud,100,2024-10-21 05:27:58.369000
George Lucas,Business Case Development,100,2024-10-21 05:27:58.369000
Caleb Watson,Data Cleaning & Preprocessing,100,2024-10-21 05:27:58.369000
Caleb Watson,Data Analysis for Business Decisions,100,2024-10-21 05:27:58.369000
Caleb Watson,Data Analysis with Pandas,100,2024-10-21 05:27:58.369000
Caleb Watson,Data Visualization with Matplotlib,100,2024-10-21 05:27:58.369000
Caleb Watson,Communication Skills for Project Managers,100,2024-10-21 05:27:58.369000
Caleb Watson,Design Tools Overview,100,2024-10-21 05:27:58.369000
Caleb Watson,Model Evaluation,100,2024-10-21 05:27:58.369000
Caleb Watson,2D Game Development,100,2024-10-21 05:27:58.369000
Caleb Watson,Business Process Modeling,100,2024-10-21 05:27:58.369000
Caleb Watson,Conversion Rate Optimization,100,2024-10-21 05:27:58.369000
Caleb Watson,Digital Sales Techniques,100,2024-10-21 05:27:58.369000
Caleb Watson,Configuration Management with Ansible,100,2024-10-21 05:27:58.369000
Caleb Watson,Unreal Engine Basics,100,2024-10-21 05:27:58.369000
Caleb Watson,Diversity and Inclusion Initiatives,100,2024-10-21 05:27:58.369000
Caleb Watson,Change Management,100,2024-10-21 05:27:58.369000
Brenda Mcmahon,Data Analysis with Pandas,100,2024-10-21 05:27:58.369000
Brenda Mcmahon,Data Ethics,100,2024-10-21 05:27:58.369000
Brenda Mcmahon,Data Cleaning & Preprocessing,100,2024-10-21 05:27:58.369000
Brenda Mcmahon,Data Analysis for Business Decisions,100,2024-10-21 05:27:58.369000
Brenda Mcmahon,Operating Systems Overview,100,2024-10-21 05:27:58.369000
Brenda Mcmahon,Usability Testing,100,2024-10-21 05:27:58.369000
Brenda Mcmahon,Ethical Hacking Basics,100,2024-10-21 05:27:58.369000
Brenda Mcmahon,SWOT Analysis for Business,100,2024-10-21 05:27:58.369000
Brenda Mcmahon,Closing Sales Strategies,100,2024-10-21 05:27:58.369000
Brenda Mcmahon,SEO Fundamentals,100,2024-10-21 05:27:58.369000
Brenda Mcmahon,MongoDB,100,2024-10-21 05:27:58.369000
Brenda Mcmahon,Introduction to UI/UX Design,100,2024-10-21 05:27:58.369000
Brenda Mcmahon,Deep Learning Fundamentals,100,2024-10-21 05:27:58.369000
Brenda Mcmahon,Responsive Web Design,100,2024-10-21 05:27:58.369000
Brenda Mcmahon,Unity Basics,100,2024-10-21 05:27:58.369000
Shannon Barber,Data Visualization with Matplotlib,100,2024-10-21 05:27:58.369000
Shannon Barber,Data Cleaning & Preprocessing,100,2024-10-21 05:27:58.369000
Shannon Barber,Data Ethics,100,2024-10-21 05:27:58.369000
Shannon Barber,Data Analysis for Business Decisions,100,2024-10-21 05:27:58.369000
Shannon Barber,Data Analysis with Pandas,100,2024-10-21 05:27:58.369000
Shannon Barber,Stakeholder Analysis,100,2024-10-21 05:27:58.369000
Shannon Barber,Brand Management Online,100,2024-10-21 05:27:58.369000
Shannon Barber,Responsive Web Design,100,2024-10-21 05:27:58.369000
Shannon Barber,Sales Analytics,100,2024-10-21 05:27:58.370000
Shannon Barber,Negotiation Techniques,100,2024-10-21 05:27:58.370000
Shannon Barber,Content Management Systems (CMS),100,2024-10-21 05:27:58.370000
Shannon Barber,Change Management Strategies,100,2024-10-21 05:27:58.370000
Shannon Barber,Virtual Reality Development,100,2024-10-21 05:27:58.370000
Shannon Barber,Web Accessibility Standards,100,2024-10-21 05:27:58.370000
Kellie Klein,Data Visualization with Matplotlib,100,2024-10-21 05:27:58.370000
Kellie Klein,Data Ethics,100,2024-10-21 05:27:58.370000
Kellie Klein,Data Cleaning & Preprocessing,100,2024-10-21 05:27:58.370000
Kellie Klein,Data Analysis for Business Decisions,100,2024-10-21 05:27:58.370000
Kellie Klein,Data Analysis with Pandas,100,2024-10-21 05:27:58.370000
Kellie Klein,Google Cloud Platform Essentials,100,2024-10-21 05:27:58.370000
Kellie Klein,2D Game Development,100,2024-10-21 05:27:58.370000
Kellie Klein,Unity Basics,100,2024-10-21 05:27:58.370000
Kellie Klein,Deep Learning with TensorFlow,100,2024-10-21 05:27:58.370000
Kellie Klein,Reinforcement Learning,100,2024-10-21 05:27:58.370000
Kellie Klein,Digital Sales Techniques,100,2024-10-21 05:27:58.370000
Kellie Klein,Game Monetization Strategies,100,2024-10-21 05:27:58.370000
Kellie Klein,Business Case Development,100,2024-10-21 05:27:58.370000
Tiffany Orozco,Data Analysis with Pandas,100,2024-10-21 05:27:58.370000
Tiffany Orozco,Data Analysis for Business Decisions,100,2024-10-21 05:27:58.370000
Tiffany Orozco,Data Ethics,100,2024-10-21 05:27:58.370000
Tiffany Orozco,Data Cleaning & Preprocessing,100,2024-10-21 05:27:58.370000
Tiffany Orozco,Data Visualization with Matplotlib,100,2024-10-21 05:27:58.370000
Tiffany Orozco,Security Awareness for IT Support,100,2024-10-21 05:27:58.370000
Tiffany Orozco,Budgeting for Projects,100,2024-10-21 05:27:58.370000
Tiffany Orozco,Conflict Resolution in HR,100,2024-10-21 05:27:58.370000
Tiffany Orozco,Cloud Security Best Practices,100,2024-10-21 05:27:58.370000
Tiffany Orozco,3D Game Development,100,2024-10-21 05:27:58.370000
Tiffany Orozco,Cloud Cost Management,100,2024-10-21 05:27:58.370000
Tiffany Orozco,Presentation Skills for Business Analysts,100,2024-10-21 05:27:58.370000
Tiffany Orozco,Customer Service Skills for IT,100,2024-10-21 05:27:58.370000
Scott Mullen,Data Ethics,100,2024-10-21 05:27:58.370000
Scott Mullen,Data Analysis for Business Decisions,100,2024-10-21 05:27:58.370000
Scott Mullen,Data Cleaning & Preprocessing,100,2024-10-21 05:27:58.370000
Scott Mullen,Data Analysis with Pandas,100,2024-10-21 05:27:58.370000
Scott Mullen,Data Visualization with Matplotlib,100,2024-10-21 05:27:58.370000
Scott Mullen,Budgeting Basics,100,2024-10-21 05:27:58.370000
Scott Mullen,Game Monetization Strategies,100,2024-10-21 05:27:58.370000
Scott Mullen,Consensus Algorithms,100,2024-10-21 05:27:58.370000
Scott Mullen,SWOT Analysis for Business,100,2024-10-21 05:27:58.370000
Scott Mullen,Building Customer Relationships,100,2024-10-21 05:27:58.370000
Scott Mullen,Podcasting Fundamentals,100,2024-10-21 05:27:58.370000
Scott Mullen,3D Game Development,100,2024-10-21 05:27:58.370000
Scott Mullen,Microservices in Cloud,100,2024-10-21 05:27:58.370000
Scott Mullen,Smart Contracts Development,100,2024-10-21 05:27:58.370000
Scott Mullen,Operating Systems Overview,100,2024-10-21 05:27:58.370000
Samantha Bowers,Data Analysis for Business Decisions,100,2024-10-21 05:27:58.370000
Samantha Bowers,Data Analysis with Pandas,100,2024-10-21 05:27:58.370000
Samantha Bowers,Data Ethics,100,2024-10-21 05:27:58.370000
Samantha Bowers,Data Cleaning & Preprocessing,100,2024-10-21 05:27:58.370000
Samantha Bowers,Data Visualization with Matplotlib,100,2024-10-21 05:27:58.370000
Samantha Bowers,Editing and Proofreading Techniques,100,2024-10-21 05:27:58.370000
Samantha Bowers,Machine Learning Basics,100,2024-10-21 05:27:58.370000
Samantha Bowers,Investing Fundamentals,100,2024-10-21 05:27:58.370000
Samantha Bowers,Google Cloud Platform Essentials,100,2024-10-21 05:27:58.370000
Samantha Bowers,Model Evaluation,100,2024-10-21 05:27:58.370000
Samantha Bowers,Performance Management Systems,100,2024-10-21 05:27:58.370000
Samantha Bowers,Financial Reporting Standards,100,2024-10-21 05:27:58.370000
Samantha Bowers,AWS Fundamentals,100,2024-10-21 05:27:58.370000
Samantha Bowers,Collaboration Tools in DevOps,100,2024-10-21 05:27:58.370000
Samantha Bowers,iOS Development Basics,100,2024-10-21 05:27:58.370000
Timothy Neal,Data Analysis for Business Decisions,100,2024-10-21 05:27:58.370000
Timothy Neal,Data Ethics,100,2024-10-21 05:27:58.370000
Timothy Neal,Data Analysis with Pandas,100,2024-10-21 05:27:58.370000
Timothy Neal,Data Visualization with Matplotlib,100,2024-10-21 05:27:58.370000
Timothy Neal,Data Cleaning & Preprocessing,100,2024-10-21 05:27:58.370000
Timothy Neal,Personal Finance Skills,100,2024-10-21 05:27:58.370000
Timothy Neal,Requirements Gathering Techniques,100,2024-10-21 05:27:58.370000
Timothy Neal,Quality Management,100,2024-10-21 05:27:58.370000
Timothy Neal,Git & GitHub,100,2024-10-21 05:27:58.370000
Timothy Neal,Troubleshooting Techniques,100,2024-10-21 05:27:58.370000
Timothy Neal,Employee Engagement Techniques,100,2024-10-21 05:27:58.370000
Samantha Huerta,Data Cleaning & Preprocessing,100,2024-10-21 05:27:58.370000
Samantha Huerta,Data Analysis for Business Decisions,100,2024-10-21 05:27:58.370000
Samantha Huerta,Data Ethics,100,2024-10-21 05:27:58.370000
Samantha Huerta,Data Visualization with Matplotlib,100,2024-10-21 05:27:58.370000
Samantha Huerta,Data Analysis with Pandas,100,2024-10-21 05:27:58.370000
Samantha Huerta,Diversity and Inclusion Initiatives,100,2024-10-21 05:27:58.370000
Samantha Huerta,API Development,100,2024-10-21 05:27:58.370000
Samantha Huerta,Stakeholder Management,100,2024-10-21 05:27:58.370000
Samantha Huerta,Brand Management Online,100,2024-10-21 05:27:58.370000
Samantha Huerta,Vulnerability Assessment,100,2024-10-21 05:27:58.370000
Samantha Huerta,Risk Management in Finance,100,2024-10-21 05:27:58.370000
Samantha Huerta,Backend Development Fundamentals,100,2024-10-21 05:27:58.370000
Martha Moore,Data Ethics,100,2024-10-21 05:27:58.370000
Martha Moore,Data Visualization with Matplotlib,100,2024-10-21 05:27:58.370000
Martha Moore,Data Analysis with Pandas,100,2024-10-21 05:27:58.370000
Martha Moore,Data Cleaning & Preprocessing,100,2024-10-21 05:27:58.370000
Martha Moore,Data Analysis for Business Decisions,100,2024-10-21 05:27:58.370000
Martha Moore,Performance Management Systems,100,2024-10-21 05:27:58.370000
Martha Moore,Sales Fundamentals,100,2024-10-21 05:27:58.370000
Martha Moore,Computer Vision Applications,100,2024-10-21 05:27:58.370000
Martha Moore,HR Technology Tools,100,2024-10-21 05:27:58.370000
Martha Moore,Introduction to Blockchain,100,2024-10-21 05:27:58.370000
Martha Moore,Project Management Tools Overview,100,2024-10-21 05:27:58.370000
Martha Moore,Natural Language Processing Techniques,100,2024-10-21 05:27:58.370000
Martha Moore,Mobile App Security,100,2024-10-21 05:27:58.370000
Martha Moore,Game Testing Techniques,100,2024-10-21 05:27:58.370000
Martha Moore,Network Security Fundamentals,100,2024-10-21 05:27:58.370000
Carlos Lewis,Data Visualization with Matplotlib,100,2024-10-21 05:27:58.370000
Carlos Lewis,Data Analysis with Pandas,100,2024-10-21 05:27:58.370000
Carlos Lewis,Data Cleaning & Preprocessing,100,2024-10-21 05:27:58.370000
Carlos Lewis,Data Analysis for Business Decisions,100,2024-10-21 05:27:58.370000
Carlos Lewis,Data Ethics,100,2024-10-21 05:27:58.370000
Carlos Lewis,Reinforcement Learning Techniques,100,2024-10-21 05:27:58.370000
Carlos Lewis,Predictive Analytics,100,2024-10-21 05:27:58.370000
Carlos Lewis,Responsive Web Design,100,2024-10-21 05:27:58.370000
Carlos Lewis,Mobile App Security,100,2024-10-21 05:27:58.370000
Carlos Lewis,Understanding Consumer Behavior,100,2024-10-21 05:27:58.370000
Carlos Lewis,Editing and Proofreading Techniques,100,2024-10-21 05:27:58.370000
Carlos Lewis,Python for Data Science,100,2024-10-21 05:27:58.370000
Carlos Lewis,Automating Cloud Deployments,100,2024-10-21 05:27:58.370000
Brent Snyder,Data Analysis with Pandas,100,2024-10-21 05:27:58.370000
Brent Snyder,Data Cleaning & Preprocessing,100,2024-10-21 05:27:58.370000
Brent Snyder,Data Ethics,100,2024-10-21 05:27:58.370000
Brent Snyder,Data Visualization with Matplotlib,100,2024-10-21 05:27:58.370000
Brent Snyder,Malware Analysis,100,2024-10-21 05:27:58.370000
Brent Snyder,E-commerce Development Basics,100,2024-10-21 05:27:58.370000
Brent Snyder,API Integration in Mobile Apps,100,2024-10-21 05:27:58.370000
Brent Snyder,Financial Reporting Standards,100,2024-10-21 05:27:58.370000
Brent Snyder,Introduction to Cloud Computing,100,2024-10-21 05:27:58.370000
Brent Snyder,Performance Management Systems,100,2024-10-21 05:27:58.370000
Brent Snyder,Understanding Consumer Behavior,100,2024-10-21 05:27:58.370000
Brent Snyder,HR Technology Tools,100,2024-10-21 05:27:58.370000
Brent Snyder,Labor Laws and Compliance,100,2024-10-21 05:27:58.370000
Kaitlyn Melton,Data Ethics,100,2024-10-21 05:27:58.370000
Kaitlyn Melton,Data Analysis for Business Decisions,100,2024-10-21 05:27:58.370000
Kaitlyn Melton,Data Visualization with Matplotlib,100,2024-10-21 05:27:58.370000
Kaitlyn Melton,Data Analysis with Pandas,100,2024-10-21 05:27:58.370000
Kaitlyn Melton,Vulnerability Assessment,100,2024-10-21 05:27:58.370000
Kaitlyn Melton,Version Control with Git,100,2024-10-21 05:27:58.370000
Kaitlyn Melton,Risk Analysis and Management,100,2024-10-21 05:27:58.370000
Kaitlyn Melton,App Monetization Strategies,100,2024-10-21 05:27:58.370000
Kaitlyn Melton,DevOps in the Cloud,100,2024-10-21 05:27:58.370000
Kaitlyn Melton,Azure Basics,100,2024-10-21 05:27:58.370000
Kaitlyn Melton,Networking Basics,100,2024-10-21 05:27:58.370000
Kaitlyn Melton,Agile Project Management,100,2024-10-21 05:27:58.370000
Kaitlyn Melton,Reinforcement Learning,100,2024-10-21 05:27:58.370000
Melissa Flores,Data Visualization with Matplotlib,100,2024-10-21 05:27:58.370000
Melissa Flores,Data Analysis for Business Decisions,100,2024-10-21 05:27:58.370000
Melissa Flores,Data Ethics,100,2024-10-21 05:27:58.370000
Melissa Flores,Data Cleaning & Preprocessing,100,2024-10-21 05:27:58.370000
Melissa Flores,Data Analysis with Pandas,100,2024-10-21 05:27:58.370000
Melissa Flores,Project Management Basics,100,2024-10-21 05:27:58.370000
Melissa Flores,Azure Basics,100,2024-10-21 05:27:58.370000
Melissa Flores,Agile Methodologies,100,2024-10-21 05:27:58.370000
Melissa Flores,Node.js,100,2024-10-21 05:27:58.370000
Melissa Flores,Change Management Strategies,100,2024-10-21 05:27:58.370000
Melissa Flores,Computer Vision Basics,100,2024-10-21 05:27:58.370000
Melissa Flores,Remote Support Techniques,100,2024-10-21 05:27:58.370000
Dominique Young,Data Analysis with Pandas,100,2024-10-21 05:27:58.370000
Dominique Young,Data Visualization with Matplotlib,100,2024-10-21 05:27:58.370000
Dominique Young,Data Cleaning & Preprocessing,100,2024-10-21 05:27:58.370000
Dominique Young,Data Ethics,100,2024-10-21 05:27:58.370000
Dominique Young,Data Analysis for Business Decisions,100,2024-10-21 05:27:58.370000
Dominique Young,Performance Management Systems,100,2024-10-21 05:27:58.370000
Dominique Young,Influencer Marketing,100,2024-10-21 05:27:58.370000
Dominique Young,Change Management Strategies,100,2024-10-21 05:27:58.370000
Dominique Young,Microservices in Cloud,100,2024-10-21 05:27:58.370000
Dominique Young,Presentation Skills for Business Analysts,100,2024-10-21 05:27:58.370000
Dominique Young,Backend Development Fundamentals,100,2024-10-21 05:27:58.370000
Dominique Young,Blogging for Beginners,100,2024-10-21 05:27:58.370000
Dominique Young,Introduction to Human Resources,100,2024-10-21 05:27:58.370000
Dominique Young,Content Marketing Strategies,100,2024-10-21 05:27:58.370000
Ricardo Lang,Data Cleaning & Preprocessing,100,2024-10-21 05:27:58.371000
Ricardo Lang,Data Ethics,100,2024-10-21 05:27:58.371000
Ricardo Lang,Data Analysis for Business Decisions,100,2024-10-21 05:27:58.371000
Ricardo Lang,Data Analysis with Pandas,100,2024-10-21 05:27:58.371000
Ricardo Lang,Data Visualization with Matplotlib,100,2024-10-21 05:27:58.371000
Ricardo Lang,Operating Systems Overview,100,2024-10-21 05:27:58.371000
Ricardo Lang,Content Management Systems (CMS),100,2024-10-21 05:27:58.371000
Ricardo Lang,Social Media Content Creation,100,2024-10-21 05:27:58.371000
Ricardo Lang,Project Scheduling Techniques,100,2024-10-21 05:27:58.371000
Ricardo Lang,Stakeholder Analysis,100,2024-10-21 05:27:58.371000
Ricardo Lang,Training and Development,100,2024-10-21 05:27:58.371000
Ricardo Lang,Backend Development Fundamentals,100,2024-10-21 05:27:58.371000
Ricardo Lang,Version Control with Git,100,2024-10-21 05:27:58.371000
Sarah Duffy,Data Analysis with Pandas,100,2024-10-21 05:27:58.371000
Sarah Duffy,Data Visualization with Matplotlib,100,2024-10-21 05:27:58.371000
Sarah Duffy,Data Cleaning & Preprocessing,100,2024-10-21 05:27:58.371000
Sarah Duffy,Data Ethics,100,2024-10-21 05:27:58.371000
Sarah Duffy,Data Analysis for Business Decisions,100,2024-10-21 05:27:58.371000
Sarah Duffy,Reinforcement Learning Techniques,100,2024-10-21 05:27:58.371000
Sarah Duffy,2D Game Development,100,2024-10-21 05:27:58.371000
Sarah Duffy,Computer Vision Basics,100,2024-10-21 05:27:58.371000
Sarah Duffy,Diversity and Inclusion Initiatives,100,2024-10-21 05:27:58.371000
Sarah Duffy,Affiliate Marketing,100,2024-10-21 05:27:58.371000
Sarah Duffy,Understanding Consumer Behavior,100,2024-10-21 05:27:58.371000
Sarah Duffy,Content Strategy Development,100,2024-10-21 05:27:58.371000
Susan Tucker,Data Analysis for Business Decisions,100,2024-10-21 05:27:58.371000
Susan Tucker,Data Ethics,100,2024-10-21 05:27:58.371000
Susan Tucker,Data Cleaning & Preprocessing,100,2024-10-21 05:27:58.371000
Susan Tucker,Data Analysis with Pandas,100,2024-10-21 05:27:58.371000
Susan Tucker,Data Visualization with Matplotlib,100,2024-10-21 05:27:58.371000
Susan Tucker,Influencer Marketing,100,2024-10-21 05:27:58.371000
Susan Tucker,Presentation Skills for Business Analysts,100,2024-10-21 05:27:58.371000
Susan Tucker,Version Control with Git,100,2024-10-21 05:27:58.371000
Susan Tucker,Business Process Modeling,100,2024-10-21 05:27:58.371000
Susan Tucker,React,100,2024-10-21 05:27:58.371000
Brandon Lee,Data Ethics,100,2024-10-21 05:27:58.371000
Brandon Lee,Data Analysis for Business Decisions,100,2024-10-21 05:27:58.371000
Brandon Lee,Data Analysis with Pandas,100,2024-10-21 05:27:58.371000
Brandon Lee,Data Visualization with Matplotlib,100,2024-10-21 05:27:58.371000
Brandon Lee,Data Cleaning & Preprocessing,100,2024-10-21 05:27:58.371000
Brandon Lee,2D Game Development,100,2024-10-21 05:27:58.371000
Brandon Lee,Conversion Rate Optimization,100,2024-10-21 05:27:58.371000
Brandon Lee,Budgeting Basics,100,2024-10-21 05:27:58.371000
Brandon Lee,Google Ads Fundamentals,100,2024-10-21 05:27:58.371000
Brandon Lee,Game Monetization Strategies,100,2024-10-21 05:27:58.371000
Brandon Lee,Introduction to IT Support,100,2024-10-21 05:27:58.371000
Kyle Brown,Data Cleaning & Preprocessing,100,2024-10-21 05:27:58.371000
Kyle Brown,Data Analysis with Pandas,100,2024-10-21 05:27:58.371000
Kyle Brown,Data Visualization with Matplotlib,100,2024-10-21 05:27:58.371000
Kyle Brown,Data Analysis for Business Decisions,100,2024-10-21 05:27:58.371000
Kyle Brown,Data Ethics,100,2024-10-21 05:27:58.371000
Kyle Brown,API Integration in Mobile Apps,100,2024-10-21 05:27:58.371000
Kyle Brown,DevOps in the Cloud,100,2024-10-21 05:27:58.371000
Kyle Brown,JavaScript Basics,100,2024-10-21 05:27:58.371000
Kyle Brown,Mobile Testing Strategies,100,2024-10-21 05:27:58.371000
Kyle Brown,Ethical Hacking Basics,100,2024-10-21 05:27:58.371000
Kyle Brown,Computer Vision Applications,100,2024-10-21 05:27:58.371000
Kyle Brown,Risk Management in Finance,100,2024-10-21 05:27:58.371000
Kyle Brown,Configuration Management with Ansible,100,2024-10-21 05:27:58.371000
Daniel Robinson,Data Visualization with Matplotlib,100,2024-10-21 05:27:58.371000
Daniel Robinson,Data Analysis with Pandas,100,2024-10-21 05:27:58.371000
Daniel Robinson,Data Analysis for Business Decisions,100,2024-10-21 05:27:58.371000
Daniel Robinson,Data Cleaning & Preprocessing,100,2024-10-21 05:27:58.371000
Daniel Robinson,Data Ethics,100,2024-10-21 05:27:58.371000
Daniel Robinson,API Integration in Mobile Apps,100,2024-10-21 05:27:58.371000
Daniel Robinson,Infrastructure as Code,100,2024-10-21 05:27:58.371000
Daniel Robinson,Talent Acquisition Strategies,100,2024-10-21 05:27:58.371000
Daniel Robinson,Computer Vision Applications,100,2024-10-21 05:27:58.371000
Daniel Robinson,Social Media Content Creation,100,2024-10-21 05:27:58.371000
Daniel Robinson,Diversity and Inclusion Initiatives,100,2024-10-21 05:27:58.371000
Autumn Rodriguez,Data Ethics,100,2024-10-21 05:27:58.371000
Autumn Rodriguez,Data Cleaning & Preprocessing,100,2024-10-21 05:27:58.371000
Autumn Rodriguez,Data Analysis for Business Decisions,100,2024-10-21 05:27:58.371000
Autumn Rodriguez,Data Visualization with Matplotlib,100,2024-10-21 05:27:58.371000
Autumn Rodriguez,Data Analysis with Pandas,100,2024-10-21 05:27:58.371000
Autumn Rodriguez,Natural Language Processing,100,2024-10-21 05:27:58.371000
Autumn Rodriguez,React,100,2024-10-21 05:27:58.371000
Autumn Rodriguez,Microservices in Cloud,100,2024-10-21 05:27:58.371000
Autumn Rodriguez,App Monetization Strategies,100,2024-10-21 05:27:58.371000
Autumn Rodriguez,Model Evaluation,100,2024-10-21 05:27:58.371000
Ryan Jenkins,Data Analysis with Pandas,100,2024-10-21 05:27:58.371000
Ryan Jenkins,Data Analysis for Business Decisions,100,2024-10-21 05:27:58.371000
Ryan Jenkins,Data Ethics,100,2024-10-21 05:27:58.371000
Ryan Jenkins,Data Cleaning & Preprocessing,100,2024-10-21 05:27:58.371000
Ryan Jenkins,User Interface Design for Mobile Apps,100,2024-10-21 05:27:58.371000
Ryan Jenkins,Penetration Testing,100,2024-10-21 05:27:58.371000
Ryan Jenkins,Data Visualization with Matplotlib,100,2024-10-21 05:27:58.371000
Ryan Jenkins,API Development,100,2024-10-21 05:27:58.371000
Ryan Jenkins,Multiplayer Game Development,100,2024-10-21 05:27:58.371000
Ryan Jenkins,HR Analytics,100,2024-10-21 05:27:58.371000
James Salinas,Data Cleaning & Preprocessing,100,2024-10-21 05:27:58.371000
James Salinas,Data Analysis for Business Decisions,100,2024-10-21 05:27:58.371000
James Salinas,Data Ethics,100,2024-10-21 05:27:58.371000
James Salinas,Data Analysis with Pandas,100,2024-10-21 05:27:58.371000
James Salinas,Data Visualization with Matplotlib,100,2024-10-21 05:27:58.371000
James Salinas,Content Marketing Strategies,100,2024-10-21 05:27:58.371000
James Salinas,Statistical Analysis,100,2024-10-21 05:27:58.371000
James Salinas,Containerization with Docker,100,2024-10-21 05:27:58.371000
James Salinas,Cross-Platform Development with Flutter,100,2024-10-21 05:27:58.371000
James Salinas,Budgeting for Projects,100,2024-10-21 05:27:58.371000
James Salinas,Design Tools Overview,100,2024-10-21 05:27:58.371000
James Salinas,Collaboration Tools in DevOps,100,2024-10-21 05:27:58.371000
James Salinas,Understanding Financial Markets,100,2024-10-21 05:27:58.371000
James Salinas,User Research Techniques,100,2024-10-21 05:27:58.371000
James Salinas,Backend Development Fundamentals,100,2024-10-21 05:27:58.371000
Kristopher Gutierrez,Data Ethics,100,2024-10-21 05:27:58.371000
Kristopher Gutierrez,Data Analysis with Pandas,100,2024-10-21 05:27:58.371000
Kristopher Gutierrez,Data Cleaning & Preprocessing,100,2024-10-21 05:27:58.371000
Kristopher Gutierrez,Data Visualization with Matplotlib,100,2024-10-21 05:27:58.371000
Kristopher Gutierrez,Data Analysis for Business Decisions,100,2024-10-21 05:27:58.371000
Kristopher Gutierrez,Blockchain Use Cases,100,2024-10-21 05:27:58.371000
Kristopher Gutierrez,Customer Service Skills for IT,100,2024-10-21 05:27:58.371000
Kristopher Gutierrez,Building Customer Relationships,100,2024-10-21 05:27:58.371000
Kristopher Gutierrez,Agile Project Management,100,2024-10-21 05:27:58.371000
Kristopher Gutierrez,Microservices in Cloud,100,2024-10-21 05:27:58.371000
Kristopher Gutierrez,Express.js,100,2024-10-21 05:27:58.371000
Kristopher Gutierrez,Penetration Testing,100,2024-10-21 05:27:58.371000
Margaret Farmer,Data Ethics,100,2024-10-21 05:27:58.371000
Margaret Farmer,Data Analysis with Pandas,100,2024-10-21 05:27:58.371000
Margaret Farmer,Data Visualization with Matplotlib,100,2024-10-21 05:27:58.371000
Margaret Farmer,Data Cleaning & Preprocessing,100,2024-10-21 05:27:58.371000
Margaret Farmer,Data Analysis for Business Decisions,100,2024-10-21 05:27:58.371000
Margaret Farmer,Conflict Resolution in HR,100,2024-10-21 05:27:58.371000
Margaret Farmer,Vulnerability Assessment,100,2024-10-21 05:27:58.371000
Margaret Farmer,Employee Engagement Techniques,100,2024-10-21 05:27:58.371000
Margaret Farmer,Cross-Platform Development with Flutter,100,2024-10-21 05:27:58.371000
Margaret Farmer,Introduction to Cloud Computing,100,2024-10-21 05:27:58.371000
Margaret Farmer,Computer Vision Basics,100,2024-10-21 05:27:58.371000
Eugene Morton,Data Analysis for Business Decisions,100,2024-10-21 05:27:58.371000
Eugene Morton,Data Analysis with Pandas,100,2024-10-21 05:27:58.371000
Eugene Morton,Data Cleaning & Preprocessing,100,2024-10-21 05:27:58.371000
Eugene Morton,Data Ethics,100,2024-10-21 05:27:58.371000
Eugene Morton,Data Visualization with Matplotlib,100,2024-10-21 05:27:58.371000
Eugene Morton,Cloud Cost Management,100,2024-10-21 05:27:58.371000
Eugene Morton,Closing Sales Strategies,100,2024-10-21 05:27:58.371000
Eugene Morton,Configuration Management with Ansible,100,2024-10-21 05:27:58.371000
Eugene Morton,Analytics for Marketers,100,2024-10-21 05:27:58.371000
Eugene Morton,Microservices in Cloud,100,2024-10-21 05:27:58.371000
Eugene Morton,Unity Basics,100,2024-10-21 05:27:58.371000
Eugene Morton,Financial Reporting Standards,100,2024-10-21 05:27:58.371000
Eugene Morton,Mobile App Security,100,2024-10-21 05:27:58.371000
Joshua Camacho,Data Analysis for Business Decisions,100,2024-10-21 05:27:58.371000
Joshua Camacho,Data Visualization with Matplotlib,100,2024-10-21 05:27:58.371000
Joshua Camacho,Data Ethics,100,2024-10-21 05:27:58.371000
Joshua Camacho,Data Analysis with Pandas,100,2024-10-21 05:27:58.371000
Joshua Camacho,Data Cleaning & Preprocessing,100,2024-10-21 05:27:58.371000
Joshua Camacho,Social Media Content Creation,100,2024-10-21 05:27:58.371000
Joshua Camacho,ITIL Foundations,100,2024-10-21 05:27:58.371000
Joshua Camacho,MongoDB,100,2024-10-21 05:27:58.371000
Joshua Camacho,2D Game Development,100,2024-10-21 05:27:58.371000
Joshua Camacho,Ethical Hacking Basics,100,2024-10-21 05:27:58.371000
Joshua Camacho,AI for Business,100,2024-10-21 05:27:58.371000
Joshua Camacho,Progressive Web Apps (PWAs),100,2024-10-21 05:27:58.371000
Joshua Camacho,Blogging for Beginners,100,2024-10-21 05:27:58.371000
Adam Huffman,Data Visualization with Matplotlib,100,2024-10-21 05:27:58.371000
Adam Huffman,Data Ethics,100,2024-10-21 05:27:58.371000
Adam Huffman,Data Analysis with Pandas,100,2024-10-21 05:27:58.371000
Adam Huffman,Data Cleaning & Preprocessing,100,2024-10-21 05:27:58.371000
Adam Huffman,Data Analysis for Business Decisions,100,2024-10-21 05:27:58.371000
Adam Huffman,Usability Testing,100,2024-10-21 05:27:58.371000
Adam Huffman,Natural Language Processing,100,2024-10-21 05:27:58.371000
Adam Huffman,Budgeting Basics,100,2024-10-21 05:27:58.371000
Adam Huffman,AI in Robotics,100,2024-10-21 05:27:58.371000
Adam Huffman,ITIL Foundations,100,2024-10-21 05:27:58.371000
Adam Huffman,Version Control with Git,100,2024-10-21 05:27:58.371000
Adam Huffman,E-commerce Development Basics,100,2024-10-21 05:27:58.371000
Adam Huffman,Hardware Repair Skills,100,2024-10-21 05:27:58.371000
Amanda Ferguson,Data Cleaning & Preprocessing,100,2024-10-21 05:27:58.371000
Amanda Ferguson,Data Analysis for Business Decisions,100,2024-10-21 05:27:58.371000
Amanda Ferguson,Data Ethics,100,2024-10-21 05:27:58.371000
Amanda Ferguson,Data Visualization with Matplotlib,100,2024-10-21 05:27:58.371000
Amanda Ferguson,Data Analysis with Pandas,100,2024-10-21 05:27:58.371000
Amanda Ferguson,Serverless Architecture,100,2024-10-21 05:27:58.371000
Amanda Ferguson,Automating Cloud Deployments,100,2024-10-21 05:27:58.371000
Amanda Ferguson,Remote Support Techniques,100,2024-10-21 05:27:58.371000
Amanda Ferguson,Cloud Security Best Practices,100,2024-10-21 05:27:58.371000
Amanda Ferguson,Change Management Strategies,100,2024-10-21 05:27:58.371000
Amanda Ferguson,DevOps in the Cloud,100,2024-10-21 05:27:58.371000
Amanda Ferguson,Wireframing and Prototyping,100,2024-10-21 05:27:58.371000
Amanda Ferguson,SWOT Analysis for Business,100,2024-10-21 05:27:58.371000
Amanda Ferguson,Unsupervised Learning,100,2024-10-21 05:27:58.371000
Grant Marshall,Data Ethics,100,2024-10-21 05:27:58.371000
Grant Marshall,Data Cleaning & Preprocessing,100,2024-10-21 05:27:58.371000
Grant Marshall,Data Analysis for Business Decisions,100,2024-10-21 05:27:58.371000
Grant Marshall,Data Visualization with Matplotlib,100,2024-10-21 05:27:58.371000
Grant Marshall,Data Analysis with Pandas,100,2024-10-21 05:27:58.371000
Grant Marshall,Financial Analysis Techniques,100,2024-10-21 05:27:58.371000
Grant Marshall,Network Security Fundamentals,100,2024-10-21 05:27:58.371000
Grant Marshall,SEO for Content Creators,100,2024-10-21 05:27:58.371000
Grant Marshall,Communication Skills for Project Managers,100,2024-10-21 05:27:58.371000
Grant Marshall,Introduction to IT Support,100,2024-10-21 05:27:58.371000
Grant Marshall,Predictive Analytics,100,2024-10-21 05:27:58.371000
Grant Marshall,Analytics for Marketers,100,2024-10-21 05:27:58.371000
Grant Marshall,Risk Management in Cybersecurity,100,2024-10-21 05:27:58.371000
Grant Marshall,Agile Project Management,100,2024-10-21 05:27:58.371000
Stacy Robinson,Data Cleaning & Preprocessing,100,2024-10-21 05:27:58.371000
Stacy Robinson,Data Analysis for Business Decisions,100,2024-10-21 05:27:58.371000
Stacy Robinson,Data Visualization with Matplotlib,100,2024-10-21 05:27:58.371000
Stacy Robinson,Data Analysis with Pandas,100,2024-10-21 05:27:58.371000
Stacy Robinson,Data Ethics,100,2024-10-21 05:27:58.371000
Stacy Robinson,Predictive Analytics,100,2024-10-21 05:27:58.371000
Stacy Robinson,Networking Basics,100,2024-10-21 05:27:58.371000
Stacy Robinson,Game Monetization Strategies,100,2024-10-21 05:27:58.371000
Stacy Robinson,Remote Support Techniques,100,2024-10-21 05:27:58.371000
Stacy Robinson,Version Control with Git,100,2024-10-21 05:27:58.371000
Stacy Robinson,JavaScript Frameworks Overview,100,2024-10-21 05:27:58.371000
Stacy Robinson,Business Case Development,100,2024-10-21 05:27:58.371000
Stacy Robinson,Game Testing Techniques,100,2024-10-21 05:27:58.371000
Stacy Robinson,Publishing Mobile Apps,100,2024-10-21 05:27:58.371000
Stacy Robinson,SEO Best Practices,100,2024-10-21 05:27:58.371000
Jessica Nielsen,Data Analysis with Pandas,100,2024-10-21 05:27:58.371000
Jessica Nielsen,Data Visualization with Matplotlib,100,2024-10-21 05:27:58.371000
Jessica Nielsen,Data Cleaning & Preprocessing,100,2024-10-21 05:27:58.371000
Jessica Nielsen,Data Ethics,100,2024-10-21 05:27:58.371000
Jessica Nielsen,Data Analysis for Business Decisions,100,2024-10-21 05:27:58.371000
Jessica Nielsen,Agile Project Management,100,2024-10-21 05:27:58.371000
Jessica Nielsen,Podcasting Fundamentals,100,2024-10-21 05:27:58.371000
Jessica Nielsen,Mobile App Design,100,2024-10-21 05:27:58.371000
Jessica Nielsen,2D Game Development,100,2024-10-21 05:27:58.371000
Jessica Nielsen,Web Performance Optimization,100,2024-10-21 05:27:58.371000
Jessica Nielsen,Financial Planning and Forecasting,100,2024-10-21 05:27:58.371000
Matthew Fischer,Data Analysis with Pandas,100,2024-10-21 05:27:58.371000
Matthew Fischer,Data Visualization with Matplotlib,100,2024-10-21 05:27:58.371000
Matthew Fischer,Data Ethics,100,2024-10-21 05:27:58.371000
Matthew Fischer,Data Analysis for Business Decisions,100,2024-10-21 05:27:58.371000
Matthew Fischer,Project Management Tools Overview,100,2024-10-21 05:27:58.371000
Matthew Fischer,Remote Support Techniques,100,2024-10-21 05:27:58.371000
Matthew Fischer,Cloud Cost Management,100,2024-10-21 05:27:58.371000
Matthew Fischer,Statistical Analysis,100,2024-10-21 05:27:58.371000
Matthew Fischer,Security Awareness for IT Support,100,2024-10-21 05:27:58.371000
Matthew Fischer,Introduction to Blockchain,100,2024-10-21 05:27:58.371000
Matthew Fischer,Diversity and Inclusion Initiatives,100,2024-10-21 05:27:58.371000
Matthew Fischer,Ethereum Development,100,2024-10-21 05:27:58.371000
Matthew Fischer,Introduction to DevOps,100,2024-10-21 05:27:58.371000
Matthew Fischer,Budgeting Basics,100,2024-10-21 05:27:58.371000
Brian Perez,Data Analysis with Pandas,100,2024-10-21 05:27:58.371000
Brian Perez,Data Ethics,100,2024-10-21 05:27:58.371000
Brian Perez,Data Cleaning & Preprocessing,100,2024-10-21 05:27:58.371000
Brian Perez,Data Analysis for Business Decisions,100,2024-10-21 05:27:58.371000
Brian Perez,Data Visualization with Matplotlib,100,2024-10-21 05:27:58.371000
Brian Perez,Performance Management Systems,100,2024-10-21 05:27:58.371000
Brian Perez,Deployment & Hosting,100,2024-10-21 05:27:58.371000
Brian Perez,Design Thinking Process,100,2024-10-21 05:27:58.371000
Brian Perez,Operating Systems Overview,100,2024-10-21 05:27:58.371000
Brian Perez,API Integration in Mobile Apps,100,2024-10-21 05:27:58.371000
Brian Perez,Agile Project Management,100,2024-10-21 05:27:58.371000
Bradley Crosby,Data Cleaning & Preprocessing,100,2024-10-21 05:27:58.371000
Bradley Crosby,Data Analysis for Business Decisions,100,2024-10-21 05:27:58.371000
Bradley Crosby,Data Ethics,100,2024-10-21 05:27:58.371000
Bradley Crosby,Data Analysis with Pandas,100,2024-10-21 05:27:58.371000
Bradley Crosby,Data Visualization with Matplotlib,100,2024-10-21 05:27:58.371000
Bradley Crosby,Containerization with Docker,100,2024-10-21 05:27:58.371000
Bradley Crosby,Vulnerability Assessment,100,2024-10-21 05:27:58.371000
Bradley Crosby,Responsive Design Principles,100,2024-10-21 05:27:58.371000
Bradley Crosby,Frontend Development Basics,100,2024-10-21 05:27:58.371000
Bradley Crosby,Performance Optimization for Mobile Apps,100,2024-10-21 05:27:58.371000
Bradley Crosby,Customer Service Excellence,100,2024-10-21 05:27:58.371000
Bradley Crosby,Reinforcement Learning,100,2024-10-21 05:27:58.371000
Stephanie Romero,Data Ethics,100,2024-10-21 05:27:58.371000
Stephanie Romero,Data Cleaning & Preprocessing,100,2024-10-21 05:27:58.371000
Stephanie Romero,Data Analysis for Business Decisions,100,2024-10-21 05:27:58.371000
Stephanie Romero,Data Analysis with Pandas,100,2024-10-21 05:27:58.371000
Stephanie Romero,Data Visualization with Matplotlib,100,2024-10-21 05:27:58.371000
Stephanie Romero,Google Cloud Platform Essentials,100,2024-10-21 05:27:58.371000
Stephanie Romero,Android Development Basics,100,2024-10-21 05:27:58.371000
Stephanie Romero,Agile Project Management,100,2024-10-21 05:27:58.371000
Stephanie Romero,User Research Techniques,100,2024-10-21 05:27:58.371000
Stephanie Romero,Introduction to Business Analysis,100,2024-10-21 05:27:58.371000
Stephanie Romero,Introduction to Human Resources,100,2024-10-21 05:27:58.371000
Stephanie Romero,Progressive Web Apps (PWAs),100,2024-10-21 05:27:58.371000
Stephanie Romero,Content Management Systems (CMS),100,2024-10-21 05:27:58.371000
Stephanie Romero,Stakeholder Management,100,2024-10-21 05:27:58.371000
Karen Moore,Data Visualization with Matplotlib,100,2024-10-21 05:27:58.371000
Karen Moore,Data Analysis with Pandas,100,2024-10-21 05:27:58.371000
Karen Moore,Data Ethics,100,2024-10-21 05:27:58.371000
Karen Moore,Data Cleaning & Preprocessing,100,2024-10-21 05:27:58.371000
Karen Moore,Data Analysis for Business Decisions,100,2024-10-21 05:27:58.371000
Karen Moore,AWS Fundamentals,100,2024-10-21 05:27:58.371000
Karen Moore,Time Series Analysis,100,2024-10-21 05:27:58.371000
Karen Moore,Blockchain Security,100,2024-10-21 05:27:58.371000
Karen Moore,Configuration Management with Ansible,100,2024-10-21 05:27:58.371000
Karen Moore,API Development,100,2024-10-21 05:27:58.371000
Karen Moore,Introduction to Blockchain,100,2024-10-21 05:27:58.371000
Karen Moore,Budgeting for Projects,100,2024-10-21 05:27:58.371000
Connor Foster,Data Visualization with Matplotlib,100,2024-10-21 05:27:58.371000
Connor Foster,Data Ethics,100,2024-10-21 05:27:58.371000
Connor Foster,Data Cleaning & Preprocessing,100,2024-10-21 05:27:58.371000
Connor Foster,Data Analysis with Pandas,100,2024-10-21 05:27:58.371000
Connor Foster,Data Analysis for Business Decisions,100,2024-10-21 05:27:58.371000
Connor Foster,Smart Contracts Development,100,2024-10-21 05:27:58.371000
Connor Foster,Introduction to Finance,100,2024-10-21 05:27:58.371000
Connor Foster,Configuration Management with Ansible,100,2024-10-21 05:27:58.371000
Connor Foster,Analytics for Marketers,100,2024-10-21 05:27:58.371000
Connor Foster,Quality Management,100,2024-10-21 05:27:58.371000
Connor Foster,Introduction to UI/UX Design,100,2024-10-21 05:27:58.371000
Amber Gray,Data Visualization with Matplotlib,100,2024-10-21 05:27:58.371000
Amber Gray,Data Cleaning & Preprocessing,100,2024-10-21 05:27:58.371000
Amber Gray,Data Analysis with Pandas,100,2024-10-21 05:27:58.371000
Amber Gray,Data Ethics,100,2024-10-21 05:27:58.371000
Amber Gray,Data Analysis for Business Decisions,100,2024-10-21 05:27:58.371000
Amber Gray,Analytics for Marketers,100,2024-10-21 05:27:58.371000
Amber Gray,Investing Fundamentals,100,2024-10-21 05:27:58.371000
Amber Gray,Graphic Design Basics for Content,100,2024-10-21 05:27:58.371000
Amber Gray,MongoDB,100,2024-10-21 05:27:58.371000
Amber Gray,Game Monetization Strategies,100,2024-10-21 05:27:58.371000
Amber Gray,Unity Basics,100,2024-10-21 05:27:58.371000
Amber Gray,Financial Reporting Standards,100,2024-10-21 05:27:58.371000
Amber Gray,HR Analytics,100,2024-10-21 05:27:58.371000
Amber Gray,Web Application Security,100,2024-10-21 05:27:58.371000
Emily Dorsey,Data Visualization with Matplotlib,100,2024-10-21 05:27:58.371000
Emily Dorsey,Data Analysis with Pandas,100,2024-10-21 05:27:58.371000
Emily Dorsey,Data Cleaning & Preprocessing,100,2024-10-21 05:27:58.371000
Emily Dorsey,Data Ethics,100,2024-10-21 05:27:58.371000
Emily Dorsey,Data Analysis for Business Decisions,100,2024-10-21 05:27:58.371000
Emily Dorsey,Social Media Content Creation,100,2024-10-21 05:27:58.371000
Emily Dorsey,Presentation Skills for Business Analysts,100,2024-10-21 05:27:58.371000
Emily Dorsey,Introduction to Content Creation,100,2024-10-21 05:27:58.371000
Emily Dorsey,Performance Optimization for Mobile Apps,100,2024-10-21 05:27:58.371000
Emily Dorsey,Understanding Consumer Behavior,100,2024-10-21 05:27:58.371000
Emily Dorsey,Smart Contracts Development,100,2024-10-21 05:27:58.371000
Emily Dorsey,iOS Development Basics,100,2024-10-21 05:27:58.371000
Emily Dorsey,Malware Analysis,100,2024-10-21 05:27:58.371000
Emily Dorsey,Labor Laws and Compliance,100,2024-10-21 05:27:58.371000
Tina Kim,Data Analysis with Pandas,100,2024-10-21 05:27:58.373000
Tina Kim,Data Ethics,100,2024-10-21 05:27:58.373000
Tina Kim,Data Cleaning & Preprocessing,100,2024-10-21 05:27:58.373000
Tina Kim,Data Visualization with Matplotlib,100,2024-10-21 05:27:58.373000
Tina Kim,Data Analysis for Business Decisions,100,2024-10-21 05:27:58.373000
Tina Kim,Security Awareness for IT Support,100,2024-10-21 05:27:58.373000
Tina Kim,Predictive Analytics,100,2024-10-21 05:27:58.373000
Tina Kim,Video Production Basics,100,2024-10-21 05:27:58.373000
Tina Kim,Speech Recognition Technologies,100,2024-10-21 05:27:58.373000
Tina Kim,Project Scheduling Techniques,100,2024-10-21 05:27:58.373000
Tina Kim,Mobile App Security,100,2024-10-21 05:27:58.373000
Tina Kim,Social Media Content Creation,100,2024-10-21 05:27:58.373000
Tina Kim,HTML & CSS,100,2024-10-21 05:27:58.373000
Rachel Brown,Data Cleaning & Preprocessing,100,2024-10-21 05:27:58.373000
Rachel Brown,Data Analysis with Pandas,100,2024-10-21 05:27:58.373000
Rachel Brown,Data Ethics,100,2024-10-21 05:27:58.373000
Rachel Brown,Data Analysis for Business Decisions,100,2024-10-21 05:27:58.373000
Rachel Brown,Data Visualization with Matplotlib,100,2024-10-21 05:27:58.373000
Rachel Brown,Ethereum Development,100,2024-10-21 05:27:58.373000
Rachel Brown,Change Management,100,2024-10-21 05:27:58.373000
Rachel Brown,Budgeting for Projects,100,2024-10-21 05:27:58.373000
Rachel Brown,Smart Contracts Development,100,2024-10-21 05:27:58.373000
Rachel Brown,Google Ads Fundamentals,100,2024-10-21 05:27:58.373000
Rachel Brown,Design Tools Overview,100,2024-10-21 05:27:58.373000
Rachel Brown,Understanding Financial Markets,100,2024-10-21 05:27:58.373000
William Frederick,Data Analysis with Pandas,100,2024-10-21 05:27:58.373000
William Frederick,Data Cleaning & Preprocessing,100,2024-10-21 05:27:58.373000
William Frederick,Data Ethics,100,2024-10-21 05:27:58.373000
William Frederick,Data Analysis for Business Decisions,100,2024-10-21 05:27:58.373000
William Frederick,Data Visualization with Matplotlib,100,2024-10-21 05:27:58.373000
William Frederick,Infrastructure as Code,100,2024-10-21 05:27:58.373000
William Frederick,Game Design Principles,100,2024-10-21 05:27:58.373000
William Frederick,Responsive Design Principles,100,2024-10-21 05:27:58.373000
William Frederick,User Research Techniques,100,2024-10-21 05:27:58.373000
William Frederick,Azure Basics,100,2024-10-21 05:27:58.373000
William Frederick,Introduction to Human Resources,100,2024-10-21 05:27:58.373000
William Frederick,API Development,100,2024-10-21 05:27:58.373000
William Frederick,Communication Skills for Project Managers,100,2024-10-21 05:27:58.373000
William Frederick,Unreal Engine Basics,100,2024-10-21 05:27:58.373000
William Frederick,Speech Recognition Technologies,100,2024-10-21 05:27:58.373000
Jacqueline Brown,Data Analysis for Business Decisions,100,2024-10-21 05:27:58.373000
Jacqueline Brown,Data Analysis with Pandas,100,2024-10-21 05:27:58.373000
Jacqueline Brown,Data Ethics,100,2024-10-21 05:27:58.373000
Jacqueline Brown,Data Visualization with Matplotlib,100,2024-10-21 05:27:58.373000
Jacqueline Brown,Data Cleaning & Preprocessing,100,2024-10-21 05:27:58.373000
Jacqueline Brown,Affiliate Marketing,100,2024-10-21 05:27:58.373000
Jacqueline Brown,Troubleshooting Techniques,100,2024-10-21 05:27:58.373000
Jacqueline Brown,API Integration in Mobile Apps,100,2024-10-21 05:27:58.373000
Jacqueline Brown,Security in Cloud Computing,100,2024-10-21 05:27:58.373000
Jacqueline Brown,Understanding Financial Markets,100,2024-10-21 05:27:58.373000
Jacqueline Brown,Change Management,100,2024-10-21 05:27:58.373000
Jacqueline Brown,Project Management Basics,100,2024-10-21 05:27:58.373000
Jacqueline Brown,Agile Methodologies,100,2024-10-21 05:27:58.373000
Jacqueline Brown,Corporate Finance Essentials,100,2024-10-21 05:27:58.373000
Marc Sanchez,Data Visualization with Matplotlib,100,2024-10-21 05:27:58.373000
Marc Sanchez,Data Ethics,100,2024-10-21 05:27:58.373000
Marc Sanchez,Data Analysis with Pandas,100,2024-10-21 05:27:58.373000
Marc Sanchez,Data Analysis for Business Decisions,100,2024-10-21 05:27:58.373000
Marc Sanchez,Data Cleaning & Preprocessing,100,2024-10-21 05:27:58.373000
Marc Sanchez,Serverless Architecture,100,2024-10-21 05:27:58.373000
Marc Sanchez,Content Marketing Strategies,100,2024-10-21 05:27:58.373000
Marc Sanchez,Configuration Management with Ansible,100,2024-10-21 05:27:58.373000
Marc Sanchez,Employee Engagement Techniques,100,2024-10-21 05:27:58.373000
Marc Sanchez,Progressive Web Apps (PWAs),100,2024-10-21 05:27:58.373000
Ariel Friedman,Data Cleaning & Preprocessing,100,2024-10-21 05:27:58.373000
Ariel Friedman,Data Analysis with Pandas,100,2024-10-21 05:27:58.373000
Ariel Friedman,Data Visualization with Matplotlib,100,2024-10-21 05:27:58.373000
Ariel Friedman,Data Ethics,100,2024-10-21 05:27:58.373000
Ariel Friedman,Data Analysis for Business Decisions,100,2024-10-21 05:27:58.373000
Ariel Friedman,Consensus Algorithms,100,2024-10-21 05:27:58.373000
Ariel Friedman,Game Design Principles,100,2024-10-21 05:27:58.373000
Ariel Friedman,Change Management Strategies,100,2024-10-21 05:27:58.373000
Ariel Friedman,Risk Management in Projects,100,2024-10-21 05:27:58.373000
Ariel Friedman,Risk Management in Finance,100,2024-10-21 05:27:58.373000
Ariel Friedman,Reinforcement Learning Techniques,100,2024-10-21 05:27:58.373000
Jamie King,Data Analysis with Pandas,100,2024-10-21 05:27:58.373000
Jamie King,Data Visualization with Matplotlib,100,2024-10-21 05:27:58.373000
Jamie King,Data Cleaning & Preprocessing,100,2024-10-21 05:27:58.373000
Jamie King,Data Analysis for Business Decisions,100,2024-10-21 05:27:58.373000
Jamie King,Data Ethics,100,2024-10-21 05:27:58.373000
Jamie King,Networking Basics,100,2024-10-21 05:27:58.373000
Jamie King,Statistical Analysis,100,2024-10-21 05:27:58.373000
Jamie King,Deployment & Hosting,100,2024-10-21 05:27:58.373000
Jamie King,Introduction to IT Support,100,2024-10-21 05:27:58.373000
Jamie King,Financial Planning and Forecasting,100,2024-10-21 05:27:58.373000
Jamie King,Usability Testing,100,2024-10-21 05:27:58.373000
Jamie King,SEO for Content Creators,100,2024-10-21 05:27:58.373000
Brian Gardner,Data Cleaning & Preprocessing,100,2024-10-21 05:27:58.373000
Brian Gardner,Data Analysis for Business Decisions,100,2024-10-21 05:27:58.373000
Brian Gardner,Data Ethics,100,2024-10-21 05:27:58.373000
Brian Gardner,Data Visualization with Matplotlib,100,2024-10-21 05:27:58.373000
Brian Gardner,Data Analysis with Pandas,100,2024-10-21 05:27:58.373000
Brian Gardner,Statistical Analysis,100,2024-10-21 05:27:58.373000
Brian Gardner,Risk Analysis and Management,100,2024-10-21 05:27:58.373000
Brian Gardner,Graphic Design Basics for Content,100,2024-10-21 05:27:58.373000
Brian Gardner,Content Strategy Development,100,2024-10-21 05:27:58.373000
Brian Gardner,Conversion Rate Optimization,100,2024-10-21 05:27:58.373000
Brian Gardner,Consensus Algorithms,100,2024-10-21 05:27:58.373000
Brian Gardner,Cryptocurrency Fundamentals,100,2024-10-21 05:27:58.373000
Brian Gardner,Introduction to Finance,100,2024-10-21 05:27:58.373000
Brian Gardner,JavaScript Frameworks Overview,100,2024-10-21 05:27:58.373000
Melissa Bullock,Data Analysis with Pandas,100,2024-10-21 05:27:58.373000
Melissa Bullock,Data Cleaning & Preprocessing,100,2024-10-21 05:27:58.373000
Melissa Bullock,Data Visualization with Matplotlib,100,2024-10-21 05:27:58.373000
Melissa Bullock,Data Ethics,100,2024-10-21 05:27:58.373000
Melissa Bullock,Data Analysis for Business Decisions,100,2024-10-21 05:27:58.373000
Melissa Bullock,DevOps in the Cloud,100,2024-10-21 05:27:58.373000
Melissa Bullock,Configuration Management with Ansible,100,2024-10-21 05:27:58.373000
Melissa Bullock,App Monetization Strategies,100,2024-10-21 05:27:58.373000
Melissa Bullock,Budgeting for Projects,100,2024-10-21 05:27:58.373000
Melissa Bullock,Customer Service Skills for IT,100,2024-10-21 05:27:58.373000
Melissa Bullock,Web Performance Optimization,100,2024-10-21 05:27:58.373000
Melissa Bullock,Ethical Hacking Basics,100,2024-10-21 05:27:58.373000
Melissa Bullock,Cryptography Basics,100,2024-10-21 05:27:58.373000
Christopher Gutierrez,Data Analysis for Business Decisions,100,2024-10-21 05:27:58.373000
Christopher Gutierrez,Data Cleaning & Preprocessing,100,2024-10-21 05:27:58.373000
Christopher Gutierrez,Data Analysis with Pandas,100,2024-10-21 05:27:58.373000
Christopher Gutierrez,Data Visualization with Matplotlib,100,2024-10-21 05:27:58.373000
Christopher Gutierrez,Data Ethics,100,2024-10-21 05:27:58.373000
Christopher Gutierrez,Introduction to Business Analysis,100,2024-10-21 05:27:58.373000
Christopher Gutierrez,Multiplayer Game Development,100,2024-10-21 05:27:58.373000
Christopher Gutierrez,Labor Laws and Compliance,100,2024-10-21 05:27:58.373000
Christopher Gutierrez,Unreal Engine Basics,100,2024-10-21 05:27:58.373000
Christopher Gutierrez,HR Technology Tools,100,2024-10-21 05:27:58.373000
Christopher Gutierrez,React,100,2024-10-21 05:27:58.373000
Christopher Gutierrez,Hardware Repair Skills,100,2024-10-21 05:27:58.373000
Christopher Gutierrez,Requirements Gathering Techniques,100,2024-10-21 05:27:58.373000
Christopher Gutierrez,Git & GitHub,100,2024-10-21 05:27:58.373000
Christopher Gutierrez,Performance Management Systems,100,2024-10-21 05:27:58.373000
Daniel Oconnor,Data Analysis with Pandas,100,2024-10-21 05:27:58.373000
Daniel Oconnor,Data Analysis for Business Decisions,100,2024-10-21 05:27:58.373000
Daniel Oconnor,Data Visualization with Matplotlib,100,2024-10-21 05:27:58.373000
Daniel Oconnor,Data Cleaning & Preprocessing,100,2024-10-21 05:27:58.373000
Daniel Oconnor,Introduction to Cloud Computing,100,2024-10-21 05:27:58.373000
Daniel Oconnor,SWOT Analysis for Business,100,2024-10-21 05:27:58.373000
Daniel Oconnor,Unreal Engine Basics,100,2024-10-21 05:27:58.373000
Daniel Oconnor,3D Game Development,100,2024-10-21 05:27:58.373000
Daniel Oconnor,Visual Design Basics,100,2024-10-21 05:27:58.373000
Daniel Oconnor,SEO Best Practices,100,2024-10-21 05:27:58.373000
Daniel Oconnor,Network Security Fundamentals,100,2024-10-21 05:27:58.373000
Daniel Oconnor,Labor Laws and Compliance,100,2024-10-21 05:27:58.373000
Daniel Oconnor,Mobile Testing Strategies,100,2024-10-21 05:27:58.373000
Daniel Oconnor,Brand Management Online,100,2024-10-21 05:27:58.373000
Daniel Oconnor,Supervised Learning,100,2024-10-21 05:27:58.373000
Matthew Morton,Data Ethics,100,2024-10-21 05:27:58.373000
Matthew Morton,Data Analysis with Pandas,100,2024-10-21 05:27:58.373000
Matthew Morton,Data Visualization with Matplotlib,100,2024-10-21 05:27:58.373000
Matthew Morton,Data Cleaning & Preprocessing,100,2024-10-21 05:27:58.373000
Matthew Morton,Version Control with Git,100,2024-10-21 05:27:58.373000
Matthew Morton,JavaScript Basics,100,2024-10-21 05:27:58.373000
Matthew Morton,Continuous Integration and Delivery,100,2024-10-21 05:27:58.373000
Matthew Morton,App Monetization Strategies,100,2024-10-21 05:27:58.373000
Matthew Morton,Risk Management in Cybersecurity,100,2024-10-21 05:27:58.373000
Matthew Morton,Graphic Design Basics for Content,100,2024-10-21 05:27:58.373000
Matthew Morton,Affiliate Marketing,100,2024-10-21 05:27:58.373000
Matthew Morton,MongoDB,100,2024-10-21 05:27:58.373000
Matthew Morton,Automating Cloud Deployments,100,2024-10-21 05:27:58.373000
Ashley Avila,Data Analysis for Business Decisions,100,2024-10-21 05:27:58.373000
Ashley Avila,Data Ethics,100,2024-10-21 05:27:58.373000
Ashley Avila,Data Visualization with Matplotlib,100,2024-10-21 05:27:58.373000
Ashley Avila,Data Analysis with Pandas,100,2024-10-21 05:27:58.373000
Ashley Avila,Data Cleaning & Preprocessing,100,2024-10-21 05:27:58.373000
Ashley Avila,Ethereum Development,100,2024-10-21 05:27:58.374000
Ashley Avila,Presentation Skills for Business Analysts,100,2024-10-21 05:27:58.374000
Ashley Avila,Deep Learning Fundamentals,100,2024-10-21 05:27:58.374000
Ashley Avila,Natural Language Processing Techniques,100,2024-10-21 05:27:58.374000
Ashley Avila,SEO Fundamentals,100,2024-10-21 05:27:58.374000
Ashley Avila,Cryptocurrency Fundamentals,100,2024-10-21 05:27:58.374000
Ashley Avila,Customer Service Excellence,100,2024-10-21 05:27:58.374000
Heather King,Data Ethics,100,2024-10-21 05:27:58.374000
Heather King,Data Analysis with Pandas,100,2024-10-21 05:27:58.374000
Heather King,Data Analysis for Business Decisions,100,2024-10-21 05:27:58.374000
Heather King,Data Visualization with Matplotlib,100,2024-10-21 05:27:58.374000
Heather King,Web Performance Optimization,100,2024-10-21 05:27:58.374000
Heather King,Stakeholder Management,100,2024-10-21 05:27:58.374000
Heather King,Google Ads Fundamentals,100,2024-10-21 05:27:58.374000
Heather King,Responsive Web Design,100,2024-10-21 05:27:58.374000
Heather King,Natural Language Processing,100,2024-10-21 05:27:58.374000
Heather King,Web Application Security,100,2024-10-21 05:27:58.374000
Heather King,Content Promotion Strategies,100,2024-10-21 05:27:58.374000
Heather King,Introduction to Cloud Computing,100,2024-10-21 05:27:58.374000
Heather King,Infrastructure as Code,100,2024-10-21 05:27:58.374000
Heather King,Building Customer Relationships,100,2024-10-21 05:27:58.374000
Heather King,Reinforcement Learning Techniques,100,2024-10-21 05:27:58.374000
Anna Nelson,Data Analysis for Business Decisions,100,2024-10-21 05:27:58.374000
Anna Nelson,Data Cleaning & Preprocessing,100,2024-10-21 05:27:58.374000
Anna Nelson,Data Analysis with Pandas,100,2024-10-21 05:27:58.374000
Anna Nelson,Data Ethics,100,2024-10-21 05:27:58.374000
Anna Nelson,Data Visualization with Matplotlib,100,2024-10-21 05:27:58.374000
Anna Nelson,Risk Analysis and Management,100,2024-10-21 05:27:58.374000
Anna Nelson,Continuous Integration and Delivery,100,2024-10-21 05:27:58.374000
Anna Nelson,AI in Robotics,100,2024-10-21 05:27:58.374000
Anna Nelson,Design Tools Overview,100,2024-10-21 05:27:58.374000
Anna Nelson,Computer Vision Basics,100,2024-10-21 05:27:58.374000
Anna Nelson,SEO for Content Creators,100,2024-10-21 05:27:58.374000
Anna Nelson,Financial Reporting Standards,100,2024-10-21 05:27:58.374000
Anna Nelson,MongoDB,100,2024-10-21 05:27:58.374000
Anna Nelson,3D Game Development,100,2024-10-21 05:27:58.374000
Anna Nelson,Diversity and Inclusion Initiatives,100,2024-10-21 05:27:58.374000
