User Name,Course Title,Quiz Score,Engagement Score,Assignment Grade,Overall Rating
Erik Gamble,Data Ethics,95.0,94,90,94
Erik Gamble,Data Analysis for Business Decisions,81.0,91,74,83
Erik Gamble,Data Visualization with Matplotlib,71.0,89,62,75
Erik Gamble,Data Analysis with Pandas,71.0,78,69,77
Erik Gamble,Data Cleaning & Preprocessing,98.0,90,71,88
Erik Gamble,Cryptocurrency Fundamentals,76.0,84,97,89
Erik Gamble,SWOT Analysis for Business,62.0,54,68,71
Erik Gamble,HR Technology Tools,67.0,87,72,77
Erik Gamble,Introduction to Machine Learning,82.0,63,65,78
Erik Gamble,Operating Systems Overview,65.0,94,65,75
Erik Gamble,AI for Business,85.0,52,93,88
Sarah Clark,Data Visualization with Matplotlib,81.0,81,75,83
Sarah Clark,Data Ethics,99.0,83,89,94
Sarah Clark,Data Cleaning & Preprocessing,84.0,65,85,86
Sarah Clark,Data Analysis with Pandas,75.0,83,64,77
Sarah Clark,Data Analysis for Business Decisions,50.0,85,73,72
Sarah Clark,Risk Management in Projects,60.0,100,71,76
Sarah Clark,Python for Data Science,79.0,54,72,78
Sarah Clark,Malware Analysis,57.0,57,100,81
Sarah Clark,Budgeting Basics,80.0,54,67,77
Sarah Clark,Game Monetization Strategies,82.0,97,83,87
Sarah Clark,Automating Cloud Deployments,66.0,94,92,85
Sarah Clark,Understanding Consumer Behavior,61.0,57,80,75
Sarah Clark,User Research Techniques,75.0,94,59,76
Kelly Baldwin,Data Ethics,81.0,81,89,88
Kelly Baldwin,Data Cleaning & Preprocessing,96.0,68,91,92
Kelly Baldwin,Data Analysis for Business Decisions,83.0,68,71,81
Kelly Baldwin,Data Visualization with Matplotlib,99.0,80,77,90
Kelly Baldwin,Reinforcement Learning,100.0,71,95,95
Kelly Baldwin,Networking Basics,64.0,73,59,70
Kelly Baldwin,Web Accessibility Standards,94.0,86,77,88
Kelly Baldwin,Web Application Security,81.0,91,76,84
Kelly Baldwin,Mobile App Design,88.0,98,91,92
Kelly Baldwin,Unsupervised Learning,91.0,98,81,90
Mia Andrews,Data Analysis for Business Decisions,90.0,83,53,78
Mia Andrews,Data Visualization with Matplotlib,97.0,66,72,86
Mia Andrews,Data Cleaning & Preprocessing,90.0,73,78,86
Mia Andrews,Data Analysis with Pandas,90.0,59,55,77
Mia Andrews,AI for Business,83.0,87,73,83
Mia Andrews,Financial Analysis Techniques,79.0,57,78,81
Mia Andrews,Digital Sales Techniques,81.0,79,91,88
Mia Andrews,Big Data with Spark,55.0,58,73,71
Mia Andrews,React,96.0,53,100,94
Mia Andrews,Visual Design Basics,53.0,55,83,73
Andrea Smith,Data Ethics,65.0,57,86,79
Andrea Smith,Data Visualization with Matplotlib,68.0,86,68,76
Andrea Smith,Data Cleaning & Preprocessing,70.0,89,62,75
Andrea Smith,Data Analysis for Business Decisions,75.0,64,65,75
Andrea Smith,Data Analysis with Pandas,68.0,61,93,82
Andrea Smith,Big Data with Spark,82.0,94,75,84
Andrea Smith,Deep Learning Fundamentals,74.0,87,93,87
Andrea Smith,Digital Sales Techniques,52.0,75,100,81
Andrea Smith,Machine Learning Basics,73.0,81,73,79
Andrea Smith,Sales Analytics,60.0,77,92,81
Andrea Smith,Blockchain Use Cases,83.0,83,60,78
Andrea Smith,Customer Service Skills for IT,89.0,99,68,85
Mitchell Thomas,Data Visualization with Matplotlib,65.0,59,85,78
Mitchell Thomas,Data Analysis with Pandas,80.0,68,99,89
Mitchell Thomas,Data Cleaning & Preprocessing,53.0,92,58,68
Mitchell Thomas,Data Analysis for Business Decisions,74.0,54,60,72
Mitchell Thomas,Vulnerability Assessment,69.0,92,95,87
Mitchell Thomas,Design Thinking Process,86.0,65,92,89
Mitchell Thomas,Infrastructure as Code,56.0,50,89,76
Mitchell Thomas,Presentation Skills for Business Analysts,99.0,86,86,93
Mitchell Thomas,API Development,94.0,68,85,89
Mitchell Thomas,Web Performance Optimization,92.0,64,90,90
Mitchell Thomas,Cross-Platform Development with Flutter,77.0,60,85,83
Mitchell Thomas,AI in Robotics,75.0,99,63,78
Mitchell Thomas,MongoDB,93.0,62,83,88
William Thompson,Data Analysis with Pandas,85.0,99,80,88
William Thompson,Data Visualization with Matplotlib,64.0,87,82,80
William Thompson,Data Ethics,59.0,74,72,73
William Thompson,Data Cleaning & Preprocessing,59.0,88,85,79
William Thompson,Data Analysis for Business Decisions,87.0,54,98,90
William Thompson,Introduction to Machine Learning,81.0,90,57,77
William Thompson,Employee Engagement Techniques,92.0,63,59,79
William Thompson,Smart Contracts Development,57.0,81,92,80
William Thompson,Version Control with Git,55.0,82,71,72
William Thompson,Requirements Gathering Techniques,56.0,74,68,71
William Thompson,Infrastructure as Code,94.0,54,80,86
William Thompson,AI in Healthcare,67.0,81,94,84
William Thompson,AI for Business,78.0,56,53,71
Frank Parker,Data Cleaning & Preprocessing,73.0,95,87,86
Frank Parker,Data Analysis for Business Decisions,85.0,82,61,79
Frank Parker,Data Analysis with Pandas,73.0,64,85,82
Frank Parker,Data Visualization with Matplotlib,65.0,59,51,66
Frank Parker,Data Ethics,52.0,88,72,72
Frank Parker,JavaScript Frameworks Overview,93.0,74,89,91
Frank Parker,Content Marketing Strategies,74.0,64,96,86
Frank Parker,Editing and Proofreading Techniques,87.0,60,65,79
Frank Parker,Decentralized Applications (DApps),76.0,70,86,84
Frank Parker,Labor Laws and Compliance,70.0,86,94,86
Frank Parker,Cloud Cost Management,82.0,72,65,79
Frank Parker,JavaScript Basics,91.0,90,63,83
Alicia Smith,Data Analysis for Business Decisions,94.0,56,78,86
Alicia Smith,Data Ethics,59.0,53,79,74
Alicia Smith,Data Visualization with Matplotlib,98.0,73,70,86
Alicia Smith,Data Cleaning & Preprocessing,84.0,98,78,86
Alicia Smith,Data Analysis with Pandas,98.0,86,82,92
Alicia Smith,Business Process Modeling,90.0,72,74,85
Alicia Smith,Labor Laws and Compliance,71.0,76,59,73
Alicia Smith,Game Design Principles,51.0,78,73,71
Alicia Smith,Negotiation Techniques,100.0,50,71,85
Alicia Smith,Corporate Finance Essentials,51.0,93,53,66
Alicia Smith,Interaction Design Principles,71.0,72,59,73
Alicia Smith,Node.js,91.0,89,93,93
Alicia Smith,Introduction to UI/UX Design,60.0,73,60,69
Robert Tran,Data Visualization with Matplotlib,76.0,82,77,82
Robert Tran,Data Ethics,72.0,69,56,72
Robert Tran,Data Cleaning & Preprocessing,66.0,80,89,82
Robert Tran,Data Analysis for Business Decisions,80.0,63,53,73
Robert Tran,Data Analysis with Pandas,72.0,83,94,86
Robert Tran,Game Monetization Strategies,93.0,79,71,85
Robert Tran,Ethical Hacking Basics,50.0,92,86,77
Robert Tran,Design Thinking Process,92.0,56,55,77
Robert Tran,Model Evaluation,72.0,81,59,74
Robert Tran,Communication Skills for Project Managers,95.0,99,75,89
Robert Tran,Virtual Reality Development,67.0,68,76,77
Robert Tran,Responsive Web Design,50.0,58,82,72
Robert Tran,Game Design Principles,58.0,84,87,79
Robert Tran,Talent Acquisition Strategies,62.0,91,53,69
David Levy,Data Ethics,63.0,81,61,71
David Levy,Data Analysis with Pandas,84.0,94,86,89
David Levy,Data Analysis for Business Decisions,50.0,100,81,76
David Levy,Data Visualization with Matplotlib,89.0,78,59,80
David Levy,Data Cleaning & Preprocessing,57.0,97,52,68
David Levy,Ethereum Development,90.0,98,62,83
David Levy,Git & GitHub,69.0,84,82,81
David Levy,RESTful Services,74.0,67,80,81
David Levy,Change Management Strategies,94.0,77,95,94
David Levy,Incident Response,62.0,72,87,79
Philip Evans,Data Cleaning & Preprocessing,72.0,98,84,84
Philip Evans,Data Ethics,93.0,66,99,94
Philip Evans,Data Analysis for Business Decisions,64.0,64,59,69
Philip Evans,Data Visualization with Matplotlib,76.0,56,62,74
Philip Evans,Data Analysis with Pandas,71.0,92,81,82
Philip Evans,Express.js,86.0,80,92,90
Philip Evans,App Monetization Strategies,88.0,82,67,82
Philip Evans,Consensus Algorithms,61.0,88,98,84
Philip Evans,Web Performance Optimization,92.0,62,59,79
Philip Evans,Content Strategy Development,71.0,50,54,69
Philip Evans,Game Testing Techniques,79.0,98,83,86
Philip Evans,Personal Finance Skills,51.0,95,56,67
Philip Evans,Vulnerability Assessment,93.0,81,88,91
Philip Evans,Digital Sales Techniques,52.0,89,94,80
Philip Evans,HR Analytics,78.0,69,97,88
Heather Bender,Data Analysis for Business Decisions,86.0,54,88,86
Heather Bender,Data Ethics,87.0,65,51,75
Heather Bender,Data Visualization with Matplotlib,62.0,79,73,75
Heather Bender,Data Analysis with Pandas,75.0,67,100,88
Heather Bender,Data Cleaning & Preprocessing,82.0,95,61,80
Heather Bender,Responsive Web Design,87.0,54,59,76
Heather Bender,Introduction to Machine Learning,66.0,94,85,82
Heather Bender,App Monetization Strategies,93.0,58,59,79
Heather Bender,SEO Best Practices,67.0,80,86,82
Heather Bender,Web Performance Optimization,62.0,52,74,73
Lisa Jones,Data Cleaning & Preprocessing,67.0,65,98,84
Lisa Jones,Data Visualization with Matplotlib,61.0,56,89,78
Lisa Jones,Data Analysis for Business Decisions,98.0,75,71,87
Lisa Jones,Data Ethics,58.0,93,82,78
Lisa Jones,Data Analysis with Pandas,98.0,90,54,82
Lisa Jones,Customer Service Skills for IT,54.0,82,95,80
Lisa Jones,Network Security Fundamentals,53.0,84,77,74
Lisa Jones,Deployment & Hosting,93.0,79,67,84
Lisa Jones,Express.js,60.0,55,56,66
Lisa Jones,Customer Service Excellence,99.0,59,70,85
Lisa Jones,AI in Robotics,55.0,87,51,66
Lisa Jones,React,55.0,54,67,68
Patricia Graves,Data Analysis for Business Decisions,95.0,77,96,95
Patricia Graves,Data Visualization with Matplotlib,60.0,75,70,73
Patricia Graves,Data Ethics,98.0,59,58,80
Patricia Graves,Data Analysis with Pandas,79.0,60,55,73
Patricia Graves,Data Cleaning & Preprocessing,92.0,85,61,82
Patricia Graves,Microservices in Cloud,80.0,74,82,84
Patricia Graves,Sales Analytics,82.0,53,51,72
Patricia Graves,Interaction Design Principles,98.0,88,67,87
Patricia Graves,Understanding Consumer Behavior,91.0,52,68,81
Patricia Graves,Brand Management Online,78.0,73,64,77
Patricia Graves,Analytics for Marketers,64.0,97,53,71
Cheryl Bishop,Data Analysis with Pandas,58.0,71,83,76
Cheryl Bishop,Data Ethics,86.0,88,88,90
Cheryl Bishop,Data Visualization with Matplotlib,94.0,81,71,86
Cheryl Bishop,Data Analysis for Business Decisions,61.0,85,76,76
Cheryl Bishop,Data Cleaning & Preprocessing,83.0,58,67,78
Cheryl Bishop,Game Design Principles,59.0,82,52,67
Cheryl Bishop,SWOT Analysis for Business,91.0,97,84,91
Cheryl Bishop,Conversion Rate Optimization,85.0,70,79,84
Cheryl Bishop,Introduction to Content Creation,85.0,57,78,83
Cheryl Bishop,Employee Engagement Techniques,95.0,58,77,86
Cheryl Bishop,Personal Finance Skills,74.0,79,58,74
Cheryl Bishop,Hardware Repair Skills,52.0,58,92,76
Cheryl Bishop,Infrastructure as Code,81.0,76,70,80
Cheryl Bishop,Predictive Analytics,72.0,94,50,72
Cheryl Bishop,SEO Best Practices,61.0,60,95,81
Rachel Jones,Data Visualization with Matplotlib,52.0,66,85,75
Rachel Jones,Data Ethics,100.0,98,81,93
Rachel Jones,Data Analysis for Business Decisions,55.0,70,82,75
Rachel Jones,Data Cleaning & Preprocessing,99.0,63,76,88
Rachel Jones,Data Analysis with Pandas,95.0,95,82,91
Rachel Jones,Social Media Marketing,70.0,79,54,71
Rachel Jones,Conflict Resolution in HR,53.0,64,76,72
Rachel Jones,Introduction to Cloud Computing,85.0,65,55,76
Rachel Jones,Predictive Analytics,95.0,82,93,94
Rachel Jones,API Development,59.0,58,80,74
Rachel Jones,Social Media Content Creation,78.0,83,72,81
Rachel Jones,Financial Reporting Standards,50.0,94,63,69
Joseph Sexton,Data Analysis for Business Decisions,70.0,57,83,79
Joseph Sexton,Data Analysis with Pandas,64.0,57,75,74
Joseph Sexton,Data Visualization with Matplotlib,57.0,87,52,67
Joseph Sexton,Data Cleaning & Preprocessing,95.0,59,58,79
Joseph Sexton,Data Ethics,94.0,51,94,91
Joseph Sexton,Social Media Marketing,58.0,87,98,83
Joseph Sexton,Introduction to Business Analysis,92.0,90,79,89
Joseph Sexton,Introduction to Game Development,91.0,63,87,89
Joseph Sexton,Corporate Finance Essentials,67.0,99,70,78
Joseph Sexton,Content Marketing Strategies,71.0,68,86,82
Joseph Sexton,Graphic Design Basics for Content,87.0,92,61,81
Joseph Sexton,DevOps in the Cloud,50.0,56,69,67
Joseph Sexton,Git & GitHub,70.0,87,86,83
Joseph Sexton,Cryptography Basics,100.0,60,56,81
Valerie Ayala,Data Ethics,59.0,55,73,72
Valerie Ayala,Data Analysis for Business Decisions,76.0,62,98,87
Valerie Ayala,Data Cleaning & Preprocessing,60.0,63,62,69
Valerie Ayala,Data Analysis with Pandas,95.0,88,50,80
Valerie Ayala,Data Visualization with Matplotlib,67.0,60,81,78
Valerie Ayala,Cryptography Basics,67.0,100,97,87
Valerie Ayala,Risk Management in Cybersecurity,82.0,99,66,82
Valerie Ayala,Blockchain Security,83.0,70,50,74
Valerie Ayala,Podcasting Fundamentals,88.0,86,77,86
Valerie Ayala,3D Game Development,94.0,97,94,96
Valerie Ayala,Sales Analytics,86.0,59,53,75
Valerie Ayala,Talent Acquisition Strategies,59.0,73,90,79
Valerie Ayala,Risk Management in Projects,64.0,66,50,66
Frank Green,Data Cleaning & Preprocessing,82.0,91,67,81
Frank Green,Data Analysis for Business Decisions,75.0,53,58,72
Frank Green,Data Visualization with Matplotlib,81.0,100,78,86
Frank Green,Data Analysis with Pandas,84.0,50,69,79
Frank Green,Data Ethics,60.0,65,83,77
Frank Green,Visual Design Basics,78.0,82,89,87
Frank Green,Labor Laws and Compliance,85.0,55,69,79
Frank Green,Deep Learning with TensorFlow,76.0,52,93,84
Frank Green,Training and Development,52.0,87,60,68
Frank Green,HR Technology Tools,86.0,71,80,85
Frank Green,Reinforcement Learning Techniques,92.0,69,76,86
Frank Green,Reinforcement Learning,63.0,91,88,82
Frank Green,Introduction to IT Support,100.0,90,83,93
Frank Green,Collaboration Tools in DevOps,63.0,53,95,81
Frank Green,Email Marketing Basics,76.0,55,60,73
Alexis Pugh,Data Analysis for Business Decisions,85.0,59,77,83
Alexis Pugh,Data Ethics,76.0,90,91,87
Alexis Pugh,Data Analysis with Pandas,94.0,75,57,80
Alexis Pugh,Data Visualization with Matplotlib,76.0,68,71,78
Alexis Pugh,Data Cleaning & Preprocessing,53.0,57,80,72
Alexis Pugh,Presentation Skills for Sales,91.0,81,55,79
Alexis Pugh,Container Orchestration with Kubernetes,73.0,86,53,73
Alexis Pugh,Project Scheduling Techniques,62.0,62,86,78
Alexis Pugh,Introduction to Cloud Computing,73.0,82,82,82
Alexis Pugh,AWS Fundamentals,53.0,70,56,65
Alexis Pugh,MongoDB,64.0,57,99,83
Alexis Pugh,Editing and Proofreading Techniques,97.0,85,50,80
Alexis Pugh,AI in IoT,71.0,79,64,75
Alexis Pugh,Influencer Marketing,65.0,53,50,66
Alexis Pugh,AI in Robotics,76.0,72,76,80
Manuel Boyle,Data Visualization with Matplotlib,77.0,76,64,77
Manuel Boyle,Data Ethics,76.0,82,93,87
Manuel Boyle,Data Analysis with Pandas,93.0,62,94,92
Manuel Boyle,Data Cleaning & Preprocessing,85.0,97,95,93
Manuel Boyle,Data Analysis for Business Decisions,87.0,51,95,89
Manuel Boyle,Change Management,93.0,80,99,95
Manuel Boyle,Brand Management Online,61.0,70,76,75
Manuel Boyle,Usability Testing,97.0,59,54,79
Manuel Boyle,Agile Project Management,73.0,83,85,84
Manuel Boyle,2D Game Development,65.0,98,90,84
Manuel Boyle,Talent Acquisition Strategies,74.0,69,74,79
Ashley Moore,Data Analysis with Pandas,88.0,98,84,90
Ashley Moore,Data Cleaning & Preprocessing,57.0,86,71,73
Ashley Moore,Data Ethics,80.0,96,54,76
Ashley Moore,Data Visualization with Matplotlib,95.0,91,81,91
Ashley Moore,Data Analysis for Business Decisions,82.0,62,73,80
Ashley Moore,Collaboration Tools in DevOps,88.0,93,61,81
Ashley Moore,Publishing Mobile Apps,100.0,70,58,82
Ashley Moore,Virtual Reality Development,78.0,58,52,71
Ashley Moore,Ethics in AI,89.0,86,85,89
Ashley Moore,Digital Sales Techniques,74.0,51,66,74
Steven Miller,Data Ethics,53.0,87,81,76
Steven Miller,Data Analysis for Business Decisions,98.0,50,52,78
Steven Miller,Data Analysis with Pandas,69.0,87,87,83
Steven Miller,Data Visualization with Matplotlib,86.0,79,93,91
Steven Miller,Data Cleaning & Preprocessing,85.0,57,57,75
Steven Miller,Email Marketing Basics,91.0,61,98,92
Steven Miller,Version Control with Git,93.0,86,85,91
Steven Miller,Infrastructure as Code,51.0,74,59,66
Steven Miller,Progressive Web Apps (PWAs),91.0,70,82,88
Steven Miller,Agile Methodologies,64.0,53,73,73
Steven Miller,Requirements Gathering Techniques,84.0,98,66,82
Steven Miller,Introduction to UI/UX Design,76.0,94,82,85
Teresa Gonzalez,Data Visualization with Matplotlib,57.0,92,50,67
Teresa Gonzalez,Data Analysis for Business Decisions,65.0,68,92,82
Teresa Gonzalez,Data Analysis with Pandas,78.0,85,95,89
Teresa Gonzalez,Data Ethics,93.0,68,79,87
Teresa Gonzalez,Data Cleaning & Preprocessing,93.0,93,92,94
Teresa Gonzalez,Introduction to UI/UX Design,82.0,74,93,89
Teresa Gonzalez,Project Scheduling Techniques,97.0,100,98,98
Teresa Gonzalez,Ethics in AI,84.0,54,51,73
Teresa Gonzalez,HR Analytics,95.0,54,98,93
Teresa Gonzalez,Computer Vision Basics,77.0,85,85,85
Teresa Gonzalez,Network Security Fundamentals,70.0,86,97,87
Justin Ross,Data Ethics,65.0,86,85,81
Justin Ross,Data Cleaning & Preprocessing,72.0,92,57,74
Justin Ross,Data Analysis with Pandas,99.0,88,72,89
Justin Ross,Data Analysis for Business Decisions,96.0,81,80,90
Justin Ross,Data Visualization with Matplotlib,67.0,69,78,78
Justin Ross,Cryptocurrency Fundamentals,69.0,95,79,81
Justin Ross,Social Media Marketing,84.0,77,90,89
Justin Ross,iOS Development Basics,76.0,70,71,78
Justin Ross,Introduction to IT Support,79.0,68,73,80
Justin Ross,Influencer Marketing,94.0,61,69,83
Justin Ross,Personal Finance Skills,84.0,92,99,93
Justin Ross,Mobile App Design,66.0,52,56,68
Justin Ross,Model Evaluation,65.0,75,82,79
Justin Ross,Express.js,78.0,89,84,86
Justin Ross,Quality Management,68.0,89,70,77
Johnny Sullivan,Data Ethics,83.0,97,92,91
Johnny Sullivan,Data Analysis with Pandas,67.0,68,92,82
Johnny Sullivan,Data Visualization with Matplotlib,97.0,69,83,90
Johnny Sullivan,Data Analysis for Business Decisions,53.0,86,68,71
Johnny Sullivan,Data Cleaning & Preprocessing,56.0,90,61,70
Johnny Sullivan,Financial Analysis Techniques,69.0,67,79,78
Johnny Sullivan,HR Technology Tools,81.0,68,68,79
Johnny Sullivan,API Development,83.0,84,58,78
Johnny Sullivan,Ethical Hacking Basics,74.0,67,64,75
Johnny Sullivan,Responsive Web Design,57.0,66,73,72
Johnny Sullivan,Troubleshooting Techniques,95.0,78,73,87
Alicia Short,Data Analysis with Pandas,54.0,89,75,74
Alicia Short,Data Ethics,52.0,52,54,62
Alicia Short,Data Cleaning & Preprocessing,81.0,81,75,83
Alicia Short,Data Analysis for Business Decisions,88.0,70,66,81
Alicia Short,Data Visualization with Matplotlib,72.0,50,58,70
Alicia Short,Understanding Financial Markets,86.0,81,96,92
Alicia Short,Wireframing and Prototyping,51.0,51,80,71
Alicia Short,Reinforcement Learning Techniques,98.0,53,61,81
Alicia Short,ITIL Foundations,93.0,87,79,89
Alicia Short,Editing and Proofreading Techniques,69.0,99,75,80
Alicia Short,Time Series Analysis,52.0,81,51,64
Alex Thompson,Data Ethics,61.0,75,99,84
Alex Thompson,Data Visualization with Matplotlib,50.0,74,87,75
Alex Thompson,Data Analysis for Business Decisions,76.0,58,54,71
Alex Thompson,Data Analysis with Pandas,85.0,65,61,78
Alex Thompson,Data Cleaning & Preprocessing,94.0,74,93,93
Alex Thompson,AI in Healthcare,66.0,68,91,82
Alex Thompson,Blockchain Use Cases,56.0,75,60,68
Alex Thompson,Usability Testing,50.0,70,96,78
Alex Thompson,Remote Support Techniques,96.0,100,91,95
Alex Thompson,Business Case Development,55.0,99,63,71
Steve Montoya,Data Visualization with Matplotlib,63.0,51,65,70
Steve Montoya,Data Analysis with Pandas,63.0,50,85,77
Steve Montoya,Data Analysis for Business Decisions,68.0,74,63,73
Steve Montoya,Data Ethics,91.0,87,69,85
Steve Montoya,Data Cleaning & Preprocessing,52.0,81,76,73
Steve Montoya,DevOps in the Cloud,55.0,66,93,78
Steve Montoya,Closing Sales Strategies,80.0,59,82,83
Steve Montoya,Sales Fundamentals,91.0,69,55,78
Steve Montoya,Visual Design Basics,59.0,87,54,68
Steve Montoya,MongoDB,100.0,58,69,85
Steve Montoya,Blockchain Security,89.0,72,80,86
Steve Montoya,Google Ads Fundamentals,73.0,67,73,78
Jesse Cruz,Data Visualization with Matplotlib,54.0,70,83,75
Jesse Cruz,Data Ethics,91.0,57,64,80
Jesse Cruz,Data Analysis with Pandas,59.0,64,70,72
Jesse Cruz,Data Cleaning & Preprocessing,59.0,54,51,64
Jesse Cruz,Data Analysis for Business Decisions,82.0,59,64,77
Jesse Cruz,Decentralized Applications (DApps),60.0,55,56,66
Jesse Cruz,API Integration in Mobile Apps,94.0,77,56,80
Jesse Cruz,Closing Sales Strategies,83.0,54,64,77
Jesse Cruz,Cloud Support Fundamentals,82.0,86,89,88
Jesse Cruz,Stakeholder Analysis,74.0,79,54,73
Jesse Cruz,Cryptocurrency Fundamentals,95.0,57,67,82
Jesse Cruz,Python for Data Science,99.0,97,91,96
Jesse Cruz,E-commerce Development Basics,70.0,50,86,80
Wanda Welch,Data Analysis with Pandas,75.0,90,63,77
Wanda Welch,Data Visualization with Matplotlib,51.0,86,93,79
Wanda Welch,Data Cleaning & Preprocessing,50.0,100,94,80
Wanda Welch,Data Ethics,69.0,100,90,86
Wanda Welch,Data Analysis for Business Decisions,82.0,64,53,74
Wanda Welch,Customer Service Skills for IT,100.0,75,87,93
Wanda Welch,Security Awareness for IT Support,96.0,94,98,97
Wanda Welch,Remote Support Techniques,77.0,70,88,85
Wanda Welch,Risk Analysis and Management,76.0,68,54,72
Wanda Welch,Podcasting Fundamentals,59.0,59,50,64
Wanda Welch,Version Control with Git,56.0,55,90,77
Wanda Welch,Presentation Skills for Sales,73.0,78,96,87
Wanda Welch,Project Scheduling Techniques,81.0,87,87,88
Stephanie Hanna,Data Ethics,94.0,83,98,95
Stephanie Hanna,Data Visualization with Matplotlib,60.0,64,81,76
Stephanie Hanna,Data Analysis with Pandas,88.0,52,76,83
Stephanie Hanna,Data Analysis for Business Decisions,55.0,100,71,74
Stephanie Hanna,Data Cleaning & Preprocessing,63.0,93,63,73
Stephanie Hanna,AI in Healthcare,65.0,78,67,74
Stephanie Hanna,Change Management Strategies,94.0,87,69,86
Stephanie Hanna,Responsive Web Design,90.0,59,95,91
Stephanie Hanna,Game Monetization Strategies,90.0,50,87,87
Stephanie Hanna,HTML & CSS,76.0,79,87,85
Stephanie Hanna,Network Security Fundamentals,71.0,54,91,82
Stephanie Hanna,Cloud Cost Management,58.0,74,79,75
Diamond Sims,Data Analysis with Pandas,54.0,56,54,63
Diamond Sims,Data Cleaning & Preprocessing,68.0,77,88,82
Diamond Sims,Data Visualization with Matplotlib,97.0,89,85,93
Diamond Sims,Data Ethics,77.0,53,91,84
Diamond Sims,Data Analysis for Business Decisions,72.0,79,77,80
Diamond Sims,Ethics in AI,90.0,69,62,80
Diamond Sims,Unreal Engine Basics,65.0,50,88,79
Diamond Sims,Hyperledger Basics,71.0,53,74,76
Diamond Sims,Google Cloud Platform Essentials,67.0,86,72,77
Diamond Sims,Negotiation Techniques,68.0,59,55,69
Seth Joseph,Data Cleaning & Preprocessing,61.0,57,74,73
Seth Joseph,Data Analysis with Pandas,72.0,93,77,81
Seth Joseph,Data Analysis for Business Decisions,83.0,71,89,87
Seth Joseph,Data Visualization with Matplotlib,78.0,97,93,90
Seth Joseph,Data Ethics,96.0,55,71,84
Seth Joseph,Predictive Analytics,54.0,70,60,67
Seth Joseph,ITIL Foundations,88.0,91,56,79
Seth Joseph,Talent Acquisition Strategies,81.0,82,66,80
Seth Joseph,Web Application Security,53.0,72,55,65
Seth Joseph,Game Testing Techniques,90.0,85,88,91
Seth Joseph,HTML & CSS,98.0,52,88,90
Seth Joseph,Time Series Analysis,90.0,67,88,89
Seth Joseph,Employee Engagement Techniques,88.0,84,57,79
Heather Evans,Data Visualization with Matplotlib,74.0,58,51,70
Heather Evans,Data Analysis for Business Decisions,87.0,94,69,84
Heather Evans,Data Analysis with Pandas,54.0,94,51,66
Heather Evans,Data Ethics,54.0,99,96,82
Heather Evans,Data Cleaning & Preprocessing,51.0,96,59,68
Heather Evans,Analytics for Marketers,60.0,74,100,83
Heather Evans,Ethical Hacking Basics,59.0,88,65,72
Heather Evans,Publishing Mobile Apps,96.0,81,50,79
Heather Evans,Hyperledger Basics,62.0,65,97,82
Heather Evans,Design Tools Overview,95.0,92,84,92
Heather Evans,Game Design Principles,100.0,95,61,86
Heather Evans,Infrastructure as Code,54.0,54,55,64
Heather Evans,Graphic Design Basics for Content,61.0,72,83,78
Heather Evans,HTML & CSS,87.0,91,96,93
Heather Evans,Big Data with Spark,68.0,74,52,69
Amy Green DDS,Data Visualization with Matplotlib,90.0,68,87,89
Amy Green DDS,Data Analysis for Business Decisions,99.0,79,70,87
Amy Green DDS,Data Cleaning & Preprocessing,94.0,95,83,91
Amy Green DDS,Data Analysis with Pandas,97.0,88,76,89
Amy Green DDS,Data Ethics,67.0,67,69,74
Amy Green DDS,App Monetization Strategies,83.0,80,58,77
Amy Green DDS,Web Performance Optimization,55.0,59,66,68
Amy Green DDS,Video Production Basics,60.0,93,57,70
Amy Green DDS,Mobile Testing Strategies,100.0,82,65,86
Amy Green DDS,Collaboration Tools in DevOps,76.0,84,69,79
Sierra Murphy,Data Cleaning & Preprocessing,100.0,75,74,88
Sierra Murphy,Data Visualization with Matplotlib,74.0,84,68,78
Sierra Murphy,Data Analysis with Pandas,68.0,70,64,73
Sierra Murphy,Data Analysis for Business Decisions,60.0,90,63,72
Sierra Murphy,Data Ethics,90.0,59,78,85
Sierra Murphy,Risk Management in Projects,65.0,57,55,68
Sierra Murphy,Predictive Analytics,67.0,90,74,78
Sierra Murphy,Requirements Gathering Techniques,78.0,60,90,85
Sierra Murphy,Troubleshooting Techniques,73.0,72,74,79
Sierra Murphy,Hyperledger Basics,59.0,94,50,68
Sierra Murphy,Labor Laws and Compliance,53.0,64,84,74
Sierra Murphy,Investing Fundamentals,62.0,66,81,77
Sierra Murphy,Personal Finance Skills,78.0,95,80,85
James Mills,Data Analysis with Pandas,66.0,63,96,83
James Mills,Data Analysis for Business Decisions,56.0,87,93,81
James Mills,Data Visualization with Matplotlib,52.0,53,84,73
James Mills,Data Ethics,64.0,84,71,76
James Mills,Configuration Management with Ansible,89.0,87,97,94
James Mills,Interaction Design Principles,70.0,53,67,73
James Mills,Serverless Architecture,97.0,74,81,90
James Mills,Progressive Web Apps (PWAs),66.0,60,100,84
James Mills,Backend Development Fundamentals,95.0,90,90,94
James Mills,Requirements Gathering Techniques,72.0,83,84,83
James Mills,Remote Support Techniques,73.0,99,84,85
James Mills,Natural Language Processing,63.0,74,81,78
James Mills,Cloud Security Best Practices,69.0,63,97,84
Joseph Gordon,Data Ethics,100.0,94,61,86
Joseph Gordon,Data Visualization with Matplotlib,92.0,99,75,88
Joseph Gordon,Data Cleaning & Preprocessing,77.0,88,83,85
Joseph Gordon,Data Analysis with Pandas,67.0,98,55,72
Joseph Gordon,Data Analysis for Business Decisions,99.0,96,70,89
Joseph Gordon,Digital Sales Techniques,66.0,78,87,81
Joseph Gordon,Ethereum Development,97.0,93,76,90
Joseph Gordon,Requirements Gathering Techniques,65.0,73,84,79
Joseph Gordon,Multiplayer Game Development,95.0,84,60,83
Joseph Gordon,Continuous Integration and Delivery,91.0,94,69,85
Robert Mclaughlin,Data Cleaning & Preprocessing,85.0,68,97,90
Robert Mclaughlin,Data Analysis for Business Decisions,82.0,93,73,84
Robert Mclaughlin,Data Visualization with Matplotlib,77.0,61,80,81
Robert Mclaughlin,Data Ethics,83.0,68,81,84
Robert Mclaughlin,Data Analysis with Pandas,70.0,67,52,69
Robert Mclaughlin,Time Series Analysis,77.0,94,53,75
Robert Mclaughlin,Budgeting for Projects,85.0,93,85,89
Robert Mclaughlin,ITIL Foundations,83.0,78,60,78
Robert Mclaughlin,Training and Development,70.0,86,81,81
Robert Mclaughlin,Introduction to Human Resources,85.0,76,93,90
Robert Mclaughlin,Hardware Repair Skills,56.0,97,52,68
Robert Mclaughlin,SEO for Content Creators,67.0,69,85,80
Justin Reynolds,Data Visualization with Matplotlib,58.0,94,79,77
Justin Reynolds,Data Analysis with Pandas,96.0,54,78,86
Justin Reynolds,Data Analysis for Business Decisions,59.0,53,96,80
Justin Reynolds,Data Ethics,85.0,100,75,86
Justin Reynolds,Data Cleaning & Preprocessing,71.0,84,81,82
Justin Reynolds,SEO for Content Creators,59.0,78,90,80
Justin Reynolds,Big Data with Spark,93.0,95,67,86
Justin Reynolds,Networking Basics,55.0,80,80,75
Justin Reynolds,Change Management,83.0,58,92,87
Justin Reynolds,Cloud Security Best Practices,75.0,88,97,89
Justin Reynolds,Speech Recognition Technologies,55.0,73,94,79
Justin Reynolds,Computer Vision Applications,94.0,59,90,90
Justin Reynolds,Diversity and Inclusion Initiatives,56.0,93,93,81
Justin Reynolds,Budgeting for Projects,89.0,100,55,80
Michael Turner,Data Analysis for Business Decisions,71.0,78,96,86
Michael Turner,Data Visualization with Matplotlib,79.0,86,98,91
Michael Turner,Data Cleaning & Preprocessing,73.0,72,61,74
Michael Turner,Data Ethics,68.0,95,83,82
Michael Turner,Data Analysis with Pandas,70.0,51,95,83
Michael Turner,Graphic Design Basics for Content,97.0,68,57,81
Michael Turner,Deployment of ML Models,54.0,94,59,69
Michael Turner,Presentation Skills for Business Analysts,59.0,76,53,67
Michael Turner,Ethical Hacking Basics,60.0,98,64,73
Michael Turner,SEO Fundamentals,87.0,71,77,84
Michael Turner,Introduction to Cloud Computing,99.0,83,100,98
Michael Turner,Employee Engagement Techniques,66.0,66,62,71
Michael Turner,Introduction to UI/UX Design,74.0,74,67,77
Michael Turner,HR Technology Tools,78.0,60,58,74
Michael Turner,Visual Design Basics,68.0,76,86,81
Crystal Wilson,Data Ethics,63.0,70,84,78
Crystal Wilson,Data Visualization with Matplotlib,67.0,67,56,70
Crystal Wilson,Data Analysis with Pandas,53.0,94,86,78
Crystal Wilson,Data Analysis for Business Decisions,78.0,50,83,81
Crystal Wilson,Data Cleaning & Preprocessing,92.0,58,92,90
Crystal Wilson,SEO Best Practices,74.0,96,73,81
Crystal Wilson,User Interface Design for Mobile Apps,96.0,71,54,80
Crystal Wilson,Statistical Analysis,54.0,52,99,79
Crystal Wilson,HTML & CSS,94.0,79,81,89
Crystal Wilson,Azure Basics,52.0,93,91,79
Crystal Wilson,AI for Business,72.0,90,69,78
Crystal Wilson,Usability Testing,70.0,99,63,76
Crystal Wilson,Ethics in AI,96.0,86,55,81
Seth Stokes,Data Cleaning & Preprocessing,93.0,72,85,90
Seth Stokes,Data Visualization with Matplotlib,84.0,87,62,80
Seth Stokes,Data Analysis with Pandas,96.0,94,60,84
Seth Stokes,Data Analysis for Business Decisions,95.0,76,87,91
Seth Stokes,Machine Learning Basics,99.0,81,74,89
Seth Stokes,Business Process Modeling,69.0,63,93,83
Seth Stokes,Communication Skills for Project Managers,78.0,80,53,74
Seth Stokes,Understanding Financial Markets,54.0,54,59,65
Seth Stokes,2D Game Development,50.0,81,72,71
Seth Stokes,Presentation Skills for Business Analysts,52.0,60,75,70
Seth Stokes,Natural Language Processing,64.0,94,58,72
John Wilcox,Data Analysis with Pandas,57.0,74,98,82
John Wilcox,Data Analysis for Business Decisions,81.0,90,62,79
John Wilcox,Data Cleaning & Preprocessing,69.0,70,65,74
John Wilcox,Data Ethics,69.0,68,57,71
John Wilcox,Data Visualization with Matplotlib,66.0,94,70,77
John Wilcox,Natural Language Processing,72.0,84,95,87
John Wilcox,iOS Development Basics,63.0,76,98,84
John Wilcox,Hardware Repair Skills,91.0,83,77,87
John Wilcox,Blockchain Security,58.0,69,58,68
John Wilcox,Ethics in AI,97.0,79,70,86
John Wilcox,Cryptocurrency Fundamentals,69.0,72,89,82
John Wilcox,Mobile App Design,65.0,85,97,85
Keith Williams,Data Cleaning & Preprocessing,79.0,52,54,72
Keith Williams,Data Analysis for Business Decisions,64.0,83,98,85
Keith Williams,Data Ethics,51.0,56,62,65
Keith Williams,Data Analysis with Pandas,89.0,92,96,94
Keith Williams,Data Visualization with Matplotlib,89.0,80,78,86
Keith Williams,Configuration Management with Ansible,92.0,60,91,90
Keith Williams,Diversity and Inclusion Initiatives,69.0,80,88,83
Keith Williams,Ethereum Development,92.0,95,91,94
Keith Williams,Game Design Principles,52.0,99,85,78
Keith Williams,Talent Acquisition Strategies,90.0,99,80,89
Ivan James,Data Analysis with Pandas,99.0,57,65,83
Ivan James,Data Ethics,61.0,52,69,71
Ivan James,Data Visualization with Matplotlib,55.0,53,72,70
Ivan James,Data Analysis for Business Decisions,55.0,78,57,67
Ivan James,Data Cleaning & Preprocessing,75.0,96,66,79
Ivan James,SEO Fundamentals,56.0,86,68,72
Ivan James,Speech Recognition Technologies,81.0,78,52,74
Ivan James,Blockchain Use Cases,84.0,75,95,90
Ivan James,Corporate Finance Essentials,72.0,56,84,80
Ivan James,Tokenomics,94.0,85,70,86
Ivan James,Usability Testing,93.0,61,57,79
Ivan James,Stakeholder Management,72.0,68,87,82
Ivan James,Wireframing and Prototyping,64.0,61,60,70
Ivan James,Introduction to Machine Learning,57.0,71,81,75
Raven Fields,Data Cleaning & Preprocessing,70.0,55,87,80
Raven Fields,Data Analysis for Business Decisions,89.0,70,63,80
Raven Fields,Data Analysis with Pandas,75.0,74,57,74
Raven Fields,Data Visualization with Matplotlib,92.0,94,96,95
Raven Fields,Data Ethics,58.0,99,97,84
Raven Fields,Understanding Consumer Behavior,61.0,99,87,82
Raven Fields,Building Customer Relationships,56.0,73,95,80
Raven Fields,Diversity and Inclusion Initiatives,78.0,90,77,83
Raven Fields,Remote Support Techniques,87.0,59,65,79
Raven Fields,Introduction to Game Development,76.0,61,69,77
Raven Fields,Usability Testing,56.0,78,66,70
Raven Fields,Personal Finance Skills,66.0,61,51,67
Raven Fields,Project Scheduling Techniques,95.0,75,74,87
Raven Fields,Penetration Testing,83.0,76,60,78
Jamie Massey,Data Ethics,61.0,87,51,68
Jamie Massey,Data Visualization with Matplotlib,90.0,83,63,82
Jamie Massey,Data Analysis for Business Decisions,63.0,94,94,84
Jamie Massey,Data Analysis with Pandas,78.0,82,50,73
Jamie Massey,Data Cleaning & Preprocessing,90.0,80,55,79
Jamie Massey,Consensus Algorithms,70.0,64,73,76
Jamie Massey,Supervised Learning,82.0,87,69,82
Jamie Massey,Hyperledger Basics,56.0,62,74,72
Jamie Massey,Content Management Systems (CMS),63.0,90,73,77
Jamie Massey,Risk Management in Finance,85.0,62,60,77
Michael Webb,Data Analysis with Pandas,72.0,77,58,73
Michael Webb,Data Cleaning & Preprocessing,91.0,64,94,91
Michael Webb,Data Visualization with Matplotlib,64.0,98,64,75
Michael Webb,Data Analysis for Business Decisions,96.0,77,97,95
Michael Webb,Data Ethics,70.0,80,56,72
Michael Webb,AI in Healthcare,61.0,85,82,79
Michael Webb,Monitoring and Logging,83.0,97,93,91
Michael Webb,Deployment & Hosting,91.0,63,82,87
Michael Webb,DevOps in the Cloud,100.0,71,84,92
Michael Webb,Computer Vision Basics,83.0,55,75,81
Michael Webb,Performance Optimization for Mobile Apps,88.0,88,87,90
Theodore James,Data Analysis for Business Decisions,99.0,69,92,94
Theodore James,Data Ethics,65.0,78,69,75
Theodore James,Data Analysis with Pandas,83.0,67,96,89
Theodore James,Data Visualization with Matplotlib,66.0,66,85,79
Theodore James,Data Cleaning & Preprocessing,81.0,100,73,84
Theodore James,Remote Support Techniques,77.0,95,50,74
Theodore James,Git & GitHub,64.0,79,75,77
Theodore James,Vulnerability Assessment,76.0,62,63,75
Theodore James,Ethereum Development,96.0,82,71,87
Theodore James,Consensus Algorithms,66.0,77,53,69
Theodore James,Configuration Management with Ansible,80.0,93,50,75
Theodore James,Video Production Basics,70.0,79,88,83
Theodore James,Blockchain Use Cases,94.0,60,92,91
Theodore James,Content Strategy Development,97.0,89,88,94
Rhonda Myers,Data Analysis with Pandas,59.0,60,95,80
Rhonda Myers,Data Cleaning & Preprocessing,85.0,66,95,90
Rhonda Myers,Data Visualization with Matplotlib,89.0,92,89,92
Rhonda Myers,Data Ethics,95.0,57,69,83
Rhonda Myers,Data Analysis for Business Decisions,52.0,100,63,70
Rhonda Myers,Risk Management in Finance,56.0,96,84,79
Rhonda Myers,Express.js,61.0,94,82,79
Rhonda Myers,Version Control with Git,85.0,69,71,82
Rhonda Myers,Diversity and Inclusion Initiatives,88.0,69,95,91
Rhonda Myers,HTML & CSS,95.0,74,83,90
Rhonda Myers,Financial Planning and Forecasting,95.0,67,96,94
Rhonda Myers,Infrastructure as Code,64.0,52,70,72
Rhonda Myers,Introduction to Human Resources,53.0,87,95,80
Erika Russell,Data Ethics,68.0,58,85,79
Erika Russell,Data Cleaning & Preprocessing,100.0,83,67,87
Erika Russell,Data Analysis with Pandas,66.0,86,72,77
Erika Russell,Data Analysis for Business Decisions,77.0,100,91,89
Erika Russell,Data Visualization with Matplotlib,78.0,87,78,83
Erika Russell,Express.js,86.0,100,97,94
Erika Russell,Blockchain Use Cases,59.0,81,65,72
Erika Russell,Risk Management in Finance,52.0,69,87,76
Erika Russell,Requirements Gathering Techniques,79.0,81,82,84
Erika Russell,Business Case Development,76.0,89,92,88
Erika Russell,Change Management,74.0,91,93,88
Erika Russell,JavaScript Basics,66.0,96,90,84
Erika Russell,Introduction to Machine Learning,54.0,89,66,71
Erika Russell,E-commerce Development Basics,96.0,70,72,86
Erika Russell,Cryptography Basics,54.0,95,77,75
Dustin Booker,Data Visualization with Matplotlib,100.0,67,60,83
Dustin Booker,Data Analysis with Pandas,93.0,77,93,93
Dustin Booker,Data Cleaning & Preprocessing,67.0,62,100,85
Dustin Booker,Data Ethics,62.0,64,83,77
Dustin Booker,Data Analysis for Business Decisions,97.0,64,53,79
Dustin Booker,Requirements Gathering Techniques,76.0,89,89,87
Dustin Booker,Ethics in AI,87.0,91,78,87
Dustin Booker,Big Data with Spark,86.0,98,67,83
Dustin Booker,Risk Analysis and Management,96.0,82,54,81
Dustin Booker,Risk Management in Finance,94.0,95,98,97
Dustin Booker,Troubleshooting Techniques,70.0,89,73,79
Dustin Booker,Computer Vision Applications,94.0,80,70,85
Dustin Booker,Labor Laws and Compliance,78.0,64,85,83
Erin Anderson,Data Analysis with Pandas,96.0,61,83,89
Erin Anderson,Data Analysis for Business Decisions,61.0,95,50,68
Erin Anderson,Data Cleaning & Preprocessing,76.0,53,93,84
Erin Anderson,Data Visualization with Matplotlib,66.0,59,57,69
Erin Anderson,Data Ethics,62.0,60,52,66
Erin Anderson,Computer Vision Basics,66.0,57,60,70
Erin Anderson,2D Game Development,80.0,70,90,86
Erin Anderson,Sales Analytics,58.0,50,52,64
Erin Anderson,Stakeholder Management,59.0,65,82,76
Erin Anderson,Google Ads Fundamentals,100.0,92,93,97
Sandra Tran,Data Ethics,64.0,68,92,81
Sandra Tran,Data Visualization with Matplotlib,85.0,65,63,78
Sandra Tran,Data Analysis for Business Decisions,60.0,95,77,77
Sandra Tran,Data Cleaning & Preprocessing,65.0,96,53,71
Sandra Tran,Data Analysis with Pandas,92.0,87,86,91
Sandra Tran,Introduction to Game Development,76.0,85,71,80
Sandra Tran,Understanding Financial Markets,61.0,98,77,78
Sandra Tran,Corporate Finance Essentials,76.0,94,53,75
Sandra Tran,Microservices in Cloud,60.0,69,98,82
Sandra Tran,Introduction to DevOps,96.0,75,60,82
Sandra Tran,Publishing Mobile Apps,100.0,69,61,83
Sandra Tran,Performance Management Systems,62.0,70,59,69
Sandra Tran,Mobile App Security,93.0,100,70,87
Sandra Tran,Game Testing Techniques,70.0,75,52,70
Sandra Tran,Introduction to AI,100.0,69,64,84
Leslie Ruiz,Data Analysis with Pandas,85.0,87,91,90
Leslie Ruiz,Data Visualization with Matplotlib,95.0,50,83,87
Leslie Ruiz,Data Ethics,83.0,56,96,88
Leslie Ruiz,Data Analysis for Business Decisions,77.0,73,58,75
Leslie Ruiz,Data Cleaning & Preprocessing,68.0,96,89,85
Leslie Ruiz,Operating Systems Overview,59.0,90,85,79
Leslie Ruiz,Azure Basics,100.0,54,91,92
Leslie Ruiz,Understanding Financial Markets,56.0,100,91,81
Leslie Ruiz,Interaction Design Principles,89.0,53,57,76
Leslie Ruiz,Container Orchestration with Kubernetes,51.0,61,59,65
Leslie Ruiz,Introduction to Blockchain,67.0,87,71,77
Leslie Ruiz,Hyperledger Basics,63.0,87,91,83
Leslie Ruiz,Malware Analysis,82.0,61,87,85
Leslie Ruiz,Mobile App Design,65.0,99,68,76
Leslie Ruiz,Continuous Integration and Delivery,54.0,94,77,75
Rebecca Butler,Data Cleaning & Preprocessing,63.0,90,87,82
Rebecca Butler,Data Ethics,83.0,56,56,74
Rebecca Butler,Data Analysis with Pandas,84.0,55,86,85
Rebecca Butler,Data Analysis for Business Decisions,79.0,94,66,80
Rebecca Butler,Data Visualization with Matplotlib,77.0,91,61,77
Rebecca Butler,Time Series Analysis,53.0,84,96,81
Rebecca Butler,Web Accessibility Standards,63.0,83,79,78
Rebecca Butler,Decentralized Applications (DApps),68.0,57,69,74
Rebecca Butler,Introduction to Content Creation,77.0,59,74,79
Rebecca Butler,Cross-Platform Development with Flutter,99.0,89,72,89
Rebecca Butler,ITIL Foundations,93.0,99,99,97
Derek Smith,Data Ethics,57.0,91,51,67
Derek Smith,Data Cleaning & Preprocessing,82.0,73,50,74
Derek Smith,Data Analysis with Pandas,70.0,92,69,78
Derek Smith,Data Analysis for Business Decisions,91.0,67,98,93
Derek Smith,Data Visualization with Matplotlib,99.0,99,67,88
Derek Smith,Communication Skills for Project Managers,84.0,97,70,84
Derek Smith,Mobile App Security,73.0,100,87,86
Derek Smith,Diversity and Inclusion Initiatives,59.0,67,78,75
Derek Smith,Smart Contracts Development,83.0,97,84,88
Derek Smith,Container Orchestration with Kubernetes,51.0,71,88,76
Derek Smith,Building Customer Relationships,75.0,68,63,75
Derek Smith,Corporate Finance Essentials,96.0,81,57,82
Kevin Joseph,Data Ethics,50.0,86,76,73
Kevin Joseph,Data Visualization with Matplotlib,92.0,55,53,76
Kevin Joseph,Data Analysis with Pandas,69.0,82,90,84
Kevin Joseph,Data Analysis for Business Decisions,93.0,59,53,77
Kevin Joseph,Data Cleaning & Preprocessing,68.0,82,82,81
Kevin Joseph,Deployment of ML Models,82.0,98,82,87
Kevin Joseph,Budgeting Basics,56.0,73,62,69
Kevin Joseph,Requirements Gathering Techniques,95.0,55,68,83
Kevin Joseph,Introduction to Blockchain,94.0,79,80,89
Kevin Joseph,Introduction to Business Analysis,75.0,78,70,79
Kevin Joseph,API Development,90.0,54,68,81
Kevin Joseph,React,100.0,64,50,79
Kevin Joseph,Stakeholder Management,59.0,91,57,70
Kevin Joseph,Risk Management in Cybersecurity,56.0,90,98,83
Kevin Joseph,Game Testing Techniques,58.0,59,99,81
Nicole Howard,Data Analysis with Pandas,68.0,56,97,83
Nicole Howard,Data Analysis for Business Decisions,81.0,71,99,90
Nicole Howard,Data Visualization with Matplotlib,54.0,85,96,81
Nicole Howard,Data Ethics,58.0,87,85,79
Nicole Howard,Data Cleaning & Preprocessing,96.0,80,51,79
Nicole Howard,iOS Development Basics,90.0,57,61,79
Nicole Howard,2D Game Development,61.0,84,80,78
Nicole Howard,Express.js,99.0,78,84,92
Nicole Howard,Game Testing Techniques,69.0,54,75,76
Nicole Howard,Deep Learning Fundamentals,64.0,93,76,78
Nicole Howard,Ethical Hacking Basics,71.0,62,67,74
Nicole Howard,HTML & CSS,98.0,97,56,84
Cheryl Rojas,Data Analysis with Pandas,89.0,50,85,86
Cheryl Rojas,Data Ethics,82.0,86,54,76
Cheryl Rojas,Data Cleaning & Preprocessing,58.0,93,71,74
Cheryl Rojas,Data Analysis for Business Decisions,51.0,83,86,76
Cheryl Rojas,Data Visualization with Matplotlib,82.0,92,90,89
Cheryl Rojas,Social Media Marketing,63.0,77,87,80
Cheryl Rojas,Web Performance Optimization,53.0,54,79,72
Cheryl Rojas,Smart Contracts Development,70.0,50,80,78
Cheryl Rojas,Customer Service Skills for IT,62.0,69,82,77
Cheryl Rojas,Understanding Financial Markets,65.0,67,89,81
Cheryl Rojas,Automating Cloud Deployments,86.0,66,63,79
Cheryl Rojas,Mobile App Design,63.0,65,87,79
Cheryl Rojas,Cryptocurrency Fundamentals,70.0,96,94,87
Cheryl Rojas,Statistical Analysis,62.0,81,71,75
Richard Blair,Data Ethics,97.0,77,96,95
Richard Blair,Data Analysis with Pandas,87.0,100,56,80
Richard Blair,Data Cleaning & Preprocessing,60.0,54,89,78
Richard Blair,Data Analysis for Business Decisions,93.0,99,94,95
Richard Blair,Data Visualization with Matplotlib,87.0,99,53,79
Richard Blair,Change Management Strategies,88.0,73,83,87
Richard Blair,Content Strategy Development,50.0,80,65,68
Richard Blair,Cross-Platform Development with Flutter,65.0,81,89,82
Richard Blair,Change Management,77.0,56,99,87
Richard Blair,Understanding Financial Markets,52.0,74,91,77
Richard Blair,Vulnerability Assessment,78.0,56,80,81
Richard Blair,Social Media Content Creation,74.0,90,97,89
Sean Tucker,Data Analysis for Business Decisions,74.0,98,73,81
Sean Tucker,Data Ethics,100.0,56,70,85
Sean Tucker,Data Analysis with Pandas,74.0,57,96,85
Sean Tucker,Data Cleaning & Preprocessing,96.0,66,84,90
Sean Tucker,Data Visualization with Matplotlib,62.0,65,53,67
Sean Tucker,User Interface Design for Mobile Apps,56.0,57,77,72
Sean Tucker,3D Game Development,54.0,59,78,72
Sean Tucker,Security in Cloud Computing,64.0,89,53,70
Sean Tucker,Unsupervised Learning,67.0,100,76,80
Sean Tucker,Hardware Repair Skills,58.0,67,91,79
Sean Tucker,Introduction to Machine Learning,62.0,53,72,72
Jeremy Martin,Data Analysis for Business Decisions,91.0,95,84,91
Jeremy Martin,Data Analysis with Pandas,84.0,70,91,88
Jeremy Martin,Data Cleaning & Preprocessing,59.0,63,67,70
Jeremy Martin,Data Ethics,94.0,61,55,78
Jeremy Martin,Data Visualization with Matplotlib,70.0,95,64,76
Jeremy Martin,Deployment of ML Models,87.0,53,71,81
Jeremy Martin,Version Control with Git,51.0,79,86,76
Jeremy Martin,Configuration Management with Ansible,64.0,84,78,78
Jeremy Martin,Frontend Development Basics,66.0,97,93,85
Jeremy Martin,Network Security Fundamentals,94.0,83,73,87
Aaron Johnson,Data Ethics,70.0,61,69,75
Aaron Johnson,Data Visualization with Matplotlib,90.0,95,71,86
Aaron Johnson,Data Analysis for Business Decisions,74.0,60,62,74
Aaron Johnson,Data Analysis with Pandas,95.0,88,76,89
Aaron Johnson,Data Cleaning & Preprocessing,66.0,89,80,80
Aaron Johnson,Microservices in Cloud,98.0,91,91,95
Aaron Johnson,Building Customer Relationships,79.0,82,57,76
Aaron Johnson,Negotiation Techniques,92.0,98,64,84
Aaron Johnson,React,79.0,87,87,87
Aaron Johnson,Reinforcement Learning,58.0,61,94,79
Aaron Johnson,Talent Acquisition Strategies,56.0,71,82,75
Alice Gibson,Data Analysis for Business Decisions,78.0,91,93,89
Alice Gibson,Data Analysis with Pandas,64.0,79,78,78
Alice Gibson,Data Ethics,76.0,83,61,76
Alice Gibson,Data Visualization with Matplotlib,51.0,70,96,78
Alice Gibson,Data Cleaning & Preprocessing,81.0,59,85,84
Alice Gibson,Git & GitHub,72.0,73,84,82
Alice Gibson,SEO Best Practices,80.0,90,64,79
Alice Gibson,Automating Cloud Deployments,84.0,92,91,90
Alice Gibson,React,51.0,78,70,70
Alice Gibson,SEO Fundamentals,86.0,73,51,75
Jennifer Ward,Data Analysis for Business Decisions,82.0,54,60,75
Jennifer Ward,Data Ethics,82.0,64,84,84
Jennifer Ward,Data Visualization with Matplotlib,85.0,90,62,80
Jennifer Ward,Data Analysis with Pandas,62.0,58,79,75
Jennifer Ward,Data Cleaning & Preprocessing,75.0,76,75,80
Jennifer Ward,Personal Finance Skills,59.0,66,71,72
Jennifer Ward,MongoDB,57.0,80,82,77
Jennifer Ward,Understanding Financial Markets,87.0,53,96,89
Jennifer Ward,Performance Management Systems,90.0,57,76,84
Jennifer Ward,Reinforcement Learning Techniques,77.0,74,76,81
Jennifer Ward,AI for Business,64.0,87,97,85
Brad Barrett,Data Analysis with Pandas,99.0,98,84,94
Brad Barrett,Data Visualization with Matplotlib,89.0,88,80,88
Brad Barrett,Data Analysis for Business Decisions,64.0,60,68,72
Brad Barrett,Data Ethics,89.0,85,63,82
Brad Barrett,Data Cleaning & Preprocessing,74.0,80,53,72
Brad Barrett,Content Management Systems (CMS),78.0,66,92,86
Brad Barrett,Financial Reporting Standards,81.0,54,72,79
Brad Barrett,Building Customer Relationships,90.0,84,78,87
Brad Barrett,Game Testing Techniques,53.0,69,63,68
Brad Barrett,Network Security Fundamentals,98.0,67,100,96
Brad Barrett,Publishing Mobile Apps,63.0,76,65,72
Brad Barrett,Digital Sales Techniques,86.0,56,98,90
Whitney Howell,Data Cleaning & Preprocessing,100.0,89,99,99
Whitney Howell,Data Analysis with Pandas,89.0,84,83,89
Whitney Howell,Data Visualization with Matplotlib,50.0,50,53,61
Whitney Howell,Data Ethics,69.0,85,95,86
Whitney Howell,Data Analysis for Business Decisions,62.0,73,77,76
Whitney Howell,Ethics in AI,94.0,92,96,96
Whitney Howell,Supervised Learning,71.0,66,56,71
Whitney Howell,React,99.0,70,50,79
Whitney Howell,Financial Planning and Forecasting,55.0,82,89,79
Whitney Howell,JavaScript Basics,75.0,90,86,85
Whitney Howell,Content Management Systems (CMS),88.0,59,70,81
Whitney Howell,HTML & CSS,63.0,54,93,80
Cathy Gonzalez,Data Visualization with Matplotlib,92.0,59,87,89
Cathy Gonzalez,Data Analysis for Business Decisions,92.0,86,74,87
Cathy Gonzalez,Data Analysis with Pandas,81.0,53,50,71
Cathy Gonzalez,Data Cleaning & Preprocessing,77.0,100,95,90
Cathy Gonzalez,Data Ethics,70.0,77,64,75
Cathy Gonzalez,Collaboration Tools in DevOps,82.0,90,76,84
Cathy Gonzalez,Introduction to Human Resources,100.0,54,87,91
Cathy Gonzalez,Game Monetization Strategies,96.0,89,93,95
Cathy Gonzalez,Video Production Basics,92.0,92,83,90
Cathy Gonzalez,Communication Skills for Project Managers,87.0,58,85,86
Brian Kirby,Data Analysis for Business Decisions,53.0,67,71,70
Brian Kirby,Data Analysis with Pandas,85.0,54,94,88
Brian Kirby,Data Cleaning & Preprocessing,88.0,50,82,84
Brian Kirby,Data Visualization with Matplotlib,52.0,76,89,77
Brian Kirby,Data Ethics,61.0,63,97,82
Brian Kirby,AI in Robotics,88.0,58,86,87
Brian Kirby,Agile Project Management,72.0,70,87,83
Brian Kirby,Game Testing Techniques,71.0,55,92,83
Brian Kirby,SEO Fundamentals,80.0,76,63,78
Brian Kirby,Reinforcement Learning Techniques,62.0,81,60,71
Brian Kirby,Content Management Systems (CMS),59.0,83,83,78
Brian Kirby,Unsupervised Learning,79.0,66,99,89
Brian Kirby,Security Awareness for IT Support,97.0,52,53,78
Samuel Henry,Data Analysis with Pandas,93.0,52,71,83
Samuel Henry,Data Analysis for Business Decisions,88.0,95,69,84
Samuel Henry,Data Ethics,95.0,69,84,90
Samuel Henry,Data Visualization with Matplotlib,98.0,51,78,87
Samuel Henry,Data Cleaning & Preprocessing,90.0,98,51,79
Samuel Henry,Networking Basics,54.0,68,88,76
Samuel Henry,Introduction to Cloud Computing,96.0,98,69,88
Samuel Henry,Serverless Architecture,97.0,89,54,82
Samuel Henry,E-commerce Development Basics,96.0,72,65,84
Samuel Henry,Model Evaluation,67.0,81,86,82
Samuel Henry,RESTful Services,64.0,69,81,78
Samuel Henry,Presentation Skills for Business Analysts,88.0,75,65,81
Samuel Henry,SEO Fundamentals,93.0,65,70,84
Samuel Henry,Game Testing Techniques,59.0,95,99,85
Samuel Henry,Collaboration Tools in DevOps,75.0,93,78,83
Jason Collins,Data Visualization with Matplotlib,69.0,94,95,87
Jason Collins,Data Analysis with Pandas,64.0,96,92,84
Jason Collins,Data Ethics,69.0,89,78,80
Jason Collins,Data Analysis for Business Decisions,82.0,60,81,83
Jason Collins,Data Cleaning & Preprocessing,50.0,56,70,68
Jason Collins,Personal Finance Skills,73.0,78,68,77
Jason Collins,Vulnerability Assessment,67.0,89,86,82
Jason Collins,Financial Planning and Forecasting,51.0,83,80,74
Jason Collins,Container Orchestration with Kubernetes,80.0,75,67,79
Jason Collins,Understanding Consumer Behavior,86.0,61,52,74
Jason Collins,Computer Vision Applications,89.0,53,75,83
Jason Collins,Azure Basics,74.0,54,67,75
Julie Cox,Data Cleaning & Preprocessing,97.0,62,99,95
Julie Cox,Data Ethics,59.0,86,86,79
Julie Cox,Data Visualization with Matplotlib,96.0,72,95,94
Julie Cox,Data Analysis with Pandas,71.0,71,55,71
Julie Cox,Data Analysis for Business Decisions,83.0,82,55,76
Julie Cox,Collaboration Tools in DevOps,63.0,52,96,81
Julie Cox,Monitoring and Logging,88.0,57,94,89
Julie Cox,Risk Management in Finance,91.0,82,96,94
Julie Cox,SEO Best Practices,60.0,57,100,82
Julie Cox,Serverless Architecture,82.0,64,68,79
Julie Cox,Deployment of ML Models,80.0,62,67,78
Jamie Fleming,Data Analysis with Pandas,90.0,83,58,80
Jamie Fleming,Data Cleaning & Preprocessing,72.0,70,76,79
Jamie Fleming,Data Visualization with Matplotlib,87.0,71,68,81
Jamie Fleming,Data Ethics,69.0,64,62,72
Jamie Fleming,Data Analysis for Business Decisions,59.0,50,90,77
Jamie Fleming,SWOT Analysis for Business,87.0,90,70,84
Jamie Fleming,Corporate Finance Essentials,72.0,84,69,78
Jamie Fleming,Understanding Financial Markets,80.0,66,95,88
Jamie Fleming,Visual Design Basics,81.0,93,99,92
Jamie Fleming,Web Performance Optimization,60.0,54,90,78
Jamie Fleming,Collaboration Tools in DevOps,97.0,77,55,81
Jamie Fleming,Azure Basics,96.0,50,89,90
Jamie Fleming,RESTful Services,71.0,62,92,83
Renee Williams,Data Visualization with Matplotlib,64.0,82,71,75
Renee Williams,Data Analysis for Business Decisions,52.0,64,78,72
Renee Williams,Data Ethics,63.0,71,60,70
Renee Williams,Data Analysis with Pandas,93.0,92,71,87
Renee Williams,Data Cleaning & Preprocessing,52.0,69,80,73
Renee Williams,MongoDB,88.0,71,58,78
Renee Williams,3D Game Development,91.0,62,97,92
Renee Williams,Malware Analysis,66.0,89,62,74
Renee Williams,AI in Healthcare,68.0,54,69,73
Renee Williams,HR Analytics,98.0,64,64,83
Renee Williams,Content Strategy Development,74.0,70,76,80
Renee Williams,Sales Fundamentals,64.0,50,70,72
Renee Williams,Influencer Marketing,90.0,51,86,87
Samantha Boyd,Data Cleaning & Preprocessing,67.0,97,80,81
Samantha Boyd,Data Analysis with Pandas,73.0,64,77,79
Samantha Boyd,Data Ethics,77.0,70,56,74
Samantha Boyd,Data Analysis for Business Decisions,55.0,82,66,71
Samantha Boyd,Data Visualization with Matplotlib,58.0,92,62,71
Samantha Boyd,User Research Techniques,51.0,85,86,76
Samantha Boyd,Customer Service Excellence,100.0,91,55,83
Samantha Boyd,Training and Development,74.0,83,80,82
Samantha Boyd,Stakeholder Management,90.0,58,89,88
Samantha Boyd,Sales Fundamentals,53.0,95,83,77
Samantha Boyd,Game Monetization Strategies,98.0,97,62,86
Samantha Boyd,Natural Language Processing Techniques,58.0,51,57,65
James Smith,Data Analysis with Pandas,52.0,58,94,77
James Smith,Data Analysis for Business Decisions,73.0,63,50,69
James Smith,Data Cleaning & Preprocessing,61.0,96,75,77
James Smith,Data Visualization with Matplotlib,59.0,77,76,75
James Smith,Data Ethics,57.0,64,66,69
James Smith,Cloud Cost Management,90.0,98,77,88
James Smith,DevOps in the Cloud,76.0,99,70,81
James Smith,Introduction to Business Analysis,81.0,54,77,81
James Smith,Introduction to Cloud Computing,53.0,74,73,72
James Smith,Virtual Reality Development,65.0,90,88,83
James Smith,SEO Fundamentals,92.0,80,63,82
James Smith,Google Cloud Platform Essentials,88.0,86,57,79
James Smith,API Integration in Mobile Apps,81.0,96,51,76
James Smith,Mobile Testing Strategies,75.0,59,54,71
Daniel Moore,Data Analysis for Business Decisions,62.0,97,98,86
Daniel Moore,Data Visualization with Matplotlib,63.0,92,51,69
Daniel Moore,Data Ethics,98.0,57,60,81
Daniel Moore,Data Cleaning & Preprocessing,93.0,86,80,89
Daniel Moore,Data Analysis with Pandas,98.0,97,59,85
Daniel Moore,Personal Finance Skills,68.0,97,89,85
Daniel Moore,HTML & CSS,85.0,69,87,87
Daniel Moore,Introduction to Machine Learning,71.0,91,88,85
Daniel Moore,RESTful Services,74.0,83,83,83
Daniel Moore,3D Game Development,86.0,98,99,95
Daniel Moore,Project Scheduling Techniques,69.0,53,100,84
Daniel Moore,Sales Fundamentals,58.0,55,100,81
Daniel Moore,Introduction to UI/UX Design,79.0,90,85,86
Nicholas Henry,Data Analysis for Business Decisions,97.0,62,63,82
Nicholas Henry,Data Cleaning & Preprocessing,95.0,98,97,97
Nicholas Henry,Data Analysis with Pandas,99.0,62,53,79
Nicholas Henry,Data Visualization with Matplotlib,72.0,88,80,82
Nicholas Henry,Data Ethics,52.0,67,74,71
Nicholas Henry,Natural Language Processing,80.0,91,87,88
Nicholas Henry,Risk Analysis and Management,98.0,64,95,94
Nicholas Henry,Continuous Integration and Delivery,69.0,77,58,72
Nicholas Henry,Financial Analysis Techniques,61.0,87,94,83
Nicholas Henry,2D Game Development,87.0,58,52,74
Nicholas Henry,RESTful Services,65.0,55,96,82
Nicholas Henry,Introduction to Content Creation,59.0,81,54,68
Nicholas Henry,Influencer Marketing,88.0,53,81,84
Nicholas Henry,Corporate Finance Essentials,60.0,91,98,84
Alex Pineda,Data Analysis for Business Decisions,50.0,100,54,66
Alex Pineda,Data Ethics,52.0,61,51,62
Alex Pineda,Data Cleaning & Preprocessing,68.0,67,67,74
Alex Pineda,Data Visualization with Matplotlib,66.0,68,61,71
Alex Pineda,Data Analysis with Pandas,68.0,68,97,85
Alex Pineda,Deployment of ML Models,83.0,61,66,78
Alex Pineda,HR Technology Tools,82.0,69,64,78
Alex Pineda,Web Accessibility Standards,53.0,52,94,77
Alex Pineda,Multiplayer Game Development,96.0,75,87,92
Alex Pineda,Responsive Design Principles,55.0,88,80,76
Alex Pineda,Project Management Tools Overview,64.0,92,73,77
Alex Pineda,Social Media Content Creation,60.0,98,57,71
Alex Pineda,Quality Management,81.0,88,57,77
Alex Pineda,Closing Sales Strategies,84.0,74,62,78
Matthew Holland,Data Cleaning & Preprocessing,79.0,66,50,72
Matthew Holland,Data Ethics,88.0,90,100,95
Matthew Holland,Data Analysis for Business Decisions,56.0,80,92,80
Matthew Holland,Data Analysis with Pandas,65.0,86,82,80
Matthew Holland,Data Visualization with Matplotlib,79.0,58,83,82
Matthew Holland,Cross-Platform Development with Flutter,61.0,88,93,83
Matthew Holland,Natural Language Processing Techniques,71.0,62,62,73
Matthew Holland,User Research Techniques,87.0,53,85,86
Matthew Holland,Brand Management Online,84.0,70,58,77
Matthew Holland,Affiliate Marketing,54.0,91,58,68
Jennifer Boyd,Data Visualization with Matplotlib,65.0,88,85,81
Jennifer Boyd,Data Cleaning & Preprocessing,88.0,82,63,81
Jennifer Boyd,Data Analysis for Business Decisions,75.0,68,62,75
Jennifer Boyd,Data Ethics,78.0,68,71,79
Jennifer Boyd,Business Case Development,83.0,95,74,84
Jennifer Boyd,Blogging for Beginners,88.0,85,53,78
Jennifer Boyd,Training and Development,58.0,57,93,79
Jennifer Boyd,ITIL Foundations,72.0,87,85,84
Jennifer Boyd,User Research Techniques,50.0,87,53,65
Jennifer Boyd,AWS Fundamentals,62.0,96,100,86
Jennifer Boyd,Unity Basics,79.0,88,93,89
Joe Williams,Data Analysis with Pandas,66.0,59,73,75
Joe Williams,Data Analysis for Business Decisions,57.0,78,100,83
Joe Williams,Data Visualization with Matplotlib,80.0,73,61,77
Joe Williams,Data Cleaning & Preprocessing,91.0,58,94,91
Joe Williams,Data Ethics,63.0,75,56,69
Joe Williams,RESTful Services,60.0,99,64,73
Joe Williams,Predictive Analytics,56.0,53,58,65
Joe Williams,Risk Management in Projects,60.0,59,77,74
Joe Williams,Unsupervised Learning,66.0,59,54,68
Joe Williams,Big Data with Spark,69.0,74,87,82
Joe Williams,Computer Vision Applications,92.0,98,50,79
Joe Williams,Business Process Modeling,71.0,57,53,69
Joe Williams,Backend Development Fundamentals,76.0,56,89,83
Joe Williams,Time Series Analysis,56.0,80,87,78
Joe Williams,Ethics in AI,73.0,57,82,80
Howard Peters,Data Visualization with Matplotlib,100.0,98,55,84
Howard Peters,Data Analysis with Pandas,50.0,73,76,71
Howard Peters,Data Ethics,51.0,88,90,78
Howard Peters,Data Analysis for Business Decisions,91.0,100,100,97
Howard Peters,Google Ads Fundamentals,81.0,97,79,86
Howard Peters,AI in Robotics,53.0,82,91,79
Howard Peters,E-commerce Development Basics,85.0,80,89,89
Howard Peters,Container Orchestration with Kubernetes,73.0,58,76,78
Howard Peters,Time Management for Sales,84.0,91,77,85
Howard Peters,Project Management Basics,85.0,52,99,90
Howard Peters,Continuous Integration and Delivery,70.0,79,85,82
Howard Peters,Analytics for Marketers,54.0,69,88,77
Howard Peters,Project Scheduling Techniques,55.0,79,87,78
Crystal Walter,Data Analysis with Pandas,70.0,53,58,70
Crystal Walter,Data Ethics,94.0,89,99,96
Crystal Walter,Data Analysis for Business Decisions,56.0,53,85,75
Crystal Walter,Data Cleaning & Preprocessing,70.0,69,55,71
Crystal Walter,Performance Management Systems,84.0,100,62,81
Crystal Walter,Introduction to Business Analysis,97.0,65,91,92
Crystal Walter,Introduction to Machine Learning,68.0,57,96,83
Crystal Walter,Consensus Algorithms,81.0,94,84,87
Crystal Walter,JavaScript Frameworks Overview,92.0,56,56,77
Crystal Walter,Malware Analysis,83.0,57,85,84
Crystal Walter,Digital Sales Techniques,61.0,51,96,80
Patricia Carlson,Data Cleaning & Preprocessing,62.0,93,56,71
Patricia Carlson,Data Analysis with Pandas,59.0,54,70,71
Patricia Carlson,Data Analysis for Business Decisions,72.0,77,87,83
Patricia Carlson,Data Visualization with Matplotlib,62.0,51,82,76
Patricia Carlson,Data Ethics,76.0,82,77,82
Patricia Carlson,Introduction to Blockchain,95.0,86,60,83
Patricia Carlson,App Monetization Strategies,70.0,65,67,74
Patricia Carlson,Ethical Hacking Basics,93.0,62,74,85
Patricia Carlson,AWS Fundamentals,99.0,69,62,83
Patricia Carlson,Cloud Security Best Practices,55.0,58,55,64
Patricia Carlson,SEO Best Practices,87.0,79,75,85
Patricia Carlson,Agile Methodologies,70.0,72,98,86
Patricia Carlson,Predictive Analytics,59.0,60,97,81
Timothy Bray,Data Visualization with Matplotlib,62.0,88,66,74
Timothy Bray,Data Analysis with Pandas,98.0,71,50,79
Timothy Bray,Data Analysis for Business Decisions,61.0,57,95,80
Timothy Bray,Data Cleaning & Preprocessing,57.0,77,78,75
Timothy Bray,Data Ethics,76.0,70,63,76
Timothy Bray,Diversity and Inclusion Initiatives,100.0,82,98,98
Timothy Bray,3D Game Development,54.0,95,63,70
Timothy Bray,Mobile Testing Strategies,66.0,72,79,78
Timothy Bray,Blockchain Use Cases,100.0,56,66,84
Timothy Bray,Risk Analysis and Management,97.0,79,72,87
Lauren Phillips,Data Analysis for Business Decisions,60.0,100,77,78
Lauren Phillips,Data Analysis with Pandas,95.0,94,88,93
Lauren Phillips,Data Ethics,69.0,93,91,85
Lauren Phillips,Data Visualization with Matplotlib,57.0,75,65,70
Lauren Phillips,Data Cleaning & Preprocessing,86.0,73,71,82
Lauren Phillips,Cryptocurrency Fundamentals,51.0,62,97,78
Lauren Phillips,Publishing Mobile Apps,54.0,83,83,76
Lauren Phillips,Natural Language Processing Techniques,90.0,92,51,79
Lauren Phillips,Infrastructure as Code,64.0,51,74,73
Lauren Phillips,Design Tools Overview,87.0,68,55,76
Craig Fox,Data Cleaning & Preprocessing,83.0,54,82,83
Craig Fox,Data Analysis for Business Decisions,69.0,90,63,75
Craig Fox,Data Analysis with Pandas,72.0,62,81,80
Craig Fox,Data Visualization with Matplotlib,75.0,65,51,71
Craig Fox,Data Ethics,56.0,64,60,67
Craig Fox,E-commerce Development Basics,83.0,75,75,83
Craig Fox,Digital Sales Techniques,57.0,75,94,80
Craig Fox,Decentralized Applications (DApps),55.0,78,87,78
Craig Fox,Affiliate Marketing,96.0,96,92,95
Craig Fox,Diversity and Inclusion Initiatives,69.0,89,54,72
Craig Fox,Sales Fundamentals,91.0,81,54,79
Craig Fox,Risk Analysis and Management,92.0,53,72,83
Craig Fox,Ethics in AI,95.0,62,76,86
Daniel Hart,Data Cleaning & Preprocessing,92.0,65,81,87
Daniel Hart,Data Visualization with Matplotlib,60.0,81,65,72
Daniel Hart,Data Ethics,93.0,88,87,92
Daniel Hart,Data Analysis for Business Decisions,95.0,78,56,81
Daniel Hart,Data Analysis with Pandas,79.0,80,72,81
Daniel Hart,Responsive Web Design,93.0,87,77,88
Daniel Hart,Cryptocurrency Fundamentals,50.0,68,81,73
Daniel Hart,Introduction to DevOps,77.0,88,75,82
Daniel Hart,Deep Learning with TensorFlow,93.0,90,88,92
Daniel Hart,Project Scheduling Techniques,92.0,62,82,87
Daniel Hart,Express.js,75.0,84,93,87
Daniel Hart,Azure Basics,50.0,76,93,78
Daniel Hart,Cryptography Basics,55.0,61,97,79
Daniel Hart,Employee Engagement Techniques,80.0,99,50,75
Randy Bradshaw,Data Analysis with Pandas,69.0,62,91,82
Randy Bradshaw,Data Cleaning & Preprocessing,81.0,88,89,88
Randy Bradshaw,Data Analysis for Business Decisions,64.0,66,69,73
Randy Bradshaw,Data Visualization with Matplotlib,83.0,84,64,80
Randy Bradshaw,Data Ethics,59.0,96,65,73
Randy Bradshaw,Podcasting Fundamentals,66.0,71,71,75
Randy Bradshaw,Customer Service Skills for IT,76.0,93,84,85
Randy Bradshaw,Personal Finance Skills,73.0,85,52,72
Randy Bradshaw,Big Data with Spark,75.0,84,71,80
Randy Bradshaw,Reinforcement Learning Techniques,84.0,50,83,83
Randy Bradshaw,Design Tools Overview,70.0,81,90,84
Randy Bradshaw,Introduction to DevOps,69.0,68,76,78
Randy Bradshaw,SWOT Analysis for Business,57.0,78,57,68
Veronica Brandt,Data Visualization with Matplotlib,53.0,96,84,78
Veronica Brandt,Data Cleaning & Preprocessing,93.0,66,68,83
Veronica Brandt,Data Analysis with Pandas,84.0,69,81,85
Veronica Brandt,Data Ethics,55.0,77,64,69
Veronica Brandt,Data Analysis for Business Decisions,74.0,97,83,85
Veronica Brandt,Unsupervised Learning,77.0,91,51,74
Veronica Brandt,Backend Development Fundamentals,60.0,73,85,78
Veronica Brandt,Cloud Support Fundamentals,88.0,69,85,87
Veronica Brandt,Cryptocurrency Fundamentals,66.0,82,89,82
Veronica Brandt,Diversity and Inclusion Initiatives,57.0,78,50,65
Veronica Brandt,Deployment of ML Models,68.0,96,88,84
Veronica Brandt,Investing Fundamentals,72.0,92,70,79
Veronica Brandt,Agile Methodologies,96.0,66,76,87
Veronica Brandt,Risk Management in Projects,87.0,86,57,79
Veronica Brandt,Troubleshooting Techniques,70.0,77,72,77
Mark Franklin,Data Cleaning & Preprocessing,58.0,97,92,82
Mark Franklin,Data Analysis with Pandas,50.0,64,89,75
Mark Franklin,Data Analysis for Business Decisions,73.0,65,83,81
Mark Franklin,Data Visualization with Matplotlib,91.0,82,54,79
Mark Franklin,Data Ethics,93.0,70,75,86
Mark Franklin,Express.js,70.0,50,65,72
Mark Franklin,Conversion Rate Optimization,78.0,75,54,74
Mark Franklin,Collaboration Tools in DevOps,70.0,78,65,75
Mark Franklin,Performance Optimization for Mobile Apps,51.0,65,51,62
Mark Franklin,ITIL Foundations,96.0,75,60,82
Mark Franklin,Web Application Security,66.0,89,95,85
Mark Franklin,Cloud Cost Management,75.0,78,52,72
Heather Brown,Data Analysis for Business Decisions,88.0,71,66,81
Heather Brown,Data Analysis with Pandas,85.0,71,94,90
Heather Brown,Data Cleaning & Preprocessing,53.0,59,76,71
Heather Brown,Data Visualization with Matplotlib,82.0,52,70,78
Heather Brown,Data Ethics,51.0,83,75,72
Heather Brown,HR Analytics,90.0,65,89,89
Heather Brown,Configuration Management with Ansible,82.0,58,87,85
Heather Brown,Conflict Resolution in HR,98.0,75,68,86
Heather Brown,Natural Language Processing,56.0,87,68,72
Heather Brown,Agile Methodologies,85.0,70,58,77
Heather Brown,HTML & CSS,54.0,88,73,73
Heather Brown,Labor Laws and Compliance,75.0,72,51,71
Megan Tapia,Data Analysis for Business Decisions,80.0,61,98,88
Megan Tapia,Data Visualization with Matplotlib,76.0,91,77,83
Megan Tapia,Data Analysis with Pandas,69.0,90,64,76
Megan Tapia,Data Ethics,57.0,75,84,77
Megan Tapia,Data Cleaning & Preprocessing,99.0,55,97,94
Megan Tapia,Tokenomics,53.0,53,74,70
Megan Tapia,Agile Methodologies,56.0,99,83,79
Megan Tapia,AI in Healthcare,74.0,74,79,81
Megan Tapia,SEO Fundamentals,77.0,53,92,84
Megan Tapia,Introduction to UI/UX Design,60.0,82,57,69
Kimberly Dickson,Data Analysis with Pandas,55.0,85,71,73
Kimberly Dickson,Data Cleaning & Preprocessing,67.0,97,86,83
Kimberly Dickson,Data Visualization with Matplotlib,93.0,88,54,80
Kimberly Dickson,Data Ethics,73.0,90,73,80
Kimberly Dickson,Data Analysis for Business Decisions,66.0,66,79,77
Kimberly Dickson,Communication Skills for Project Managers,80.0,58,65,77
Kimberly Dickson,Ethical Hacking Basics,93.0,71,65,82
Kimberly Dickson,Machine Learning Basics,56.0,94,98,83
Kimberly Dickson,Introduction to Machine Learning,76.0,53,93,84
Kimberly Dickson,Sales Fundamentals,96.0,67,50,78
Kimberly Dickson,Git & GitHub,52.0,97,55,67
Kimberly Dickson,Content Strategy Development,76.0,60,95,86
Kimberly Dickson,Introduction to Cloud Computing,71.0,89,67,77
Kimberly Dickson,React,99.0,69,82,90
Kimberly Dickson,Content Promotion Strategies,72.0,82,83,82
Devon Ochoa,Data Cleaning & Preprocessing,62.0,50,68,70
Devon Ochoa,Data Ethics,54.0,65,56,65
Devon Ochoa,Data Visualization with Matplotlib,82.0,68,90,87
Devon Ochoa,Data Analysis with Pandas,100.0,52,70,85
Devon Ochoa,Data Analysis for Business Decisions,82.0,98,65,81
Devon Ochoa,Blogging for Beginners,85.0,64,85,86
Devon Ochoa,Infrastructure as Code,61.0,94,79,78
Devon Ochoa,Deployment & Hosting,73.0,69,93,85
Devon Ochoa,Business Process Modeling,57.0,78,81,76
Devon Ochoa,Machine Learning Basics,57.0,73,60,68
Dylan Johnson,Data Analysis for Business Decisions,66.0,97,58,73
Dylan Johnson,Data Visualization with Matplotlib,67.0,72,53,69
Dylan Johnson,Data Cleaning & Preprocessing,86.0,69,100,92
Dylan Johnson,Data Analysis with Pandas,93.0,74,80,88
Dylan Johnson,Data Ethics,83.0,94,82,87
Dylan Johnson,Content Management Systems (CMS),98.0,63,50,78
Dylan Johnson,Deep Learning Fundamentals,88.0,59,59,77
Dylan Johnson,Change Management Strategies,98.0,67,79,89
Dylan Johnson,Decentralized Applications (DApps),82.0,63,96,89
Dylan Johnson,Affiliate Marketing,66.0,95,89,84
Joshua Blair,Data Visualization with Matplotlib,58.0,73,92,80
Joshua Blair,Data Cleaning & Preprocessing,73.0,86,59,75
Joshua Blair,Data Analysis with Pandas,88.0,68,55,77
Joshua Blair,Data Analysis for Business Decisions,68.0,92,61,74
Joshua Blair,Data Ethics,52.0,71,75,72
Joshua Blair,Performance Optimization for Mobile Apps,92.0,50,99,92
Joshua Blair,DevOps in the Cloud,97.0,50,93,92
Joshua Blair,Introduction to IT Support,55.0,96,52,67
Joshua Blair,Backend Development Fundamentals,69.0,81,71,77
Joshua Blair,Cloud Support Fundamentals,55.0,78,89,78
Joshua Blair,Unsupervised Learning,95.0,63,83,89
Joshua Blair,Git & GitHub,52.0,100,62,70
Mrs. Jennifer Trevino MD,Data Visualization with Matplotlib,91.0,57,52,76
Mrs. Jennifer Trevino MD,Data Analysis for Business Decisions,93.0,70,96,93
Mrs. Jennifer Trevino MD,Data Analysis with Pandas,59.0,68,83,76
Mrs. Jennifer Trevino MD,Data Cleaning & Preprocessing,96.0,86,82,91
Mrs. Jennifer Trevino MD,Change Management Strategies,53.0,69,91,77
Mrs. Jennifer Trevino MD,Decentralized Applications (DApps),87.0,54,60,77
Mrs. Jennifer Trevino MD,Cloud Support Fundamentals,93.0,67,85,89
Mrs. Jennifer Trevino MD,Security Awareness for IT Support,76.0,90,90,87
Mrs. Jennifer Trevino MD,Network Security Fundamentals,53.0,61,59,65
Mrs. Jennifer Trevino MD,Content Management Systems (CMS),55.0,66,96,79
Mrs. Jennifer Trevino MD,Containerization with Docker,81.0,78,71,81
Mrs. Jennifer Trevino MD,Container Orchestration with Kubernetes,97.0,94,90,95
Mrs. Jennifer Trevino MD,Version Control with Git,64.0,81,94,83
Mrs. Jennifer Trevino MD,Configuration Management with Ansible,98.0,83,71,87
Mrs. Jennifer Trevino MD,Training and Development,60.0,74,63,70
John Fuentes,Data Analysis with Pandas,100.0,86,99,98
John Fuentes,Data Visualization with Matplotlib,100.0,63,57,81
John Fuentes,Data Analysis for Business Decisions,63.0,93,78,79
John Fuentes,Data Ethics,52.0,53,87,74
John Fuentes,Data Cleaning & Preprocessing,83.0,95,57,78
John Fuentes,Microservices in Cloud,61.0,77,57,69
John Fuentes,Blockchain Use Cases,69.0,75,72,77
John Fuentes,Affiliate Marketing,60.0,58,79,74
John Fuentes,Budgeting Basics,72.0,93,95,88
John Fuentes,Employee Engagement Techniques,68.0,81,89,83
John Fuentes,Mobile App Security,99.0,69,82,90
John Fuentes,Hyperledger Basics,64.0,68,52,67
Vanessa Dean,Data Analysis with Pandas,95.0,81,50,79
Vanessa Dean,Data Visualization with Matplotlib,75.0,65,80,81
Vanessa Dean,Data Analysis for Business Decisions,54.0,69,67,69
Vanessa Dean,Data Ethics,70.0,89,90,85
Vanessa Dean,Data Cleaning & Preprocessing,66.0,84,50,69
Vanessa Dean,AI in Robotics,54.0,91,90,79
Vanessa Dean,Customer Service Excellence,51.0,51,59,64
Vanessa Dean,Influencer Marketing,87.0,82,69,83
Vanessa Dean,Digital Sales Techniques,59.0,66,89,78
Vanessa Dean,Frontend Development Basics,80.0,63,69,78
Vanessa Dean,Affiliate Marketing,78.0,55,75,79
Sara Brown,Data Analysis with Pandas,100.0,58,97,95
Sara Brown,Data Analysis for Business Decisions,71.0,53,77,77
Sara Brown,Data Visualization with Matplotlib,66.0,70,80,78
Sara Brown,Data Ethics,88.0,52,72,81
Sara Brown,Data Cleaning & Preprocessing,59.0,79,90,80
Sara Brown,Continuous Integration and Delivery,59.0,72,81,76
Sara Brown,Version Control with Git,86.0,61,80,84
Sara Brown,Financial Reporting Standards,70.0,69,98,86
Sara Brown,Operating Systems Overview,86.0,90,55,78
Sara Brown,Publishing Mobile Apps,70.0,74,96,86
Sara Brown,Introduction to Business Analysis,81.0,56,77,81
Sara Brown,Speech Recognition Technologies,94.0,85,85,91
Sara Brown,Investing Fundamentals,91.0,95,75,88
Sara Brown,Predictive Analytics,69.0,78,55,71
Michael Nelson,Data Ethics,55.0,97,76,76
Michael Nelson,Data Analysis for Business Decisions,74.0,89,88,86
Michael Nelson,Data Analysis with Pandas,86.0,81,87,89
Michael Nelson,Data Visualization with Matplotlib,65.0,55,64,71
Michael Nelson,Data Cleaning & Preprocessing,51.0,76,74,71
Michael Nelson,Incident Response,89.0,85,98,94
Michael Nelson,Customer Service Excellence,76.0,96,51,74
Michael Nelson,Budgeting Basics,74.0,64,94,85
Michael Nelson,Unreal Engine Basics,64.0,81,66,74
Michael Nelson,Mobile Testing Strategies,75.0,65,58,73
Michael Nelson,Video Production Basics,52.0,65,91,77
Michael Nelson,Troubleshooting Techniques,96.0,97,97,97
Rachel Guerra,Data Visualization with Matplotlib,76.0,51,80,80
Rachel Guerra,Data Analysis with Pandas,59.0,85,87,80
Rachel Guerra,Data Ethics,84.0,65,94,89
Rachel Guerra,Data Cleaning & Preprocessing,53.0,92,58,68
Rachel Guerra,Data Analysis for Business Decisions,87.0,72,78,85
Rachel Guerra,Introduction to Content Creation,50.0,90,68,70
Rachel Guerra,Communication Skills for Project Managers,97.0,74,67,85
Rachel Guerra,Time Series Analysis,82.0,94,88,89
Rachel Guerra,Usability Testing,63.0,57,70,72
Rachel Guerra,Business Process Modeling,99.0,51,96,93
Rachel Guerra,Container Orchestration with Kubernetes,84.0,65,65,79
Rachel Guerra,Understanding Consumer Behavior,69.0,85,54,72
Louis Glover,Data Visualization with Matplotlib,58.0,80,79,76
Louis Glover,Data Analysis with Pandas,74.0,93,66,78
Louis Glover,Data Cleaning & Preprocessing,53.0,92,96,81
Louis Glover,Data Analysis for Business Decisions,79.0,74,94,88
Louis Glover,Data Ethics,54.0,53,57,64
Louis Glover,Collaboration Tools in DevOps,90.0,74,54,78
Louis Glover,Content Promotion Strategies,84.0,89,71,83
Louis Glover,Cryptography Basics,97.0,53,50,77
Louis Glover,Communication Skills for Project Managers,63.0,94,85,81
Louis Glover,Brand Management Online,100.0,89,67,87
Louis Glover,Conflict Resolution in HR,91.0,91,81,89
Blake Kaiser,Data Analysis with Pandas,62.0,75,98,84
Blake Kaiser,Data Analysis for Business Decisions,91.0,82,66,83
Blake Kaiser,Data Visualization with Matplotlib,71.0,95,91,86
Blake Kaiser,Data Cleaning & Preprocessing,54.0,81,52,65
Blake Kaiser,Remote Support Techniques,72.0,81,58,74
Blake Kaiser,Introduction to IT Support,100.0,85,82,92
Blake Kaiser,API Development,83.0,53,62,76
Blake Kaiser,Containerization with Docker,97.0,86,54,81
Blake Kaiser,Introduction to Blockchain,77.0,85,78,83
Blake Kaiser,Introduction to Game Development,67.0,84,61,73
Blake Kaiser,Security in Cloud Computing,61.0,72,77,76
Blake Kaiser,Malware Analysis,72.0,85,71,79
Blake Kaiser,Communication Skills for Project Managers,60.0,72,76,75
Blake Kaiser,Big Data with Spark,57.0,52,65,68
Blake Kaiser,Agile Project Management,84.0,82,95,91
Joshua Taylor,Data Analysis for Business Decisions,85.0,88,77,86
Joshua Taylor,Data Cleaning & Preprocessing,63.0,92,84,81
Joshua Taylor,Data Ethics,88.0,65,98,92
Joshua Taylor,Data Visualization with Matplotlib,62.0,56,55,67
Joshua Taylor,Data Analysis with Pandas,50.0,58,96,77
Joshua Taylor,Computer Vision Applications,92.0,66,86,89
Joshua Taylor,App Monetization Strategies,98.0,60,71,85
Joshua Taylor,Hardware Repair Skills,97.0,100,77,91
Joshua Taylor,Mobile Testing Strategies,54.0,74,88,77
Joshua Taylor,Azure Basics,64.0,69,75,76
Larry Horn,Data Analysis with Pandas,88.0,53,58,76
Larry Horn,Data Ethics,63.0,72,63,71
Larry Horn,Data Cleaning & Preprocessing,92.0,65,87,89
Larry Horn,Data Analysis for Business Decisions,57.0,67,77,74
Larry Horn,Data Visualization with Matplotlib,77.0,98,80,85
Larry Horn,SEO Fundamentals,97.0,98,94,97
Larry Horn,Computer Vision Basics,91.0,88,59,81
Larry Horn,Blockchain Security,82.0,90,65,80
Larry Horn,Content Marketing Strategies,59.0,58,77,73
Larry Horn,Blogging for Beginners,94.0,86,74,87
Larry Horn,React,51.0,77,63,68
Larry Horn,AI in Healthcare,66.0,50,77,75
Larry Horn,Cryptography Basics,79.0,57,100,88
Larry Horn,Consensus Algorithms,94.0,85,93,94
Heather Turner,Data Analysis with Pandas,88.0,73,50,76
Heather Turner,Data Cleaning & Preprocessing,64.0,81,68,74
Heather Turner,Data Ethics,57.0,79,57,68
Heather Turner,Data Visualization with Matplotlib,54.0,73,82,75
Heather Turner,Data Analysis for Business Decisions,82.0,74,99,91
Heather Turner,Remote Support Techniques,59.0,52,96,79
Heather Turner,Risk Management in Finance,83.0,99,98,93
Heather Turner,Cloud Cost Management,87.0,55,77,83
Heather Turner,Ethics in AI,83.0,69,79,84
Heather Turner,Labor Laws and Compliance,79.0,96,52,75
Heather Turner,Version Control with Git,98.0,60,66,83
Heather Turner,Tokenomics,63.0,64,91,80
Heather Turner,Agile Methodologies,76.0,65,53,72
Heather Turner,Web Performance Optimization,59.0,64,94,80
Heather Turner,Blockchain Security,69.0,87,59,74
Michael Rush,Data Visualization with Matplotlib,57.0,71,64,69
Michael Rush,Data Analysis with Pandas,64.0,62,81,77
Michael Rush,Data Ethics,55.0,95,79,76
Michael Rush,Data Cleaning & Preprocessing,58.0,55,68,70
Michael Rush,Data Analysis for Business Decisions,65.0,96,57,72
Michael Rush,Android Development Basics,70.0,66,73,77
Michael Rush,Financial Planning and Forecasting,64.0,82,89,82
Michael Rush,Introduction to UI/UX Design,66.0,95,63,75
Michael Rush,Change Management,74.0,63,66,75
Michael Rush,Ethical Hacking Basics,65.0,72,73,76
Michael Rush,Troubleshooting Techniques,53.0,70,96,79
Rebecca Garza,Data Analysis for Business Decisions,71.0,80,85,83
Rebecca Garza,Data Visualization with Matplotlib,63.0,57,57,68
Rebecca Garza,Data Cleaning & Preprocessing,72.0,93,78,82
Rebecca Garza,Data Ethics,54.0,70,76,72
Rebecca Garza,Data Analysis with Pandas,71.0,77,51,70
Rebecca Garza,SEO for Content Creators,73.0,54,57,71
Rebecca Garza,Game Monetization Strategies,78.0,54,98,87
Rebecca Garza,Deployment & Hosting,64.0,50,64,70
Rebecca Garza,Consensus Algorithms,91.0,64,86,88
Rebecca Garza,Understanding Financial Markets,78.0,67,62,76
Rebecca Garza,SEO Fundamentals,96.0,67,62,82
Sarah Palmer,Data Cleaning & Preprocessing,55.0,67,68,70
Sarah Palmer,Data Analysis with Pandas,66.0,92,80,80
Sarah Palmer,Data Visualization with Matplotlib,79.0,57,51,71
Sarah Palmer,Data Ethics,100.0,51,53,79
Sarah Palmer,Data Analysis for Business Decisions,73.0,69,50,70
Sarah Palmer,Unity Basics,77.0,64,66,76
Sarah Palmer,Stakeholder Analysis,67.0,62,85,79
Sarah Palmer,Natural Language Processing Techniques,70.0,73,69,76
Sarah Palmer,Azure Basics,84.0,86,50,76
Sarah Palmer,Financial Analysis Techniques,60.0,79,97,83
Sarah Palmer,Closing Sales Strategies,92.0,95,81,90
Sarah Palmer,Design Thinking Process,60.0,53,67,70
Sarah Palmer,Project Scheduling Techniques,59.0,93,86,80
Richard Matthews,Data Analysis for Business Decisions,62.0,69,80,77
Richard Matthews,Data Ethics,57.0,74,68,71
Richard Matthews,Data Analysis with Pandas,84.0,73,71,82
Richard Matthews,Data Cleaning & Preprocessing,74.0,98,84,85
Richard Matthews,Data Visualization with Matplotlib,97.0,84,76,89
Richard Matthews,Time Series Analysis,87.0,59,82,85
Richard Matthews,Web Application Security,52.0,53,76,70
Richard Matthews,React,87.0,76,50,76
Richard Matthews,Customer Service Excellence,92.0,52,63,79
Richard Matthews,Podcasting Fundamentals,58.0,53,72,71
Richard Matthews,AI in Robotics,84.0,65,53,74
Richard Matthews,Frontend Development Basics,63.0,93,75,78
Richard Matthews,Continuous Integration and Delivery,81.0,69,85,85
Timothy Silva,Data Analysis with Pandas,50.0,61,100,79
Timothy Silva,Data Visualization with Matplotlib,75.0,66,69,77
Timothy Silva,Data Analysis for Business Decisions,52.0,65,71,70
Timothy Silva,Data Ethics,52.0,90,80,75
Timothy Silva,Ethereum Development,60.0,82,84,79
Timothy Silva,Frontend Development Basics,95.0,75,82,89
Timothy Silva,Cloud Security Best Practices,89.0,69,88,89
Timothy Silva,Corporate Finance Essentials,62.0,69,74,74
Timothy Silva,Sales Fundamentals,69.0,72,63,73
Timothy Silva,Project Scheduling Techniques,67.0,82,88,82
Timothy Silva,Training and Development,98.0,68,53,80
Martha Peterson,Data Analysis with Pandas,98.0,97,61,85
Martha Peterson,Data Analysis for Business Decisions,65.0,99,84,82
Martha Peterson,Data Cleaning & Preprocessing,74.0,81,78,81
Martha Peterson,Data Ethics,94.0,52,69,82
Martha Peterson,Data Visualization with Matplotlib,57.0,98,60,71
Martha Peterson,iOS Development Basics,91.0,51,89,88
Martha Peterson,Natural Language Processing Techniques,88.0,51,56,75
Martha Peterson,HR Analytics,69.0,60,67,74
Martha Peterson,Conflict Resolution in HR,74.0,75,75,80
Martha Peterson,Agile Project Management,57.0,100,60,71
Martha Peterson,Blockchain Security,74.0,76,58,74
Martha Peterson,Game Monetization Strategies,64.0,60,53,67
Martha Peterson,Cryptography Basics,81.0,51,72,79
Martha Peterson,E-commerce Development Basics,66.0,95,68,76
Terri Smith,Data Ethics,69.0,77,57,72
Terri Smith,Data Analysis for Business Decisions,52.0,80,60,67
Terri Smith,Data Cleaning & Preprocessing,73.0,54,54,70
Terri Smith,Data Analysis with Pandas,76.0,77,72,80
Terri Smith,Data Visualization with Matplotlib,51.0,82,91,78
Terri Smith,Operating Systems Overview,57.0,97,60,71
Terri Smith,Introduction to DevOps,74.0,76,59,74
Terri Smith,Blockchain Security,68.0,58,53,68
Terri Smith,Supervised Learning,82.0,68,77,82
Terri Smith,iOS Development Basics,100.0,99,65,88
Terri Smith,Infrastructure as Code,75.0,80,71,79
Terri Smith,Unity Basics,80.0,55,53,72
Miguel Klein,Data Cleaning & Preprocessing,97.0,53,58,80
Miguel Klein,Data Analysis for Business Decisions,53.0,97,97,82
Miguel Klein,Data Ethics,82.0,70,88,86
Miguel Klein,Data Visualization with Matplotlib,67.0,90,50,70
Miguel Klein,Data Analysis with Pandas,68.0,82,66,75
Miguel Klein,Hyperledger Basics,88.0,81,91,91
Miguel Klein,Stakeholder Analysis,90.0,74,55,78
Miguel Klein,Financial Reporting Standards,89.0,75,68,82
Miguel Klein,HR Technology Tools,70.0,80,69,77
Miguel Klein,AI for Business,55.0,54,59,65
Miguel Klein,Content Promotion Strategies,75.0,97,96,90
Dylan Holmes,Data Analysis with Pandas,98.0,94,56,83
Dylan Holmes,Data Ethics,87.0,86,66,82
Dylan Holmes,Data Cleaning & Preprocessing,97.0,72,57,81
Dylan Holmes,Data Analysis for Business Decisions,54.0,64,76,72
Dylan Holmes,Data Visualization with Matplotlib,73.0,98,84,85
Dylan Holmes,Natural Language Processing,70.0,79,71,77
Dylan Holmes,Game Monetization Strategies,71.0,74,89,83
Dylan Holmes,Time Series Analysis,81.0,52,81,82
Dylan Holmes,Visual Design Basics,50.0,64,88,75
Dylan Holmes,Game Design Principles,73.0,64,57,72
Reginald Robles,Data Visualization with Matplotlib,51.0,72,89,76
Reginald Robles,Data Ethics,65.0,87,93,84
Reginald Robles,Data Analysis with Pandas,94.0,82,92,93
Reginald Robles,Data Analysis for Business Decisions,70.0,71,89,83
Reginald Robles,Data Cleaning & Preprocessing,55.0,85,73,73
Reginald Robles,Financial Reporting Standards,87.0,90,51,77
Reginald Robles,Budgeting for Projects,61.0,91,56,70
Reginald Robles,Risk Management in Finance,61.0,78,94,82
Reginald Robles,3D Game Development,75.0,64,52,71
Reginald Robles,Interaction Design Principles,74.0,50,85,81
Chelsea Austin,Data Visualization with Matplotlib,75.0,65,89,84
Chelsea Austin,Data Ethics,52.0,60,85,74
Chelsea Austin,Data Cleaning & Preprocessing,69.0,68,82,80
Chelsea Austin,Data Analysis for Business Decisions,62.0,87,74,76
Chelsea Austin,Data Analysis with Pandas,77.0,50,97,86
Chelsea Austin,3D Game Development,51.0,90,59,68
Chelsea Austin,Design Thinking Process,75.0,53,69,76
Chelsea Austin,Automating Cloud Deployments,72.0,66,69,76
Chelsea Austin,Security in Cloud Computing,76.0,66,78,80
Chelsea Austin,iOS Development Basics,73.0,63,51,70
Chelsea Austin,Penetration Testing,86.0,99,83,89
Chelsea Austin,Containerization with Docker,50.0,81,73,71
Chelsea Austin,Budgeting for Projects,99.0,90,93,96
Chelsea Austin,Talent Acquisition Strategies,54.0,84,73,73
Angela Grant,Data Cleaning & Preprocessing,98.0,63,72,86
Angela Grant,Data Visualization with Matplotlib,91.0,99,89,93
Angela Grant,Data Analysis for Business Decisions,58.0,63,95,80
Angela Grant,Data Ethics,100.0,71,96,96
Angela Grant,Data Analysis with Pandas,62.0,77,76,76
Angela Grant,Risk Management in Cybersecurity,89.0,72,77,85
Angela Grant,Stakeholder Analysis,59.0,67,88,78
Angela Grant,Git & GitHub,72.0,58,73,77
Angela Grant,Backend Development Fundamentals,65.0,53,56,68
Angela Grant,Budgeting for Projects,59.0,52,97,80
Angela Grant,Penetration Testing,67.0,67,98,84
Angela Grant,Hardware Repair Skills,50.0,83,67,69
Angela Grant,Introduction to Finance,52.0,65,79,72
Angela Grant,HR Analytics,75.0,83,99,89
Henry Garcia,Data Ethics,66.0,92,91,84
Henry Garcia,Data Analysis with Pandas,52.0,51,74,69
Henry Garcia,Data Visualization with Matplotlib,95.0,55,85,88
Henry Garcia,Data Cleaning & Preprocessing,99.0,76,89,93
Henry Garcia,Data Analysis for Business Decisions,71.0,85,53,72
Henry Garcia,Frontend Development Basics,83.0,52,91,86
Henry Garcia,Ethereum Development,76.0,79,96,88
Henry Garcia,Agile Project Management,82.0,94,64,80
Henry Garcia,Closing Sales Strategies,57.0,77,93,80
Henry Garcia,Unreal Engine Basics,60.0,84,80,77
Henry Garcia,Publishing Mobile Apps,54.0,99,98,83
Henry Garcia,Natural Language Processing Techniques,78.0,96,55,76
Henry Garcia,Project Management Basics,87.0,98,88,91
Henry Garcia,Backend Development Fundamentals,79.0,64,60,75
Henry Garcia,HR Analytics,62.0,86,70,75
Alicia Johnson,Data Visualization with Matplotlib,61.0,79,90,81
Alicia Johnson,Data Analysis for Business Decisions,100.0,63,91,93
Alicia Johnson,Data Ethics,69.0,61,76,77
Alicia Johnson,Data Cleaning & Preprocessing,71.0,62,51,69
Alicia Johnson,Data Analysis with Pandas,100.0,63,63,83
Alicia Johnson,User Research Techniques,80.0,72,79,83
Alicia Johnson,Machine Learning Basics,77.0,90,86,86
Alicia Johnson,Building Customer Relationships,81.0,96,75,84
Alicia Johnson,Content Management Systems (CMS),97.0,89,62,85
Alicia Johnson,Introduction to IT Support,68.0,85,75,79
Alicia Johnson,Automating Cloud Deployments,96.0,65,67,84
John Howard,Data Ethics,94.0,81,65,84
John Howard,Data Visualization with Matplotlib,53.0,93,62,70
John Howard,Data Cleaning & Preprocessing,71.0,53,54,69
John Howard,Data Analysis with Pandas,62.0,59,87,78
John Howard,Data Analysis for Business Decisions,92.0,65,52,77
John Howard,Interaction Design Principles,62.0,99,100,87
John Howard,Training and Development,82.0,72,71,81
John Howard,Customer Service Skills for IT,79.0,72,50,72
John Howard,Ethical Hacking Basics,75.0,67,71,78
John Howard,Cross-Platform Development with Flutter,94.0,53,69,82
John Howard,Business Case Development,77.0,96,71,81
John Howard,Closing Sales Strategies,54.0,62,61,66
John Howard,iOS Development Basics,80.0,52,68,77
John Howard,SEO for Content Creators,77.0,75,66,78
Melissa Powers,Data Cleaning & Preprocessing,88.0,85,88,90
Melissa Powers,Data Analysis with Pandas,81.0,75,100,91
Melissa Powers,Data Ethics,76.0,83,84,84
Melissa Powers,Data Analysis for Business Decisions,80.0,82,59,77
Melissa Powers,Data Visualization with Matplotlib,83.0,66,59,76
Melissa Powers,Time Management for Sales,83.0,95,78,86
Melissa Powers,Google Ads Fundamentals,63.0,97,70,76
Melissa Powers,Malware Analysis,82.0,91,62,80
Melissa Powers,Reinforcement Learning Techniques,93.0,80,95,94
Melissa Powers,Introduction to Business Analysis,79.0,97,72,83
Melissa Powers,Content Promotion Strategies,82.0,99,86,89
Melissa Powers,Deep Learning Fundamentals,68.0,60,88,81
Melissa Powers,Cryptocurrency Fundamentals,88.0,92,62,82
Melissa Powers,Presentation Skills for Business Analysts,63.0,87,90,82
Melissa Powers,Smart Contracts Development,84.0,90,77,85
Miguel Bishop,Data Visualization with Matplotlib,71.0,82,94,86
Miguel Bishop,Data Ethics,62.0,84,64,72
Miguel Bishop,Data Analysis with Pandas,90.0,60,52,76
Miguel Bishop,Data Cleaning & Preprocessing,88.0,96,53,79
Miguel Bishop,Data Analysis for Business Decisions,95.0,97,67,86
Miguel Bishop,Responsive Web Design,73.0,89,90,86
Miguel Bishop,Natural Language Processing Techniques,79.0,75,89,86
Miguel Bishop,API Development,62.0,81,82,78
Miguel Bishop,Performance Management Systems,58.0,55,78,73
Miguel Bishop,Introduction to IT Support,84.0,59,99,90
Miguel Bishop,Google Cloud Platform Essentials,66.0,58,91,81
Miguel Bishop,Understanding Financial Markets,72.0,69,77,79
Miguel Bishop,Labor Laws and Compliance,83.0,52,54,73
Miguel Bishop,User Research Techniques,83.0,78,77,84
Miguel Bishop,Unsupervised Learning,98.0,94,92,96
Brent Jones,Data Ethics,100.0,51,79,88
Brent Jones,Data Visualization with Matplotlib,73.0,82,75,80
Brent Jones,Data Analysis with Pandas,64.0,80,54,69
Brent Jones,Data Cleaning & Preprocessing,52.0,93,79,75
Brent Jones,Data Analysis for Business Decisions,57.0,89,84,78
Brent Jones,Introduction to AI,54.0,88,80,76
Brent Jones,Podcasting Fundamentals,51.0,86,73,72
Brent Jones,Quality Management,77.0,62,100,88
Brent Jones,Python for Data Science,80.0,84,55,76
Brent Jones,Conflict Resolution in HR,88.0,76,93,91
Brent Jones,Hardware Repair Skills,85.0,67,67,80
Brent Jones,Computer Vision Applications,92.0,58,77,85
Wendy Peters,Data Analysis for Business Decisions,85.0,95,70,84
Wendy Peters,Data Visualization with Matplotlib,65.0,83,82,80
Wendy Peters,Data Ethics,66.0,70,57,70
Wendy Peters,Data Cleaning & Preprocessing,57.0,75,96,81
Wendy Peters,Data Analysis with Pandas,78.0,52,65,75
Wendy Peters,Time Series Analysis,88.0,73,74,84
Wendy Peters,Introduction to Content Creation,52.0,55,55,63
Wendy Peters,Financial Planning and Forecasting,60.0,85,98,84
Wendy Peters,Budgeting for Projects,88.0,56,57,76
Wendy Peters,Diversity and Inclusion Initiatives,67.0,58,87,80
Natasha Perez,Data Analysis for Business Decisions,88.0,54,98,90
Natasha Perez,Data Analysis with Pandas,53.0,59,92,77
Natasha Perez,Data Ethics,74.0,50,59,72
Natasha Perez,Data Visualization with Matplotlib,52.0,84,53,65
Natasha Perez,Data Cleaning & Preprocessing,99.0,64,98,95
Natasha Perez,Machine Learning Basics,50.0,94,69,71
Natasha Perez,Understanding Financial Markets,90.0,96,70,86
Natasha Perez,Cryptocurrency Fundamentals,88.0,97,81,89
Natasha Perez,2D Game Development,54.0,81,59,68
Natasha Perez,Stakeholder Analysis,85.0,79,90,89
Natasha Perez,Smart Contracts Development,52.0,61,85,74
Natasha Perez,Natural Language Processing,75.0,65,70,77
Scott Mitchell,Data Cleaning & Preprocessing,83.0,92,64,81
Scott Mitchell,Data Analysis with Pandas,84.0,72,76,83
Scott Mitchell,Data Ethics,76.0,83,61,76
Scott Mitchell,Data Visualization with Matplotlib,74.0,53,79,79
Scott Mitchell,Data Analysis for Business Decisions,80.0,95,56,77
Scott Mitchell,RESTful Services,82.0,97,50,76
Scott Mitchell,Git & GitHub,57.0,94,100,84
Scott Mitchell,Tokenomics,50.0,63,65,67
Scott Mitchell,Backend Development Fundamentals,71.0,90,99,88
Scott Mitchell,Analytics for Marketers,70.0,98,73,80
Scott Mitchell,Risk Management in Projects,54.0,82,63,69
Scott Mitchell,Email Marketing Basics,99.0,99,73,90
Scott Mitchell,Deep Learning Fundamentals,58.0,83,76,75
Scott Mitchell,API Integration in Mobile Apps,55.0,87,98,82
Deanna Lawson,Data Analysis for Business Decisions,79.0,100,71,82
Deanna Lawson,Data Cleaning & Preprocessing,70.0,79,79,80
Deanna Lawson,Data Analysis with Pandas,93.0,60,54,77
Deanna Lawson,Data Ethics,74.0,55,64,74
Deanna Lawson,Data Visualization with Matplotlib,57.0,88,77,76
Deanna Lawson,E-commerce Development Basics,94.0,70,88,91
Deanna Lawson,Social Media Marketing,59.0,62,83,76
Deanna Lawson,Customer Service Skills for IT,100.0,98,97,99
Deanna Lawson,API Development,53.0,75,81,74
Deanna Lawson,AI in Healthcare,75.0,58,62,74
Deanna Lawson,Financial Reporting Standards,53.0,59,54,63
Deanna Lawson,Container Orchestration with Kubernetes,74.0,93,77,82
Deanna Lawson,Predictive Analytics,78.0,78,87,86
Todd Newman,Data Analysis with Pandas,61.0,81,91,81
Todd Newman,Data Analysis for Business Decisions,81.0,81,76,83
Todd Newman,Data Ethics,52.0,88,82,76
Todd Newman,Data Cleaning & Preprocessing,71.0,91,100,89
Todd Newman,Data Visualization with Matplotlib,56.0,57,55,65
Todd Newman,Content Marketing Strategies,69.0,75,83,81
Todd Newman,Cryptography Basics,68.0,66,58,71
Todd Newman,Content Management Systems (CMS),97.0,93,65,86
Todd Newman,Express.js,52.0,100,60,69
Todd Newman,Deployment & Hosting,74.0,73,90,85
Todd Newman,Video Production Basics,63.0,50,67,70
Todd Newman,Natural Language Processing Techniques,89.0,53,77,83
Katherine Johnson,Data Analysis with Pandas,89.0,82,72,85
Katherine Johnson,Data Cleaning & Preprocessing,53.0,71,54,65
Katherine Johnson,Data Visualization with Matplotlib,98.0,71,68,85
Katherine Johnson,Data Analysis for Business Decisions,83.0,77,51,75
Katherine Johnson,HTML & CSS,55.0,55,84,74
Katherine Johnson,Content Strategy Development,53.0,50,67,67
Katherine Johnson,Presentation Skills for Sales,54.0,68,99,80
Katherine Johnson,Influencer Marketing,80.0,64,79,82
Katherine Johnson,Agile Project Management,57.0,64,96,80
Katherine Johnson,Android Development Basics,97.0,73,50,79
Katherine Johnson,Web Accessibility Standards,89.0,59,80,85
Katherine Johnson,Computer Vision Basics,91.0,53,70,82
Jeffrey Schultz III,Data Ethics,52.0,76,94,79
Jeffrey Schultz III,Data Analysis for Business Decisions,81.0,73,70,80
Jeffrey Schultz III,Data Cleaning & Preprocessing,71.0,80,55,72
Jeffrey Schultz III,Data Visualization with Matplotlib,52.0,87,81,75
Jeffrey Schultz III,Data Analysis with Pandas,98.0,78,91,94
Jeffrey Schultz III,Requirements Gathering Techniques,66.0,88,69,76
Jeffrey Schultz III,AI in Healthcare,73.0,85,91,86
Jeffrey Schultz III,Cryptocurrency Fundamentals,73.0,88,96,88
Jeffrey Schultz III,Blockchain Use Cases,52.0,86,84,76
Jeffrey Schultz III,Google Cloud Platform Essentials,63.0,56,50,65
Jeffrey Schultz III,Conflict Resolution in HR,59.0,58,86,77
Jeffrey Schultz III,Computer Vision Applications,68.0,66,64,73
Stephanie Pham,Data Analysis for Business Decisions,100.0,89,55,83
Stephanie Pham,Data Cleaning & Preprocessing,98.0,67,58,81
Stephanie Pham,Data Visualization with Matplotlib,98.0,99,84,94
Stephanie Pham,Data Analysis with Pandas,73.0,94,62,77
Stephanie Pham,AI in Robotics,85.0,83,83,87
Stephanie Pham,Negotiation Techniques,95.0,97,66,86
Stephanie Pham,Risk Management in Projects,53.0,82,82,75
Stephanie Pham,Risk Management in Cybersecurity,55.0,97,72,74
Stephanie Pham,Progressive Web Apps (PWAs),65.0,64,88,80
Stephanie Pham,Container Orchestration with Kubernetes,73.0,74,74,79
Stephanie Pham,Presentation Skills for Sales,52.0,87,70,71
Joseph Lawrence,Data Analysis with Pandas,67.0,92,77,80
Joseph Lawrence,Data Analysis for Business Decisions,57.0,83,53,67
Joseph Lawrence,Data Cleaning & Preprocessing,82.0,51,75,80
Joseph Lawrence,Data Visualization with Matplotlib,70.0,78,89,83
Joseph Lawrence,Data Ethics,56.0,87,96,82
Joseph Lawrence,Deployment & Hosting,76.0,58,78,80
Joseph Lawrence,Social Media Content Creation,56.0,68,50,64
Joseph Lawrence,Stakeholder Analysis,50.0,51,96,76
Joseph Lawrence,AI in Healthcare,67.0,93,76,79
Joseph Lawrence,Android Development Basics,60.0,84,72,75
Joseph Lawrence,Version Control with Git,78.0,52,87,83
Joseph Lawrence,Digital Sales Techniques,64.0,56,75,74
Joseph Lawrence,Talent Acquisition Strategies,64.0,87,80,79
Nicole Wyatt,Data Analysis with Pandas,81.0,76,94,89
Nicole Wyatt,Data Analysis for Business Decisions,83.0,77,50,74
Nicole Wyatt,Data Ethics,91.0,71,64,81
Nicole Wyatt,Data Cleaning & Preprocessing,76.0,50,93,84
Nicole Wyatt,Data Visualization with Matplotlib,67.0,62,74,76
Nicole Wyatt,Statistical Analysis,89.0,86,95,93
Nicole Wyatt,Presentation Skills for Business Analysts,82.0,100,58,79
Nicole Wyatt,Change Management,66.0,74,85,80
Nicole Wyatt,Monitoring and Logging,52.0,76,98,80
Nicole Wyatt,ITIL Foundations,52.0,51,74,69
Nicole Wyatt,Content Marketing Strategies,91.0,66,53,77
Nicole Wyatt,Responsive Web Design,96.0,70,74,86
Nicole Wyatt,User Interface Design for Mobile Apps,77.0,58,98,87
Melissa Andersen,Data Analysis for Business Decisions,86.0,90,91,91
Melissa Andersen,Data Analysis with Pandas,86.0,67,58,77
Melissa Andersen,Data Ethics,84.0,79,89,88
Melissa Andersen,Data Visualization with Matplotlib,67.0,98,66,76
Melissa Andersen,Data Cleaning & Preprocessing,53.0,87,82,76
Melissa Andersen,Game Monetization Strategies,53.0,96,58,68
Melissa Andersen,App Monetization Strategies,51.0,95,54,66
Melissa Andersen,Reinforcement Learning,66.0,58,78,76
Melissa Andersen,Machine Learning Basics,63.0,60,89,79
Melissa Andersen,User Research Techniques,90.0,90,99,95
Karen Garcia,Data Analysis for Business Decisions,91.0,91,66,84
Karen Garcia,Data Visualization with Matplotlib,70.0,56,60,71
Karen Garcia,Data Ethics,89.0,53,93,89
Karen Garcia,Data Cleaning & Preprocessing,58.0,67,92,79
Karen Garcia,Data Analysis with Pandas,98.0,89,59,84
Karen Garcia,Content Marketing Strategies,98.0,81,61,84
Karen Garcia,Containerization with Docker,55.0,57,66,68
Karen Garcia,Hardware Repair Skills,60.0,93,71,75
Karen Garcia,Computer Vision Applications,61.0,98,77,78
Karen Garcia,Networking Basics,73.0,79,52,72
Karen Garcia,Risk Management in Cybersecurity,67.0,80,67,75
Karen Garcia,Presentation Skills for Sales,89.0,51,94,89
Karen Garcia,Analytics for Marketers,78.0,92,78,84
Karen Garcia,Python for Data Science,55.0,62,71,70
Karen Garcia,Web Application Security,69.0,87,53,71
Jennifer Fields,Data Analysis for Business Decisions,85.0,56,89,86
Jennifer Fields,Data Analysis with Pandas,94.0,58,61,80
Jennifer Fields,Data Ethics,51.0,81,80,74
Jennifer Fields,Data Visualization with Matplotlib,68.0,89,73,78
Jennifer Fields,Data Cleaning & Preprocessing,56.0,51,96,78
Jennifer Fields,Labor Laws and Compliance,62.0,84,81,78
Jennifer Fields,Unsupervised Learning,55.0,73,69,71
Jennifer Fields,API Development,72.0,51,80,78
Jennifer Fields,Content Promotion Strategies,86.0,91,87,90
Jennifer Fields,Progressive Web Apps (PWAs),85.0,55,81,84
Jennifer Fields,Azure Basics,91.0,76,74,85
Andrew Osborn,Data Analysis for Business Decisions,97.0,81,50,80
Andrew Osborn,Data Analysis with Pandas,60.0,99,81,79
Andrew Osborn,Data Ethics,84.0,61,55,75
Andrew Osborn,Data Visualization with Matplotlib,56.0,77,65,70
Andrew Osborn,Data Cleaning & Preprocessing,93.0,58,92,91
Andrew Osborn,Personal Finance Skills,85.0,95,93,92
Andrew Osborn,Git & GitHub,74.0,56,94,84
Andrew Osborn,DevOps in the Cloud,81.0,72,77,82
Andrew Osborn,Analytics for Marketers,72.0,88,84,83
Andrew Osborn,Labor Laws and Compliance,75.0,67,65,76
Nicole Quinn,Data Analysis for Business Decisions,64.0,59,94,81
Nicole Quinn,Data Visualization with Matplotlib,78.0,69,58,74
Nicole Quinn,Data Cleaning & Preprocessing,88.0,50,96,89
Nicole Quinn,Data Ethics,92.0,58,69,82
Nicole Quinn,Design Thinking Process,93.0,63,93,91
Nicole Quinn,Android Development Basics,64.0,74,90,81
Nicole Quinn,API Development,52.0,78,82,75
Nicole Quinn,Unreal Engine Basics,66.0,52,73,74
Nicole Quinn,Tokenomics,80.0,78,80,84
Nicole Quinn,Networking Basics,95.0,60,65,82
Nicole Quinn,Security in Cloud Computing,64.0,62,78,76
Nicole Quinn,Web Application Security,63.0,54,83,76
Nicole Quinn,AWS Fundamentals,79.0,82,66,79
Richard Harris,Data Cleaning & Preprocessing,77.0,67,92,86
Richard Harris,Data Visualization with Matplotlib,91.0,55,69,82
Richard Harris,Data Analysis for Business Decisions,99.0,95,66,87
Richard Harris,Data Ethics,96.0,86,93,95
Richard Harris,Data Analysis with Pandas,85.0,54,70,80
Richard Harris,Speech Recognition Technologies,79.0,72,67,78
Richard Harris,Web Accessibility Standards,64.0,53,67,71
Richard Harris,Introduction to Blockchain,64.0,88,89,82
Richard Harris,Labor Laws and Compliance,73.0,55,58,71
Richard Harris,Automating Cloud Deployments,63.0,84,92,83
Jose Sosa,Data Cleaning & Preprocessing,74.0,92,67,79
Jose Sosa,Data Visualization with Matplotlib,52.0,72,59,66
Jose Sosa,Data Analysis with Pandas,75.0,83,72,80
Jose Sosa,Data Ethics,86.0,57,69,80
Jose Sosa,Data Analysis for Business Decisions,64.0,80,69,75
Jose Sosa,Visual Design Basics,82.0,87,76,84
Jose Sosa,API Development,65.0,67,53,68
Jose Sosa,Cloud Cost Management,100.0,66,78,89
Jose Sosa,Node.js,57.0,56,81,74
Jose Sosa,SEO for Content Creators,68.0,64,80,78
Brandon Gomez,Data Visualization with Matplotlib,66.0,92,95,86
Brandon Gomez,Data Ethics,66.0,91,99,87
Brandon Gomez,Data Analysis with Pandas,94.0,55,52,77
Brandon Gomez,Data Analysis for Business Decisions,84.0,99,77,86
Brandon Gomez,Data Cleaning & Preprocessing,72.0,97,50,72
Brandon Gomez,Game Testing Techniques,56.0,52,88,76
Brandon Gomez,Reinforcement Learning Techniques,95.0,85,57,82
Brandon Gomez,Automating Cloud Deployments,98.0,85,67,86
Brandon Gomez,Decentralized Applications (DApps),68.0,73,64,73
Brandon Gomez,Deployment of ML Models,86.0,64,63,79
Brandon Gomez,Diversity and Inclusion Initiatives,93.0,54,59,79
Brandon Gomez,JavaScript Frameworks Overview,62.0,54,99,82
Meghan Gonzalez,Data Analysis for Business Decisions,61.0,97,61,72
Meghan Gonzalez,Data Analysis with Pandas,71.0,72,62,74
Meghan Gonzalez,Data Visualization with Matplotlib,64.0,61,76,75
Meghan Gonzalez,Data Ethics,61.0,56,86,77
Meghan Gonzalez,Data Cleaning & Preprocessing,63.0,60,73,74
Meghan Gonzalez,Backend Development Fundamentals,65.0,81,99,86
Meghan Gonzalez,Stakeholder Analysis,68.0,90,67,76
Meghan Gonzalez,Cross-Platform Development with Flutter,61.0,74,62,70
Meghan Gonzalez,Business Case Development,98.0,67,82,90
Meghan Gonzalez,Machine Learning Basics,89.0,64,93,90
Meghan Gonzalez,Sales Analytics,84.0,93,68,82
Meghan Gonzalez,Google Cloud Platform Essentials,96.0,68,80,88
Meghan Gonzalez,Ethics in AI,86.0,79,65,81
Meghan Gonzalez,Negotiation Techniques,52.0,92,60,68
Meghan Gonzalez,Automating Cloud Deployments,75.0,85,73,80
Aaron Brown,Data Analysis with Pandas,89.0,91,51,78
Aaron Brown,Data Ethics,71.0,93,59,75
Aaron Brown,Data Cleaning & Preprocessing,70.0,79,66,76
Aaron Brown,Data Analysis for Business Decisions,97.0,93,58,84
Aaron Brown,Data Visualization with Matplotlib,74.0,97,91,87
Aaron Brown,Predictive Analytics,66.0,71,81,79
Aaron Brown,Training and Development,82.0,80,91,89
Aaron Brown,Project Scheduling Techniques,87.0,61,59,77
Aaron Brown,Blogging for Beginners,56.0,73,78,74
Aaron Brown,Model Evaluation,51.0,61,58,64
Aaron Brown,Supervised Learning,83.0,54,64,77
Aaron Brown,AWS Fundamentals,59.0,80,99,83
Aaron Brown,Cloud Security Best Practices,54.0,60,75,71
Aaron Brown,Stakeholder Analysis,65.0,77,53,69
Aaron Brown,Content Promotion Strategies,84.0,96,79,87
Mr. Mark Griffin DDS,Data Visualization with Matplotlib,51.0,90,92,79
Mr. Mark Griffin DDS,Data Analysis for Business Decisions,52.0,75,82,74
Mr. Mark Griffin DDS,Data Analysis with Pandas,66.0,75,92,83
Mr. Mark Griffin DDS,Data Cleaning & Preprocessing,82.0,92,57,78
Mr. Mark Griffin DDS,Data Ethics,56.0,60,85,75
Mr. Mark Griffin DDS,Presentation Skills for Business Analysts,95.0,69,77,87
Mr. Mark Griffin DDS,SEO for Content Creators,89.0,93,63,82
Mr. Mark Griffin DDS,Speech Recognition Technologies,91.0,71,52,77
Mr. Mark Griffin DDS,Web Performance Optimization,76.0,59,96,86
Mr. Mark Griffin DDS,Podcasting Fundamentals,95.0,78,66,84
Mr. Mark Griffin DDS,Introduction to Cloud Computing,84.0,73,79,84
Mr. Mark Griffin DDS,Analytics for Marketers,93.0,76,95,93
Mr. Mark Griffin DDS,Remote Support Techniques,53.0,62,82,73
Brian Burns,Data Analysis with Pandas,87.0,98,67,84
Brian Burns,Data Visualization with Matplotlib,83.0,80,71,82
Brian Burns,Data Cleaning & Preprocessing,57.0,58,64,68
Brian Burns,Data Ethics,80.0,73,57,75
Brian Burns,Data Analysis for Business Decisions,71.0,74,68,76
Brian Burns,Negotiation Techniques,100.0,99,64,87
Brian Burns,Introduction to AI,77.0,62,94,86
Brian Burns,Publishing Mobile Apps,64.0,81,57,70
Brian Burns,SEO for Content Creators,94.0,57,87,89
Brian Burns,HR Analytics,64.0,50,84,77
Brian Burns,Financial Analysis Techniques,63.0,58,92,80
Brian Burns,Business Case Development,54.0,99,93,81
Tami Johnson,Data Analysis for Business Decisions,95.0,63,75,86
Tami Johnson,Data Ethics,78.0,86,51,74
Tami Johnson,Data Analysis with Pandas,54.0,71,67,69
Tami Johnson,Data Visualization with Matplotlib,70.0,85,67,76
Tami Johnson,Data Cleaning & Preprocessing,50.0,59,59,64
Tami Johnson,Conversion Rate Optimization,99.0,59,85,90
Tami Johnson,Customer Service Skills for IT,86.0,72,93,90
Tami Johnson,Risk Management in Cybersecurity,91.0,68,69,83
Tami Johnson,AI in IoT,76.0,55,76,79
Tami Johnson,Automating Cloud Deployments,70.0,94,50,71
Nicholas Hamilton,Data Visualization with Matplotlib,51.0,76,79,73
Nicholas Hamilton,Data Analysis with Pandas,68.0,59,66,73
Nicholas Hamilton,Data Cleaning & Preprocessing,51.0,79,63,68
Nicholas Hamilton,Data Ethics,91.0,71,66,82
Nicholas Hamilton,Continuous Integration and Delivery,73.0,55,59,72
Nicholas Hamilton,Introduction to Blockchain,77.0,70,52,72
Nicholas Hamilton,Containerization with Docker,81.0,95,80,86
Nicholas Hamilton,Sales Fundamentals,92.0,80,81,89
Nicholas Hamilton,Project Management Basics,63.0,73,65,72
Nicholas Hamilton,API Development,96.0,86,92,94
Nicholas Hamilton,HR Analytics,61.0,51,87,77
Nicholas Hamilton,Networking Basics,81.0,76,62,78
Nicholas Hamilton,Cloud Cost Management,76.0,57,57,72
Nicholas Hamilton,Hardware Repair Skills,95.0,98,51,81
Nicholas Hamilton,ITIL Foundations,87.0,81,93,91
Beth Robles,Data Cleaning & Preprocessing,75.0,90,96,89
Beth Robles,Data Analysis for Business Decisions,63.0,82,63,72
Beth Robles,Data Ethics,73.0,80,96,87
Beth Robles,Data Analysis with Pandas,92.0,66,98,93
Beth Robles,Data Visualization with Matplotlib,50.0,83,94,79
Beth Robles,3D Game Development,89.0,62,53,76
Beth Robles,Decentralized Applications (DApps),91.0,67,72,84
Beth Robles,Conversion Rate Optimization,92.0,69,67,83
Beth Robles,HTML & CSS,78.0,92,88,87
Beth Robles,Unsupervised Learning,89.0,95,95,94
Jeffery Adkins,Data Cleaning & Preprocessing,71.0,69,66,75
Jeffery Adkins,Data Visualization with Matplotlib,68.0,69,57,71
Jeffery Adkins,Data Analysis for Business Decisions,66.0,53,98,83
Jeffery Adkins,Data Analysis with Pandas,65.0,62,52,67
Jeffery Adkins,Data Ethics,52.0,56,87,74
Jeffery Adkins,Cloud Cost Management,78.0,88,89,87
Jeffery Adkins,Social Media Marketing,56.0,63,83,75
Jeffery Adkins,Game Design Principles,52.0,60,65,67
Jeffery Adkins,Game Testing Techniques,87.0,55,78,83
Jeffery Adkins,Operating Systems Overview,59.0,82,60,70
Jeffery Adkins,Personal Finance Skills,72.0,98,90,86
Jeffery Adkins,Visual Design Basics,97.0,69,62,83
Jeffery Adkins,Presentation Skills for Business Analysts,97.0,97,83,93
Jeffery Adkins,Communication Skills for Project Managers,65.0,77,93,83
Karla Mills,Data Ethics,95.0,87,50,79
Karla Mills,Data Visualization with Matplotlib,72.0,75,99,87
Karla Mills,Data Analysis with Pandas,85.0,97,61,81
Karla Mills,Data Analysis for Business Decisions,73.0,68,57,72
Karla Mills,Data Cleaning & Preprocessing,66.0,74,68,74
Karla Mills,Wireframing and Prototyping,81.0,56,92,86
Karla Mills,Speech Recognition Technologies,81.0,79,71,81
Karla Mills,Node.js,80.0,92,89,88
Karla Mills,Usability Testing,86.0,82,64,81
Karla Mills,DevOps in the Cloud,96.0,89,83,92
Karla Mills,Understanding Financial Markets,99.0,75,97,96
Karla Mills,Reinforcement Learning,86.0,61,58,76
Karla Mills,Multiplayer Game Development,66.0,75,63,73
Karla Mills,Unsupervised Learning,77.0,92,92,88
Karen Cruz,Data Ethics,71.0,54,98,85
Karen Cruz,Data Analysis for Business Decisions,99.0,63,65,84
Karen Cruz,Data Cleaning & Preprocessing,91.0,79,83,89
Karen Cruz,Data Analysis with Pandas,92.0,62,63,80
Karen Cruz,Data Visualization with Matplotlib,93.0,60,61,80
Karen Cruz,Interaction Design Principles,68.0,54,59,70
Karen Cruz,Talent Acquisition Strategies,66.0,88,88,83
Karen Cruz,Video Production Basics,59.0,55,53,65
Karen Cruz,Statistical Analysis,100.0,60,79,89
Karen Cruz,E-commerce Development Basics,52.0,92,98,82
Karen Cruz,JavaScript Basics,95.0,75,97,95
Deanna Sanchez,Data Ethics,55.0,72,79,74
Deanna Sanchez,Data Visualization with Matplotlib,58.0,53,87,76
Deanna Sanchez,Data Cleaning & Preprocessing,80.0,78,66,79
Deanna Sanchez,Data Analysis for Business Decisions,54.0,62,61,66
Deanna Sanchez,Data Analysis with Pandas,99.0,91,65,86
Deanna Sanchez,AI for Business,74.0,52,50,69
Deanna Sanchez,Time Management for Sales,58.0,81,97,82
Deanna Sanchez,Machine Learning Basics,96.0,64,100,95
Deanna Sanchez,Security Awareness for IT Support,95.0,66,82,89
Deanna Sanchez,API Integration in Mobile Apps,90.0,52,74,83
Deanna Sanchez,Sales Fundamentals,57.0,65,73,72
Rita Marks,Data Analysis for Business Decisions,53.0,74,70,70
Rita Marks,Data Ethics,66.0,64,87,80
Rita Marks,Data Cleaning & Preprocessing,97.0,85,80,90
Rita Marks,Data Visualization with Matplotlib,90.0,75,77,86
Rita Marks,Introduction to DevOps,74.0,63,84,82
Rita Marks,Microservices in Cloud,77.0,87,99,90
Rita Marks,Communication Skills for Project Managers,72.0,74,96,86
Rita Marks,Web Accessibility Standards,95.0,50,80,86
Rita Marks,Corporate Finance Essentials,76.0,95,54,75
Rita Marks,Cryptography Basics,96.0,99,91,95
Rita Marks,Natural Language Processing Techniques,77.0,63,67,77
Rita Marks,Content Promotion Strategies,81.0,70,80,83
Catherine Dawson,Data Cleaning & Preprocessing,72.0,68,52,70
Catherine Dawson,Data Analysis with Pandas,87.0,53,98,90
Catherine Dawson,Data Ethics,91.0,87,61,82
Catherine Dawson,Data Analysis for Business Decisions,96.0,100,97,98
Catherine Dawson,Data Visualization with Matplotlib,84.0,57,61,76
Catherine Dawson,Introduction to AI,73.0,76,50,71
Catherine Dawson,3D Game Development,64.0,100,52,71
Catherine Dawson,SWOT Analysis for Business,56.0,81,89,79
Catherine Dawson,Python for Data Science,86.0,99,89,91
Catherine Dawson,Collaboration Tools in DevOps,95.0,53,93,91
Catherine Dawson,Closing Sales Strategies,68.0,51,81,77
Catherine Dawson,Introduction to DevOps,54.0,71,97,80
Catherine Dawson,Operating Systems Overview,74.0,71,76,80
Catherine Dawson,Deep Learning Fundamentals,85.0,83,83,87
Kevin Rice II,Data Analysis with Pandas,69.0,85,65,75
Kevin Rice II,Data Ethics,53.0,92,81,76
Kevin Rice II,Data Visualization with Matplotlib,59.0,53,100,81
Kevin Rice II,Data Analysis for Business Decisions,87.0,99,59,81
Kevin Rice II,Data Cleaning & Preprocessing,85.0,85,95,92
Kevin Rice II,Incident Response,70.0,54,58,70
Kevin Rice II,Change Management Strategies,91.0,70,56,78
Kevin Rice II,Multiplayer Game Development,57.0,54,64,68
Kevin Rice II,Reinforcement Learning Techniques,83.0,94,74,84
Kevin Rice II,Ethics in AI,86.0,63,84,86
Kevin Rice II,Presentation Skills for Sales,73.0,66,88,83
Kevin Rice II,Introduction to Human Resources,80.0,73,85,85
Dennis Odonnell,Data Analysis for Business Decisions,59.0,51,67,69
Dennis Odonnell,Data Ethics,56.0,80,90,79
Dennis Odonnell,Data Cleaning & Preprocessing,60.0,72,89,79
Dennis Odonnell,Data Analysis with Pandas,53.0,51,68,67
Dennis Odonnell,Data Visualization with Matplotlib,51.0,61,95,77
Dennis Odonnell,Interaction Design Principles,54.0,99,78,76
Dennis Odonnell,Performance Optimization for Mobile Apps,78.0,81,66,78
Dennis Odonnell,Training and Development,92.0,98,90,93
Dennis Odonnell,Time Management for Sales,80.0,54,88,84
Dennis Odonnell,Git & GitHub,74.0,79,88,85
Dennis Odonnell,Project Scheduling Techniques,82.0,84,83,86
Dennis Odonnell,RESTful Services,50.0,86,98,80
Natalie Lopez,Data Analysis for Business Decisions,56.0,64,71,71
Natalie Lopez,Data Cleaning & Preprocessing,81.0,50,82,82
Natalie Lopez,Data Visualization with Matplotlib,85.0,95,74,85
Natalie Lopez,Data Ethics,88.0,52,63,78
Natalie Lopez,Podcasting Fundamentals,80.0,83,53,75
Natalie Lopez,Reinforcement Learning,80.0,72,93,88
Natalie Lopez,Serverless Architecture,96.0,82,58,82
Natalie Lopez,Introduction to Cloud Computing,51.0,88,87,77
Natalie Lopez,Google Cloud Platform Essentials,82.0,90,60,79
Natalie Lopez,Collaboration Tools in DevOps,79.0,97,73,83
Natalie Lopez,Business Case Development,79.0,91,63,79
Natalie Lopez,Git & GitHub,95.0,70,74,86
Natalie Lopez,Cloud Cost Management,69.0,70,96,85
David Delacruz,Data Cleaning & Preprocessing,94.0,74,100,95
David Delacruz,Data Analysis for Business Decisions,63.0,65,60,70
David Delacruz,Data Ethics,98.0,80,67,86
David Delacruz,Data Visualization with Matplotlib,81.0,59,66,77
David Delacruz,Data Analysis with Pandas,66.0,77,74,77
David Delacruz,Business Process Modeling,99.0,53,94,93
David Delacruz,Change Management Strategies,89.0,65,92,90
David Delacruz,Containerization with Docker,94.0,81,51,79
David Delacruz,User Research Techniques,66.0,79,78,78
David Delacruz,Cloud Support Fundamentals,75.0,74,66,77
David Delacruz,Consensus Algorithms,83.0,69,62,78
David Delacruz,E-commerce Development Basics,95.0,95,62,84
David Delacruz,Communication Skills for Project Managers,100.0,85,52,82
David Delacruz,Introduction to UI/UX Design,67.0,61,74,75
Kelly Moore,Data Ethics,62.0,86,76,77
Kelly Moore,Data Cleaning & Preprocessing,76.0,99,99,91
Kelly Moore,Data Analysis for Business Decisions,81.0,64,50,72
Kelly Moore,Data Visualization with Matplotlib,98.0,53,82,88
Kelly Moore,Data Analysis with Pandas,95.0,86,91,94
Kelly Moore,Microservices in Cloud,97.0,70,78,88
Kelly Moore,Training and Development,78.0,93,56,76
Kelly Moore,Deep Learning with TensorFlow,57.0,69,67,70
Kelly Moore,Computer Vision Basics,54.0,61,90,76
Kelly Moore,Introduction to Blockchain,59.0,57,67,70
Kelly Moore,Game Testing Techniques,53.0,84,68,71
Kelly Moore,Unity Basics,88.0,63,54,76
Kelly Moore,Azure Basics,79.0,59,75,80
Kelly Moore,React,100.0,53,58,81
Kelly Moore,Container Orchestration with Kubernetes,98.0,56,85,90
Kayla Cook,Data Ethics,68.0,83,83,81
Kayla Cook,Data Analysis with Pandas,94.0,95,88,93
Kayla Cook,Data Analysis for Business Decisions,90.0,58,80,85
Kayla Cook,Data Visualization with Matplotlib,64.0,74,63,72
Kayla Cook,Data Cleaning & Preprocessing,81.0,98,81,86
Kayla Cook,API Integration in Mobile Apps,99.0,100,56,84
Kayla Cook,Supervised Learning,54.0,66,92,78
Kayla Cook,Affiliate Marketing,56.0,100,50,67
Kayla Cook,Remote Support Techniques,82.0,93,66,81
Kayla Cook,Virtual Reality Development,75.0,60,64,75
Kayla Cook,Google Cloud Platform Essentials,80.0,79,70,80
Kayla Cook,Design Tools Overview,70.0,50,57,69
Kayla Cook,Email Marketing Basics,93.0,63,98,93
Kayla Cook,App Monetization Strategies,79.0,56,89,84
Christopher Young,Data Ethics,69.0,72,94,84
Christopher Young,Data Visualization with Matplotlib,75.0,94,85,85
Christopher Young,Data Cleaning & Preprocessing,72.0,86,71,79
Christopher Young,Data Analysis for Business Decisions,96.0,93,57,83
Christopher Young,Continuous Integration and Delivery,86.0,95,96,93
Christopher Young,Decentralized Applications (DApps),67.0,59,75,76
Christopher Young,Sales Fundamentals,90.0,98,66,84
Christopher Young,Agile Project Management,68.0,78,87,82
Christopher Young,Remote Support Techniques,76.0,66,58,73
Christopher Young,Natural Language Processing,90.0,58,69,81
Christopher Young,Data Analysis with Pandas,59.0,61,90,78
Christopher Young,Node.js,57.0,51,87,76
Christopher Young,Computer Vision Applications,51.0,87,80,75
Christopher Young,Visual Design Basics,70.0,97,58,74
Christopher Young,Presentation Skills for Sales,54.0,60,57,65
Taylor Jones,Data Cleaning & Preprocessing,75.0,80,89,85
Taylor Jones,Data Visualization with Matplotlib,96.0,74,50,78
Taylor Jones,Data Analysis for Business Decisions,70.0,64,70,75
Taylor Jones,Data Analysis with Pandas,82.0,62,68,79
Taylor Jones,AWS Fundamentals,71.0,88,81,82
Taylor Jones,Version Control with Git,64.0,51,93,80
Taylor Jones,Blockchain Use Cases,74.0,72,56,73
Taylor Jones,HTML & CSS,76.0,72,87,84
Taylor Jones,Sales Fundamentals,74.0,77,86,84
Taylor Jones,Backend Development Fundamentals,75.0,66,60,74
Taylor Jones,AI in Healthcare,54.0,65,97,79
Taylor Jones,Content Promotion Strategies,99.0,54,77,87
Taylor Jones,Introduction to DevOps,73.0,74,57,73
Taylor Jones,Introduction to Human Resources,91.0,97,99,96
Taylor Jones,Introduction to Finance,62.0,55,91,79
Jason Scott,Data Cleaning & Preprocessing,63.0,95,81,80
Jason Scott,Data Analysis with Pandas,84.0,73,72,82
Jason Scott,Data Visualization with Matplotlib,98.0,54,97,94
Jason Scott,Data Ethics,54.0,86,52,66
Jason Scott,Data Analysis for Business Decisions,75.0,89,60,76
Jason Scott,Risk Management in Cybersecurity,81.0,65,56,74
Jason Scott,Android Development Basics,83.0,98,81,87
Jason Scott,Email Marketing Basics,54.0,80,57,67
Jason Scott,Natural Language Processing,67.0,71,76,77
Jason Scott,Agile Methodologies,67.0,79,80,79
Jason Scott,Presentation Skills for Business Analysts,53.0,61,70,69
Jason Scott,Introduction to UI/UX Design,98.0,74,96,95
Jason Scott,Project Scheduling Techniques,55.0,70,91,78
Warren Tucker,Data Analysis with Pandas,84.0,91,61,80
Warren Tucker,Data Visualization with Matplotlib,56.0,50,51,62
Warren Tucker,Data Cleaning & Preprocessing,97.0,53,73,85
Warren Tucker,Data Analysis for Business Decisions,69.0,98,94,87
Warren Tucker,Data Ethics,62.0,62,63,70
Warren Tucker,Financial Analysis Techniques,56.0,100,54,68
Warren Tucker,Content Promotion Strategies,97.0,71,90,93
Warren Tucker,Business Case Development,70.0,73,95,85
Warren Tucker,Employee Engagement Techniques,62.0,80,84,79
Warren Tucker,Unity Basics,60.0,73,59,69
Warren Tucker,Risk Management in Cybersecurity,61.0,88,97,84
Warren Tucker,Deep Learning with TensorFlow,81.0,77,62,78
Warren Tucker,Introduction to Cloud Computing,91.0,92,78,88
Stacey Cooper,Data Visualization with Matplotlib,88.0,65,87,88
Stacey Cooper,Data Ethics,51.0,57,94,76
Stacey Cooper,Data Analysis for Business Decisions,91.0,72,83,88
Stacey Cooper,Data Analysis with Pandas,71.0,83,100,88
Stacey Cooper,Data Cleaning & Preprocessing,74.0,60,68,76
Stacey Cooper,Networking Basics,72.0,94,53,73
Stacey Cooper,Unity Basics,80.0,86,63,79
Stacey Cooper,API Integration in Mobile Apps,73.0,91,54,74
Stacey Cooper,Machine Learning Basics,77.0,61,97,87
Stacey Cooper,Game Design Principles,59.0,63,68,71
Stacey Cooper,Introduction to UI/UX Design,92.0,84,63,83
Mark Haynes,Data Analysis with Pandas,59.0,67,63,69
Mark Haynes,Data Analysis for Business Decisions,55.0,59,88,76
Mark Haynes,Data Cleaning & Preprocessing,68.0,66,89,82
Mark Haynes,Data Ethics,69.0,89,89,84
Mark Haynes,Deployment & Hosting,89.0,81,67,83
Mark Haynes,Agile Project Management,84.0,99,62,81
Mark Haynes,Multiplayer Game Development,54.0,91,53,67
Mark Haynes,Serverless Architecture,74.0,64,82,81
Mark Haynes,Talent Acquisition Strategies,55.0,71,82,75
Mark Haynes,Model Evaluation,84.0,73,78,84
Mark Haynes,Presentation Skills for Business Analysts,80.0,68,53,73
Mark Haynes,Unreal Engine Basics,72.0,75,72,78
Mark Haynes,Risk Management in Cybersecurity,86.0,90,99,94
Adrienne Roberts,Data Visualization with Matplotlib,62.0,53,51,65
Adrienne Roberts,Data Cleaning & Preprocessing,56.0,76,73,73
Adrienne Roberts,Data Analysis for Business Decisions,72.0,74,78,80
Adrienne Roberts,Data Ethics,80.0,83,52,74
Adrienne Roberts,Data Analysis with Pandas,98.0,70,62,83
Adrienne Roberts,Smart Contracts Development,65.0,53,86,78
Adrienne Roberts,Understanding Consumer Behavior,98.0,96,85,94
Adrienne Roberts,React,57.0,74,91,79
Adrienne Roberts,Hyperledger Basics,71.0,97,81,83
Adrienne Roberts,Closing Sales Strategies,58.0,57,80,74
Adrienne Roberts,Mobile App Design,94.0,84,65,84
Courtney Phillips,Data Cleaning & Preprocessing,100.0,54,60,81
Courtney Phillips,Data Visualization with Matplotlib,78.0,60,86,83
Courtney Phillips,Data Ethics,56.0,81,91,80
Courtney Phillips,Data Analysis with Pandas,70.0,68,86,81
Courtney Phillips,Data Analysis for Business Decisions,51.0,64,59,65
Courtney Phillips,Video Production Basics,73.0,94,66,78
Courtney Phillips,Cloud Security Best Practices,67.0,64,50,67
Courtney Phillips,Microservices in Cloud,70.0,56,84,80
Courtney Phillips,Business Case Development,73.0,60,51,69
Courtney Phillips,Configuration Management with Ansible,64.0,55,58,68
Courtney Phillips,Mobile App Security,71.0,62,54,70
Courtney Phillips,Consensus Algorithms,53.0,69,84,75
Courtney Phillips,Personal Finance Skills,91.0,54,57,77
Courtney Phillips,Financial Analysis Techniques,53.0,69,98,80
Courtney Phillips,Analytics for Marketers,75.0,92,59,76
Jeffery Brown,Data Ethics,58.0,64,83,76
Jeffery Brown,Data Cleaning & Preprocessing,96.0,72,89,92
Jeffery Brown,Data Analysis with Pandas,70.0,70,100,86
Jeffery Brown,Data Visualization with Matplotlib,79.0,58,96,87
Jeffery Brown,Data Analysis for Business Decisions,80.0,73,67,79
Jeffery Brown,Automating Cloud Deployments,96.0,53,76,85
Jeffery Brown,Malware Analysis,82.0,57,97,88
Jeffery Brown,Cryptocurrency Fundamentals,64.0,81,75,77
Jeffery Brown,API Development,58.0,95,82,78
Jeffery Brown,E-commerce Development Basics,91.0,83,54,79
Jeffery Brown,Cloud Cost Management,85.0,91,95,92
Jeffery Brown,Cloud Support Fundamentals,60.0,64,90,79
Terry Pierce,Data Visualization with Matplotlib,66.0,97,87,83
Terry Pierce,Data Analysis with Pandas,60.0,79,83,78
Terry Pierce,Data Cleaning & Preprocessing,54.0,82,62,69
Terry Pierce,Data Ethics,89.0,60,93,90
Terry Pierce,Data Analysis for Business Decisions,87.0,51,72,81
Terry Pierce,Google Ads Fundamentals,55.0,98,82,78
Terry Pierce,Continuous Integration and Delivery,80.0,66,84,84
Terry Pierce,Reinforcement Learning,94.0,60,65,82
Terry Pierce,Troubleshooting Techniques,70.0,100,65,77
Terry Pierce,Financial Planning and Forecasting,57.0,73,56,67
Terry Pierce,Customer Service Skills for IT,55.0,97,78,76
Brandon Ferguson,Data Analysis for Business Decisions,97.0,78,68,86
Brandon Ferguson,Data Ethics,73.0,67,89,83
Brandon Ferguson,Data Visualization with Matplotlib,78.0,83,91,87
Brandon Ferguson,Data Analysis with Pandas,61.0,60,80,75
Brandon Ferguson,Data Cleaning & Preprocessing,86.0,97,86,90
Brandon Ferguson,Customer Service Skills for IT,90.0,72,100,94
Brandon Ferguson,Introduction to Finance,76.0,67,83,82
Brandon Ferguson,Multiplayer Game Development,100.0,98,83,94
Brandon Ferguson,Requirements Gathering Techniques,78.0,56,91,85
Brandon Ferguson,Presentation Skills for Business Analysts,87.0,93,59,80
Brandon Ferguson,Introduction to Blockchain,91.0,56,73,83
Brandon Ferguson,Web Application Security,98.0,78,50,80
Brandon Ferguson,MongoDB,52.0,52,74,69
Maria Wilson,Data Cleaning & Preprocessing,100.0,65,77,88
Maria Wilson,Data Visualization with Matplotlib,79.0,90,95,90
Maria Wilson,Data Ethics,76.0,89,92,88
Maria Wilson,Data Analysis for Business Decisions,79.0,81,54,75
Maria Wilson,Data Analysis with Pandas,50.0,60,64,66
Maria Wilson,Introduction to Human Resources,95.0,76,50,78
Maria Wilson,Design Tools Overview,95.0,60,59,80
Maria Wilson,Version Control with Git,54.0,76,78,74
Maria Wilson,Influencer Marketing,58.0,73,55,67
Maria Wilson,RESTful Services,84.0,92,81,87
Martin Long,Data Analysis for Business Decisions,52.0,88,90,78
Martin Long,Data Visualization with Matplotlib,82.0,59,86,85
Martin Long,Data Cleaning & Preprocessing,50.0,78,80,73
Martin Long,Data Ethics,92.0,64,87,89
Martin Long,Data Analysis with Pandas,56.0,79,71,72
Martin Long,Conversion Rate Optimization,78.0,87,87,86
Martin Long,Node.js,99.0,96,83,93
Martin Long,Game Testing Techniques,50.0,78,56,65
Martin Long,Introduction to Human Resources,74.0,70,82,82
Martin Long,Interaction Design Principles,93.0,65,58,79
Martin Long,Microservices in Cloud,93.0,79,80,88
Martin Long,Natural Language Processing,72.0,52,63,72
Martin Long,Training and Development,55.0,94,91,80
Martin Long,iOS Development Basics,72.0,70,91,84
Joseph Lutz,Data Ethics,95.0,79,56,81
Joseph Lutz,Data Visualization with Matplotlib,99.0,70,83,91
Joseph Lutz,Data Analysis for Business Decisions,70.0,66,78,78
Joseph Lutz,Data Cleaning & Preprocessing,65.0,94,86,82
Joseph Lutz,Data Analysis with Pandas,56.0,79,89,79
Joseph Lutz,Podcasting Fundamentals,84.0,100,67,83
Joseph Lutz,Analytics for Marketers,62.0,92,88,82
Joseph Lutz,Financial Analysis Techniques,83.0,58,80,83
Joseph Lutz,Hyperledger Basics,51.0,58,96,77
Joseph Lutz,Digital Sales Techniques,69.0,65,60,72
Joseph Lutz,Risk Management in Cybersecurity,78.0,98,68,81
Stephanie Chambers,Data Cleaning & Preprocessing,71.0,93,62,76
Stephanie Chambers,Data Visualization with Matplotlib,84.0,87,96,92
Stephanie Chambers,Data Ethics,99.0,61,95,94
Stephanie Chambers,Data Analysis with Pandas,63.0,68,65,72
Stephanie Chambers,Data Analysis for Business Decisions,68.0,58,69,74
Stephanie Chambers,Customer Service Skills for IT,98.0,94,96,97
Stephanie Chambers,Blockchain Security,83.0,88,71,83
Stephanie Chambers,Supervised Learning,66.0,54,64,71
Stephanie Chambers,Sales Analytics,69.0,94,94,86
Stephanie Chambers,Google Ads Fundamentals,71.0,72,89,83
Adam Bass,Data Analysis with Pandas,96.0,55,54,78
Adam Bass,Data Ethics,57.0,80,95,81
Adam Bass,Data Visualization with Matplotlib,87.0,94,97,94
Adam Bass,Data Cleaning & Preprocessing,58.0,61,72,72
Adam Bass,Data Analysis for Business Decisions,78.0,55,79,80
Adam Bass,Malware Analysis,78.0,75,83,84
Adam Bass,Project Management Tools Overview,78.0,85,76,82
Adam Bass,MongoDB,98.0,66,55,80
Adam Bass,Containerization with Docker,73.0,71,70,77
Adam Bass,Introduction to Content Creation,91.0,62,71,83
Adam Bass,Deep Learning with TensorFlow,85.0,54,83,84
Adam Bass,Interaction Design Principles,51.0,65,90,76
Adam Bass,Risk Analysis and Management,71.0,90,62,76
Devin Huffman,Data Analysis for Business Decisions,83.0,86,50,75
Devin Huffman,Data Ethics,69.0,70,70,76
Devin Huffman,Data Analysis with Pandas,67.0,51,67,72
Devin Huffman,Data Visualization with Matplotlib,70.0,82,60,74
Devin Huffman,Project Management Basics,67.0,78,76,78
Devin Huffman,Web Application Security,52.0,92,65,70
Devin Huffman,Node.js,71.0,96,71,79
Devin Huffman,Analytics for Marketers,88.0,69,76,84
Devin Huffman,Project Scheduling Techniques,72.0,74,95,86
Devin Huffman,Container Orchestration with Kubernetes,89.0,56,72,82
Devin Huffman,Performance Management Systems,79.0,63,70,78
Devin Huffman,Communication Skills for Project Managers,69.0,54,89,81
Gregory Torres,Data Analysis for Business Decisions,69.0,96,88,85
Gregory Torres,Data Ethics,87.0,52,88,86
Gregory Torres,Data Visualization with Matplotlib,81.0,53,79,81
Gregory Torres,Data Analysis with Pandas,76.0,78,80,82
Gregory Torres,Financial Planning and Forecasting,80.0,74,53,74
Gregory Torres,Customer Service Excellence,98.0,62,96,94
Gregory Torres,Reinforcement Learning,64.0,98,99,87
Gregory Torres,Introduction to UI/UX Design,84.0,96,53,78
Gregory Torres,Sales Fundamentals,96.0,58,71,84
Gregory Torres,Conversion Rate Optimization,95.0,98,93,96
Gregory Torres,Business Case Development,53.0,81,96,80
Gregory Torres,API Development,67.0,85,59,73
Gregory Torres,Ethical Hacking Basics,96.0,83,64,84
Gregory Torres,Responsive Web Design,74.0,59,72,77
Gregory Torres,Influencer Marketing,72.0,94,62,76
William Perez,Data Ethics,57.0,74,50,65
William Perez,Data Visualization with Matplotlib,97.0,60,96,94
William Perez,Data Analysis for Business Decisions,55.0,94,69,73
William Perez,Data Cleaning & Preprocessing,55.0,51,70,69
William Perez,Data Analysis with Pandas,67.0,63,56,69
William Perez,Backend Development Fundamentals,86.0,72,82,86
William Perez,Agile Methodologies,60.0,98,86,81
William Perez,HR Analytics,87.0,66,83,86
William Perez,Deployment of ML Models,80.0,80,72,81
William Perez,Understanding Financial Markets,68.0,60,94,83
William Perez,Microservices in Cloud,65.0,51,75,74
William Perez,Introduction to Human Resources,71.0,63,96,85
William Perez,Change Management Strategies,50.0,66,53,63
James Garcia,Data Visualization with Matplotlib,100.0,53,58,81
James Garcia,Data Cleaning & Preprocessing,91.0,81,58,80
James Garcia,Data Analysis with Pandas,93.0,82,65,84
James Garcia,Data Ethics,88.0,90,64,82
James Garcia,Data Analysis for Business Decisions,71.0,76,89,84
James Garcia,Training and Development,60.0,56,94,80
James Garcia,Requirements Gathering Techniques,95.0,60,87,90
James Garcia,ITIL Foundations,68.0,100,50,71
James Garcia,Security in Cloud Computing,53.0,99,78,76
James Garcia,Google Cloud Platform Essentials,58.0,64,86,77
James Garcia,Decentralized Applications (DApps),99.0,69,84,91
James Garcia,Computer Vision Applications,80.0,68,59,75
Carol Smith,Data Cleaning & Preprocessing,89.0,54,72,82
Carol Smith,Data Analysis with Pandas,51.0,76,78,73
Carol Smith,Data Ethics,75.0,71,79,81
Carol Smith,Data Visualization with Matplotlib,89.0,67,54,77
Carol Smith,Introduction to Business Analysis,67.0,97,62,75
Carol Smith,AI in Robotics,94.0,54,72,84
Carol Smith,User Interface Design for Mobile Apps,95.0,51,98,93
Carol Smith,Big Data with Spark,51.0,58,69,68
Carol Smith,Continuous Integration and Delivery,88.0,98,50,78
Carol Smith,Introduction to AI,87.0,62,70,81
Carol Smith,Malware Analysis,60.0,62,65,70
Carol Smith,Introduction to Finance,51.0,75,88,76
Carol Smith,Introduction to Cloud Computing,92.0,67,58,79
Nicholas Walter,Data Visualization with Matplotlib,80.0,85,89,88
Nicholas Walter,Data Analysis with Pandas,89.0,84,97,94
Nicholas Walter,Data Cleaning & Preprocessing,83.0,76,56,76
Nicholas Walter,Data Analysis for Business Decisions,92.0,60,66,81
Nicholas Walter,Data Ethics,79.0,61,66,77
Nicholas Walter,Web Application Security,88.0,89,62,81
Nicholas Walter,Digital Sales Techniques,98.0,87,66,86
Nicholas Walter,DevOps in the Cloud,75.0,55,88,83
Nicholas Walter,Stakeholder Management,70.0,74,58,72
Nicholas Walter,Quality Management,99.0,98,63,86
Nicholas Walter,Risk Management in Cybersecurity,84.0,89,93,91
Nicholas Walter,Monitoring and Logging,56.0,81,59,68
Nicholas Walter,Vulnerability Assessment,95.0,58,86,89
Nicholas Walter,Video Production Basics,58.0,70,83,76
Dr. Tiffany White,Data Ethics,80.0,84,62,78
Dr. Tiffany White,Data Visualization with Matplotlib,69.0,90,94,86
Dr. Tiffany White,Data Analysis with Pandas,82.0,72,78,83
Dr. Tiffany White,Data Analysis for Business Decisions,74.0,55,52,70
Dr. Tiffany White,Data Cleaning & Preprocessing,69.0,100,65,77
Dr. Tiffany White,Stakeholder Management,78.0,76,60,76
Dr. Tiffany White,Mobile Testing Strategies,79.0,96,50,75
Dr. Tiffany White,Azure Basics,77.0,77,73,80
Dr. Tiffany White,Automating Cloud Deployments,74.0,83,50,72
Dr. Tiffany White,E-commerce Development Basics,57.0,81,54,67
Dr. Tiffany White,Introduction to Blockchain,61.0,98,77,78
Dr. Tiffany White,HTML & CSS,56.0,59,88,76
Jenna Woodward,Data Ethics,61.0,57,97,81
Jenna Woodward,Data Analysis for Business Decisions,99.0,55,98,94
Jenna Woodward,Data Analysis with Pandas,93.0,53,72,83
Jenna Woodward,Data Cleaning & Preprocessing,98.0,98,95,97
Jenna Woodward,Data Visualization with Matplotlib,94.0,69,67,83
Jenna Woodward,Tokenomics,73.0,56,60,72
Jenna Woodward,Reinforcement Learning,99.0,90,82,92
Jenna Woodward,Introduction to Business Analysis,56.0,99,84,79
Jenna Woodward,Introduction to DevOps,61.0,73,54,68
Jenna Woodward,Web Application Security,93.0,75,84,89
Jenna Woodward,Azure Basics,81.0,92,87,88
Jenna Woodward,Responsive Web Design,53.0,58,56,64
Jenna Woodward,Android Development Basics,72.0,89,63,76
Jenna Woodward,Agile Methodologies,85.0,68,55,76
Jenna Woodward,Container Orchestration with Kubernetes,78.0,98,60,78
Kevin Smith,Data Ethics,91.0,90,82,90
Kevin Smith,Data Cleaning & Preprocessing,82.0,97,50,76
Kevin Smith,Data Analysis for Business Decisions,62.0,99,76,78
Kevin Smith,Data Analysis with Pandas,63.0,98,56,71
Kevin Smith,Data Visualization with Matplotlib,66.0,61,50,67
Kevin Smith,Computer Vision Applications,98.0,66,50,78
Kevin Smith,Node.js,64.0,79,94,83
Kevin Smith,Mobile App Design,91.0,67,62,80
Kevin Smith,Machine Learning Basics,95.0,58,82,88
Kevin Smith,Remote Support Techniques,53.0,66,59,66
Kevin Smith,Business Case Development,65.0,82,51,69
Kevin Smith,Wireframing and Prototyping,86.0,52,99,90
Kevin Smith,Responsive Design Principles,81.0,79,50,74
Kevin Smith,Change Management,85.0,94,57,79
Kevin Smith,Quality Management,90.0,67,91,90
Alexis Jones,Data Cleaning & Preprocessing,77.0,54,52,71
Alexis Jones,Data Analysis for Business Decisions,75.0,58,79,80
Alexis Jones,Data Ethics,53.0,90,57,68
Alexis Jones,Data Analysis with Pandas,63.0,93,96,85
Alexis Jones,Data Visualization with Matplotlib,68.0,56,59,70
Alexis Jones,User Research Techniques,57.0,98,80,78
Alexis Jones,2D Game Development,98.0,99,71,89
Alexis Jones,Incident Response,59.0,83,73,74
Alexis Jones,HR Analytics,51.0,56,82,72
Alexis Jones,Financial Reporting Standards,64.0,59,80,76
Alexis Jones,Wireframing and Prototyping,85.0,91,73,84
Alexis Jones,Sales Fundamentals,77.0,54,60,73
Alexis Jones,Customer Service Skills for IT,66.0,67,51,68
Alexis Jones,Communication Skills for Project Managers,96.0,97,56,83
Ernest Brown,Data Analysis with Pandas,98.0,66,74,87
Ernest Brown,Data Analysis for Business Decisions,69.0,65,84,80
Ernest Brown,Data Ethics,75.0,98,84,85
Ernest Brown,Data Visualization with Matplotlib,79.0,57,83,82
Ernest Brown,Data Cleaning & Preprocessing,54.0,67,97,80
Ernest Brown,Content Marketing Strategies,86.0,64,65,79
Ernest Brown,Vulnerability Assessment,59.0,96,91,82
Ernest Brown,Reinforcement Learning,75.0,71,50,71
Ernest Brown,Email Marketing Basics,69.0,54,97,84
Ernest Brown,Network Security Fundamentals,63.0,85,65,73
Ernest Brown,Supervised Learning,83.0,58,75,81
Ernest Brown,Introduction to AI,87.0,60,70,81
Ernest Brown,Risk Management in Projects,93.0,60,54,77
Ernest Brown,Negotiation Techniques,65.0,54,68,72
Ernest Brown,Content Promotion Strategies,65.0,54,66,71
Matthew Ramirez,Data Cleaning & Preprocessing,74.0,94,69,79
Matthew Ramirez,Data Analysis with Pandas,71.0,90,57,74
Matthew Ramirez,Data Visualization with Matplotlib,55.0,86,75,74
Matthew Ramirez,Data Analysis for Business Decisions,96.0,50,55,78
Matthew Ramirez,Data Ethics,92.0,86,60,82
Matthew Ramirez,Closing Sales Strategies,81.0,93,61,79
Matthew Ramirez,Stakeholder Management,76.0,59,94,85
Matthew Ramirez,Conflict Resolution in HR,92.0,86,70,85
Matthew Ramirez,Model Evaluation,96.0,94,77,90
Matthew Ramirez,Blogging for Beginners,100.0,87,69,88
Matthew Ramirez,Virtual Reality Development,87.0,88,84,89
Matthew Ramirez,SWOT Analysis for Business,66.0,51,72,73
Timothy Moore,Data Analysis for Business Decisions,52.0,93,97,81
Timothy Moore,Data Ethics,60.0,85,64,72
Timothy Moore,Data Cleaning & Preprocessing,80.0,78,62,78
Timothy Moore,Data Visualization with Matplotlib,70.0,71,52,70
Timothy Moore,Data Analysis with Pandas,78.0,83,56,75
Timothy Moore,Web Accessibility Standards,60.0,91,74,76
Timothy Moore,Introduction to AI,84.0,50,63,76
Timothy Moore,Communication Skills for Project Managers,77.0,88,82,84
Timothy Moore,Deep Learning Fundamentals,60.0,82,100,84
Timothy Moore,Training and Development,76.0,54,75,78
Timothy Moore,Responsive Design Principles,76.0,100,85,86
Timothy Moore,Conflict Resolution in HR,77.0,85,86,86
Matthew Brown,Data Visualization with Matplotlib,83.0,94,56,78
Matthew Brown,Data Cleaning & Preprocessing,60.0,98,99,85
Matthew Brown,Data Ethics,64.0,71,87,80
Matthew Brown,Data Analysis with Pandas,64.0,74,62,72
Matthew Brown,Data Analysis for Business Decisions,100.0,76,84,92
Matthew Brown,Design Thinking Process,99.0,84,69,87
Matthew Brown,Responsive Web Design,62.0,68,90,80
Matthew Brown,User Research Techniques,83.0,74,57,76
Matthew Brown,Containerization with Docker,59.0,100,61,72
Matthew Brown,Introduction to Business Analysis,52.0,86,67,70
Matthew Brown,SWOT Analysis for Business,73.0,78,76,80
Amanda Lopez,Data Cleaning & Preprocessing,52.0,96,56,67
Amanda Lopez,Data Ethics,99.0,73,70,86
Amanda Lopez,Data Analysis with Pandas,56.0,84,69,72
Amanda Lopez,Data Visualization with Matplotlib,66.0,79,60,72
Amanda Lopez,Data Analysis for Business Decisions,59.0,76,96,82
Amanda Lopez,iOS Development Basics,77.0,92,50,74
Amanda Lopez,Operating Systems Overview,78.0,90,74,82
Amanda Lopez,Video Production Basics,62.0,71,72,74
Amanda Lopez,Ethical Hacking Basics,87.0,67,77,84
Amanda Lopez,Speech Recognition Technologies,78.0,58,55,72
Amanda Lopez,Vulnerability Assessment,94.0,69,86,90
Amanda Lopez,Microservices in Cloud,89.0,79,62,81
Amanda Lopez,Risk Management in Finance,98.0,88,52,81
Amanda Lopez,JavaScript Frameworks Overview,86.0,99,60,81
Timothy Graham,Data Analysis for Business Decisions,80.0,67,54,74
Timothy Graham,Data Cleaning & Preprocessing,88.0,98,58,81
Timothy Graham,Data Visualization with Matplotlib,70.0,67,51,69
Timothy Graham,Data Ethics,64.0,61,80,76
Timothy Graham,Data Analysis with Pandas,54.0,100,93,81
Timothy Graham,Agile Methodologies,60.0,90,67,73
Timothy Graham,Project Management Basics,65.0,64,100,84
Timothy Graham,Supervised Learning,76.0,73,98,88
Timothy Graham,Mobile App Security,57.0,63,75,72
Timothy Graham,Deep Learning with TensorFlow,53.0,70,61,67
Timothy Graham,Risk Management in Cybersecurity,61.0,96,77,78
Timothy Graham,Email Marketing Basics,92.0,69,75,85
Melissa Shepard,Data Analysis with Pandas,78.0,59,98,88
Melissa Shepard,Data Analysis for Business Decisions,70.0,63,82,80
Melissa Shepard,Data Ethics,79.0,61,86,84
Melissa Shepard,Data Visualization with Matplotlib,60.0,98,81,79
Melissa Shepard,Data Cleaning & Preprocessing,95.0,53,71,83
Melissa Shepard,Labor Laws and Compliance,61.0,84,61,71
Melissa Shepard,Presentation Skills for Business Analysts,83.0,95,56,78
Melissa Shepard,JavaScript Frameworks Overview,76.0,82,99,89
Melissa Shepard,Multiplayer Game Development,89.0,57,90,88
Melissa Shepard,AI in Healthcare,85.0,83,94,91
David Gomez,Data Analysis with Pandas,100.0,68,82,90
David Gomez,Data Visualization with Matplotlib,75.0,99,88,87
David Gomez,Data Analysis for Business Decisions,94.0,88,62,83
David Gomez,Data Cleaning & Preprocessing,60.0,63,99,82
David Gomez,Data Ethics,62.0,67,61,70
David Gomez,Smart Contracts Development,94.0,71,85,90
David Gomez,Affiliate Marketing,55.0,100,64,72
David Gomez,SEO for Content Creators,62.0,72,96,82
David Gomez,Configuration Management with Ansible,79.0,84,71,81
David Gomez,Azure Basics,87.0,85,55,78
David Gomez,Financial Planning and Forecasting,53.0,75,64,68
David Gomez,Interaction Design Principles,87.0,66,79,85
Joseph Allison,Data Visualization with Matplotlib,61.0,69,93,81
Joseph Allison,Data Cleaning & Preprocessing,98.0,80,90,94
Joseph Allison,Data Ethics,87.0,79,97,92
Joseph Allison,Data Analysis with Pandas,66.0,64,62,71
Joseph Allison,Data Analysis for Business Decisions,95.0,89,79,90
Joseph Allison,Network Security Fundamentals,51.0,71,59,66
Joseph Allison,Git & GitHub,76.0,70,90,85
Joseph Allison,DevOps in the Cloud,69.0,66,64,73
Joseph Allison,Interaction Design Principles,93.0,90,79,89
Joseph Allison,Cryptocurrency Fundamentals,74.0,59,58,72
Joseph Allison,Publishing Mobile Apps,87.0,81,80,87
Joseph Allison,Blogging for Beginners,58.0,99,71,75
Joseph Allison,Node.js,87.0,83,99,93
Joseph Allison,Computer Vision Applications,51.0,60,65,67
Jennifer Hall,Data Cleaning & Preprocessing,86.0,60,67,80
Jennifer Hall,Data Visualization with Matplotlib,81.0,88,71,82
Jennifer Hall,Data Ethics,66.0,100,93,86
Jennifer Hall,Data Analysis for Business Decisions,76.0,77,64,77
Jennifer Hall,Data Analysis with Pandas,70.0,84,54,72
Jennifer Hall,Network Security Fundamentals,88.0,72,59,79
Jennifer Hall,Employee Engagement Techniques,78.0,84,87,86
Jennifer Hall,Introduction to IT Support,97.0,100,58,84
Jennifer Hall,Time Management for Sales,55.0,70,87,77
Jennifer Hall,Unreal Engine Basics,88.0,92,51,78
Stacy Gibson,Data Cleaning & Preprocessing,83.0,85,63,80
Stacy Gibson,Data Analysis for Business Decisions,56.0,79,69,72
Stacy Gibson,Data Visualization with Matplotlib,98.0,95,53,82
Stacy Gibson,Data Analysis with Pandas,69.0,54,72,75
Stacy Gibson,Introduction to Blockchain,93.0,88,65,84
Stacy Gibson,Troubleshooting Techniques,61.0,80,80,77
Stacy Gibson,Time Series Analysis,76.0,63,89,84
Stacy Gibson,Budgeting Basics,75.0,63,61,74
Stacy Gibson,Introduction to UI/UX Design,87.0,100,62,82
Stacy Gibson,Affiliate Marketing,58.0,95,50,67
Elizabeth Williams,Data Analysis with Pandas,98.0,85,94,96
Elizabeth Williams,Data Visualization with Matplotlib,85.0,58,89,87
Elizabeth Williams,Data Analysis for Business Decisions,84.0,92,81,87
Elizabeth Williams,Data Cleaning & Preprocessing,100.0,84,93,96
Elizabeth Williams,Data Ethics,88.0,70,56,77
Elizabeth Williams,Introduction to Cloud Computing,56.0,71,96,80
Elizabeth Williams,Blogging for Beginners,85.0,89,76,85
Elizabeth Williams,Network Security Fundamentals,84.0,91,91,90
Elizabeth Williams,Video Production Basics,52.0,55,75,70
Elizabeth Williams,Understanding Consumer Behavior,51.0,79,76,72
Elizabeth Williams,Tokenomics,77.0,90,96,90
Elizabeth Williams,Content Management Systems (CMS),99.0,100,69,89
Elizabeth Williams,Collaboration Tools in DevOps,59.0,58,99,81
Elizabeth Williams,Presentation Skills for Business Analysts,83.0,74,60,77
Elizabeth Williams,Azure Basics,68.0,73,90,83
Dr. Shannon Wilson,Data Analysis with Pandas,57.0,59,83,75
Dr. Shannon Wilson,Data Visualization with Matplotlib,65.0,60,58,69
Dr. Shannon Wilson,Data Cleaning & Preprocessing,72.0,68,82,81
Dr. Shannon Wilson,Data Analysis for Business Decisions,88.0,61,93,89
Dr. Shannon Wilson,Data Ethics,80.0,89,87,87
Dr. Shannon Wilson,Diversity and Inclusion Initiatives,94.0,54,100,93
Dr. Shannon Wilson,Troubleshooting Techniques,63.0,69,65,72
Dr. Shannon Wilson,Web Accessibility Standards,74.0,71,98,87
Dr. Shannon Wilson,Reinforcement Learning Techniques,53.0,88,89,78
Dr. Shannon Wilson,Cross-Platform Development with Flutter,78.0,78,74,81
Dr. Shannon Wilson,Presentation Skills for Business Analysts,82.0,75,51,74
Dr. Shannon Wilson,Deployment of ML Models,99.0,51,96,93
Adam Santana,Data Cleaning & Preprocessing,73.0,69,87,83
Adam Santana,Data Analysis with Pandas,95.0,82,97,95
Adam Santana,Data Analysis for Business Decisions,52.0,52,66,66
Adam Santana,Data Visualization with Matplotlib,77.0,63,67,77
Adam Santana,Vulnerability Assessment,86.0,98,50,77
Adam Santana,Cryptography Basics,95.0,78,71,86
Adam Santana,Project Management Basics,91.0,78,71,84
Adam Santana,Podcasting Fundamentals,92.0,91,91,93
Adam Santana,Game Testing Techniques,97.0,58,81,88
Adam Santana,Node.js,82.0,98,76,85
Tamara Brown,Data Cleaning & Preprocessing,82.0,52,60,75
Tamara Brown,Data Analysis with Pandas,94.0,66,76,86
Tamara Brown,Data Visualization with Matplotlib,53.0,66,64,68
Tamara Brown,Data Analysis for Business Decisions,76.0,97,77,83
Tamara Brown,Data Ethics,90.0,86,65,83
Tamara Brown,Cloud Security Best Practices,59.0,53,50,63
Tamara Brown,Introduction to Game Development,72.0,63,95,85
Tamara Brown,HR Technology Tools,62.0,60,71,73
Tamara Brown,AI in Healthcare,100.0,99,55,84
Tamara Brown,Financial Planning and Forecasting,95.0,54,81,87
Tamara Brown,Decentralized Applications (DApps),57.0,59,95,79
Tamara Brown,Penetration Testing,68.0,98,65,76
David Barton,Data Analysis for Business Decisions,54.0,83,56,67
David Barton,Data Analysis with Pandas,77.0,58,95,86
David Barton,Data Visualization with Matplotlib,88.0,88,92,92
David Barton,Data Cleaning & Preprocessing,72.0,61,97,85
David Barton,Data Ethics,62.0,88,63,73
David Barton,Employee Engagement Techniques,72.0,91,65,77
David Barton,SEO Fundamentals,71.0,80,81,81
David Barton,Hyperledger Basics,63.0,84,87,81
David Barton,Blogging for Beginners,91.0,87,64,83
David Barton,Natural Language Processing,57.0,64,96,80
David Barton,Digital Sales Techniques,53.0,73,91,78
Sheila Ford,Data Visualization with Matplotlib,59.0,59,96,80
Sheila Ford,Data Cleaning & Preprocessing,79.0,89,97,90
Sheila Ford,Data Ethics,54.0,54,88,75
Sheila Ford,Data Analysis with Pandas,61.0,52,68,70
Sheila Ford,Data Analysis for Business Decisions,87.0,77,54,77
Sheila Ford,Brand Management Online,54.0,67,89,77
Sheila Ford,Conversion Rate Optimization,56.0,97,77,76
Sheila Ford,Training and Development,92.0,66,97,93
Sheila Ford,Decentralized Applications (DApps),93.0,83,90,92
Sheila Ford,Cloud Security Best Practices,87.0,95,66,83
Sheila Ford,User Interface Design for Mobile Apps,74.0,66,56,72
Sheila Ford,Configuration Management with Ansible,82.0,76,74,82
Sheila Ford,Introduction to IT Support,94.0,79,65,84
Sheila Ford,AI in Robotics,56.0,80,93,80
John Carr,Data Analysis with Pandas,72.0,52,98,85
John Carr,Data Visualization with Matplotlib,52.0,64,57,65
John Carr,Data Cleaning & Preprocessing,69.0,73,53,70
John Carr,Data Ethics,78.0,59,84,83
John Carr,Customer Service Excellence,79.0,64,90,86
John Carr,Hyperledger Basics,62.0,72,63,71
John Carr,Progressive Web Apps (PWAs),59.0,68,97,81
John Carr,Agile Project Management,70.0,66,68,75
John Carr,Consensus Algorithms,77.0,54,83,81
John Carr,Computer Vision Applications,85.0,71,83,86
John Carr,Employee Engagement Techniques,63.0,73,99,84
John Carr,Ethics in AI,52.0,65,54,64
John Carr,Security in Cloud Computing,63.0,57,71,73
Caitlyn Lopez,Data Ethics,75.0,76,87,84
Caitlyn Lopez,Data Cleaning & Preprocessing,73.0,86,94,87
Caitlyn Lopez,Data Analysis with Pandas,65.0,71,65,73
Caitlyn Lopez,Data Analysis for Business Decisions,89.0,98,91,93
Caitlyn Lopez,Data Visualization with Matplotlib,61.0,80,87,80
Caitlyn Lopez,Project Scheduling Techniques,58.0,78,90,80
Caitlyn Lopez,AI for Business,75.0,52,51,69
Caitlyn Lopez,2D Game Development,97.0,51,77,86
Caitlyn Lopez,Introduction to Human Resources,54.0,67,95,79
Caitlyn Lopez,Customer Service Skills for IT,96.0,84,67,85
Caitlyn Lopez,JavaScript Frameworks Overview,50.0,52,92,75
Caitlyn Lopez,Training and Development,56.0,60,83,75
Caitlyn Lopez,Game Testing Techniques,75.0,70,56,73
Lauren Smith,Data Analysis with Pandas,92.0,65,71,84
Lauren Smith,Data Cleaning & Preprocessing,92.0,74,63,82
Lauren Smith,Data Ethics,90.0,78,99,94
Lauren Smith,Data Visualization with Matplotlib,74.0,91,74,81
Lauren Smith,Data Analysis for Business Decisions,52.0,56,83,73
Lauren Smith,HTML & CSS,65.0,81,85,81
Lauren Smith,Decentralized Applications (DApps),92.0,67,80,87
Lauren Smith,Podcasting Fundamentals,92.0,66,87,89
Lauren Smith,Cross-Platform Development with Flutter,53.0,92,73,73
Lauren Smith,Smart Contracts Development,92.0,65,96,92
Lauren Smith,Game Monetization Strategies,70.0,73,64,74
Holly Gibson,Data Analysis for Business Decisions,100.0,83,89,94
Holly Gibson,Data Analysis with Pandas,88.0,81,88,90
Holly Gibson,Data Cleaning & Preprocessing,65.0,61,86,79
Holly Gibson,Data Ethics,97.0,62,78,87
Holly Gibson,Data Visualization with Matplotlib,68.0,62,93,83
Holly Gibson,Cloud Cost Management,59.0,63,50,64
Holly Gibson,Conflict Resolution in HR,90.0,99,77,88
Holly Gibson,Tokenomics,78.0,56,98,87
Holly Gibson,SEO for Content Creators,50.0,71,81,73
Holly Gibson,Introduction to Human Resources,59.0,82,60,70
Holly Gibson,Cryptography Basics,83.0,70,70,81
Holly Gibson,AI for Business,74.0,89,91,87
Holly Gibson,Negotiation Techniques,93.0,67,75,86
Terry Barnes,Data Analysis with Pandas,59.0,60,70,71
Terry Barnes,Data Visualization with Matplotlib,53.0,66,73,71
Terry Barnes,Data Cleaning & Preprocessing,61.0,57,82,76
Terry Barnes,Data Analysis for Business Decisions,76.0,90,73,81
Terry Barnes,Data Ethics,85.0,58,50,73
Terry Barnes,Web Accessibility Standards,54.0,81,61,68
Terry Barnes,Visual Design Basics,64.0,98,100,87
Terry Barnes,Introduction to UI/UX Design,70.0,63,82,80
Terry Barnes,Introduction to DevOps,58.0,71,86,77
Terry Barnes,Financial Planning and Forecasting,54.0,59,89,76
Terry Barnes,Deployment of ML Models,54.0,73,99,81
Terry Barnes,Investing Fundamentals,92.0,97,84,91
Terry Barnes,Change Management Strategies,79.0,74,51,73
Terry Barnes,Risk Analysis and Management,65.0,95,51,70
Terry Barnes,Multiplayer Game Development,88.0,54,72,81
Jamie Taylor,Data Visualization with Matplotlib,93.0,54,84,87
Jamie Taylor,Data Analysis with Pandas,68.0,74,97,85
Jamie Taylor,Data Cleaning & Preprocessing,84.0,90,65,81
Jamie Taylor,Data Ethics,98.0,54,89,91
Jamie Taylor,Data Analysis for Business Decisions,78.0,50,70,77
Jamie Taylor,Introduction to Machine Learning,73.0,93,61,76
Jamie Taylor,Visual Design Basics,65.0,80,55,70
Jamie Taylor,Introduction to Blockchain,54.0,86,67,71
Jamie Taylor,Responsive Web Design,70.0,84,57,73
Jamie Taylor,Statistical Analysis,56.0,67,99,81
Jamie Taylor,Infrastructure as Code,95.0,91,79,90
Jamie Taylor,Reinforcement Learning Techniques,66.0,66,85,79
Jamie Taylor,Consensus Algorithms,56.0,85,60,69
Jamie Taylor,Vulnerability Assessment,62.0,61,88,79
Denise Simon,Data Cleaning & Preprocessing,88.0,72,56,78
Denise Simon,Data Analysis with Pandas,97.0,63,57,80
Denise Simon,Data Visualization with Matplotlib,99.0,52,54,79
Denise Simon,Data Ethics,67.0,58,72,74
Denise Simon,Data Analysis for Business Decisions,57.0,50,86,75
Denise Simon,SEO Best Practices,85.0,83,99,93
Denise Simon,Visual Design Basics,67.0,74,51,69
Denise Simon,Node.js,81.0,70,87,86
Denise Simon,Networking Basics,97.0,73,81,90
Denise Simon,Introduction to DevOps,64.0,60,59,69
Nicholas Brown,Data Analysis for Business Decisions,66.0,55,65,71
Nicholas Brown,Data Visualization with Matplotlib,71.0,67,66,75
Nicholas Brown,Data Analysis with Pandas,63.0,88,83,80
Nicholas Brown,Data Ethics,63.0,94,53,70
Nicholas Brown,Performance Optimization for Mobile Apps,100.0,76,95,96
Nicholas Brown,Infrastructure as Code,71.0,53,88,81
Nicholas Brown,Presentation Skills for Sales,87.0,90,64,82
Nicholas Brown,Cloud Cost Management,83.0,74,51,74
Nicholas Brown,Analytics for Marketers,75.0,92,72,81
Nicholas Brown,3D Game Development,52.0,60,64,67
Sarah Mitchell,Data Visualization with Matplotlib,98.0,54,66,83
Sarah Mitchell,Data Ethics,59.0,85,57,69
Sarah Mitchell,Data Analysis for Business Decisions,78.0,63,71,78
Sarah Mitchell,Data Analysis with Pandas,80.0,67,97,89
Sarah Mitchell,Data Cleaning & Preprocessing,73.0,66,64,75
Sarah Mitchell,Decentralized Applications (DApps),58.0,96,76,76
Sarah Mitchell,Financial Reporting Standards,67.0,94,93,85
Sarah Mitchell,Operating Systems Overview,72.0,82,85,83
Sarah Mitchell,Game Testing Techniques,83.0,83,65,80
Sarah Mitchell,Model Evaluation,74.0,90,80,83
Sarah Mitchell,DevOps in the Cloud,83.0,98,65,82
Sarah Mitchell,Diversity and Inclusion Initiatives,87.0,68,61,79
Sarah Mitchell,Containerization with Docker,53.0,54,73,70
Sarah Mitchell,React,58.0,83,80,77
Sarah Mitchell,iOS Development Basics,82.0,72,54,75
Steven Ochoa MD,Data Analysis for Business Decisions,70.0,84,77,80
Steven Ochoa MD,Data Ethics,96.0,81,84,91
Steven Ochoa MD,Data Analysis with Pandas,62.0,54,92,79
Steven Ochoa MD,Data Cleaning & Preprocessing,94.0,68,63,82
Steven Ochoa MD,Data Visualization with Matplotlib,81.0,52,82,82
Steven Ochoa MD,Training and Development,86.0,70,87,88
Steven Ochoa MD,E-commerce Development Basics,51.0,53,89,74
Steven Ochoa MD,Infrastructure as Code,65.0,84,78,78
Steven Ochoa MD,Troubleshooting Techniques,98.0,92,94,96
Steven Ochoa MD,Reinforcement Learning Techniques,53.0,98,74,74
Martin Robinson,Data Visualization with Matplotlib,73.0,72,63,75
Martin Robinson,Data Ethics,87.0,55,97,90
Martin Robinson,Data Analysis for Business Decisions,66.0,63,98,84
Martin Robinson,Data Cleaning & Preprocessing,87.0,59,52,75
Martin Robinson,Data Analysis with Pandas,73.0,84,92,86
Martin Robinson,Unsupervised Learning,80.0,89,79,85
Martin Robinson,Sales Analytics,83.0,67,74,82
Martin Robinson,Digital Sales Techniques,60.0,79,53,67
Martin Robinson,Reinforcement Learning Techniques,74.0,92,92,87
Martin Robinson,HR Technology Tools,80.0,76,76,82
Martin Robinson,Statistical Analysis,89.0,94,85,90
Martin Robinson,Podcasting Fundamentals,68.0,74,77,78
Martin Robinson,Unreal Engine Basics,60.0,92,94,83
Martin Robinson,JavaScript Basics,50.0,75,70,70
Martin Robinson,Time Series Analysis,59.0,85,53,68
Jacob Pena,Data Visualization with Matplotlib,70.0,97,64,77
Jacob Pena,Data Analysis with Pandas,57.0,84,53,67
Jacob Pena,Data Cleaning & Preprocessing,75.0,68,97,87
Jacob Pena,Data Ethics,85.0,63,62,78
Jacob Pena,Data Analysis for Business Decisions,80.0,80,91,88
Jacob Pena,Introduction to Machine Learning,80.0,68,91,87
Jacob Pena,Financial Planning and Forecasting,87.0,87,92,91
Jacob Pena,Closing Sales Strategies,85.0,74,83,86
Jacob Pena,Collaboration Tools in DevOps,59.0,94,100,85
Jacob Pena,Continuous Integration and Delivery,52.0,95,85,77
Jacob Pena,Digital Sales Techniques,56.0,63,50,63
Jacob Pena,Operating Systems Overview,70.0,73,54,71
Jacob Pena,Multiplayer Game Development,94.0,66,65,82
James Johnson,Data Ethics,99.0,51,70,84
James Johnson,Data Cleaning & Preprocessing,99.0,89,75,90
James Johnson,Data Analysis for Business Decisions,65.0,65,57,69
James Johnson,Data Visualization with Matplotlib,64.0,73,91,82
James Johnson,Data Analysis with Pandas,52.0,87,54,66
James Johnson,Talent Acquisition Strategies,86.0,97,79,87
James Johnson,Continuous Integration and Delivery,95.0,54,75,85
James Johnson,Network Security Fundamentals,64.0,66,89,80
James Johnson,Podcasting Fundamentals,61.0,92,79,78
James Johnson,Model Evaluation,68.0,88,72,78
James Johnson,Google Ads Fundamentals,62.0,77,50,67
James Johnson,User Research Techniques,76.0,68,73,79
Frank Walsh,Data Ethics,58.0,55,90,77
Frank Walsh,Data Analysis with Pandas,58.0,91,63,71
Frank Walsh,Data Cleaning & Preprocessing,98.0,91,84,93
Frank Walsh,Data Analysis for Business Decisions,59.0,90,69,74
Frank Walsh,Data Visualization with Matplotlib,53.0,73,57,66
Frank Walsh,Mobile App Design,88.0,98,79,88
Frank Walsh,DevOps in the Cloud,74.0,76,73,79
Frank Walsh,Remote Support Techniques,90.0,56,93,90
Frank Walsh,Diversity and Inclusion Initiatives,61.0,99,97,85
Frank Walsh,Introduction to AI,88.0,74,80,86
Tamara Ramirez,Data Analysis for Business Decisions,69.0,59,70,75
Tamara Ramirez,Data Visualization with Matplotlib,96.0,64,99,95
Tamara Ramirez,Data Analysis with Pandas,95.0,97,60,84
Tamara Ramirez,Data Cleaning & Preprocessing,80.0,70,93,88
Tamara Ramirez,SEO Fundamentals,86.0,92,91,91
Tamara Ramirez,Networking Basics,62.0,86,90,82
Tamara Ramirez,Azure Basics,91.0,61,86,88
Tamara Ramirez,AI for Business,84.0,64,100,91
Tamara Ramirez,Design Tools Overview,82.0,52,64,76
Tamara Ramirez,Statistical Analysis,64.0,91,100,86
Tamara Ramirez,Incident Response,64.0,91,67,75
Larry Moran,Data Visualization with Matplotlib,58.0,94,78,77
Larry Moran,Data Ethics,98.0,54,87,90
Larry Moran,Data Analysis for Business Decisions,72.0,52,93,83
Larry Moran,Data Analysis with Pandas,84.0,95,59,80
Larry Moran,Data Cleaning & Preprocessing,68.0,85,82,81
Larry Moran,Content Marketing Strategies,77.0,87,65,78
Larry Moran,Change Management,77.0,69,62,76
Larry Moran,Publishing Mobile Apps,77.0,83,68,79
Larry Moran,Content Management Systems (CMS),94.0,61,92,91
Larry Moran,Statistical Analysis,89.0,67,73,83
Larry Moran,Hyperledger Basics,73.0,96,76,82
Larry Moran,Communication Skills for Project Managers,100.0,51,76,87
Larry Moran,Infrastructure as Code,66.0,66,91,82
Larry Moran,HTML & CSS,58.0,60,65,69
Larry Moran,Stakeholder Management,100.0,72,83,91
Melinda Murray,Data Analysis for Business Decisions,74.0,72,87,84
Melinda Murray,Data Ethics,89.0,66,73,83
Melinda Murray,Data Cleaning & Preprocessing,97.0,81,85,92
Melinda Murray,Data Visualization with Matplotlib,80.0,99,87,88
Melinda Murray,Automating Cloud Deployments,67.0,92,82,81
Melinda Murray,App Monetization Strategies,58.0,56,90,77
Melinda Murray,Responsive Design Principles,55.0,96,84,78
Melinda Murray,Operating Systems Overview,58.0,86,60,70
Melinda Murray,Agile Methodologies,86.0,65,69,81
Melinda Murray,Risk Management in Finance,85.0,90,65,82
Melinda Murray,Node.js,59.0,74,71,73
Melinda Murray,Speech Recognition Technologies,97.0,100,66,87
Kenneth Johnson,Data Cleaning & Preprocessing,94.0,96,87,93
Kenneth Johnson,Data Analysis for Business Decisions,84.0,53,64,77
Kenneth Johnson,Data Ethics,80.0,51,68,77
Kenneth Johnson,Data Visualization with Matplotlib,75.0,92,65,78
Kenneth Johnson,Data Analysis with Pandas,70.0,92,60,75
Kenneth Johnson,Operating Systems Overview,96.0,91,63,85
Kenneth Johnson,Unsupervised Learning,99.0,71,52,80
Kenneth Johnson,Cloud Support Fundamentals,88.0,80,100,94
Kenneth Johnson,Supervised Learning,66.0,78,81,79
Kenneth Johnson,Mobile App Security,92.0,92,80,89
Kenneth Johnson,Financial Planning and Forecasting,56.0,66,81,75
Kenneth Johnson,SEO Best Practices,100.0,68,55,81
Kenneth Johnson,Content Marketing Strategies,75.0,70,66,76
Kenneth Johnson,Microservices in Cloud,50.0,100,65,70
Kenneth Johnson,Cross-Platform Development with Flutter,79.0,66,82,83
Crystal Howell,Data Visualization with Matplotlib,96.0,73,56,80
Crystal Howell,Data Cleaning & Preprocessing,59.0,62,82,76
Crystal Howell,Data Ethics,58.0,58,59,67
Crystal Howell,Data Analysis for Business Decisions,69.0,65,85,80
Crystal Howell,Data Analysis with Pandas,87.0,62,100,92
Crystal Howell,Financial Reporting Standards,75.0,62,86,83
Crystal Howell,React,58.0,84,83,78
Crystal Howell,App Monetization Strategies,69.0,82,64,75
Crystal Howell,Content Management Systems (CMS),56.0,58,94,78
Crystal Howell,Diversity and Inclusion Initiatives,82.0,88,67,81
Crystal Howell,Financial Planning and Forecasting,62.0,82,99,85
Crystal Howell,User Research Techniques,99.0,86,73,89
Crystal Howell,Virtual Reality Development,94.0,56,55,78
Crystal Howell,Publishing Mobile Apps,92.0,80,76,87
Teresa Gutierrez,Data Cleaning & Preprocessing,51.0,52,98,77
Teresa Gutierrez,Data Visualization with Matplotlib,66.0,93,76,79
Teresa Gutierrez,Data Analysis for Business Decisions,98.0,65,70,85
Teresa Gutierrez,Data Ethics,64.0,62,72,74
Teresa Gutierrez,Data Analysis with Pandas,72.0,58,76,78
Teresa Gutierrez,Visual Design Basics,67.0,90,81,81
Teresa Gutierrez,Android Development Basics,99.0,97,84,94
Teresa Gutierrez,Graphic Design Basics for Content,53.0,73,84,75
Teresa Gutierrez,iOS Development Basics,53.0,80,60,68
Teresa Gutierrez,Reinforcement Learning Techniques,69.0,94,74,79
Teresa Gutierrez,Unsupervised Learning,77.0,91,100,91
Teresa Gutierrez,Video Production Basics,67.0,54,79,76
Teresa Gutierrez,Penetration Testing,73.0,83,73,79
Teresa Gutierrez,Hardware Repair Skills,100.0,94,65,87
Marilyn Le,Data Cleaning & Preprocessing,61.0,65,67,71
Marilyn Le,Data Analysis for Business Decisions,71.0,63,77,78
Marilyn Le,Data Visualization with Matplotlib,53.0,52,82,72
Marilyn Le,Data Ethics,55.0,54,97,79
Marilyn Le,Data Analysis with Pandas,100.0,94,59,85
Marilyn Le,Risk Management in Projects,51.0,87,99,81
Marilyn Le,API Integration in Mobile Apps,82.0,74,93,89
Marilyn Le,Customer Service Skills for IT,50.0,61,68,67
Marilyn Le,Design Thinking Process,66.0,96,64,75
Marilyn Le,Investing Fundamentals,69.0,75,75,78
Marilyn Le,Sales Fundamentals,65.0,92,86,82
Marilyn Le,Container Orchestration with Kubernetes,74.0,61,81,80
Marilyn Le,Virtual Reality Development,78.0,62,95,87
Laura Warren,Data Analysis for Business Decisions,66.0,78,80,79
Laura Warren,Data Cleaning & Preprocessing,60.0,71,76,75
Laura Warren,Data Visualization with Matplotlib,89.0,71,83,87
Laura Warren,Data Analysis with Pandas,88.0,59,74,83
Laura Warren,Data Ethics,68.0,97,50,71
Laura Warren,Time Management for Sales,73.0,82,93,86
Laura Warren,Introduction to Machine Learning,91.0,72,56,79
Laura Warren,Introduction to IT Support,65.0,83,99,86
Laura Warren,Introduction to AI,75.0,67,99,88
Laura Warren,Requirements Gathering Techniques,93.0,60,81,87
Laura Warren,Infrastructure as Code,57.0,85,52,67
Laura Warren,Virtual Reality Development,86.0,68,96,90
Laura Warren,SEO Best Practices,94.0,63,89,90
Laura Warren,Web Performance Optimization,87.0,99,64,83
Kyle Moran,Data Cleaning & Preprocessing,65.0,53,99,83
Kyle Moran,Data Analysis for Business Decisions,50.0,70,75,71
Kyle Moran,Data Analysis with Pandas,80.0,79,60,77
Kyle Moran,Data Visualization with Matplotlib,96.0,82,57,82
Kyle Moran,Data Ethics,70.0,94,56,74
Kyle Moran,Sales Fundamentals,91.0,72,98,93
Kyle Moran,Performance Optimization for Mobile Apps,84.0,99,65,82
Kyle Moran,Negotiation Techniques,100.0,75,83,92
Kyle Moran,Affiliate Marketing,90.0,51,90,88
Kyle Moran,Social Media Marketing,76.0,61,91,85
Kyle Moran,Ethics in AI,70.0,94,67,77
Kyle Moran,Training and Development,85.0,95,75,86
Kyle Moran,Deep Learning Fundamentals,66.0,78,80,79
Kimberly Acosta,Data Ethics,57.0,87,99,83
Kimberly Acosta,Data Visualization with Matplotlib,89.0,85,65,82
Kimberly Acosta,Data Analysis with Pandas,58.0,78,91,80
Kimberly Acosta,Data Cleaning & Preprocessing,94.0,84,59,82
Kimberly Acosta,Data Analysis for Business Decisions,85.0,50,88,86
Kimberly Acosta,Penetration Testing,87.0,59,74,82
Kimberly Acosta,Deep Learning Fundamentals,72.0,53,77,77
Kimberly Acosta,Introduction to Game Development,92.0,51,68,81
Kimberly Acosta,Progressive Web Apps (PWAs),88.0,85,91,91
Kimberly Acosta,Mobile Testing Strategies,85.0,78,65,80
Kimberly Acosta,Unity Basics,55.0,99,99,84
Kimberly Acosta,Influencer Marketing,99.0,65,55,80
Kimberly Acosta,Budgeting Basics,71.0,57,58,71
Kimberly Acosta,Project Management Basics,98.0,53,96,93
Kenneth Walsh,Data Ethics,77.0,72,99,89
Kenneth Walsh,Data Analysis with Pandas,80.0,72,74,81
Kenneth Walsh,Data Cleaning & Preprocessing,90.0,59,82,86
Kenneth Walsh,Data Visualization with Matplotlib,95.0,76,72,86
Kenneth Walsh,Data Analysis for Business Decisions,96.0,95,74,89
Kenneth Walsh,Quality Management,74.0,88,81,83
Kenneth Walsh,Python for Data Science,76.0,57,65,75
Kenneth Walsh,Introduction to Content Creation,82.0,67,87,86
Kenneth Walsh,Serverless Architecture,81.0,60,62,76
Kenneth Walsh,Closing Sales Strategies,60.0,93,56,70
Kenneth Walsh,Financial Reporting Standards,90.0,93,67,84
Kenneth Walsh,Deep Learning Fundamentals,53.0,88,91,79
Kenneth Walsh,Introduction to Machine Learning,96.0,59,67,83
Kenneth Walsh,Remote Support Techniques,65.0,62,66,72
Kenneth Walsh,Computer Vision Basics,94.0,87,59,82
Kevin Hawkins,Data Cleaning & Preprocessing,62.0,76,55,69
Kevin Hawkins,Data Analysis with Pandas,89.0,50,91,88
Kevin Hawkins,Data Visualization with Matplotlib,63.0,91,77,78
Kevin Hawkins,Data Analysis for Business Decisions,52.0,69,70,70
Kevin Hawkins,Data Ethics,69.0,86,85,82
Kevin Hawkins,Sales Analytics,80.0,98,65,81
Kevin Hawkins,Ethical Hacking Basics,96.0,68,94,93
Kevin Hawkins,Interaction Design Principles,81.0,89,75,84
Kevin Hawkins,Business Case Development,75.0,64,69,77
Kevin Hawkins,User Research Techniques,50.0,63,97,78
Kevin Hawkins,HR Analytics,95.0,60,99,94
Kevin Hawkins,Ethics in AI,77.0,86,87,86
Kevin Hawkins,Video Production Basics,98.0,87,85,93
Kevin Hawkins,Performance Management Systems,89.0,73,61,80
Kayla Lawson,Data Visualization with Matplotlib,91.0,66,58,79
Kayla Lawson,Data Analysis with Pandas,82.0,89,90,89
Kayla Lawson,Data Cleaning & Preprocessing,78.0,97,64,79
Kayla Lawson,Data Analysis for Business Decisions,64.0,87,92,83
Kayla Lawson,Data Ethics,97.0,71,86,91
Kayla Lawson,Smart Contracts Development,82.0,78,53,75
Kayla Lawson,Game Monetization Strategies,54.0,64,99,80
Kayla Lawson,User Research Techniques,50.0,71,94,78
Kayla Lawson,Computer Vision Basics,87.0,50,85,85
Kayla Lawson,Cryptocurrency Fundamentals,89.0,82,86,89
Kayla Lawson,App Monetization Strategies,86.0,68,93,89
Kayla Lawson,Brand Management Online,62.0,77,88,80
Kayla Lawson,Usability Testing,84.0,76,58,77
Kayla Lawson,Negotiation Techniques,71.0,82,71,78
Amanda King,Data Analysis with Pandas,53.0,57,79,72
Amanda King,Data Analysis for Business Decisions,75.0,69,83,82
Amanda King,Data Ethics,55.0,87,57,68
Amanda King,Data Visualization with Matplotlib,73.0,90,83,84
Amanda King,Data Cleaning & Preprocessing,78.0,92,62,78
Amanda King,Virtual Reality Development,72.0,58,73,77
Amanda King,AI in Robotics,68.0,60,95,83
Amanda King,Continuous Integration and Delivery,55.0,91,88,79
Amanda King,Corporate Finance Essentials,50.0,100,91,79
Amanda King,Reinforcement Learning,97.0,53,81,88
Amanda King,Computer Vision Applications,64.0,74,75,76
Amanda King,Editing and Proofreading Techniques,85.0,80,92,90
Patrick Rangel,Data Visualization with Matplotlib,80.0,65,52,73
Patrick Rangel,Data Ethics,89.0,79,94,92
Patrick Rangel,Data Analysis for Business Decisions,68.0,66,69,75
Patrick Rangel,Data Cleaning & Preprocessing,92.0,86,87,91
Patrick Rangel,Data Analysis with Pandas,81.0,69,50,73
Patrick Rangel,Remote Support Techniques,68.0,96,57,73
Patrick Rangel,Computer Vision Applications,77.0,90,56,76
Patrick Rangel,Web Performance Optimization,62.0,85,51,68
Patrick Rangel,Cryptocurrency Fundamentals,74.0,78,91,86
Patrick Rangel,DevOps in the Cloud,84.0,68,92,88
Patrick Rangel,AI in Robotics,60.0,55,95,80
Patrick Rangel,Project Management Tools Overview,55.0,57,96,79
Adam Murphy,Data Visualization with Matplotlib,65.0,64,66,72
Adam Murphy,Data Ethics,86.0,73,95,91
Adam Murphy,Data Analysis for Business Decisions,63.0,88,81,79
Adam Murphy,Data Analysis with Pandas,81.0,95,56,77
Adam Murphy,Data Cleaning & Preprocessing,76.0,81,99,89
Adam Murphy,Cryptocurrency Fundamentals,71.0,91,85,84
Adam Murphy,Reinforcement Learning,75.0,88,97,89
Adam Murphy,Blockchain Security,68.0,61,73,75
Adam Murphy,Performance Optimization for Mobile Apps,80.0,58,51,72
Adam Murphy,Troubleshooting Techniques,73.0,71,70,77
Adam Murphy,JavaScript Frameworks Overview,99.0,97,52,83
Jeffery Griffin,Data Analysis with Pandas,51.0,78,60,67
Jeffery Griffin,Data Visualization with Matplotlib,94.0,56,62,80
Jeffery Griffin,Data Ethics,86.0,65,52,75
Jeffery Griffin,Data Cleaning & Preprocessing,93.0,71,92,92
Jeffery Griffin,Data Analysis for Business Decisions,69.0,56,88,81
Jeffery Griffin,Mobile Testing Strategies,90.0,93,78,88
Jeffery Griffin,Unity Basics,66.0,63,76,76
Jeffery Griffin,Training and Development,60.0,88,79,77
Jeffery Griffin,Introduction to Blockchain,58.0,97,62,72
Jeffery Griffin,Computer Vision Basics,99.0,65,56,81
Andrew Buck,Data Visualization with Matplotlib,67.0,65,100,85
Andrew Buck,Data Analysis for Business Decisions,94.0,67,100,95
Andrew Buck,Data Cleaning & Preprocessing,72.0,61,63,73
Andrew Buck,Data Analysis with Pandas,65.0,99,52,71
Andrew Buck,HTML & CSS,94.0,80,84,90
Andrew Buck,Hyperledger Basics,77.0,86,62,77
Andrew Buck,Azure Basics,96.0,74,83,90
Andrew Buck,Malware Analysis,91.0,70,95,92
Andrew Buck,Web Application Security,72.0,91,87,85
Andrew Buck,Design Thinking Process,63.0,71,70,74
Andrew Buck,Introduction to Content Creation,70.0,78,50,70
Andrew Buck,Email Marketing Basics,61.0,90,96,84
Andrew Buck,AI for Business,60.0,62,79,75
Andrew Buck,Corporate Finance Essentials,82.0,68,76,82
Andrew Buck,Game Testing Techniques,64.0,90,82,80
Gerald Garcia,Data Analysis for Business Decisions,66.0,55,89,80
Gerald Garcia,Data Analysis with Pandas,95.0,56,62,81
Gerald Garcia,Data Ethics,96.0,76,75,87
Gerald Garcia,Data Cleaning & Preprocessing,77.0,98,62,78
Gerald Garcia,Data Visualization with Matplotlib,67.0,60,59,70
Gerald Garcia,2D Game Development,79.0,64,78,81
Gerald Garcia,AI in Healthcare,64.0,59,64,71
Gerald Garcia,Graphic Design Basics for Content,92.0,52,67,81
Gerald Garcia,MongoDB,79.0,97,78,85
Gerald Garcia,Tokenomics,89.0,84,68,83
Gerald Garcia,Ethereum Development,92.0,97,52,80
Gerald Garcia,Natural Language Processing,93.0,64,95,92
Gerald Garcia,App Monetization Strategies,89.0,55,63,79
Justin Baker,Data Analysis with Pandas,76.0,85,54,74
Justin Baker,Data Visualization with Matplotlib,59.0,96,52,68
Justin Baker,Data Ethics,97.0,86,100,98
Justin Baker,Data Cleaning & Preprocessing,81.0,93,59,78
Justin Baker,Data Analysis for Business Decisions,76.0,84,68,79
Justin Baker,Business Process Modeling,73.0,100,55,75
Justin Baker,API Development,96.0,92,96,96
Justin Baker,ITIL Foundations,86.0,77,82,86
Justin Baker,Training and Development,78.0,97,74,83
Justin Baker,Social Media Content Creation,53.0,61,96,78
Justin Baker,Multiplayer Game Development,95.0,59,50,77
Justin Baker,Continuous Integration and Delivery,64.0,74,96,83
Justin Baker,Change Management,71.0,61,70,75
Justin Baker,Hyperledger Basics,75.0,54,56,71
Jake Bautista,Data Analysis with Pandas,57.0,82,65,71
Jake Bautista,Data Analysis for Business Decisions,91.0,96,53,80
Jake Bautista,Data Cleaning & Preprocessing,70.0,66,98,85
Jake Bautista,Data Ethics,53.0,83,58,67
Jake Bautista,Data Visualization with Matplotlib,72.0,90,74,80
Jake Bautista,Malware Analysis,84.0,76,55,76
Jake Bautista,Project Management Tools Overview,97.0,84,68,86
Jake Bautista,Customer Service Excellence,94.0,54,72,84
Jake Bautista,Continuous Integration and Delivery,100.0,53,96,94
Jake Bautista,Risk Management in Finance,70.0,75,58,72
Timothy Edwards,Data Cleaning & Preprocessing,55.0,89,89,79
Timothy Edwards,Data Ethics,87.0,99,76,87
Timothy Edwards,Data Visualization with Matplotlib,84.0,93,100,94
Timothy Edwards,Data Analysis for Business Decisions,58.0,93,95,83
Timothy Edwards,Data Analysis with Pandas,50.0,67,70,69
Timothy Edwards,Troubleshooting Techniques,85.0,85,52,76
Timothy Edwards,Interaction Design Principles,80.0,79,97,90
Timothy Edwards,Personal Finance Skills,71.0,77,95,86
Timothy Edwards,Introduction to UI/UX Design,94.0,82,66,84
Timothy Edwards,Model Evaluation,86.0,85,51,76
Timothy Edwards,Blockchain Use Cases,65.0,100,65,76
Timothy Edwards,Building Customer Relationships,81.0,68,51,73
Timothy Edwards,Cloud Cost Management,91.0,68,79,86
Timothy Edwards,Customer Service Skills for IT,71.0,66,92,84
Timothy Edwards,Security Awareness for IT Support,64.0,95,94,85
Thomas Bowers,Data Ethics,91.0,77,90,91
Thomas Bowers,Data Analysis with Pandas,51.0,78,54,65
Thomas Bowers,Data Visualization with Matplotlib,58.0,56,64,68
Thomas Bowers,Data Analysis for Business Decisions,72.0,85,99,88
Thomas Bowers,Data Cleaning & Preprocessing,65.0,60,98,83
Thomas Bowers,Blockchain Security,60.0,94,83,79
Thomas Bowers,Digital Sales Techniques,82.0,85,63,79
Thomas Bowers,Introduction to Business Analysis,84.0,51,89,86
Thomas Bowers,Natural Language Processing,77.0,50,88,83
Thomas Bowers,Conversion Rate Optimization,61.0,63,91,79
Thomas Bowers,Quality Management,59.0,96,56,70
Thomas Bowers,Personal Finance Skills,89.0,61,96,91
Thomas Bowers,Interaction Design Principles,95.0,63,80,88
Thomas Bowers,Content Promotion Strategies,74.0,65,59,73
Thomas Bowers,SEO for Content Creators,57.0,95,88,80
Alexis Ryan,Data Cleaning & Preprocessing,60.0,69,53,66
Alexis Ryan,Data Analysis with Pandas,52.0,60,83,73
Alexis Ryan,Data Analysis for Business Decisions,82.0,70,71,81
Alexis Ryan,Data Ethics,65.0,59,95,82
Alexis Ryan,Data Visualization with Matplotlib,65.0,64,62,71
Alexis Ryan,Corporate Finance Essentials,85.0,99,64,82
Alexis Ryan,Version Control with Git,100.0,95,70,89
Alexis Ryan,Introduction to Finance,94.0,73,51,78
Alexis Ryan,Cloud Support Fundamentals,63.0,74,54,68
Alexis Ryan,Android Development Basics,55.0,70,51,64
Alexis Ryan,Sales Fundamentals,94.0,64,62,81
Thomas Robertson DDS,Data Visualization with Matplotlib,67.0,94,89,84
Thomas Robertson DDS,Data Ethics,73.0,59,91,83
Thomas Robertson DDS,Data Cleaning & Preprocessing,72.0,53,77,77
Thomas Robertson DDS,Data Analysis with Pandas,96.0,99,75,90
Thomas Robertson DDS,Data Analysis for Business Decisions,94.0,72,64,82
Thomas Robertson DDS,Digital Sales Techniques,64.0,72,74,76
Thomas Robertson DDS,Presentation Skills for Business Analysts,73.0,95,92,87
Thomas Robertson DDS,Introduction to Finance,65.0,63,83,78
Thomas Robertson DDS,Web Accessibility Standards,79.0,90,52,75
Thomas Robertson DDS,Google Cloud Platform Essentials,71.0,100,58,75
Thomas Robertson DDS,HR Technology Tools,81.0,71,50,73
Thomas Robertson DDS,Cloud Security Best Practices,94.0,53,92,90
Thomas Robertson DDS,E-commerce Development Basics,65.0,57,81,77
Thomas Robertson DDS,Budgeting for Projects,95.0,61,82,88
Gina Brown,Data Cleaning & Preprocessing,53.0,71,68,69
Gina Brown,Data Analysis for Business Decisions,90.0,76,57,79
Gina Brown,Data Analysis with Pandas,73.0,97,88,86
Gina Brown,Data Visualization with Matplotlib,89.0,78,80,87
Gina Brown,Data Ethics,83.0,55,74,80
Gina Brown,Negotiation Techniques,97.0,100,98,98
Gina Brown,Risk Management in Finance,53.0,74,64,68
Gina Brown,User Interface Design for Mobile Apps,83.0,63,89,86
Gina Brown,Conflict Resolution in HR,100.0,78,89,94
Gina Brown,Hardware Repair Skills,88.0,51,63,78
Gina Brown,Social Media Content Creation,89.0,81,69,83
Joy Silva,Data Visualization with Matplotlib,83.0,64,62,77
Joy Silva,Data Analysis for Business Decisions,86.0,74,86,88
Joy Silva,Data Ethics,65.0,59,98,83
Joy Silva,Data Analysis with Pandas,62.0,91,76,77
Joy Silva,Sales Analytics,82.0,64,73,81
Joy Silva,Risk Analysis and Management,52.0,87,53,65
Joy Silva,2D Game Development,91.0,65,69,82
Joy Silva,AI in Healthcare,97.0,57,80,88
Joy Silva,Operating Systems Overview,80.0,70,87,85
Joy Silva,Responsive Design Principles,99.0,55,61,82
Victoria Garcia,Data Analysis for Business Decisions,83.0,69,98,90
Victoria Garcia,Data Ethics,79.0,70,57,75
Victoria Garcia,Data Analysis with Pandas,64.0,89,75,78
Victoria Garcia,Data Visualization with Matplotlib,65.0,91,68,76
Victoria Garcia,Content Management Systems (CMS),60.0,55,52,65
Victoria Garcia,Configuration Management with Ansible,94.0,85,68,85
Victoria Garcia,Personal Finance Skills,64.0,60,69,73
Victoria Garcia,API Integration in Mobile Apps,66.0,81,93,84
Victoria Garcia,Change Management Strategies,54.0,72,97,80
Victoria Garcia,Web Performance Optimization,59.0,84,97,83
Victoria Garcia,Deep Learning Fundamentals,97.0,87,52,81
Victoria Garcia,Unreal Engine Basics,56.0,64,82,75
Victoria Garcia,Express.js,93.0,85,50,79
Victoria Garcia,Introduction to Finance,100.0,71,60,83
Mrs. Aimee Hernandez,Data Visualization with Matplotlib,76.0,95,99,91
Mrs. Aimee Hernandez,Data Ethics,93.0,83,80,89
Mrs. Aimee Hernandez,Data Analysis with Pandas,91.0,82,63,82
Mrs. Aimee Hernandez,Data Analysis for Business Decisions,56.0,61,52,64
Mrs. Aimee Hernandez,Data Cleaning & Preprocessing,59.0,83,80,77
Mrs. Aimee Hernandez,SEO Best Practices,58.0,100,70,75
Mrs. Aimee Hernandez,Content Promotion Strategies,67.0,73,96,84
Mrs. Aimee Hernandez,Network Security Fundamentals,95.0,93,81,91
Mrs. Aimee Hernandez,Wireframing and Prototyping,67.0,84,69,76
Mrs. Aimee Hernandez,Remote Support Techniques,81.0,95,82,87
Mrs. Aimee Hernandez,Project Management Basics,57.0,92,79,77
Sherri Oliver,Data Visualization with Matplotlib,64.0,61,94,81
Sherri Oliver,Data Ethics,74.0,100,52,74
Sherri Oliver,Data Analysis for Business Decisions,67.0,98,74,79
Sherri Oliver,Data Cleaning & Preprocessing,92.0,62,90,90
Sherri Oliver,Data Analysis with Pandas,97.0,73,53,80
Sherri Oliver,Google Cloud Platform Essentials,59.0,85,65,72
Sherri Oliver,Cryptography Basics,83.0,90,51,76
Sherri Oliver,Brand Management Online,93.0,52,75,84
Sherri Oliver,Quality Management,53.0,88,56,67
Sherri Oliver,Analytics for Marketers,55.0,65,93,78
Sherri Oliver,SWOT Analysis for Business,100.0,58,82,90
Sherri Oliver,Customer Service Excellence,67.0,69,84,80
Sherri Oliver,Project Management Basics,87.0,82,95,92
Randall Jones,Data Cleaning & Preprocessing,98.0,75,88,93
Randall Jones,Data Visualization with Matplotlib,62.0,89,95,84
Randall Jones,Data Analysis with Pandas,66.0,59,93,82
Randall Jones,Data Ethics,94.0,86,100,96
Randall Jones,Data Analysis for Business Decisions,50.0,62,92,76
Randall Jones,Python for Data Science,78.0,91,76,83
Randall Jones,SEO Fundamentals,81.0,81,75,83
Randall Jones,Email Marketing Basics,79.0,56,83,82
Randall Jones,Closing Sales Strategies,90.0,97,69,85
Randall Jones,Security Awareness for IT Support,68.0,63,56,70
Randall Jones,Malware Analysis,91.0,59,92,90
Randall Jones,Editing and Proofreading Techniques,99.0,86,98,98
Randall Jones,Cryptocurrency Fundamentals,53.0,70,71,70
Randall Jones,Understanding Consumer Behavior,94.0,69,94,93
Kevin Stephenson,Data Analysis for Business Decisions,96.0,76,87,92
Kevin Stephenson,Data Analysis with Pandas,75.0,86,97,89
Kevin Stephenson,Data Ethics,78.0,93,51,74
Kevin Stephenson,Data Cleaning & Preprocessing,98.0,61,55,80
Kevin Stephenson,Data Visualization with Matplotlib,96.0,61,51,78
Kevin Stephenson,Performance Management Systems,93.0,85,80,89
Kevin Stephenson,Labor Laws and Compliance,89.0,54,72,82
Kevin Stephenson,MongoDB,55.0,81,90,79
Kevin Stephenson,Understanding Consumer Behavior,50.0,79,91,77
Kevin Stephenson,User Research Techniques,57.0,74,95,81
Kevin Stephenson,Visual Design Basics,71.0,55,64,73
Kevin Stephenson,JavaScript Basics,89.0,78,62,81
Sarah Wagner,Data Ethics,57.0,79,96,81
Sarah Wagner,Data Analysis for Business Decisions,89.0,67,81,86
Sarah Wagner,Data Visualization with Matplotlib,87.0,98,53,79
Sarah Wagner,Data Analysis with Pandas,80.0,63,90,86
Sarah Wagner,Data Cleaning & Preprocessing,51.0,85,88,77
Sarah Wagner,Personal Finance Skills,83.0,94,77,85
Sarah Wagner,Ethical Hacking Basics,50.0,83,83,75
Sarah Wagner,Budgeting for Projects,62.0,52,50,64
Sarah Wagner,Budgeting Basics,86.0,64,64,79
Sarah Wagner,Video Production Basics,73.0,87,58,75
Sarah Wagner,Git & GitHub,54.0,76,99,81
Sarah Wagner,Project Scheduling Techniques,58.0,88,59,70
Hunter Hall,Data Analysis with Pandas,75.0,53,78,79
Hunter Hall,Data Visualization with Matplotlib,84.0,64,69,80
Hunter Hall,Data Analysis for Business Decisions,98.0,82,97,96
Hunter Hall,Data Cleaning & Preprocessing,98.0,74,54,81
Hunter Hall,Data Ethics,78.0,63,94,86
Hunter Hall,iOS Development Basics,62.0,82,86,80
Hunter Hall,Natural Language Processing Techniques,95.0,100,76,90
Hunter Hall,Deep Learning with TensorFlow,100.0,99,94,98
Hunter Hall,Understanding Financial Markets,85.0,52,88,86
Hunter Hall,Google Cloud Platform Essentials,84.0,83,61,79
Hunter Hall,Introduction to IT Support,54.0,70,83,75
Hunter Hall,Email Marketing Basics,68.0,52,92,81
Hunter Hall,Ethical Hacking Basics,99.0,57,87,91
Hunter Hall,Performance Management Systems,58.0,94,86,80
Hunter Hall,User Interface Design for Mobile Apps,93.0,97,96,96
Megan Richardson,Data Analysis with Pandas,52.0,74,54,64
Megan Richardson,Data Analysis for Business Decisions,99.0,70,84,91
Megan Richardson,Data Visualization with Matplotlib,90.0,92,91,93
Megan Richardson,Data Cleaning & Preprocessing,63.0,60,66,71
Megan Richardson,Data Ethics,50.0,50,52,61
Megan Richardson,Financial Analysis Techniques,93.0,79,91,92
Megan Richardson,Talent Acquisition Strategies,88.0,55,62,78
Megan Richardson,Container Orchestration with Kubernetes,63.0,51,64,70
Megan Richardson,Version Control with Git,74.0,92,97,89
Megan Richardson,Big Data with Spark,73.0,79,56,73
Megan Richardson,Digital Sales Techniques,100.0,74,91,94
Megan Richardson,Security in Cloud Computing,59.0,70,61,69
Megan Richardson,Email Marketing Basics,57.0,70,70,71
Megan Richardson,Project Management Tools Overview,73.0,99,100,90
Megan Richardson,Conflict Resolution in HR,62.0,58,71,72
Judy Jefferson,Data Visualization with Matplotlib,97.0,51,71,84
Judy Jefferson,Data Cleaning & Preprocessing,63.0,74,57,69
Judy Jefferson,Data Analysis for Business Decisions,93.0,77,76,87
Judy Jefferson,Data Ethics,54.0,86,53,66
Judy Jefferson,Data Analysis with Pandas,52.0,91,86,77
Judy Jefferson,Unsupervised Learning,87.0,69,55,77
Judy Jefferson,iOS Development Basics,71.0,71,62,74
Judy Jefferson,Visual Design Basics,89.0,73,87,89
Judy Jefferson,SWOT Analysis for Business,86.0,96,51,78
Judy Jefferson,Conflict Resolution in HR,68.0,75,98,86
Judy Jefferson,Introduction to Blockchain,57.0,54,98,80
Judy Jefferson,Time Management for Sales,83.0,77,53,75
Judy Jefferson,Requirements Gathering Techniques,52.0,94,78,75
Judy Jefferson,AWS Fundamentals,85.0,72,96,91
Judy Jefferson,Networking Basics,85.0,80,74,84
Joseph Jones,Data Cleaning & Preprocessing,64.0,71,54,68
Joseph Jones,Data Ethics,87.0,69,77,84
Joseph Jones,Data Visualization with Matplotlib,55.0,85,71,73
Joseph Jones,Data Analysis with Pandas,86.0,64,95,90
Joseph Jones,Data Analysis for Business Decisions,84.0,52,61,76
Joseph Jones,Training and Development,98.0,50,69,83
Joseph Jones,Ethics in AI,65.0,69,81,78
Joseph Jones,Unreal Engine Basics,61.0,88,68,74
Joseph Jones,Change Management,83.0,53,98,89
Joseph Jones,Brand Management Online,68.0,94,55,72
Joseph Jones,Time Management for Sales,52.0,94,55,67
Joseph Jones,Content Strategy Development,85.0,62,64,78
Joseph Jones,Email Marketing Basics,91.0,71,92,91
Joseph Jones,Graphic Design Basics for Content,70.0,80,67,76
Donna Coleman,Data Analysis for Business Decisions,75.0,83,60,76
Donna Coleman,Data Cleaning & Preprocessing,58.0,50,68,69
Donna Coleman,Data Ethics,77.0,88,90,87
Donna Coleman,Data Visualization with Matplotlib,86.0,74,74,83
Donna Coleman,Data Analysis with Pandas,54.0,89,78,75
Donna Coleman,Model Evaluation,74.0,88,86,85
Donna Coleman,Agile Project Management,88.0,57,56,76
Donna Coleman,Container Orchestration with Kubernetes,95.0,64,55,79
Donna Coleman,Computer Vision Applications,93.0,100,65,85
Donna Coleman,Investing Fundamentals,85.0,68,95,90
Betty Sanchez,Data Visualization with Matplotlib,66.0,67,59,70
Betty Sanchez,Data Ethics,54.0,59,55,64
Betty Sanchez,Data Cleaning & Preprocessing,61.0,57,79,75
Betty Sanchez,Data Analysis with Pandas,52.0,74,89,77
Betty Sanchez,Data Analysis for Business Decisions,85.0,74,86,87
Betty Sanchez,SEO Best Practices,67.0,80,95,85
Betty Sanchez,Mobile Testing Strategies,68.0,93,61,74
Betty Sanchez,Introduction to Finance,63.0,85,98,85
Betty Sanchez,Supervised Learning,89.0,78,68,83
Betty Sanchez,Google Ads Fundamentals,75.0,55,76,78
Betty Sanchez,API Development,53.0,50,74,69
Betty Sanchez,2D Game Development,51.0,74,88,76
Betty Sanchez,Presentation Skills for Sales,74.0,56,56,71
Betty Sanchez,Financial Reporting Standards,52.0,88,92,79
Anna Burnett,Data Ethics,97.0,94,79,91
Anna Burnett,Data Analysis with Pandas,66.0,59,96,83
Anna Burnett,Data Analysis for Business Decisions,87.0,79,97,92
Anna Burnett,Data Visualization with Matplotlib,94.0,90,74,88
Anna Burnett,Data Cleaning & Preprocessing,50.0,93,63,69
Anna Burnett,Introduction to UI/UX Design,73.0,74,78,80
Anna Burnett,Introduction to Business Analysis,67.0,71,80,79
Anna Burnett,Quality Management,100.0,73,78,90
Anna Burnett,Understanding Consumer Behavior,96.0,70,63,83
Anna Burnett,Containerization with Docker,56.0,97,90,81
Anna Burnett,Cloud Security Best Practices,71.0,62,71,76
Anna Burnett,Introduction to Blockchain,61.0,81,75,76
Craig Campbell,Data Ethics,86.0,66,88,87
Craig Campbell,Data Analysis for Business Decisions,80.0,72,88,86
Craig Campbell,Data Analysis with Pandas,54.0,58,93,77
Craig Campbell,Data Cleaning & Preprocessing,55.0,59,67,69
Craig Campbell,Data Visualization with Matplotlib,97.0,69,83,90
Craig Campbell,Hyperledger Basics,77.0,56,73,78
Craig Campbell,Business Process Modeling,91.0,69,88,90
Craig Campbell,Unity Basics,61.0,56,82,76
Craig Campbell,Python for Data Science,79.0,91,99,91
Craig Campbell,Introduction to Game Development,96.0,83,57,82
Craig Campbell,Introduction to Blockchain,72.0,81,83,82
Craig Campbell,Configuration Management with Ansible,57.0,97,53,68
Craig Campbell,Security in Cloud Computing,68.0,94,75,79
Craig Campbell,Web Accessibility Standards,50.0,88,54,65
Craig Campbell,Security Awareness for IT Support,70.0,73,88,83
Gabriel Jacobson,Data Analysis for Business Decisions,84.0,59,85,85
Gabriel Jacobson,Data Cleaning & Preprocessing,90.0,51,66,80
Gabriel Jacobson,Data Visualization with Matplotlib,64.0,50,63,69
Gabriel Jacobson,Data Ethics,50.0,80,57,65
Gabriel Jacobson,Data Analysis with Pandas,72.0,87,75,80
Gabriel Jacobson,Reinforcement Learning,90.0,78,97,93
Gabriel Jacobson,Automating Cloud Deployments,88.0,57,89,88
Gabriel Jacobson,Closing Sales Strategies,62.0,85,72,75
Gabriel Jacobson,Cloud Support Fundamentals,50.0,60,55,63
Gabriel Jacobson,Corporate Finance Essentials,73.0,65,95,85
Gabriel Jacobson,Ethics in AI,91.0,74,53,78
Gabriel Jacobson,Cloud Cost Management,55.0,66,95,79
Gabriel Jacobson,Introduction to Game Development,70.0,74,98,86
Gabriel Jacobson,RESTful Services,96.0,86,53,81
Gabriel Jacobson,HR Analytics,90.0,68,80,86
Melissa Weeks,Data Ethics,81.0,99,50,76
Melissa Weeks,Data Visualization with Matplotlib,82.0,92,89,89
Melissa Weeks,Data Cleaning & Preprocessing,78.0,88,84,85
Melissa Weeks,Data Analysis with Pandas,86.0,56,73,81
Melissa Weeks,Data Analysis for Business Decisions,100.0,66,78,89
Melissa Weeks,Natural Language Processing,93.0,51,85,87
Melissa Weeks,Ethics in AI,63.0,72,95,82
Melissa Weeks,Visual Design Basics,65.0,80,68,75
Melissa Weeks,Computer Vision Applications,87.0,87,99,94
Melissa Weeks,Machine Learning Basics,69.0,93,70,78
Melissa Weeks,Publishing Mobile Apps,61.0,78,58,69
Melissa Weeks,Consensus Algorithms,100.0,64,85,91
Melissa Weeks,Time Management for Sales,80.0,89,71,82
Richard Armstrong,Data Visualization with Matplotlib,95.0,51,51,76
Richard Armstrong,Data Cleaning & Preprocessing,60.0,55,97,80
Richard Armstrong,Data Analysis with Pandas,76.0,90,94,88
Richard Armstrong,Data Ethics,70.0,59,100,85
Richard Armstrong,Data Analysis for Business Decisions,70.0,95,50,72
Richard Armstrong,Introduction to IT Support,89.0,86,94,93
Richard Armstrong,Deep Learning with TensorFlow,62.0,99,50,69
Richard Armstrong,Blockchain Use Cases,74.0,78,93,86
Richard Armstrong,Infrastructure as Code,80.0,68,60,76
Richard Armstrong,Machine Learning Basics,60.0,63,86,77
Michael Hernandez,Data Analysis with Pandas,78.0,84,69,80
Michael Hernandez,Data Analysis for Business Decisions,70.0,64,96,84
Michael Hernandez,Data Ethics,63.0,94,75,78
Michael Hernandez,Data Cleaning & Preprocessing,76.0,73,98,88
Michael Hernandez,Data Visualization with Matplotlib,54.0,95,87,79
Michael Hernandez,Natural Language Processing Techniques,61.0,81,80,77
Michael Hernandez,Continuous Integration and Delivery,80.0,90,96,91
Michael Hernandez,Unreal Engine Basics,65.0,78,62,72
Michael Hernandez,Progressive Web Apps (PWAs),81.0,84,62,78
Michael Hernandez,Agile Methodologies,74.0,71,80,81
Michael Hernandez,Introduction to AI,50.0,73,64,67
Michael Hernandez,HR Analytics,54.0,85,57,67
Michael Hernandez,3D Game Development,78.0,59,72,78
Michael Hernandez,Unsupervised Learning,78.0,76,57,75
Michael Hernandez,HR Technology Tools,83.0,54,58,75
Amy Stanton,Data Visualization with Matplotlib,67.0,56,88,80
Amy Stanton,Data Analysis for Business Decisions,98.0,87,70,88
Amy Stanton,Data Cleaning & Preprocessing,88.0,75,89,89
Amy Stanton,Data Ethics,95.0,64,86,90
Amy Stanton,Data Analysis with Pandas,85.0,95,84,89
Amy Stanton,Financial Reporting Standards,61.0,66,83,77
Amy Stanton,Azure Basics,97.0,74,62,83
Amy Stanton,Social Media Content Creation,67.0,94,73,78
Amy Stanton,Negotiation Techniques,77.0,89,70,80
Amy Stanton,Publishing Mobile Apps,86.0,52,69,79
Michelle Moore,Data Ethics,53.0,61,86,75
Michelle Moore,Data Visualization with Matplotlib,93.0,93,58,82
Michelle Moore,Data Cleaning & Preprocessing,50.0,79,74,71
Michelle Moore,Data Analysis for Business Decisions,59.0,92,90,81
Michelle Moore,Data Analysis with Pandas,81.0,78,58,76
Michelle Moore,AWS Fundamentals,94.0,84,68,85
Michelle Moore,Computer Vision Basics,80.0,85,61,78
Michelle Moore,MongoDB,86.0,75,94,90
Michelle Moore,Natural Language Processing Techniques,100.0,74,96,96
Michelle Moore,Continuous Integration and Delivery,95.0,92,58,83
Michelle Moore,Introduction to Business Analysis,90.0,78,95,93
Michelle Moore,Cloud Cost Management,84.0,75,81,85
Pedro Martinez,Data Ethics,62.0,94,57,71
Pedro Martinez,Data Analysis with Pandas,50.0,60,53,62
Pedro Martinez,Data Cleaning & Preprocessing,62.0,85,50,68
Pedro Martinez,Data Analysis for Business Decisions,93.0,70,66,83
Pedro Martinez,Responsive Design Principles,94.0,80,97,95
Pedro Martinez,Introduction to Machine Learning,64.0,73,70,74
Pedro Martinez,Customer Service Excellence,90.0,64,68,82
Pedro Martinez,Google Cloud Platform Essentials,65.0,74,61,72
Pedro Martinez,Unity Basics,96.0,72,76,87
Pedro Martinez,Training and Development,96.0,56,65,82
Pedro Martinez,Introduction to DevOps,94.0,59,85,89
Pedro Martinez,Building Customer Relationships,77.0,59,74,79
Pedro Martinez,Content Management Systems (CMS),51.0,64,68,68
Joshua Carter,Data Visualization with Matplotlib,95.0,79,91,93
Joshua Carter,Data Cleaning & Preprocessing,64.0,60,97,82
Joshua Carter,Data Ethics,84.0,53,51,73
Joshua Carter,Data Analysis for Business Decisions,65.0,67,88,80
Joshua Carter,Data Analysis with Pandas,50.0,88,95,80
Joshua Carter,Introduction to Game Development,97.0,53,94,92
Joshua Carter,Natural Language Processing,95.0,85,68,86
Joshua Carter,Sales Analytics,51.0,92,89,78
Joshua Carter,Introduction to Content Creation,60.0,96,72,76
Joshua Carter,Statistical Analysis,75.0,99,58,76
Joshua Carter,Business Process Modeling,85.0,78,53,76
Joshua Carter,Communication Skills for Project Managers,64.0,88,58,72
Joshua Carter,Financial Analysis Techniques,92.0,52,73,83
Jay Cunningham,Data Ethics,66.0,71,81,79
Jay Cunningham,Data Analysis with Pandas,87.0,63,78,84
Jay Cunningham,Data Cleaning & Preprocessing,66.0,66,68,73
Jay Cunningham,Data Analysis for Business Decisions,92.0,91,52,79
Jay Cunningham,Data Visualization with Matplotlib,93.0,68,59,80
Jay Cunningham,Content Promotion Strategies,53.0,68,63,67
Jay Cunningham,Natural Language Processing Techniques,72.0,69,92,84
Jay Cunningham,Game Monetization Strategies,70.0,51,73,75
Jay Cunningham,Speech Recognition Technologies,70.0,74,69,76
Jay Cunningham,Responsive Web Design,69.0,90,90,85
Jay Cunningham,Unsupervised Learning,64.0,60,83,77
Jay Cunningham,Azure Basics,70.0,68,69,75
Joel Williams,Data Analysis for Business Decisions,64.0,99,88,83
Joel Williams,Data Cleaning & Preprocessing,96.0,56,85,89
Joel Williams,Data Analysis with Pandas,100.0,88,98,98
Joel Williams,Data Visualization with Matplotlib,83.0,53,89,85
Joel Williams,Data Ethics,56.0,67,85,76
Joel Williams,Ethical Hacking Basics,78.0,54,68,76
Joel Williams,SWOT Analysis for Business,68.0,82,72,77
Joel Williams,Introduction to Game Development,88.0,58,93,89
Joel Williams,Requirements Gathering Techniques,70.0,67,65,74
Joel Williams,Statistical Analysis,70.0,95,99,89
Joel Williams,Business Case Development,54.0,72,71,71
Joel Williams,Brand Management Online,75.0,69,79,81
Joel Williams,Container Orchestration with Kubernetes,77.0,80,68,79
Robert Weber,Data Cleaning & Preprocessing,98.0,66,77,88
Robert Weber,Data Analysis for Business Decisions,81.0,88,79,85
Robert Weber,Data Visualization with Matplotlib,97.0,78,83,91
Robert Weber,Data Analysis with Pandas,66.0,65,86,80
Robert Weber,Data Ethics,57.0,66,63,69
Robert Weber,Cryptography Basics,67.0,76,74,77
Robert Weber,Deep Learning Fundamentals,96.0,78,68,85
Robert Weber,Affiliate Marketing,97.0,59,87,90
Robert Weber,Progressive Web Apps (PWAs),86.0,81,99,93
Robert Weber,Conflict Resolution in HR,78.0,58,62,75
Robert Weber,Project Management Basics,89.0,76,65,82
Robert Weber,Hyperledger Basics,68.0,76,93,84
Robert Weber,Introduction to Blockchain,72.0,92,79,82
Robert Weber,Risk Management in Cybersecurity,59.0,83,82,78
Robert Weber,Blockchain Use Cases,73.0,76,85,83
Timothy Rose,Data Visualization with Matplotlib,63.0,53,96,81
Timothy Rose,Data Ethics,67.0,85,92,84
Timothy Rose,Data Cleaning & Preprocessing,94.0,85,64,84
Timothy Rose,Data Analysis with Pandas,75.0,94,75,82
Timothy Rose,Data Analysis for Business Decisions,98.0,77,88,93
Timothy Rose,Reinforcement Learning,56.0,72,87,77
Timothy Rose,Influencer Marketing,64.0,84,74,77
Timothy Rose,Understanding Consumer Behavior,66.0,97,77,80
Timothy Rose,Introduction to Human Resources,50.0,94,99,82
Timothy Rose,Computer Vision Basics,57.0,94,91,81
Timothy Rose,Cloud Security Best Practices,70.0,74,97,86
Timothy Rose,Backend Development Fundamentals,62.0,68,73,74
Timothy Rose,Introduction to Content Creation,94.0,100,73,88
Charles Noble,Data Ethics,93.0,77,70,85
Charles Noble,Data Analysis with Pandas,89.0,58,96,91
Charles Noble,Data Analysis for Business Decisions,89.0,63,99,92
Charles Noble,Data Visualization with Matplotlib,77.0,91,56,76
Charles Noble,Data Cleaning & Preprocessing,55.0,75,97,81
Charles Noble,Performance Optimization for Mobile Apps,61.0,82,70,74
Charles Noble,MongoDB,82.0,95,90,90
Charles Noble,HR Technology Tools,74.0,87,95,88
Charles Noble,3D Game Development,81.0,55,75,80
Charles Noble,Automating Cloud Deployments,83.0,60,74,81
Alicia Burch,Data Ethics,85.0,65,81,85
Alicia Burch,Data Analysis with Pandas,93.0,69,86,90
Alicia Burch,Data Visualization with Matplotlib,97.0,52,54,78
Alicia Burch,Data Analysis for Business Decisions,68.0,61,94,83
Alicia Burch,Data Cleaning & Preprocessing,64.0,56,100,83
Alicia Burch,Automating Cloud Deployments,56.0,51,51,63
Alicia Burch,Editing and Proofreading Techniques,53.0,96,91,80
Alicia Burch,Building Customer Relationships,79.0,99,59,78
Alicia Burch,Influencer Marketing,52.0,74,54,64
Alicia Burch,MongoDB,68.0,63,91,82
Alicia Burch,Stakeholder Analysis,74.0,88,53,73
Alicia Burch,Risk Management in Cybersecurity,93.0,100,97,96
Alicia Burch,Multiplayer Game Development,86.0,94,90,91
Alicia Burch,Unreal Engine Basics,67.0,80,68,75
Alicia Burch,Introduction to Business Analysis,62.0,96,88,82
Brian Gilbert,Data Cleaning & Preprocessing,54.0,94,55,68
Brian Gilbert,Data Visualization with Matplotlib,58.0,55,54,65
Brian Gilbert,Data Analysis with Pandas,75.0,93,50,73
Brian Gilbert,Data Analysis for Business Decisions,92.0,86,80,89
Brian Gilbert,Data Ethics,58.0,89,53,68
Brian Gilbert,Usability Testing,95.0,56,98,93
Brian Gilbert,Budgeting Basics,99.0,91,82,92
Brian Gilbert,Natural Language Processing Techniques,64.0,67,50,67
Brian Gilbert,Talent Acquisition Strategies,76.0,100,79,84
Brian Gilbert,Brand Management Online,94.0,91,76,89
Brian Gilbert,Penetration Testing,55.0,85,62,69
Kelly Johnson,Data Analysis with Pandas,78.0,74,66,78
Kelly Johnson,Data Cleaning & Preprocessing,98.0,73,69,86
Kelly Johnson,Data Ethics,84.0,99,97,93
Kelly Johnson,Data Analysis for Business Decisions,69.0,60,99,85
Kelly Johnson,Data Visualization with Matplotlib,66.0,75,85,80
Kelly Johnson,Cloud Security Best Practices,51.0,64,84,74
Kelly Johnson,RESTful Services,50.0,64,80,72
Kelly Johnson,HR Analytics,97.0,79,69,86
Kelly Johnson,Remote Support Techniques,97.0,66,67,84
Kelly Johnson,Game Design Principles,96.0,93,78,90
Kelly Johnson,Sales Fundamentals,55.0,98,96,83
Kelly Johnson,Python for Data Science,93.0,94,93,94
Blake Glass,Data Ethics,76.0,68,82,82
Blake Glass,Data Visualization with Matplotlib,64.0,60,73,74
Blake Glass,Data Cleaning & Preprocessing,84.0,70,58,77
Blake Glass,Data Analysis with Pandas,85.0,75,66,80
Blake Glass,Data Analysis for Business Decisions,84.0,87,64,80
Blake Glass,JavaScript Frameworks Overview,57.0,60,51,64
Blake Glass,Automating Cloud Deployments,99.0,68,50,79
Blake Glass,Configuration Management with Ansible,67.0,92,73,78
Blake Glass,SEO Best Practices,87.0,65,52,75
Blake Glass,ITIL Foundations,92.0,60,70,83
Blake Glass,Customer Service Skills for IT,99.0,82,69,87
Blake Glass,Understanding Financial Markets,59.0,54,94,79
Blake Glass,Incident Response,77.0,70,66,77
John Anderson,Data Analysis for Business Decisions,67.0,91,90,84
John Anderson,Data Cleaning & Preprocessing,92.0,79,82,89
John Anderson,Data Visualization with Matplotlib,89.0,96,77,88
John Anderson,Data Ethics,56.0,84,87,78
John Anderson,Data Analysis with Pandas,66.0,55,52,67
John Anderson,Publishing Mobile Apps,86.0,95,95,93
John Anderson,JavaScript Basics,81.0,51,100,88
John Anderson,Statistical Analysis,62.0,58,85,77
John Anderson,Talent Acquisition Strategies,51.0,52,67,66
John Anderson,Sales Fundamentals,81.0,79,61,78
John Anderson,Infrastructure as Code,77.0,60,83,82
John Anderson,HR Technology Tools,56.0,89,80,76
Katherine Davis,Data Ethics,84.0,70,50,74
Katherine Davis,Data Visualization with Matplotlib,73.0,68,89,83
Katherine Davis,Data Analysis for Business Decisions,70.0,64,95,84
Katherine Davis,Data Cleaning & Preprocessing,72.0,79,53,72
Katherine Davis,Data Analysis with Pandas,81.0,95,83,87
Katherine Davis,Sales Analytics,64.0,50,98,82
Katherine Davis,Financial Reporting Standards,65.0,55,95,82
Katherine Davis,Change Management Strategies,92.0,53,50,75
Katherine Davis,Mobile Testing Strategies,68.0,88,82,81
Katherine Davis,Introduction to Game Development,75.0,87,50,72
Katherine Davis,2D Game Development,82.0,74,73,82
Katherine Davis,User Research Techniques,94.0,98,74,89
Katherine Davis,Configuration Management with Ansible,88.0,93,98,94
Katherine Davis,Project Scheduling Techniques,71.0,60,78,78
Katherine Davis,Container Orchestration with Kubernetes,57.0,57,55,65
Nathaniel Walker,Data Ethics,67.0,52,92,81
Nathaniel Walker,Data Visualization with Matplotlib,50.0,100,81,76
Nathaniel Walker,Data Cleaning & Preprocessing,84.0,78,52,75
Nathaniel Walker,Data Analysis for Business Decisions,65.0,76,55,70
Nathaniel Walker,Data Analysis with Pandas,64.0,97,79,80
Nathaniel Walker,Labor Laws and Compliance,80.0,59,81,82
Nathaniel Walker,Budgeting Basics,97.0,64,63,82
Nathaniel Walker,Content Strategy Development,59.0,95,74,76
Nathaniel Walker,Tokenomics,59.0,83,56,69
Nathaniel Walker,2D Game Development,56.0,52,79,72
Michael Ortiz,Data Visualization with Matplotlib,89.0,71,58,79
Michael Ortiz,Data Analysis for Business Decisions,94.0,59,86,89
Michael Ortiz,Data Cleaning & Preprocessing,93.0,72,100,95
Michael Ortiz,Data Ethics,56.0,89,76,75
Michael Ortiz,Data Analysis with Pandas,83.0,85,85,87
Michael Ortiz,SEO Best Practices,78.0,53,85,82
Michael Ortiz,Publishing Mobile Apps,94.0,69,73,85
Michael Ortiz,Statistical Analysis,96.0,61,52,78
Michael Ortiz,Node.js,57.0,54,77,72
Michael Ortiz,Troubleshooting Techniques,65.0,95,50,70
Michael Ortiz,Blogging for Beginners,89.0,77,79,86
Michael Ortiz,Introduction to Game Development,86.0,81,93,91
Michael Ortiz,Business Process Modeling,100.0,99,76,92
Erin Webb,Data Visualization with Matplotlib,62.0,73,74,75
Erin Webb,Data Cleaning & Preprocessing,54.0,55,62,66
Erin Webb,Data Analysis for Business Decisions,77.0,82,80,83
Erin Webb,Data Ethics,100.0,65,86,92
Erin Webb,Data Analysis with Pandas,61.0,88,59,71
Erin Webb,Usability Testing,50.0,82,60,67
Erin Webb,Mobile App Design,85.0,91,60,80
Erin Webb,Podcasting Fundamentals,67.0,67,78,77
Erin Webb,Reinforcement Learning Techniques,78.0,66,68,78
Erin Webb,Cryptocurrency Fundamentals,79.0,93,78,84
Erin Webb,AI in IoT,60.0,94,86,80
Erin Webb,Unsupervised Learning,76.0,98,72,82
Erin Webb,Network Security Fundamentals,65.0,85,69,75
Nicolas Higgins,Data Ethics,53.0,94,79,76
Nicolas Higgins,Data Cleaning & Preprocessing,65.0,69,91,82
Nicolas Higgins,Data Analysis with Pandas,95.0,76,100,96
Nicolas Higgins,Data Analysis for Business Decisions,55.0,80,62,69
Nicolas Higgins,Data Visualization with Matplotlib,100.0,98,79,92
Nicolas Higgins,Express.js,71.0,57,76,77
Nicolas Higgins,API Development,95.0,97,58,83
Nicolas Higgins,Sales Analytics,91.0,81,82,89
Nicolas Higgins,Talent Acquisition Strategies,55.0,65,56,65
Nicolas Higgins,E-commerce Development Basics,77.0,80,78,82
Nicolas Higgins,AI for Business,83.0,98,89,90
Nicolas Higgins,ITIL Foundations,73.0,60,50,69
Nicolas Higgins,Ethics in AI,93.0,73,98,94
Lori Barker,Data Cleaning & Preprocessing,74.0,86,63,77
Lori Barker,Data Analysis for Business Decisions,96.0,62,55,79
Lori Barker,Data Ethics,77.0,60,91,85
Lori Barker,Data Analysis with Pandas,53.0,66,98,79
Lori Barker,Editing and Proofreading Techniques,70.0,78,95,86
Lori Barker,Sales Fundamentals,80.0,57,90,85
Lori Barker,Interaction Design Principles,65.0,96,64,75
Lori Barker,Negotiation Techniques,70.0,80,82,81
Lori Barker,Agile Project Management,98.0,59,53,79
Lori Barker,Configuration Management with Ansible,51.0,63,95,77
Lori Barker,Design Tools Overview,56.0,72,79,74
Lori Barker,Introduction to Blockchain,52.0,52,66,66
Leslie Jackson,Data Analysis for Business Decisions,71.0,87,62,75
Leslie Jackson,Data Ethics,100.0,88,76,90
Leslie Jackson,Data Cleaning & Preprocessing,60.0,75,61,70
Leslie Jackson,Data Analysis with Pandas,59.0,100,82,79
Leslie Jackson,Agile Project Management,65.0,72,91,82
Leslie Jackson,SWOT Analysis for Business,62.0,52,60,68
Leslie Jackson,Web Accessibility Standards,57.0,80,68,72
Leslie Jackson,Financial Planning and Forecasting,83.0,91,64,81
Leslie Jackson,Social Media Marketing,60.0,72,69,72
Leslie Jackson,Big Data with Spark,60.0,79,70,73
Leslie Jackson,Infrastructure as Code,65.0,54,93,81
Leslie Jackson,JavaScript Frameworks Overview,93.0,91,60,83
Jasmine Ryan,Data Visualization with Matplotlib,96.0,100,63,86
Jasmine Ryan,Data Analysis for Business Decisions,70.0,86,69,77
Jasmine Ryan,Data Cleaning & Preprocessing,100.0,77,92,95
Jasmine Ryan,Data Ethics,82.0,55,80,82
Jasmine Ryan,Data Analysis with Pandas,66.0,55,61,70
Jasmine Ryan,Labor Laws and Compliance,74.0,75,85,83
Jasmine Ryan,Performance Management Systems,50.0,90,100,82
Jasmine Ryan,Frontend Development Basics,63.0,53,84,77
Jasmine Ryan,Container Orchestration with Kubernetes,50.0,80,88,76
Jasmine Ryan,Project Management Tools Overview,84.0,70,50,74
Jasmine Ryan,Deployment of ML Models,50.0,82,79,73
Noah Adams,Data Analysis for Business Decisions,63.0,98,78,79
Noah Adams,Data Analysis with Pandas,53.0,51,85,73
Noah Adams,Data Cleaning & Preprocessing,93.0,50,97,92
Noah Adams,Data Visualization with Matplotlib,61.0,64,82,76
Noah Adams,Data Ethics,97.0,66,94,93
Noah Adams,Risk Management in Projects,80.0,53,92,85
Noah Adams,Analytics for Marketers,86.0,68,78,84
Noah Adams,Sales Analytics,75.0,59,61,74
Noah Adams,Agile Project Management,60.0,93,90,82
Noah Adams,Unsupervised Learning,53.0,52,61,65
Noah Adams,Content Management Systems (CMS),65.0,58,76,75
Noah Adams,Video Production Basics,86.0,79,67,81
Noah Adams,Incident Response,81.0,87,96,91
Noah Adams,Game Design Principles,63.0,77,89,81
Noah Adams,Understanding Consumer Behavior,97.0,96,66,87
Sylvia Zimmerman,Data Analysis with Pandas,92.0,80,56,80
Sylvia Zimmerman,Data Visualization with Matplotlib,76.0,99,69,81
Sylvia Zimmerman,Data Cleaning & Preprocessing,77.0,61,51,71
Sylvia Zimmerman,Data Analysis for Business Decisions,91.0,94,72,86
Sylvia Zimmerman,Data Ethics,77.0,98,100,92
Sylvia Zimmerman,App Monetization Strategies,76.0,76,76,81
Sylvia Zimmerman,Mobile App Security,62.0,85,57,70
Sylvia Zimmerman,Publishing Mobile Apps,71.0,51,61,71
Sylvia Zimmerman,Mobile App Design,99.0,66,92,93
Sylvia Zimmerman,Reinforcement Learning,75.0,63,80,81
Sylvia Zimmerman,Personal Finance Skills,100.0,91,77,91
Sylvia Zimmerman,Budgeting for Projects,96.0,59,75,86
Sharon Gomez,Data Analysis with Pandas,73.0,97,55,74
Sharon Gomez,Data Visualization with Matplotlib,77.0,87,68,79
Sharon Gomez,Data Cleaning & Preprocessing,78.0,55,93,85
Sharon Gomez,Data Ethics,51.0,100,63,70
Sharon Gomez,Data Analysis for Business Decisions,93.0,84,63,83
Sharon Gomez,HR Technology Tools,53.0,74,92,78
Sharon Gomez,Progressive Web Apps (PWAs),58.0,90,90,81
Sharon Gomez,API Integration in Mobile Apps,93.0,85,60,82
Sharon Gomez,Building Customer Relationships,56.0,72,55,66
Sharon Gomez,JavaScript Basics,62.0,54,95,80
Sharon Gomez,Cloud Support Fundamentals,77.0,81,79,83
Sharon Gomez,Version Control with Git,71.0,72,97,86
Sharon Gomez,Network Security Fundamentals,54.0,69,89,77
Sharon Gomez,Interaction Design Principles,64.0,79,51,68
Sharon Gomez,Deep Learning with TensorFlow,55.0,79,99,82
Donna Rocha,Data Cleaning & Preprocessing,73.0,85,71,79
Donna Rocha,Data Analysis for Business Decisions,78.0,80,77,82
Donna Rocha,Data Visualization with Matplotlib,52.0,52,91,75
Donna Rocha,Data Ethics,97.0,62,64,83
Donna Rocha,Data Analysis with Pandas,81.0,68,86,85
Donna Rocha,Git & GitHub,61.0,78,58,69
Donna Rocha,Time Series Analysis,61.0,51,58,67
Donna Rocha,Android Development Basics,51.0,81,100,81
Donna Rocha,Continuous Integration and Delivery,71.0,72,72,77
Donna Rocha,Agile Project Management,78.0,70,74,80
Donna Rocha,Cross-Platform Development with Flutter,71.0,99,93,87
Patrick Ferguson,Data Cleaning & Preprocessing,54.0,77,85,76
Patrick Ferguson,Data Visualization with Matplotlib,85.0,77,56,77
Patrick Ferguson,Data Ethics,77.0,56,98,87
Patrick Ferguson,Data Analysis for Business Decisions,96.0,87,62,84
Patrick Ferguson,Data Analysis with Pandas,93.0,91,80,90
Patrick Ferguson,Agile Methodologies,79.0,85,70,81
Patrick Ferguson,Risk Management in Projects,90.0,66,57,78
Patrick Ferguson,User Interface Design for Mobile Apps,93.0,84,56,81
Patrick Ferguson,Configuration Management with Ansible,95.0,74,59,81
Patrick Ferguson,Introduction to DevOps,99.0,98,64,87
Patrick Ferguson,Security in Cloud Computing,100.0,92,54,83
Patrick Ferguson,Introduction to Content Creation,90.0,61,58,78
Patrick Ferguson,Machine Learning Basics,74.0,97,100,91
Patrick Ferguson,MongoDB,98.0,84,72,88
Karen Rojas,Data Cleaning & Preprocessing,100.0,60,62,83
Karen Rojas,Data Analysis with Pandas,70.0,71,85,81
Karen Rojas,Data Analysis for Business Decisions,88.0,89,98,94
Karen Rojas,Data Ethics,82.0,53,60,75
Karen Rojas,Data Visualization with Matplotlib,69.0,70,99,86
Karen Rojas,Web Application Security,67.0,59,89,80
Karen Rojas,Cryptography Basics,63.0,57,100,83
Karen Rojas,Mobile App Security,64.0,73,97,84
Karen Rojas,Machine Learning Basics,58.0,82,50,66
Karen Rojas,Content Strategy Development,94.0,60,60,80
Karen Rojas,Hyperledger Basics,80.0,69,60,76
Karen Rojas,Tokenomics,76.0,88,72,81
Karen Rojas,Time Series Analysis,83.0,54,90,86
Karen Rojas,Game Monetization Strategies,92.0,65,59,79
Karen Rojas,Collaboration Tools in DevOps,69.0,90,95,86
Jeremy Grimes,Data Analysis with Pandas,96.0,53,98,93
Jeremy Grimes,Data Ethics,63.0,68,79,76
Jeremy Grimes,Data Analysis for Business Decisions,80.0,73,94,88
Jeremy Grimes,Data Visualization with Matplotlib,79.0,88,72,82
Jeremy Grimes,Data Cleaning & Preprocessing,68.0,96,98,88
Jeremy Grimes,Personal Finance Skills,63.0,98,82,81
Jeremy Grimes,Risk Analysis and Management,70.0,99,60,75
Jeremy Grimes,API Integration in Mobile Apps,50.0,52,81,71
Jeremy Grimes,Analytics for Marketers,54.0,83,78,74
Jeremy Grimes,Sales Fundamentals,54.0,64,97,79
Jeremy Grimes,Introduction to IT Support,55.0,50,72,69
Jeffrey Whitaker,Data Ethics,76.0,61,54,72
Jeffrey Whitaker,Data Analysis with Pandas,61.0,94,87,81
Jeffrey Whitaker,Data Analysis for Business Decisions,91.0,58,99,92
Jeffrey Whitaker,Data Cleaning & Preprocessing,86.0,79,71,83
Jeffrey Whitaker,Data Visualization with Matplotlib,76.0,50,59,72
Jeffrey Whitaker,Predictive Analytics,76.0,97,68,80
Jeffrey Whitaker,HTML & CSS,85.0,66,63,78
Jeffrey Whitaker,Introduction to DevOps,56.0,93,87,79
Jeffrey Whitaker,Microservices in Cloud,85.0,55,99,90
Jeffrey Whitaker,iOS Development Basics,81.0,62,59,75
Jeffrey Whitaker,Financial Reporting Standards,97.0,89,76,89
Jeffrey Whitaker,Mobile Testing Strategies,64.0,68,55,68
Jeffrey Whitaker,Ethical Hacking Basics,99.0,75,93,95
Monique Duarte,Data Ethics,93.0,54,90,89
Monique Duarte,Data Analysis with Pandas,97.0,76,82,90
Monique Duarte,Data Visualization with Matplotlib,83.0,93,74,84
Monique Duarte,Data Analysis for Business Decisions,94.0,96,55,82
Monique Duarte,Data Cleaning & Preprocessing,99.0,82,100,98
Monique Duarte,Serverless Architecture,91.0,73,97,93
Monique Duarte,HR Technology Tools,99.0,67,88,92
Monique Duarte,Design Thinking Process,55.0,85,55,67
Monique Duarte,Unreal Engine Basics,83.0,59,94,88
Monique Duarte,Building Customer Relationships,92.0,80,79,88
Monique Duarte,ITIL Foundations,64.0,84,78,78
Drew Thompson,Data Visualization with Matplotlib,71.0,94,99,89
Drew Thompson,Data Cleaning & Preprocessing,72.0,73,97,86
Drew Thompson,Data Analysis with Pandas,51.0,74,51,63
Drew Thompson,Data Analysis for Business Decisions,93.0,57,63,80
Drew Thompson,Data Ethics,77.0,78,96,88
Drew Thompson,Influencer Marketing,54.0,52,93,77
Drew Thompson,Introduction to Game Development,91.0,54,82,86
Drew Thompson,Content Marketing Strategies,70.0,84,96,86
Drew Thompson,Performance Optimization for Mobile Apps,57.0,74,66,70
Drew Thompson,Introduction to AI,84.0,54,84,84
Drew Thompson,Introduction to IT Support,89.0,65,93,90
Drew Thompson,Risk Management in Finance,90.0,76,57,79
Drew Thompson,Android Development Basics,72.0,82,51,71
Drew Thompson,Computer Vision Applications,72.0,55,76,77
Drew Thompson,Deployment of ML Models,86.0,82,66,81
William Hicks,Data Cleaning & Preprocessing,53.0,72,90,77
William Hicks,Data Analysis for Business Decisions,62.0,62,62,70
William Hicks,Data Analysis with Pandas,98.0,75,52,80
William Hicks,Data Ethics,73.0,66,50,70
William Hicks,Virtual Reality Development,52.0,61,80,72
William Hicks,Game Testing Techniques,91.0,56,50,75
William Hicks,Budgeting Basics,86.0,76,89,89
William Hicks,Project Scheduling Techniques,97.0,65,56,80
William Hicks,Design Tools Overview,81.0,81,81,85
William Hicks,Introduction to Human Resources,90.0,60,76,84
William Hicks,Infrastructure as Code,60.0,58,65,70
William Hicks,Risk Management in Projects,97.0,68,84,90
William Hicks,Tokenomics,93.0,84,100,96
Jennifer Wallace,Data Analysis for Business Decisions,66.0,95,71,77
Jennifer Wallace,Data Visualization with Matplotlib,77.0,69,52,72
Jennifer Wallace,Data Ethics,82.0,78,85,86
Jennifer Wallace,Data Cleaning & Preprocessing,91.0,73,86,89
Jennifer Wallace,Data Analysis with Pandas,53.0,57,54,63
Jennifer Wallace,Backend Development Fundamentals,65.0,93,66,75
Jennifer Wallace,Android Development Basics,67.0,93,57,73
Jennifer Wallace,Change Management Strategies,92.0,86,83,90
Jennifer Wallace,Natural Language Processing Techniques,98.0,56,96,93
Jennifer Wallace,Usability Testing,57.0,96,60,71
Jennifer Wallace,Statistical Analysis,53.0,84,75,73
Jessica Ferguson,Data Ethics,94.0,50,67,81
Jessica Ferguson,Data Visualization with Matplotlib,90.0,55,61,78
Jessica Ferguson,Data Analysis with Pandas,64.0,75,59,71
Jessica Ferguson,Data Cleaning & Preprocessing,93.0,67,51,77
Jessica Ferguson,Data Analysis for Business Decisions,69.0,54,54,68
Jessica Ferguson,Cloud Support Fundamentals,60.0,77,90,80
Jessica Ferguson,Presentation Skills for Sales,86.0,100,87,91
Jessica Ferguson,Mobile App Security,65.0,59,98,83
Jessica Ferguson,Project Management Basics,90.0,92,52,79
Jessica Ferguson,Deployment & Hosting,93.0,78,89,91
Jessica Ferguson,Conflict Resolution in HR,98.0,59,57,80
Jessica Ferguson,Virtual Reality Development,50.0,59,94,76
Jessica Ferguson,Change Management Strategies,52.0,77,64,68
Rachael Snow,Data Cleaning & Preprocessing,64.0,64,95,82
Rachael Snow,Data Visualization with Matplotlib,92.0,71,58,80
Rachael Snow,Data Analysis for Business Decisions,86.0,86,58,79
Rachael Snow,Data Ethics,53.0,50,91,75
Rachael Snow,Data Analysis with Pandas,94.0,68,75,86
Rachael Snow,Personal Finance Skills,94.0,69,73,85
Rachael Snow,Game Design Principles,64.0,92,61,73
Rachael Snow,Responsive Web Design,54.0,50,62,66
Rachael Snow,Risk Management in Finance,93.0,89,63,84
Rachael Snow,Unsupervised Learning,68.0,71,94,84
Dustin Alvarez,Data Visualization with Matplotlib,85.0,98,51,77
Dustin Alvarez,Data Analysis for Business Decisions,53.0,60,98,79
Dustin Alvarez,Data Analysis with Pandas,92.0,62,94,91
Dustin Alvarez,Data Cleaning & Preprocessing,65.0,70,57,70
Dustin Alvarez,Data Ethics,87.0,52,74,82
Dustin Alvarez,Brand Management Online,81.0,60,57,74
Dustin Alvarez,Design Thinking Process,62.0,62,54,67
Dustin Alvarez,Cryptocurrency Fundamentals,54.0,95,60,69
Dustin Alvarez,API Integration in Mobile Apps,50.0,93,69,71
Dustin Alvarez,Game Monetization Strategies,58.0,60,63,68
Dustin Alvarez,Cloud Cost Management,53.0,88,52,66
Dustin Alvarez,Business Process Modeling,53.0,93,58,68
Dustin Alvarez,Progressive Web Apps (PWAs),62.0,95,50,69
Dustin Alvarez,Building Customer Relationships,94.0,65,93,92
Jonathan Perry,Data Visualization with Matplotlib,70.0,76,50,70
Jonathan Perry,Data Ethics,74.0,69,95,86
Jonathan Perry,Data Cleaning & Preprocessing,51.0,79,54,65
Jonathan Perry,Data Analysis for Business Decisions,89.0,59,84,86
Jonathan Perry,Data Analysis with Pandas,82.0,57,61,76
Jonathan Perry,Automating Cloud Deployments,53.0,65,56,65
Jonathan Perry,Time Series Analysis,76.0,53,69,76
Jonathan Perry,Talent Acquisition Strategies,86.0,92,70,84
Jonathan Perry,Interaction Design Principles,64.0,79,63,72
Jonathan Perry,AWS Fundamentals,90.0,72,100,94
Jonathan Perry,Node.js,52.0,69,95,78
Jonathan Perry,Investing Fundamentals,97.0,100,69,88
Jonathan Perry,Introduction to Human Resources,79.0,82,51,74
Thomas Lee,Data Analysis for Business Decisions,94.0,50,59,79
Thomas Lee,Data Ethics,93.0,97,87,93
Thomas Lee,Data Analysis with Pandas,82.0,82,63,79
Thomas Lee,Data Cleaning & Preprocessing,65.0,79,62,72
Thomas Lee,Data Visualization with Matplotlib,74.0,71,78,80
Thomas Lee,Budgeting Basics,68.0,58,51,67
Thomas Lee,Project Scheduling Techniques,77.0,98,53,75
Thomas Lee,Decentralized Applications (DApps),57.0,62,79,74
Thomas Lee,MongoDB,84.0,86,62,80
Thomas Lee,Presentation Skills for Sales,94.0,88,84,91
Thomas Lee,Hyperledger Basics,60.0,93,88,81
Thomas Lee,Corporate Finance Essentials,84.0,100,77,86
Emily Middleton,Data Ethics,94.0,66,52,78
Emily Middleton,Data Analysis with Pandas,82.0,92,65,81
Emily Middleton,Data Cleaning & Preprocessing,95.0,66,70,84
Emily Middleton,Data Visualization with Matplotlib,96.0,61,66,83
Emily Middleton,Data Analysis for Business Decisions,70.0,61,97,85
Emily Middleton,SEO for Content Creators,84.0,66,54,75
Emily Middleton,Ethical Hacking Basics,74.0,93,97,89
Emily Middleton,Financial Reporting Standards,51.0,95,98,82
Emily Middleton,3D Game Development,83.0,79,60,78
Emily Middleton,Game Testing Techniques,51.0,67,67,68
Emily Middleton,RESTful Services,54.0,53,100,79
Emily Middleton,Ethics in AI,96.0,76,99,96
Emily Middleton,Introduction to UI/UX Design,74.0,72,69,77
Emily Middleton,Project Management Basics,79.0,94,97,91
Elizabeth Diaz,Data Ethics,61.0,55,61,68
Elizabeth Diaz,Data Analysis with Pandas,78.0,69,87,85
Elizabeth Diaz,Data Analysis for Business Decisions,57.0,90,71,74
Elizabeth Diaz,Data Visualization with Matplotlib,95.0,81,81,90
Elizabeth Diaz,Data Cleaning & Preprocessing,67.0,93,74,79
Elizabeth Diaz,Digital Sales Techniques,93.0,91,59,82
Elizabeth Diaz,AWS Fundamentals,83.0,50,57,74
Elizabeth Diaz,Training and Development,84.0,58,96,89
Elizabeth Diaz,Reinforcement Learning,62.0,74,90,81
Elizabeth Diaz,Video Production Basics,88.0,65,95,91
Diana Sharp,Data Analysis with Pandas,95.0,100,53,82
Diana Sharp,Data Ethics,95.0,89,57,82
Diana Sharp,Data Analysis for Business Decisions,76.0,92,99,90
Diana Sharp,Data Visualization with Matplotlib,52.0,85,90,78
Diana Sharp,Data Cleaning & Preprocessing,73.0,97,80,83
Diana Sharp,Visual Design Basics,92.0,76,98,94
Diana Sharp,Introduction to UI/UX Design,98.0,73,67,85
Diana Sharp,Introduction to Content Creation,79.0,65,71,79
Diana Sharp,SEO Fundamentals,52.0,50,88,74
Diana Sharp,Frontend Development Basics,99.0,88,73,89
Diana Sharp,Email Marketing Basics,86.0,56,50,73
Valerie Branch,Data Analysis with Pandas,66.0,83,50,69
Valerie Branch,Data Visualization with Matplotlib,77.0,61,93,86
Valerie Branch,Data Analysis for Business Decisions,82.0,78,63,79
Valerie Branch,Data Ethics,50.0,57,61,65
Valerie Branch,Data Cleaning & Preprocessing,93.0,73,61,81
Valerie Branch,Version Control with Git,78.0,62,84,83
Valerie Branch,Talent Acquisition Strategies,95.0,100,56,83
Valerie Branch,SWOT Analysis for Business,95.0,98,69,87
Valerie Branch,Malware Analysis,93.0,67,91,91
Valerie Branch,Financial Planning and Forecasting,74.0,54,67,75
Valerie Branch,Affiliate Marketing,56.0,69,67,70
Valerie Branch,Virtual Reality Development,92.0,83,61,82
Valerie Branch,Cross-Platform Development with Flutter,97.0,88,75,89
Valerie Branch,Ethereum Development,50.0,80,54,64
Valerie Branch,JavaScript Basics,81.0,63,64,77
Michael Mcguire,Data Visualization with Matplotlib,100.0,72,85,92
Michael Mcguire,Data Analysis for Business Decisions,72.0,100,99,90
Michael Mcguire,Data Ethics,88.0,82,57,79
Michael Mcguire,Data Cleaning & Preprocessing,63.0,98,88,83
Michael Mcguire,Data Analysis with Pandas,76.0,50,74,78
Michael Mcguire,Introduction to Game Development,50.0,71,77,72
Michael Mcguire,Computer Vision Applications,97.0,88,52,81
Michael Mcguire,Change Management Strategies,59.0,88,82,78
Michael Mcguire,Content Management Systems (CMS),79.0,93,50,74
Michael Mcguire,Remote Support Techniques,93.0,100,53,81
Michael Mcguire,Financial Analysis Techniques,53.0,88,71,72
Michael Mcguire,Personal Finance Skills,82.0,80,50,74
Tiffany Brock,Data Analysis with Pandas,79.0,98,96,91
Tiffany Brock,Data Cleaning & Preprocessing,95.0,76,81,89
Tiffany Brock,Data Visualization with Matplotlib,95.0,67,53,78
Tiffany Brock,Data Ethics,93.0,84,96,95
Tiffany Brock,Data Analysis for Business Decisions,92.0,89,84,90
Tiffany Brock,Introduction to Business Analysis,64.0,72,89,81
Tiffany Brock,Agile Project Management,80.0,73,89,86
Tiffany Brock,Operating Systems Overview,81.0,85,59,78
Tiffany Brock,Progressive Web Apps (PWAs),91.0,51,70,81
Tiffany Brock,Cloud Support Fundamentals,58.0,62,100,82
Tiffany Brock,Introduction to IT Support,50.0,80,73,71
Megan Miller,Data Analysis for Business Decisions,77.0,91,76,83
Megan Miller,Data Ethics,73.0,93,70,79
Megan Miller,Data Visualization with Matplotlib,94.0,58,70,83
Megan Miller,Data Analysis with Pandas,86.0,77,63,80
Megan Miller,Data Cleaning & Preprocessing,55.0,56,90,76
Megan Miller,Operating Systems Overview,54.0,89,60,69
Megan Miller,Introduction to Business Analysis,70.0,76,97,86
Megan Miller,Financial Analysis Techniques,78.0,54,80,81
Megan Miller,Smart Contracts Development,57.0,76,85,77
Megan Miller,Responsive Web Design,99.0,93,80,92
Megan Miller,Building Customer Relationships,73.0,88,51,72
Megan Miller,Budgeting for Projects,55.0,67,84,75
Megan Miller,Android Development Basics,73.0,74,71,78
Megan Miller,Project Management Tools Overview,50.0,86,99,81
Megan Miller,App Monetization Strategies,88.0,99,54,80
Gary Wilson,Data Analysis with Pandas,65.0,96,66,75
Gary Wilson,Data Analysis for Business Decisions,59.0,98,94,83
Gary Wilson,Data Cleaning & Preprocessing,94.0,54,98,93
Gary Wilson,Data Visualization with Matplotlib,65.0,81,83,80
Gary Wilson,Data Ethics,88.0,72,73,84
Gary Wilson,Content Management Systems (CMS),89.0,85,83,89
Gary Wilson,AI for Business,77.0,94,80,84
Gary Wilson,Podcasting Fundamentals,56.0,76,78,74
Gary Wilson,Business Case Development,67.0,61,89,81
Gary Wilson,Social Media Content Creation,88.0,50,98,90
Gary Wilson,User Interface Design for Mobile Apps,59.0,86,80,77
Gary Wilson,Quality Management,50.0,54,64,65
Gary Wilson,Time Management for Sales,100.0,96,92,97
Richard Spencer,Data Visualization with Matplotlib,76.0,69,64,76
Richard Spencer,Data Cleaning & Preprocessing,66.0,78,81,79
Richard Spencer,Data Ethics,72.0,68,70,76
Richard Spencer,Data Analysis with Pandas,64.0,75,92,82
Richard Spencer,Data Analysis for Business Decisions,72.0,51,82,79
Richard Spencer,Responsive Web Design,70.0,68,60,72
Richard Spencer,Collaboration Tools in DevOps,89.0,62,84,87
Richard Spencer,Mobile Testing Strategies,96.0,74,82,90
Richard Spencer,Version Control with Git,80.0,59,98,88
Richard Spencer,Hyperledger Basics,98.0,85,63,85
Andrew Cook,Data Cleaning & Preprocessing,96.0,78,97,95
Andrew Cook,Data Visualization with Matplotlib,51.0,98,64,70
Andrew Cook,Data Analysis for Business Decisions,78.0,89,81,85
Andrew Cook,Data Analysis with Pandas,87.0,87,87,90
Andrew Cook,Data Ethics,50.0,79,66,68
Andrew Cook,Remote Support Techniques,67.0,70,91,82
Andrew Cook,Cryptocurrency Fundamentals,53.0,56,79,72
Andrew Cook,Unity Basics,71.0,88,74,80
Andrew Cook,Infrastructure as Code,72.0,69,98,86
Andrew Cook,Web Performance Optimization,64.0,88,51,69
Andrew Cook,Project Scheduling Techniques,95.0,83,78,89
Andrew Cook,Introduction to IT Support,55.0,99,63,71
Andrew Cook,RESTful Services,77.0,81,58,75
Andrew Cook,Brand Management Online,85.0,96,96,93
Andrew Cook,Virtual Reality Development,57.0,94,62,71
Melissa Fox,Data Ethics,60.0,72,86,78
Melissa Fox,Data Analysis with Pandas,83.0,72,70,81
Melissa Fox,Data Analysis for Business Decisions,80.0,82,53,75
Melissa Fox,Data Visualization with Matplotlib,92.0,95,79,89
Melissa Fox,Data Cleaning & Preprocessing,55.0,92,94,81
Melissa Fox,Introduction to Cloud Computing,84.0,100,69,84
Melissa Fox,Automating Cloud Deployments,78.0,67,92,86
Melissa Fox,AI in IoT,87.0,59,62,78
Melissa Fox,Wireframing and Prototyping,78.0,59,72,78
Melissa Fox,Multiplayer Game Development,68.0,63,79,78
Melissa Fox,Video Production Basics,83.0,88,66,81
Thomas Johnston,Data Ethics,59.0,53,71,71
Thomas Johnston,Data Analysis with Pandas,91.0,92,91,93
Thomas Johnston,Data Visualization with Matplotlib,93.0,66,63,81
Thomas Johnston,Data Cleaning & Preprocessing,87.0,91,93,92
Thomas Johnston,Data Analysis for Business Decisions,50.0,62,97,78
Thomas Johnston,Node.js,60.0,97,78,78
Thomas Johnston,Infrastructure as Code,63.0,90,92,83
Thomas Johnston,HR Technology Tools,60.0,64,86,78
Thomas Johnston,Responsive Design Principles,90.0,55,92,89
Thomas Johnston,API Development,91.0,80,51,78
Kevin Villarreal,Data Visualization with Matplotlib,58.0,96,56,70
Kevin Villarreal,Data Cleaning & Preprocessing,100.0,51,84,90
Kevin Villarreal,Data Analysis with Pandas,73.0,96,90,87
Kevin Villarreal,Data Analysis for Business Decisions,61.0,51,52,65
Kevin Villarreal,Data Ethics,82.0,94,76,85
Kevin Villarreal,Automating Cloud Deployments,89.0,54,88,87
Kevin Villarreal,Collaboration Tools in DevOps,86.0,54,64,78
Kevin Villarreal,Conflict Resolution in HR,100.0,85,67,87
Kevin Villarreal,Business Process Modeling,81.0,84,72,82
Kevin Villarreal,iOS Development Basics,66.0,63,99,84
Kevin Villarreal,Security Awareness for IT Support,85.0,53,92,87
Kevin Villarreal,Diversity and Inclusion Initiatives,72.0,93,75,81
Kevin Villarreal,Computer Vision Basics,97.0,58,81,88
Kevin Villarreal,Security in Cloud Computing,99.0,55,89,91
Michael Payne,Data Ethics,55.0,86,62,70
Michael Payne,Data Cleaning & Preprocessing,70.0,87,61,75
Michael Payne,Data Visualization with Matplotlib,88.0,99,95,94
Michael Payne,Data Analysis for Business Decisions,60.0,98,79,78
Michael Payne,Data Analysis with Pandas,61.0,68,59,69
Michael Payne,User Interface Design for Mobile Apps,68.0,54,72,74
Michael Payne,3D Game Development,58.0,62,97,80
Michael Payne,Risk Analysis and Management,56.0,95,57,69
Michael Payne,Performance Optimization for Mobile Apps,68.0,66,81,79
Michael Payne,Supervised Learning,55.0,73,62,68
Michael Payne,Graphic Design Basics for Content,77.0,65,62,75
Michael Payne,Change Management,76.0,51,61,73
Sheila Valdez,Data Cleaning & Preprocessing,100.0,93,87,95
Sheila Valdez,Data Ethics,76.0,66,98,87
Sheila Valdez,Data Analysis for Business Decisions,61.0,66,92,80
Sheila Valdez,Data Visualization with Matplotlib,83.0,92,53,77
Sheila Valdez,Data Analysis with Pandas,69.0,61,50,68
Sheila Valdez,Risk Management in Finance,51.0,60,100,79
Sheila Valdez,Statistical Analysis,77.0,68,59,74
Sheila Valdez,Brand Management Online,83.0,92,86,88
Sheila Valdez,Introduction to Finance,67.0,98,60,74
Sheila Valdez,Deep Learning with TensorFlow,88.0,63,70,82
Sheila Valdez,Introduction to Business Analysis,59.0,95,98,84
Sheila Valdez,Network Security Fundamentals,90.0,74,76,86
Sheila Valdez,Agile Project Management,86.0,58,61,77
Sheila Valdez,Content Marketing Strategies,82.0,96,83,87
Sheila Valdez,Mobile App Security,60.0,90,86,80
Russell Rivera,Data Analysis with Pandas,70.0,73,86,82
Russell Rivera,Data Ethics,55.0,51,86,74
Russell Rivera,Data Visualization with Matplotlib,75.0,97,58,76
Russell Rivera,Data Cleaning & Preprocessing,73.0,90,58,75
Russell Rivera,Corporate Finance Essentials,100.0,98,74,91
Russell Rivera,Introduction to Machine Learning,77.0,99,66,80
Russell Rivera,Virtual Reality Development,52.0,97,66,71
Russell Rivera,Malware Analysis,73.0,88,98,89
Russell Rivera,Customer Service Skills for IT,98.0,84,88,94
Russell Rivera,AI for Business,75.0,63,86,83
Russell Rivera,Personal Finance Skills,72.0,81,64,76
Russell Rivera,Conversion Rate Optimization,72.0,52,71,75
Russell Rivera,Agile Project Management,87.0,85,74,85
Russell Rivera,Frontend Development Basics,85.0,86,86,88
Russell Rivera,Operating Systems Overview,55.0,87,61,69
Johnny Gray,Data Analysis for Business Decisions,67.0,69,98,85
Johnny Gray,Data Cleaning & Preprocessing,97.0,78,76,88
Johnny Gray,Data Analysis with Pandas,91.0,99,88,93
Johnny Gray,Data Ethics,59.0,70,88,78
Johnny Gray,Data Visualization with Matplotlib,81.0,57,51,72
Johnny Gray,Malware Analysis,100.0,90,76,91
Johnny Gray,AI for Business,83.0,57,100,90
Johnny Gray,Monitoring and Logging,77.0,65,63,76
Johnny Gray,Customer Service Excellence,80.0,53,71,78
Johnny Gray,Project Management Basics,86.0,80,75,84
Johnny Gray,AWS Fundamentals,98.0,73,60,83
Jamie Sanford,Data Ethics,75.0,54,82,80
Jamie Sanford,Data Cleaning & Preprocessing,96.0,73,80,89
Jamie Sanford,Data Analysis for Business Decisions,74.0,90,76,82
Jamie Sanford,Data Analysis with Pandas,97.0,65,51,78
Jamie Sanford,Data Visualization with Matplotlib,70.0,58,68,74
Jamie Sanford,Supervised Learning,63.0,86,99,85
Jamie Sanford,Email Marketing Basics,94.0,86,98,96
Jamie Sanford,Building Customer Relationships,56.0,82,88,79
Jamie Sanford,Customer Service Excellence,76.0,59,59,73
Jamie Sanford,Introduction to UI/UX Design,79.0,93,89,88
Jamie Sanford,Customer Service Skills for IT,68.0,62,76,77
Jamie Sanford,Social Media Marketing,84.0,76,75,83
Jamie Sanford,Interaction Design Principles,55.0,76,53,65
Deborah Collins,Data Ethics,59.0,66,58,68
Deborah Collins,Data Analysis with Pandas,90.0,51,72,82
Deborah Collins,Data Cleaning & Preprocessing,81.0,84,69,81
Deborah Collins,Data Analysis for Business Decisions,70.0,93,51,72
Deborah Collins,Customer Service Excellence,66.0,51,69,72
Deborah Collins,Design Thinking Process,83.0,81,93,90
Deborah Collins,Video Production Basics,98.0,91,90,95
Deborah Collins,Supervised Learning,55.0,62,66,69
Deborah Collins,Content Management Systems (CMS),59.0,55,94,79
Deborah Collins,Business Process Modeling,75.0,92,54,74
Deborah Collins,Employee Engagement Techniques,51.0,54,54,62
Amy Riley,Data Visualization with Matplotlib,50.0,75,69,69
Amy Riley,Data Analysis for Business Decisions,90.0,95,85,91
Amy Riley,Data Ethics,77.0,65,95,87
Amy Riley,Data Analysis with Pandas,68.0,66,85,80
Amy Riley,Data Cleaning & Preprocessing,54.0,57,87,75
Amy Riley,Computer Vision Applications,95.0,75,57,81
Amy Riley,Wireframing and Prototyping,63.0,68,85,79
Amy Riley,Conflict Resolution in HR,98.0,59,99,95
Amy Riley,Tokenomics,79.0,67,93,87
Amy Riley,Git & GitHub,65.0,92,88,83
Amy Riley,Infrastructure as Code,69.0,98,85,84
Amy Riley,Multiplayer Game Development,88.0,70,99,92
James Cole,Data Cleaning & Preprocessing,97.0,55,100,94
James Cole,Data Analysis for Business Decisions,100.0,78,94,96
James Cole,Data Analysis with Pandas,94.0,70,96,94
James Cole,Data Visualization with Matplotlib,67.0,90,53,71
James Cole,Investing Fundamentals,50.0,62,88,74
James Cole,Deep Learning with TensorFlow,98.0,79,81,91
James Cole,Reinforcement Learning,80.0,61,88,85
James Cole,Hyperledger Basics,54.0,61,99,80
James Cole,Web Performance Optimization,85.0,68,50,74
James Cole,AI for Business,82.0,69,52,74
John Johnson,Data Analysis with Pandas,66.0,61,80,77
John Johnson,Data Ethics,99.0,78,99,97
John Johnson,Data Analysis for Business Decisions,96.0,70,66,84
John Johnson,Data Visualization with Matplotlib,64.0,92,59,72
John Johnson,Digital Sales Techniques,88.0,94,96,94
John Johnson,Publishing Mobile Apps,64.0,82,96,84
John Johnson,Natural Language Processing,75.0,79,73,80
John Johnson,Presentation Skills for Business Analysts,54.0,96,78,76
John Johnson,Continuous Integration and Delivery,69.0,79,54,71
John Johnson,Customer Service Skills for IT,99.0,94,70,89
John Johnson,API Integration in Mobile Apps,84.0,82,57,78
Tina Cruz,Data Visualization with Matplotlib,95.0,76,63,83
Tina Cruz,Data Analysis with Pandas,84.0,85,84,87
Tina Cruz,Data Analysis for Business Decisions,83.0,55,98,89
Tina Cruz,Data Ethics,95.0,52,98,93
Tina Cruz,Data Cleaning & Preprocessing,81.0,60,100,89
Tina Cruz,Blockchain Security,78.0,61,62,75
Tina Cruz,Content Promotion Strategies,89.0,52,70,81
Tina Cruz,Deep Learning Fundamentals,98.0,89,72,88
Tina Cruz,Deployment of ML Models,96.0,96,60,84
Tina Cruz,Financial Analysis Techniques,95.0,97,88,94
Mark Jackson,Data Cleaning & Preprocessing,96.0,65,66,83
Mark Jackson,Data Analysis with Pandas,90.0,64,93,90
Mark Jackson,Data Ethics,72.0,68,72,77
Mark Jackson,Data Analysis for Business Decisions,63.0,67,64,71
Mark Jackson,Data Visualization with Matplotlib,58.0,55,98,80
Mark Jackson,API Development,80.0,58,71,79
Mark Jackson,Cloud Security Best Practices,87.0,54,81,84
Mark Jackson,Risk Management in Cybersecurity,64.0,72,92,82
Mark Jackson,Supervised Learning,75.0,67,98,87
Mark Jackson,Serverless Architecture,91.0,78,78,87
Mark Jackson,Brand Management Online,99.0,94,92,96
Mark Jackson,Publishing Mobile Apps,75.0,63,81,81
Stacey Salas,Data Visualization with Matplotlib,56.0,70,74,72
Stacey Salas,Data Ethics,82.0,86,58,78
Stacey Salas,Data Analysis for Business Decisions,61.0,54,55,66
Stacey Salas,Data Analysis with Pandas,64.0,60,60,69
Stacey Salas,Data Cleaning & Preprocessing,99.0,53,99,95
Stacey Salas,Customer Service Skills for IT,89.0,65,86,88
Stacey Salas,Visual Design Basics,57.0,67,92,79
Stacey Salas,Interaction Design Principles,88.0,91,81,88
Stacey Salas,Google Ads Fundamentals,97.0,52,55,78
Stacey Salas,Introduction to Game Development,55.0,95,86,79
Jill Bauer,Data Visualization with Matplotlib,98.0,87,88,94
Jill Bauer,Data Analysis with Pandas,72.0,98,79,83
Jill Bauer,Data Cleaning & Preprocessing,86.0,71,97,91
Jill Bauer,Data Analysis for Business Decisions,84.0,74,93,89
Jill Bauer,Data Ethics,77.0,56,85,82
Jill Bauer,Change Management Strategies,61.0,98,63,73
Jill Bauer,Incident Response,82.0,66,63,77
Jill Bauer,Web Accessibility Standards,86.0,63,57,76
Jill Bauer,Diversity and Inclusion Initiatives,61.0,76,72,74
Jill Bauer,Analytics for Marketers,89.0,93,57,80
David Gilbert,Data Analysis for Business Decisions,84.0,96,92,91
David Gilbert,Data Analysis with Pandas,64.0,81,60,72
David Gilbert,Data Ethics,92.0,88,62,83
David Gilbert,Data Visualization with Matplotlib,92.0,63,81,87
David Gilbert,Data Cleaning & Preprocessing,77.0,69,94,87
David Gilbert,ITIL Foundations,92.0,53,51,75
David Gilbert,Personal Finance Skills,97.0,68,55,80
David Gilbert,Employee Engagement Techniques,89.0,71,56,78
David Gilbert,Graphic Design Basics for Content,73.0,54,62,73
David Gilbert,Cryptography Basics,73.0,63,75,78
David Gilbert,Blockchain Use Cases,86.0,67,68,81
David Gilbert,Blockchain Security,79.0,55,78,80
David Gilbert,Project Scheduling Techniques,53.0,54,60,65
Michael Garcia,Data Analysis for Business Decisions,83.0,99,56,79
Michael Garcia,Data Analysis with Pandas,65.0,91,83,81
Michael Garcia,Data Visualization with Matplotlib,98.0,86,60,84
Michael Garcia,Data Cleaning & Preprocessing,67.0,56,85,79
Michael Garcia,Data Ethics,55.0,91,57,68
Michael Garcia,Unsupervised Learning,60.0,94,53,69
Michael Garcia,HR Technology Tools,50.0,59,66,66
Michael Garcia,Introduction to Human Resources,70.0,62,84,80
Michael Garcia,Model Evaluation,95.0,61,65,82
Michael Garcia,Quality Management,92.0,82,89,92
Michael Garcia,Unity Basics,88.0,73,68,82
Jack Hawkins,Data Ethics,93.0,99,78,90
Jack Hawkins,Data Cleaning & Preprocessing,55.0,58,89,76
Jack Hawkins,Data Visualization with Matplotlib,68.0,93,67,77
Jack Hawkins,Data Analysis for Business Decisions,91.0,89,83,90
Jack Hawkins,Data Analysis with Pandas,78.0,73,86,85
Jack Hawkins,Financial Reporting Standards,59.0,96,74,76
Jack Hawkins,Network Security Fundamentals,71.0,59,70,75
Jack Hawkins,Ethical Hacking Basics,58.0,99,53,69
Jack Hawkins,Talent Acquisition Strategies,92.0,68,93,92
Jack Hawkins,Deep Learning Fundamentals,87.0,51,75,82
Charles Benjamin,Data Visualization with Matplotlib,90.0,54,53,75
Charles Benjamin,Data Analysis for Business Decisions,97.0,90,88,94
Charles Benjamin,Data Ethics,60.0,52,59,67
Charles Benjamin,Data Analysis with Pandas,75.0,69,65,76
Charles Benjamin,Data Cleaning & Preprocessing,86.0,93,54,78
Charles Benjamin,Introduction to Human Resources,57.0,80,70,72
Charles Benjamin,AI in IoT,99.0,95,74,90
Charles Benjamin,Investing Fundamentals,76.0,74,58,74
Charles Benjamin,ITIL Foundations,87.0,54,57,76
Charles Benjamin,Unity Basics,57.0,72,51,65
Charles Benjamin,AI in Robotics,87.0,88,56,79
Sara Jacobs,Data Analysis with Pandas,51.0,77,66,69
Sara Jacobs,Data Visualization with Matplotlib,69.0,60,57,70
Sara Jacobs,Data Analysis for Business Decisions,76.0,50,75,78
Sara Jacobs,Data Cleaning & Preprocessing,65.0,82,88,82
Sara Jacobs,Data Ethics,62.0,75,68,73
Sara Jacobs,Financial Analysis Techniques,52.0,69,81,73
Sara Jacobs,Configuration Management with Ansible,72.0,91,85,84
Sara Jacobs,Brand Management Online,50.0,87,62,68
Sara Jacobs,Supervised Learning,63.0,95,99,86
Sara Jacobs,Security Awareness for IT Support,79.0,54,85,83
Sara Jacobs,Responsive Design Principles,57.0,99,74,76
Mitchell Harris,Data Analysis for Business Decisions,65.0,90,57,72
Mitchell Harris,Data Visualization with Matplotlib,81.0,96,97,92
Mitchell Harris,Data Ethics,77.0,72,74,80
Mitchell Harris,Data Analysis with Pandas,74.0,83,55,73
Mitchell Harris,Data Cleaning & Preprocessing,59.0,71,85,77
Mitchell Harris,Backend Development Fundamentals,69.0,51,76,76
Mitchell Harris,Collaboration Tools in DevOps,84.0,83,86,88
Mitchell Harris,Ethereum Development,96.0,77,89,92
Mitchell Harris,DevOps in the Cloud,80.0,57,96,87
Mitchell Harris,Introduction to Blockchain,65.0,98,75,79
Mitchell Harris,Design Thinking Process,76.0,81,75,81
Mitchell Harris,RESTful Services,59.0,77,92,81
Mitchell Harris,HR Technology Tools,63.0,97,79,79
Mitchell Harris,Remote Support Techniques,51.0,58,69,68
Mitchell Harris,Progressive Web Apps (PWAs),77.0,62,65,76
Sandra Watkins,Data Analysis with Pandas,70.0,65,53,70
Sandra Watkins,Data Ethics,71.0,90,52,72
Sandra Watkins,Data Visualization with Matplotlib,60.0,72,54,67
Sandra Watkins,Data Analysis for Business Decisions,76.0,77,98,89
Sandra Watkins,Training and Development,61.0,85,97,84
Sandra Watkins,Ethical Hacking Basics,51.0,91,68,71
Sandra Watkins,Frontend Development Basics,91.0,94,64,84
Sandra Watkins,AI in Healthcare,93.0,82,96,94
Sandra Watkins,Tokenomics,81.0,59,57,74
Sandra Watkins,Monitoring and Logging,96.0,90,100,98
Sandra Watkins,Smart Contracts Development,69.0,62,73,76
Sandra Watkins,Unreal Engine Basics,72.0,74,93,85
Jennifer Kerr,Data Ethics,91.0,93,74,87
Jennifer Kerr,Data Analysis for Business Decisions,52.0,65,84,74
Jennifer Kerr,Data Cleaning & Preprocessing,73.0,70,69,77
Jennifer Kerr,Data Visualization with Matplotlib,95.0,61,100,94
Jennifer Kerr,Data Analysis with Pandas,89.0,68,66,81
Jennifer Kerr,Statistical Analysis,78.0,82,78,83
Jennifer Kerr,Usability Testing,97.0,74,67,85
Jennifer Kerr,Android Development Basics,86.0,52,90,87
Jennifer Kerr,Talent Acquisition Strategies,100.0,56,90,92
Jennifer Kerr,Stakeholder Analysis,89.0,61,50,75
Jennifer Kerr,Unsupervised Learning,89.0,100,77,88
Jennifer Kerr,Incident Response,63.0,92,83,80
Jennifer Kerr,Security Awareness for IT Support,57.0,77,67,71
Jennifer Kerr,Google Ads Fundamentals,64.0,92,78,79
Jennifer Kerr,Agile Project Management,79.0,84,96,90
David Bates,Data Visualization with Matplotlib,51.0,79,75,72
David Bates,Data Analysis with Pandas,56.0,90,74,74
David Bates,Data Cleaning & Preprocessing,66.0,99,76,80
David Bates,Data Ethics,75.0,100,53,75
David Bates,Data Analysis for Business Decisions,73.0,99,97,89
David Bates,Design Thinking Process,52.0,74,68,69
David Bates,Digital Sales Techniques,53.0,85,50,65
David Bates,Virtual Reality Development,57.0,98,60,71
David Bates,Closing Sales Strategies,74.0,100,54,75
David Bates,Publishing Mobile Apps,83.0,73,52,75
David Bates,Labor Laws and Compliance,75.0,94,90,87
David Bates,Sales Analytics,84.0,53,63,77
David Bates,Customer Service Skills for IT,94.0,97,60,84
Roy Pugh,Data Analysis for Business Decisions,100.0,73,83,91
Roy Pugh,Data Visualization with Matplotlib,92.0,57,72,83
Roy Pugh,Data Cleaning & Preprocessing,72.0,60,95,84
Roy Pugh,Data Ethics,99.0,93,66,87
Roy Pugh,Data Analysis with Pandas,64.0,63,100,84
Roy Pugh,Vulnerability Assessment,94.0,53,61,80
Roy Pugh,Introduction to Business Analysis,98.0,94,65,86
Roy Pugh,Risk Management in Projects,71.0,59,88,82
Roy Pugh,Google Ads Fundamentals,76.0,90,93,88
Roy Pugh,Operating Systems Overview,83.0,99,64,81
Roy Pugh,Closing Sales Strategies,75.0,92,73,81
Roy Pugh,Content Strategy Development,93.0,77,92,92
Roy Pugh,Unsupervised Learning,64.0,69,88,80
Roy Pugh,Content Management Systems (CMS),52.0,58,70,68
Roy Pugh,Performance Optimization for Mobile Apps,83.0,83,56,77
Kathleen Gonzalez,Data Cleaning & Preprocessing,52.0,83,72,72
Kathleen Gonzalez,Data Ethics,97.0,94,95,97
Kathleen Gonzalez,Data Analysis for Business Decisions,96.0,94,94,96
Kathleen Gonzalez,Data Visualization with Matplotlib,53.0,62,58,65
Kathleen Gonzalez,SEO Best Practices,79.0,60,79,81
Kathleen Gonzalez,Understanding Consumer Behavior,64.0,86,99,86
Kathleen Gonzalez,Financial Reporting Standards,78.0,68,76,81
Kathleen Gonzalez,Budgeting for Projects,56.0,87,64,71
Kathleen Gonzalez,Blockchain Security,58.0,50,57,65
Kathleen Gonzalez,Serverless Architecture,95.0,100,88,94
Kathleen Gonzalez,Machine Learning Basics,56.0,94,94,82
Kathleen Gonzalez,Content Marketing Strategies,88.0,78,100,94
Theresa Robinson,Data Ethics,80.0,86,93,89
Theresa Robinson,Data Analysis with Pandas,76.0,97,65,79
Theresa Robinson,Data Analysis for Business Decisions,61.0,97,71,76
Theresa Robinson,Data Cleaning & Preprocessing,82.0,67,90,87
Theresa Robinson,Data Visualization with Matplotlib,94.0,96,59,83
Theresa Robinson,Progressive Web Apps (PWAs),91.0,85,74,86
Theresa Robinson,Stakeholder Management,77.0,95,64,79
Theresa Robinson,Unreal Engine Basics,79.0,91,53,75
Theresa Robinson,Tokenomics,59.0,62,51,65
Theresa Robinson,Introduction to Game Development,82.0,93,94,91
Christopher Daniel,Data Analysis for Business Decisions,62.0,83,79,78
Christopher Daniel,Data Analysis with Pandas,54.0,89,83,77
Christopher Daniel,Data Ethics,55.0,67,60,67
Christopher Daniel,Data Visualization with Matplotlib,70.0,96,52,72
Christopher Daniel,Data Cleaning & Preprocessing,81.0,94,60,79
Christopher Daniel,SEO Fundamentals,64.0,67,78,76
Christopher Daniel,Conflict Resolution in HR,66.0,80,81,79
Christopher Daniel,Investing Fundamentals,62.0,76,52,68
Christopher Daniel,SEO for Content Creators,75.0,53,82,80
Christopher Daniel,Multiplayer Game Development,63.0,67,51,67
Jerome Jones,Data Ethics,77.0,55,86,83
Jerome Jones,Data Analysis for Business Decisions,64.0,95,54,71
Jerome Jones,Data Cleaning & Preprocessing,83.0,54,57,74
Jerome Jones,Data Visualization with Matplotlib,99.0,58,69,85
Jerome Jones,Data Analysis with Pandas,84.0,64,83,85
Jerome Jones,Smart Contracts Development,58.0,59,95,79
Jerome Jones,Digital Sales Techniques,89.0,99,97,95
Jerome Jones,User Research Techniques,62.0,78,77,76
Jerome Jones,Computer Vision Applications,65.0,50,87,78
Jerome Jones,Employee Engagement Techniques,91.0,98,84,91
Jerome Jones,Closing Sales Strategies,54.0,64,68,69
Jerome Jones,Penetration Testing,70.0,59,96,84
Jerome Jones,Introduction to Game Development,52.0,83,98,81
Jerome Jones,Investing Fundamentals,80.0,62,95,87
Troy Nelson,Data Cleaning & Preprocessing,76.0,85,96,89
Troy Nelson,Data Visualization with Matplotlib,98.0,79,68,86
Troy Nelson,Data Ethics,53.0,69,71,70
Troy Nelson,Data Analysis for Business Decisions,79.0,76,98,90
Troy Nelson,Data Analysis with Pandas,50.0,81,74,72
Troy Nelson,Collaboration Tools in DevOps,96.0,91,97,97
Troy Nelson,Presentation Skills for Business Analysts,89.0,72,63,80
Troy Nelson,Networking Basics,71.0,50,96,83
Troy Nelson,AI in IoT,57.0,95,98,84
Troy Nelson,Google Ads Fundamentals,88.0,75,94,91
John Woods,Data Cleaning & Preprocessing,61.0,83,80,78
John Woods,Data Analysis for Business Decisions,86.0,66,52,75
John Woods,Data Ethics,59.0,69,63,70
John Woods,Data Visualization with Matplotlib,90.0,96,98,95
John Woods,Data Analysis with Pandas,93.0,93,54,81
John Woods,Customer Service Skills for IT,76.0,70,65,76
John Woods,Blockchain Security,59.0,72,96,81
John Woods,Vulnerability Assessment,67.0,71,69,75
John Woods,Stakeholder Management,63.0,69,93,82
John Woods,Frontend Development Basics,71.0,55,93,83
John Woods,API Integration in Mobile Apps,96.0,66,98,94
Samantha Rosales,Data Analysis with Pandas,75.0,82,93,87
Samantha Rosales,Data Cleaning & Preprocessing,71.0,83,50,71
Samantha Rosales,Data Ethics,71.0,95,68,78
Samantha Rosales,Data Analysis for Business Decisions,51.0,73,65,68
Samantha Rosales,Data Visualization with Matplotlib,79.0,58,100,88
Samantha Rosales,Collaboration Tools in DevOps,50.0,79,54,64
Samantha Rosales,Android Development Basics,67.0,87,98,86
Samantha Rosales,Game Monetization Strategies,83.0,68,89,87
Samantha Rosales,Frontend Development Basics,71.0,87,53,72
Samantha Rosales,Content Management Systems (CMS),56.0,73,63,69
Samantha Rosales,Sales Analytics,56.0,51,65,67
Samantha Rosales,Game Testing Techniques,76.0,51,86,82
Kathryn Morgan,Data Cleaning & Preprocessing,66.0,58,69,73
Kathryn Morgan,Data Visualization with Matplotlib,62.0,82,56,70
Kathryn Morgan,Data Analysis with Pandas,74.0,100,51,74
Kathryn Morgan,Data Ethics,50.0,63,77,71
Kathryn Morgan,Data Analysis for Business Decisions,87.0,85,65,82
Kathryn Morgan,Conversion Rate Optimization,73.0,93,84,84
Kathryn Morgan,Introduction to DevOps,63.0,69,75,75
Kathryn Morgan,Stakeholder Analysis,76.0,67,73,79
Kathryn Morgan,E-commerce Development Basics,71.0,71,60,73
Kathryn Morgan,Performance Optimization for Mobile Apps,73.0,78,84,83
Kathryn Morgan,Conflict Resolution in HR,90.0,71,51,76
Kathryn Morgan,Penetration Testing,75.0,56,60,73
Kathryn Morgan,Monitoring and Logging,90.0,78,72,84
Kathryn Morgan,AI in IoT,99.0,59,50,78
Kathryn Morgan,Sales Fundamentals,75.0,99,82,85
Andrew Jackson,Data Visualization with Matplotlib,62.0,72,84,78
Andrew Jackson,Data Analysis with Pandas,67.0,70,74,76
Andrew Jackson,Data Cleaning & Preprocessing,88.0,75,88,89
Andrew Jackson,Data Analysis for Business Decisions,52.0,98,76,75
Andrew Jackson,Usability Testing,82.0,93,68,82
Andrew Jackson,RESTful Services,61.0,92,68,74
Andrew Jackson,Microservices in Cloud,87.0,96,86,90
Andrew Jackson,Email Marketing Basics,85.0,64,67,80
Andrew Jackson,Introduction to AI,50.0,96,60,68
Andrew Jackson,Stakeholder Management,67.0,58,63,71
Andrew Jackson,SEO for Content Creators,79.0,82,91,88
Andrew Jackson,iOS Development Basics,87.0,69,66,80
Richard Robertson,Data Ethics,68.0,91,63,75
Richard Robertson,Data Visualization with Matplotlib,51.0,87,100,82
Richard Robertson,Data Analysis with Pandas,66.0,57,70,73
Richard Robertson,Data Cleaning & Preprocessing,75.0,68,73,79
Richard Robertson,Data Analysis for Business Decisions,95.0,84,96,95
Richard Robertson,User Research Techniques,55.0,59,94,78
Richard Robertson,Risk Analysis and Management,91.0,53,86,87
Richard Robertson,Predictive Analytics,98.0,52,93,92
Richard Robertson,API Integration in Mobile Apps,82.0,82,59,78
Richard Robertson,Progressive Web Apps (PWAs),69.0,74,92,84
Richard Robertson,Google Cloud Platform Essentials,54.0,73,90,78
Richard Robertson,Reinforcement Learning,82.0,68,73,81
Richard Robertson,SEO for Content Creators,63.0,74,84,79
Richard Robertson,Introduction to IT Support,97.0,79,98,96
Robert Castro,Data Analysis with Pandas,63.0,91,60,72
Robert Castro,Data Visualization with Matplotlib,87.0,96,94,93
Robert Castro,Data Cleaning & Preprocessing,50.0,88,99,81
Robert Castro,Data Ethics,56.0,92,60,70
Robert Castro,Data Analysis for Business Decisions,78.0,86,72,81
Robert Castro,AI for Business,66.0,67,94,83
Robert Castro,Time Management for Sales,74.0,96,50,73
Robert Castro,Closing Sales Strategies,98.0,78,73,88
Robert Castro,Hardware Repair Skills,97.0,73,71,86
Robert Castro,Google Ads Fundamentals,64.0,94,70,76
Robert Castro,Financial Analysis Techniques,50.0,76,91,77
Robert Castro,Customer Service Skills for IT,81.0,63,96,88
Marissa George,Data Visualization with Matplotlib,51.0,89,63,69
Marissa George,Data Analysis with Pandas,98.0,91,97,97
Marissa George,Data Ethics,96.0,55,68,83
Marissa George,Data Analysis for Business Decisions,100.0,86,55,83
Marissa George,Data Cleaning & Preprocessing,67.0,93,94,86
Marissa George,Containerization with Docker,91.0,92,91,93
Marissa George,Introduction to Game Development,71.0,57,55,70
Marissa George,Ethereum Development,66.0,55,82,77
Marissa George,Blockchain Use Cases,72.0,86,90,85
Marissa George,Introduction to Human Resources,60.0,92,57,70
Marissa George,Training and Development,85.0,70,66,80
Marissa George,Budgeting Basics,73.0,70,55,72
Marissa George,Influencer Marketing,67.0,74,69,75
Marissa George,Performance Optimization for Mobile Apps,69.0,83,87,83
Marissa George,Analytics for Marketers,83.0,73,64,79
Bethany Pitts,Data Analysis for Business Decisions,80.0,95,87,88
Bethany Pitts,Data Ethics,94.0,72,86,90
Bethany Pitts,Data Cleaning & Preprocessing,77.0,72,59,75
Bethany Pitts,Data Analysis with Pandas,87.0,50,74,81
Bethany Pitts,Data Visualization with Matplotlib,66.0,65,63,72
Bethany Pitts,Cloud Cost Management,63.0,74,86,80
Bethany Pitts,Customer Service Excellence,78.0,69,56,74
Bethany Pitts,Conversion Rate Optimization,99.0,62,70,85
Bethany Pitts,Statistical Analysis,98.0,68,84,90
Bethany Pitts,Incident Response,98.0,62,74,86
Bethany Pitts,Troubleshooting Techniques,93.0,71,77,87
Matthew Graham,Data Visualization with Matplotlib,94.0,80,94,94
Matthew Graham,Data Ethics,50.0,58,81,72
Matthew Graham,Data Analysis for Business Decisions,81.0,89,60,78
Matthew Graham,Data Cleaning & Preprocessing,85.0,77,76,84
Matthew Graham,Data Analysis with Pandas,94.0,53,82,87
Matthew Graham,Sales Analytics,84.0,91,51,76
Matthew Graham,Change Management,100.0,89,61,85
Matthew Graham,SEO for Content Creators,72.0,53,96,84
Matthew Graham,Risk Management in Finance,64.0,100,97,86
Matthew Graham,Hardware Repair Skills,87.0,72,60,79
Matthew Graham,Unsupervised Learning,81.0,63,76,81
Nancy Davis,Data Visualization with Matplotlib,69.0,64,74,76
Nancy Davis,Data Analysis with Pandas,62.0,65,51,66
Nancy Davis,Data Cleaning & Preprocessing,83.0,93,61,80
Nancy Davis,Data Analysis for Business Decisions,63.0,72,92,81
Nancy Davis,Data Ethics,94.0,76,66,84
Nancy Davis,Introduction to UI/UX Design,55.0,88,72,73
Nancy Davis,Introduction to AI,85.0,56,96,89
Nancy Davis,JavaScript Frameworks Overview,60.0,97,54,70
Nancy Davis,Risk Analysis and Management,63.0,59,83,77
Nancy Davis,Agile Methodologies,55.0,70,58,67
Nancy Davis,Git & GitHub,80.0,85,54,75
Nancy Davis,Introduction to Business Analysis,77.0,94,52,75
Nancy Davis,Smart Contracts Development,67.0,78,60,72
Nancy Davis,Microservices in Cloud,85.0,72,95,90
Nancy Davis,Natural Language Processing Techniques,74.0,75,99,88
Jerry Dillon,Data Cleaning & Preprocessing,98.0,82,99,97
Jerry Dillon,Data Analysis for Business Decisions,95.0,73,70,85
Jerry Dillon,Data Analysis with Pandas,98.0,76,63,84
Jerry Dillon,Data Visualization with Matplotlib,91.0,57,85,87
Jerry Dillon,Data Ethics,59.0,59,83,76
Jerry Dillon,MongoDB,71.0,82,50,71
Jerry Dillon,Microservices in Cloud,91.0,90,88,92
Jerry Dillon,Ethereum Development,83.0,77,85,86
Jerry Dillon,Understanding Financial Markets,73.0,71,58,73
Jerry Dillon,Graphic Design Basics for Content,50.0,60,79,71
Sean Martinez,Data Analysis for Business Decisions,72.0,75,65,75
Sean Martinez,Data Ethics,91.0,94,94,94
Sean Martinez,Data Cleaning & Preprocessing,85.0,86,54,77
Sean Martinez,Data Visualization with Matplotlib,83.0,64,82,84
Sean Martinez,Data Analysis with Pandas,97.0,73,65,84
Sean Martinez,Network Security Fundamentals,82.0,70,54,75
Sean Martinez,Introduction to AI,55.0,83,83,77
Sean Martinez,Time Management for Sales,77.0,70,84,83
Sean Martinez,Introduction to Content Creation,55.0,92,74,74
Sean Martinez,Malware Analysis,67.0,78,50,69
Sean Martinez,Web Application Security,89.0,98,61,82
Sean Martinez,Agile Methodologies,97.0,89,60,84
Scott Hansen,Data Ethics,95.0,60,67,83
Scott Hansen,Data Analysis for Business Decisions,68.0,89,73,78
Scott Hansen,Data Cleaning & Preprocessing,79.0,63,100,89
Scott Hansen,Data Visualization with Matplotlib,62.0,100,75,78
Scott Hansen,Data Analysis with Pandas,62.0,94,90,83
Scott Hansen,Customer Service Excellence,79.0,55,89,84
Scott Hansen,Vulnerability Assessment,56.0,56,84,75
Scott Hansen,Social Media Marketing,62.0,95,79,79
Scott Hansen,API Integration in Mobile Apps,62.0,63,76,75
Scott Hansen,Monitoring and Logging,79.0,63,93,86
Scott Hansen,Performance Management Systems,98.0,99,97,98
Scott Hansen,Version Control with Git,66.0,74,69,75
Scott Hansen,Training and Development,74.0,100,79,84
Scott Hansen,Communication Skills for Project Managers,98.0,74,67,85
Nathan Lynch,Data Analysis for Business Decisions,99.0,95,84,94
Nathan Lynch,Data Ethics,56.0,92,89,80
Nathan Lynch,Data Analysis with Pandas,63.0,75,89,81
Nathan Lynch,Data Cleaning & Preprocessing,53.0,97,78,76
Nathan Lynch,Data Visualization with Matplotlib,56.0,53,74,71
Nathan Lynch,Game Monetization Strategies,54.0,100,80,77
Nathan Lynch,Change Management,91.0,99,51,80
Nathan Lynch,Virtual Reality Development,85.0,82,85,88
Nathan Lynch,Stakeholder Management,73.0,65,55,71
Nathan Lynch,Git & GitHub,99.0,98,94,97
Nathan Lynch,Cloud Security Best Practices,76.0,52,67,75
Nathan Lynch,Blockchain Use Cases,85.0,64,50,74
Nathan Lynch,SEO Fundamentals,94.0,69,82,88
Nathan Lynch,Conversion Rate Optimization,52.0,77,72,71
Megan Mejia,Data Analysis for Business Decisions,64.0,83,84,80
Megan Mejia,Data Ethics,76.0,71,82,82
Megan Mejia,Data Analysis with Pandas,99.0,67,59,82
Megan Mejia,Data Cleaning & Preprocessing,57.0,92,69,73
Megan Mejia,Data Visualization with Matplotlib,77.0,77,97,89
Megan Mejia,Business Process Modeling,58.0,52,73,71
Megan Mejia,E-commerce Development Basics,57.0,67,50,64
Megan Mejia,Smart Contracts Development,87.0,75,96,92
Megan Mejia,Introduction to Business Analysis,51.0,76,50,63
Megan Mejia,SEO Fundamentals,67.0,64,92,82
Megan Mejia,Negotiation Techniques,53.0,91,69,72
Kim Garcia,Data Visualization with Matplotlib,57.0,84,64,71
Kim Garcia,Data Ethics,63.0,98,97,86
Kim Garcia,Data Analysis for Business Decisions,88.0,55,91,88
Kim Garcia,Data Analysis with Pandas,85.0,82,100,93
Kim Garcia,Web Application Security,63.0,72,72,74
Kim Garcia,HR Analytics,70.0,70,87,82
Kim Garcia,Big Data with Spark,77.0,97,50,74
Kim Garcia,Introduction to Blockchain,81.0,85,60,78
Kim Garcia,Security in Cloud Computing,67.0,70,64,73
Kim Garcia,Continuous Integration and Delivery,80.0,50,97,87
Kim Garcia,Ethereum Development,79.0,55,66,76
Kim Garcia,Introduction to Machine Learning,70.0,51,63,72
Erin Beltran,Data Ethics,60.0,60,65,70
Erin Beltran,Data Analysis for Business Decisions,92.0,54,67,81
Erin Beltran,Data Analysis with Pandas,73.0,90,84,84
Erin Beltran,Data Visualization with Matplotlib,99.0,67,50,79
Erin Beltran,Data Cleaning & Preprocessing,75.0,59,79,80
Erin Beltran,Communication Skills for Project Managers,83.0,50,95,87
Erin Beltran,Sales Analytics,80.0,58,76,80
Erin Beltran,Project Management Tools Overview,84.0,63,96,89
Erin Beltran,Performance Optimization for Mobile Apps,75.0,52,98,86
Erin Beltran,Closing Sales Strategies,68.0,59,62,71
Erin Beltran,Influencer Marketing,99.0,67,88,92
Erin Beltran,Budgeting Basics,57.0,90,94,82
Erin Beltran,Financial Analysis Techniques,82.0,54,55,73
Erin Beltran,Progressive Web Apps (PWAs),82.0,81,52,75
Jessica Moore,Data Analysis with Pandas,72.0,69,87,83
Jessica Moore,Data Cleaning & Preprocessing,95.0,83,85,91
Jessica Moore,Data Ethics,59.0,97,55,70
Jessica Moore,Data Analysis for Business Decisions,67.0,69,95,84
Jessica Moore,Data Visualization with Matplotlib,51.0,86,53,65
Jessica Moore,Conflict Resolution in HR,79.0,71,79,82
Jessica Moore,Game Testing Techniques,74.0,94,87,86
Jessica Moore,Financial Reporting Standards,75.0,76,64,76
Jessica Moore,Network Security Fundamentals,68.0,68,90,82
Jessica Moore,Diversity and Inclusion Initiatives,57.0,96,66,73
Jessica Moore,Blockchain Security,56.0,96,93,82
Jessica Moore,Python for Data Science,77.0,65,92,86
Robert Jarvis,Data Analysis for Business Decisions,68.0,76,56,71
Robert Jarvis,Data Analysis with Pandas,66.0,64,50,67
Robert Jarvis,Data Cleaning & Preprocessing,66.0,58,94,82
Robert Jarvis,Data Visualization with Matplotlib,97.0,82,90,94
Robert Jarvis,Data Ethics,79.0,60,62,75
Robert Jarvis,Unity Basics,96.0,78,58,82
Robert Jarvis,Cloud Cost Management,79.0,63,58,74
Robert Jarvis,Editing and Proofreading Techniques,85.0,60,93,88
Robert Jarvis,Affiliate Marketing,74.0,62,73,78
Robert Jarvis,Malware Analysis,68.0,70,67,74
Robert Jarvis,App Monetization Strategies,55.0,51,60,65
Taylor Green,Data Analysis for Business Decisions,81.0,84,88,88
Taylor Green,Data Ethics,75.0,79,52,72
Taylor Green,Data Analysis with Pandas,89.0,67,57,78
Taylor Green,Data Visualization with Matplotlib,60.0,80,50,66
Taylor Green,Reinforcement Learning,82.0,73,70,80
Taylor Green,Introduction to IT Support,84.0,53,63,77
Taylor Green,Usability Testing,73.0,84,52,72
Taylor Green,Troubleshooting Techniques,95.0,58,78,86
Taylor Green,Performance Management Systems,85.0,84,68,82
Taylor Green,Digital Sales Techniques,93.0,74,73,86
Taylor Green,Introduction to Game Development,61.0,93,53,69
George Duncan,Data Ethics,76.0,70,66,77
George Duncan,Data Analysis for Business Decisions,63.0,96,53,70
George Duncan,Data Analysis with Pandas,75.0,67,84,82
George Duncan,Data Visualization with Matplotlib,92.0,92,65,84
George Duncan,Data Cleaning & Preprocessing,80.0,53,98,88
George Duncan,Introduction to Game Development,78.0,68,82,83
George Duncan,Brand Management Online,86.0,100,91,92
George Duncan,Introduction to IT Support,53.0,65,87,76
George Duncan,AWS Fundamentals,87.0,74,90,89
George Duncan,Influencer Marketing,98.0,52,59,80
Melinda Davis,Data Ethics,97.0,93,78,91
Melinda Davis,Data Analysis with Pandas,68.0,51,89,80
Melinda Davis,Data Analysis for Business Decisions,50.0,73,85,75
Melinda Davis,Data Visualization with Matplotlib,51.0,94,69,71
Melinda Davis,Data Cleaning & Preprocessing,55.0,99,77,76
Melinda Davis,Digital Sales Techniques,80.0,93,95,91
Melinda Davis,Security Awareness for IT Support,100.0,81,91,95
Melinda Davis,Game Monetization Strategies,84.0,95,75,85
Melinda Davis,Investing Fundamentals,81.0,89,71,82
Melinda Davis,Change Management Strategies,93.0,98,79,90
Melinda Davis,Supervised Learning,95.0,91,94,95
Melinda Davis,Computer Vision Applications,95.0,90,69,86
Andrew Strong,Data Analysis with Pandas,74.0,71,93,86
Andrew Strong,Data Analysis for Business Decisions,52.0,75,66,69
Andrew Strong,Data Visualization with Matplotlib,78.0,53,76,79
Andrew Strong,Data Ethics,98.0,87,76,90
Andrew Strong,Data Cleaning & Preprocessing,94.0,75,94,93
Andrew Strong,Consensus Algorithms,75.0,59,100,87
Andrew Strong,3D Game Development,84.0,90,84,88
Andrew Strong,Web Performance Optimization,51.0,74,52,63
Andrew Strong,Hyperledger Basics,57.0,88,89,80
Andrew Strong,Risk Management in Projects,92.0,57,53,76
Andrew Strong,Project Scheduling Techniques,94.0,88,60,83
Andrew Strong,Blogging for Beginners,73.0,56,64,74
Andrew Strong,Project Management Basics,82.0,87,83,86
Andrew Strong,Game Testing Techniques,81.0,51,62,75
Jane Stephens,Data Ethics,56.0,54,65,68
Jane Stephens,Data Visualization with Matplotlib,72.0,78,98,87
Jane Stephens,Data Cleaning & Preprocessing,61.0,86,55,69
Jane Stephens,Data Analysis with Pandas,60.0,63,54,66
Jane Stephens,Data Analysis for Business Decisions,88.0,70,80,86
Jane Stephens,Infrastructure as Code,67.0,85,85,82
Jane Stephens,Blogging for Beginners,91.0,60,86,88
Jane Stephens,Blockchain Security,55.0,61,91,77
Jane Stephens,Natural Language Processing,65.0,58,100,84
Jane Stephens,Risk Analysis and Management,62.0,57,63,69
Jane Stephens,Introduction to Blockchain,57.0,69,86,77
Jane Stephens,Node.js,72.0,80,64,76
Andrew Turner,Data Analysis with Pandas,78.0,68,84,83
Andrew Turner,Data Visualization with Matplotlib,53.0,70,92,78
Andrew Turner,Data Ethics,60.0,61,81,75
Andrew Turner,Data Cleaning & Preprocessing,92.0,60,85,88
Andrew Turner,Data Analysis for Business Decisions,99.0,74,78,89
Andrew Turner,Model Evaluation,91.0,65,93,91
Andrew Turner,Introduction to Finance,85.0,62,54,75
Andrew Turner,Diversity and Inclusion Initiatives,54.0,69,60,67
Andrew Turner,Python for Data Science,90.0,51,56,76
Andrew Turner,Design Tools Overview,56.0,72,97,81
Andrew Turner,Supervised Learning,89.0,52,56,76
Dr. Brenda Faulkner,Data Ethics,86.0,84,53,77
Dr. Brenda Faulkner,Data Cleaning & Preprocessing,83.0,81,83,86
Dr. Brenda Faulkner,Data Analysis with Pandas,87.0,88,71,84
Dr. Brenda Faulkner,Data Visualization with Matplotlib,91.0,59,64,80
Dr. Brenda Faulkner,Data Analysis for Business Decisions,64.0,55,58,68
Dr. Brenda Faulkner,Social Media Content Creation,91.0,97,55,81
Dr. Brenda Faulkner,Financial Planning and Forecasting,93.0,80,80,89
Dr. Brenda Faulkner,Ethics in AI,87.0,50,60,76
Dr. Brenda Faulkner,Responsive Design Principles,79.0,51,59,73
Dr. Brenda Faulkner,Sales Analytics,78.0,81,55,75
Dr. Brenda Faulkner,Microservices in Cloud,81.0,55,63,76
Dr. Brenda Faulkner,Big Data with Spark,73.0,90,89,86
Dr. Brenda Faulkner,Hardware Repair Skills,58.0,90,74,75
Dr. Brenda Faulkner,Google Ads Fundamentals,67.0,80,64,74
Jonathan Strickland,Data Ethics,67.0,82,87,82
Jonathan Strickland,Data Analysis with Pandas,68.0,61,52,68
Jonathan Strickland,Data Cleaning & Preprocessing,88.0,84,77,86
Jonathan Strickland,Data Visualization with Matplotlib,67.0,84,71,77
Jonathan Strickland,Data Analysis for Business Decisions,77.0,75,52,73
Jonathan Strickland,Investing Fundamentals,62.0,99,90,83
Jonathan Strickland,Remote Support Techniques,74.0,75,80,81
Jonathan Strickland,Unsupervised Learning,88.0,83,77,86
Jonathan Strickland,Cryptocurrency Fundamentals,83.0,57,65,78
Jonathan Strickland,Agile Methodologies,74.0,95,66,78
Jonathan Strickland,Introduction to Business Analysis,84.0,92,96,92
Jonathan Strickland,Talent Acquisition Strategies,78.0,67,91,86
Jonathan Strickland,Microservices in Cloud,100.0,65,99,96
Jonathan Strickland,Backend Development Fundamentals,77.0,63,95,86
Jonathan Strickland,Sales Fundamentals,83.0,64,93,88
Shannon Wilcox,Data Analysis for Business Decisions,66.0,56,98,83
Shannon Wilcox,Data Ethics,79.0,57,97,87
Shannon Wilcox,Data Visualization with Matplotlib,56.0,55,92,77
Shannon Wilcox,Data Cleaning & Preprocessing,80.0,90,93,90
Shannon Wilcox,Data Analysis with Pandas,51.0,53,58,63
Shannon Wilcox,Introduction to Human Resources,76.0,67,90,85
Shannon Wilcox,Unity Basics,74.0,64,58,73
Shannon Wilcox,Budgeting for Projects,77.0,72,68,78
Shannon Wilcox,Natural Language Processing,61.0,62,77,74
Shannon Wilcox,Social Media Content Creation,61.0,96,100,86
Shannon Wilcox,Cryptography Basics,79.0,58,82,82
Shannon Wilcox,Unsupervised Learning,69.0,67,97,85
Shannon Wilcox,Mobile Testing Strategies,55.0,51,65,67
Shannon Wilcox,Cloud Security Best Practices,59.0,69,85,77
Shannon Wilcox,Risk Management in Cybersecurity,68.0,73,94,84
Veronica Nelson,Data Ethics,52.0,55,93,76
Veronica Nelson,Data Analysis for Business Decisions,50.0,51,84,72
Veronica Nelson,Data Analysis with Pandas,89.0,90,96,94
Veronica Nelson,Data Cleaning & Preprocessing,85.0,61,84,85
Veronica Nelson,Data Visualization with Matplotlib,68.0,66,70,75
Veronica Nelson,Visual Design Basics,70.0,77,81,81
Veronica Nelson,Web Application Security,62.0,94,85,81
Veronica Nelson,Project Management Basics,80.0,94,72,83
Veronica Nelson,HTML & CSS,53.0,55,82,73
Veronica Nelson,Conversion Rate Optimization,64.0,99,81,81
John Davis,Data Analysis for Business Decisions,62.0,70,72,74
John Davis,Data Visualization with Matplotlib,99.0,75,81,90
John Davis,Data Ethics,57.0,98,65,72
John Davis,Data Cleaning & Preprocessing,51.0,64,76,71
John Davis,Data Analysis with Pandas,63.0,91,64,74
John Davis,Network Security Fundamentals,53.0,78,88,77
John Davis,Budgeting for Projects,90.0,92,100,96
John Davis,Operating Systems Overview,87.0,84,60,80
John Davis,Influencer Marketing,87.0,58,94,89
John Davis,Email Marketing Basics,64.0,72,64,72
John Davis,Serverless Architecture,91.0,51,79,85
John Davis,API Integration in Mobile Apps,66.0,89,87,82
Gregory Shea,Data Cleaning & Preprocessing,52.0,97,71,73
Gregory Shea,Data Analysis with Pandas,90.0,50,66,80
Gregory Shea,Data Visualization with Matplotlib,77.0,57,61,74
Gregory Shea,Data Ethics,56.0,61,79,73
Gregory Shea,Data Analysis for Business Decisions,56.0,89,94,81
Gregory Shea,Communication Skills for Project Managers,100.0,69,95,95
Gregory Shea,Security in Cloud Computing,94.0,61,91,91
Gregory Shea,Networking Basics,83.0,80,70,82
Gregory Shea,Financial Planning and Forecasting,80.0,81,63,78
Gregory Shea,Machine Learning Basics,60.0,85,63,72
Brenda Oconnell,Data Analysis for Business Decisions,67.0,60,61,71
Brenda Oconnell,Data Ethics,86.0,89,93,92
Brenda Oconnell,Data Analysis with Pandas,61.0,100,78,79
Brenda Oconnell,Data Visualization with Matplotlib,76.0,55,88,83
Brenda Oconnell,Financial Planning and Forecasting,70.0,57,52,68
Brenda Oconnell,Content Strategy Development,78.0,51,97,86
Brenda Oconnell,Computer Vision Applications,63.0,51,67,71
Brenda Oconnell,Wireframing and Prototyping,85.0,88,98,93
Brenda Oconnell,Business Process Modeling,55.0,83,54,66
Brenda Oconnell,Understanding Financial Markets,78.0,95,66,80
Brenda Oconnell,Social Media Marketing,85.0,86,91,90
Seth Cross,Data Ethics,96.0,70,96,94
Seth Cross,Data Cleaning & Preprocessing,61.0,89,60,71
Seth Cross,Data Analysis with Pandas,97.0,93,58,84
Seth Cross,Data Analysis for Business Decisions,91.0,99,53,80
Seth Cross,Data Visualization with Matplotlib,73.0,94,66,78
Seth Cross,Multiplayer Game Development,76.0,83,59,76
Seth Cross,Predictive Analytics,65.0,92,81,80
Seth Cross,SEO Fundamentals,84.0,50,92,87
Seth Cross,Continuous Integration and Delivery,66.0,86,99,86
Seth Cross,Customer Service Excellence,78.0,79,84,85
Seth Cross,Frontend Development Basics,51.0,70,78,72
Seth Cross,Video Production Basics,63.0,98,95,85
Seth Cross,Google Cloud Platform Essentials,88.0,55,71,81
Seth Cross,Computer Vision Applications,77.0,69,60,75
Rachael Tyler,Data Analysis with Pandas,64.0,63,78,76
Rachael Tyler,Data Ethics,77.0,63,73,79
Rachael Tyler,Data Cleaning & Preprocessing,85.0,80,51,76
Rachael Tyler,Data Visualization with Matplotlib,72.0,79,60,74
Rachael Tyler,Data Analysis for Business Decisions,99.0,98,64,87
Rachael Tyler,AI in IoT,94.0,78,79,88
Rachael Tyler,Computer Vision Applications,77.0,67,59,74
Rachael Tyler,Cloud Support Fundamentals,52.0,62,56,64
Rachael Tyler,Frontend Development Basics,75.0,59,54,71
Rachael Tyler,Brand Management Online,63.0,60,84,77
Rachael Tyler,RESTful Services,68.0,81,74,78
James Brock,Data Visualization with Matplotlib,78.0,88,50,74
James Brock,Data Analysis with Pandas,60.0,72,66,71
James Brock,Data Cleaning & Preprocessing,61.0,73,97,83
James Brock,Data Ethics,85.0,93,70,84
James Brock,Data Analysis for Business Decisions,75.0,69,64,76
James Brock,Version Control with Git,68.0,50,68,73
James Brock,HTML & CSS,58.0,58,57,66
James Brock,Risk Management in Cybersecurity,57.0,97,100,85
James Brock,Mobile Testing Strategies,97.0,94,63,85
James Brock,Presentation Skills for Business Analysts,97.0,76,55,81
James Brock,Natural Language Processing Techniques,96.0,84,52,80
James Brock,Networking Basics,73.0,91,88,85
Kathleen Moreno,Data Visualization with Matplotlib,69.0,67,67,74
Kathleen Moreno,Data Cleaning & Preprocessing,75.0,86,85,85
Kathleen Moreno,Data Analysis with Pandas,83.0,51,93,87
Kathleen Moreno,Data Analysis for Business Decisions,63.0,92,72,76
Kathleen Moreno,Data Ethics,74.0,60,77,79
Kathleen Moreno,Stakeholder Analysis,81.0,85,75,83
Kathleen Moreno,Budgeting Basics,51.0,59,66,67
Kathleen Moreno,Speech Recognition Technologies,64.0,85,87,81
Kathleen Moreno,Risk Management in Finance,96.0,80,69,86
Kathleen Moreno,JavaScript Frameworks Overview,85.0,79,92,90
Kathleen Moreno,Big Data with Spark,77.0,82,52,73
Kathleen Moreno,App Monetization Strategies,74.0,72,85,83
Kathleen Moreno,Change Management,75.0,77,68,78
Kathleen Moreno,Personal Finance Skills,91.0,55,79,85
Kathleen Moreno,Game Design Principles,98.0,56,95,93
Stephen Thompson,Data Ethics,87.0,68,52,75
Stephen Thompson,Data Visualization with Matplotlib,85.0,79,61,79
Stephen Thompson,Data Analysis for Business Decisions,96.0,85,60,83
Stephen Thompson,Data Analysis with Pandas,97.0,99,68,88
Stephen Thompson,Data Cleaning & Preprocessing,64.0,74,58,70
Stephen Thompson,Game Monetization Strategies,89.0,94,54,79
Stephen Thompson,Communication Skills for Project Managers,94.0,76,81,89
Stephen Thompson,API Development,93.0,73,81,88
Stephen Thompson,HR Analytics,79.0,77,53,74
Stephen Thompson,Computer Vision Applications,84.0,64,51,74
Stephen Thompson,Web Accessibility Standards,95.0,94,92,95
Stephen Thompson,Stakeholder Management,96.0,76,83,90
Stephen Thompson,Express.js,72.0,65,96,85
Stephen Thompson,Continuous Integration and Delivery,87.0,65,94,90
Shannon Walker,Data Ethics,50.0,91,58,67
Shannon Walker,Data Visualization with Matplotlib,90.0,78,50,77
Shannon Walker,Data Cleaning & Preprocessing,51.0,74,95,78
Shannon Walker,Data Analysis with Pandas,53.0,67,85,75
Shannon Walker,Data Analysis for Business Decisions,61.0,89,52,68
Shannon Walker,Operating Systems Overview,71.0,94,56,74
Shannon Walker,3D Game Development,93.0,82,69,85
Shannon Walker,Customer Service Excellence,98.0,77,81,90
Shannon Walker,Express.js,79.0,68,76,81
Shannon Walker,Network Security Fundamentals,61.0,82,74,75
Shannon Walker,Design Thinking Process,85.0,63,70,81
Shannon Walker,Security in Cloud Computing,66.0,82,99,86
Shannon Walker,Supervised Learning,68.0,81,89,83
Shannon Walker,Big Data with Spark,51.0,53,58,63
Shannon Walker,Unity Basics,50.0,61,81,72
Joseph Wright,Data Cleaning & Preprocessing,59.0,61,84,76
Joseph Wright,Data Analysis for Business Decisions,76.0,89,74,81
Joseph Wright,Data Visualization with Matplotlib,56.0,55,76,72
Joseph Wright,Data Analysis with Pandas,77.0,58,64,75
Joseph Wright,Data Ethics,88.0,55,57,76
Joseph Wright,Interaction Design Principles,84.0,77,59,78
Joseph Wright,Podcasting Fundamentals,89.0,89,74,86
Joseph Wright,Responsive Web Design,89.0,92,99,95
Joseph Wright,Sales Analytics,51.0,80,62,68
Joseph Wright,Ethics in AI,88.0,54,64,79
Joseph Wright,Understanding Financial Markets,93.0,52,89,89
Joseph Wright,Automating Cloud Deployments,93.0,84,56,81
Joseph Wright,AI in Healthcare,54.0,56,90,76
Kimberly Solomon,Data Analysis for Business Decisions,56.0,72,95,80
Kimberly Solomon,Data Ethics,51.0,61,84,73
Kimberly Solomon,Data Analysis with Pandas,92.0,71,93,92
Kimberly Solomon,Data Cleaning & Preprocessing,73.0,82,79,81
Kimberly Solomon,Data Visualization with Matplotlib,69.0,68,67,74
Kimberly Solomon,Network Security Fundamentals,55.0,83,55,67
Kimberly Solomon,Smart Contracts Development,100.0,66,81,90
Kimberly Solomon,API Integration in Mobile Apps,92.0,56,58,78
Kimberly Solomon,Training and Development,89.0,82,84,89
Kimberly Solomon,AI for Business,71.0,91,83,83
Kimberly Solomon,Deep Learning Fundamentals,79.0,99,91,89
Kimberly Solomon,Introduction to Content Creation,98.0,67,50,78
Kimberly Solomon,Multiplayer Game Development,93.0,77,69,84
Kimberly Solomon,Responsive Web Design,93.0,70,65,82
Kimberly Solomon,Security Awareness for IT Support,54.0,58,91,77
Leah Ellis MD,Data Analysis for Business Decisions,64.0,87,83,80
Leah Ellis MD,Data Visualization with Matplotlib,72.0,57,90,82
Leah Ellis MD,Data Cleaning & Preprocessing,63.0,58,95,81
Leah Ellis MD,Data Ethics,78.0,97,54,76
Leah Ellis MD,HR Technology Tools,65.0,60,82,77
Leah Ellis MD,MongoDB,68.0,79,87,82
Leah Ellis MD,Social Media Marketing,68.0,54,84,79
Leah Ellis MD,SWOT Analysis for Business,78.0,54,96,86
Leah Ellis MD,Azure Basics,54.0,72,65,69
Leah Ellis MD,Game Monetization Strategies,96.0,68,84,90
Leah Ellis MD,Backend Development Fundamentals,84.0,52,87,85
Leah Ellis MD,Smart Contracts Development,73.0,78,88,84
Leah Ellis MD,Google Cloud Platform Essentials,75.0,56,83,81
Leah Ellis MD,Introduction to IT Support,90.0,58,99,92
Matthew Gentry,Data Visualization with Matplotlib,59.0,55,59,67
Matthew Gentry,Data Analysis with Pandas,69.0,71,85,81
Matthew Gentry,Data Cleaning & Preprocessing,54.0,99,55,68
Matthew Gentry,Data Analysis for Business Decisions,90.0,62,59,78
Matthew Gentry,Data Ethics,90.0,50,79,84
Matthew Gentry,Container Orchestration with Kubernetes,54.0,69,51,64
Matthew Gentry,Building Customer Relationships,67.0,54,54,68
Matthew Gentry,Influencer Marketing,90.0,98,60,82
Matthew Gentry,Presentation Skills for Sales,82.0,65,55,74
Matthew Gentry,Performance Optimization for Mobile Apps,99.0,97,97,98
Matthew Gentry,Blockchain Security,80.0,74,96,89
Matthew Gentry,Introduction to Finance,61.0,58,62,69
Matthew Gentry,Web Application Security,80.0,83,82,85
Matthew Gentry,SWOT Analysis for Business,51.0,69,71,70
Matthew Gentry,Monitoring and Logging,89.0,54,57,76
Mr. Chase Green,Data Visualization with Matplotlib,66.0,64,86,80
Mr. Chase Green,Data Ethics,83.0,80,69,81
Mr. Chase Green,Data Cleaning & Preprocessing,79.0,72,66,78
Mr. Chase Green,Data Analysis with Pandas,62.0,71,71,74
Mr. Chase Green,Containerization with Docker,58.0,73,52,66
Mr. Chase Green,Introduction to Cloud Computing,80.0,94,88,88
Mr. Chase Green,Podcasting Fundamentals,52.0,98,81,76
Mr. Chase Green,Publishing Mobile Apps,74.0,74,56,73
Mr. Chase Green,Risk Management in Finance,89.0,60,60,78
Mr. Chase Green,Introduction to Blockchain,77.0,69,90,85
Mr. Chase Green,Design Thinking Process,66.0,89,68,76
Mr. Chase Green,Security in Cloud Computing,69.0,51,52,67
Mr. Chase Green,Monitoring and Logging,51.0,82,51,64
Mr. Chase Green,Presentation Skills for Business Analysts,70.0,96,71,79
Katherine Abbott,Data Analysis with Pandas,100.0,77,66,86
Katherine Abbott,Data Ethics,55.0,92,100,83
Katherine Abbott,Data Analysis for Business Decisions,78.0,51,93,85
Katherine Abbott,Data Visualization with Matplotlib,72.0,83,76,80
Katherine Abbott,Data Cleaning & Preprocessing,98.0,88,67,87
Katherine Abbott,Big Data with Spark,73.0,89,64,77
Katherine Abbott,Backend Development Fundamentals,87.0,52,57,76
Katherine Abbott,Social Media Content Creation,92.0,77,96,93
Katherine Abbott,Understanding Consumer Behavior,66.0,86,99,86
Katherine Abbott,Hyperledger Basics,74.0,52,98,85
Katherine Abbott,Design Thinking Process,62.0,84,57,70
Katherine Abbott,Progressive Web Apps (PWAs),89.0,77,51,77
Katherine Abbott,SEO Fundamentals,82.0,98,72,84
Katherine Abbott,Risk Management in Cybersecurity,96.0,72,53,79
Tracy Davidson,Data Cleaning & Preprocessing,57.0,77,66,71
Tracy Davidson,Data Visualization with Matplotlib,60.0,79,81,77
Tracy Davidson,Data Ethics,71.0,69,81,80
Tracy Davidson,Data Analysis for Business Decisions,84.0,58,64,78
Tracy Davidson,Data Analysis with Pandas,75.0,68,94,86
Tracy Davidson,Project Management Basics,79.0,64,80,82
Tracy Davidson,Stakeholder Analysis,51.0,84,81,75
Tracy Davidson,Mobile App Security,64.0,95,97,86
Tracy Davidson,Multiplayer Game Development,66.0,76,72,76
Tracy Davidson,Big Data with Spark,92.0,54,72,83
Tracy Davidson,Introduction to DevOps,79.0,99,67,81
Tracy Davidson,Building Customer Relationships,64.0,56,92,80
Tracy Davidson,Project Management Tools Overview,72.0,68,59,73
Tracy Davidson,Visual Design Basics,83.0,62,88,86
Tracy Davidson,Presentation Skills for Business Analysts,76.0,80,69,79
Jeremy Alvarez,Data Visualization with Matplotlib,65.0,50,86,78
Jeremy Alvarez,Data Ethics,66.0,85,81,80
Jeremy Alvarez,Data Analysis for Business Decisions,50.0,76,71,70
Jeremy Alvarez,Data Analysis with Pandas,73.0,52,77,78
Jeremy Alvarez,Data Cleaning & Preprocessing,88.0,88,94,92
Jeremy Alvarez,Container Orchestration with Kubernetes,79.0,52,65,76
Jeremy Alvarez,Employee Engagement Techniques,87.0,77,81,86
Jeremy Alvarez,Risk Management in Projects,66.0,98,73,78
Jeremy Alvarez,Business Case Development,96.0,67,82,89
Jeremy Alvarez,Predictive Analytics,53.0,94,57,68
Donald Cooper,Data Cleaning & Preprocessing,76.0,84,55,74
Donald Cooper,Data Ethics,74.0,69,75,79
Donald Cooper,Data Analysis for Business Decisions,74.0,59,52,70
Donald Cooper,Data Visualization with Matplotlib,84.0,67,71,81
Donald Cooper,Data Analysis with Pandas,83.0,67,85,86
Donald Cooper,Business Process Modeling,99.0,51,94,93
Donald Cooper,Version Control with Git,100.0,93,59,85
Donald Cooper,Speech Recognition Technologies,64.0,74,86,80
Donald Cooper,Time Management for Sales,76.0,77,58,75
Donald Cooper,Podcasting Fundamentals,67.0,100,98,88
Sarah Barajas,Data Ethics,85.0,86,76,85
Sarah Barajas,Data Analysis for Business Decisions,78.0,81,76,82
Sarah Barajas,Data Analysis with Pandas,91.0,62,52,76
Sarah Barajas,Data Cleaning & Preprocessing,97.0,97,99,98
Sarah Barajas,Data Visualization with Matplotlib,56.0,97,63,71
Sarah Barajas,Podcasting Fundamentals,97.0,91,84,92
Sarah Barajas,SEO Fundamentals,95.0,87,52,80
Sarah Barajas,Unsupervised Learning,56.0,88,51,66
Sarah Barajas,Design Tools Overview,51.0,75,61,67
Sarah Barajas,Presentation Skills for Sales,71.0,82,93,86
Sarah Barajas,Natural Language Processing Techniques,60.0,99,62,73
Sarah Barajas,Reinforcement Learning,89.0,56,82,85
Sarah Barajas,API Development,94.0,94,59,83
Sarah Barajas,Communication Skills for Project Managers,95.0,85,67,85
Jordan Jones,Data Ethics,74.0,93,56,75
Jordan Jones,Data Analysis with Pandas,96.0,93,54,82
Jordan Jones,Data Visualization with Matplotlib,99.0,52,66,83
Jordan Jones,Data Cleaning & Preprocessing,80.0,59,78,81
Jordan Jones,Data Analysis for Business Decisions,55.0,55,87,75
Jordan Jones,Statistical Analysis,83.0,64,50,73
Jordan Jones,Containerization with Docker,75.0,100,79,84
Jordan Jones,Cross-Platform Development with Flutter,52.0,95,60,69
Jordan Jones,User Interface Design for Mobile Apps,56.0,74,87,77
Jordan Jones,Reinforcement Learning,86.0,68,97,91
Jordan Jones,Mobile App Design,80.0,74,69,80
Shannon Martinez,Data Cleaning & Preprocessing,64.0,97,94,85
Shannon Martinez,Data Analysis for Business Decisions,77.0,62,75,79
Shannon Martinez,Data Visualization with Matplotlib,64.0,67,76,76
Shannon Martinez,Data Analysis with Pandas,88.0,99,93,93
Shannon Martinez,Data Ethics,83.0,96,73,84
Shannon Martinez,Blockchain Security,90.0,81,69,84
Shannon Martinez,React,53.0,83,70,71
Shannon Martinez,Introduction to DevOps,81.0,69,69,79
Shannon Martinez,Automating Cloud Deployments,66.0,53,63,70
Shannon Martinez,Training and Development,96.0,56,76,86
Jose Ruiz,Data Cleaning & Preprocessing,75.0,90,86,85
Jose Ruiz,Data Ethics,72.0,74,78,80
Jose Ruiz,Data Analysis with Pandas,84.0,98,76,86
Jose Ruiz,Data Visualization with Matplotlib,73.0,85,64,76
Jose Ruiz,Ethics in AI,51.0,95,93,80
Jose Ruiz,Web Application Security,66.0,78,99,86
Jose Ruiz,Virtual Reality Development,68.0,68,62,72
Jose Ruiz,Hardware Repair Skills,64.0,59,89,79
Jose Ruiz,Budgeting Basics,59.0,76,87,79
Jose Ruiz,Podcasting Fundamentals,92.0,55,91,90
Jose Ruiz,Deployment of ML Models,98.0,52,68,83
Jose Ruiz,Microservices in Cloud,91.0,66,87,89
Rachel Campos,Data Cleaning & Preprocessing,61.0,72,54,67
Rachel Campos,Data Analysis with Pandas,80.0,64,67,78
Rachel Campos,Data Analysis for Business Decisions,84.0,50,53,73
Rachel Campos,Data Visualization with Matplotlib,66.0,64,56,69
Rachel Campos,Data Ethics,61.0,80,91,81
Rachel Campos,AI in Robotics,62.0,80,89,81
Rachel Campos,Containerization with Docker,54.0,94,77,75
Rachel Campos,Microservices in Cloud,65.0,96,94,85
Rachel Campos,Monitoring and Logging,57.0,72,74,73
Rachel Campos,Container Orchestration with Kubernetes,99.0,85,86,93
Troy Nielsen,Data Analysis with Pandas,74.0,53,96,85
Troy Nielsen,Data Visualization with Matplotlib,54.0,73,95,79
Troy Nielsen,Data Analysis for Business Decisions,70.0,88,77,80
Troy Nielsen,Data Ethics,76.0,76,74,80
Troy Nielsen,Data Cleaning & Preprocessing,76.0,87,83,84
Troy Nielsen,Brand Management Online,52.0,80,80,74
Troy Nielsen,Reinforcement Learning Techniques,57.0,97,75,76
Troy Nielsen,Introduction to Finance,62.0,81,81,78
Troy Nielsen,Change Management Strategies,67.0,63,67,73
Troy Nielsen,Introduction to Cloud Computing,62.0,66,76,75
Troy Nielsen,Infrastructure as Code,81.0,51,93,86
Deborah Wood,Data Analysis for Business Decisions,77.0,75,98,89
Deborah Wood,Data Cleaning & Preprocessing,63.0,57,66,71
Deborah Wood,Data Visualization with Matplotlib,83.0,67,81,84
Deborah Wood,Data Analysis with Pandas,82.0,54,63,76
Deborah Wood,Data Ethics,60.0,80,74,75
Deborah Wood,Introduction to Game Development,57.0,59,55,65
Deborah Wood,Time Series Analysis,81.0,92,83,87
Deborah Wood,Mobile Testing Strategies,71.0,80,76,79
Deborah Wood,Progressive Web Apps (PWAs),89.0,63,86,88
Deborah Wood,Incident Response,52.0,62,53,63
Amanda Jacobs,Data Ethics,61.0,71,92,81
Amanda Jacobs,Data Analysis for Business Decisions,93.0,55,83,87
Amanda Jacobs,Data Cleaning & Preprocessing,64.0,50,64,70
Amanda Jacobs,Data Visualization with Matplotlib,55.0,84,98,82
Amanda Jacobs,Data Analysis with Pandas,73.0,95,90,87
Amanda Jacobs,Consensus Algorithms,61.0,95,63,73
Amanda Jacobs,Google Cloud Platform Essentials,68.0,96,85,83
Amanda Jacobs,Computer Vision Basics,88.0,51,99,91
Amanda Jacobs,Stakeholder Analysis,54.0,50,85,74
Amanda Jacobs,Introduction to Blockchain,88.0,80,67,82
Amanda Jacobs,App Monetization Strategies,99.0,56,78,88
Amanda Jacobs,User Research Techniques,67.0,99,67,77
Amanda Jacobs,Communication Skills for Project Managers,86.0,78,74,84
Amanda Jacobs,Game Design Principles,59.0,58,77,73
Amanda Jacobs,Video Production Basics,73.0,50,85,80
Michelle Lopez,Data Ethics,66.0,54,58,69
Michelle Lopez,Data Analysis with Pandas,65.0,92,94,85
Michelle Lopez,Data Visualization with Matplotlib,84.0,57,87,86
Michelle Lopez,Data Analysis for Business Decisions,66.0,87,89,83
Michelle Lopez,Responsive Web Design,76.0,72,60,75
Michelle Lopez,Interaction Design Principles,81.0,82,86,87
Michelle Lopez,Google Ads Fundamentals,100.0,72,92,94
Michelle Lopez,Data Cleaning & Preprocessing,71.0,79,80,81
Michelle Lopez,Sales Fundamentals,54.0,85,73,73
Michelle Lopez,Game Design Principles,97.0,99,97,98
Michelle Lopez,Change Management Strategies,83.0,74,86,87
Michelle Lopez,Video Production Basics,81.0,61,84,84
Michelle Lopez,Vulnerability Assessment,97.0,93,81,92
Jennifer Rose,Data Visualization with Matplotlib,85.0,65,87,87
Jennifer Rose,Data Analysis for Business Decisions,67.0,63,77,77
Jennifer Rose,Data Cleaning & Preprocessing,56.0,83,98,82
Jennifer Rose,Data Analysis with Pandas,91.0,99,87,92
Jennifer Rose,Data Ethics,52.0,97,82,77
Jennifer Rose,Unity Basics,96.0,96,90,95
Jennifer Rose,Video Production Basics,63.0,67,57,69
Jennifer Rose,Big Data with Spark,63.0,97,89,83
Jennifer Rose,Content Management Systems (CMS),67.0,54,71,74
Jennifer Rose,Introduction to Finance,73.0,71,66,76
Jennifer Rose,Security in Cloud Computing,99.0,61,50,78
Jennifer Rose,Visual Design Basics,70.0,73,84,81
Miranda Rivas,Data Analysis for Business Decisions,69.0,84,65,75
Miranda Rivas,Data Ethics,82.0,98,55,78
Miranda Rivas,Data Cleaning & Preprocessing,71.0,78,77,80
Miranda Rivas,Data Visualization with Matplotlib,71.0,80,82,82
Miranda Rivas,Data Analysis with Pandas,62.0,87,99,85
Miranda Rivas,MongoDB,89.0,91,70,85
Miranda Rivas,Sales Fundamentals,65.0,71,77,77
Miranda Rivas,Interaction Design Principles,54.0,68,95,79
Miranda Rivas,Cloud Support Fundamentals,93.0,55,52,76
Miranda Rivas,Google Cloud Platform Essentials,95.0,92,75,89
Miranda Rivas,Business Case Development,83.0,67,65,78
Miranda Rivas,Usability Testing,80.0,90,80,85
Miranda Rivas,Design Tools Overview,52.0,70,72,70
Michael Gibson,Data Cleaning & Preprocessing,61.0,51,50,64
Michael Gibson,Data Visualization with Matplotlib,99.0,76,66,85
Michael Gibson,Data Analysis for Business Decisions,96.0,95,72,88
Michael Gibson,Data Analysis with Pandas,79.0,78,90,87
Michael Gibson,Data Ethics,69.0,92,80,81
Michael Gibson,Stakeholder Analysis,59.0,77,81,77
Michael Gibson,Smart Contracts Development,78.0,96,69,81
Michael Gibson,Tokenomics,89.0,67,65,81
Michael Gibson,SEO Best Practices,90.0,55,58,77
Michael Gibson,SEO Fundamentals,83.0,94,72,84
Michael Gibson,Social Media Marketing,87.0,62,98,91
Miguel Wagner,Data Cleaning & Preprocessing,64.0,79,70,75
Miguel Wagner,Data Ethics,68.0,100,60,75
Miguel Wagner,Data Analysis with Pandas,59.0,67,60,68
Miguel Wagner,Data Analysis for Business Decisions,58.0,99,82,79
Miguel Wagner,Data Visualization with Matplotlib,99.0,50,58,80
Miguel Wagner,React,72.0,61,51,69
Miguel Wagner,Understanding Financial Markets,79.0,76,93,88
Miguel Wagner,Ethics in AI,85.0,83,77,85
Miguel Wagner,Big Data with Spark,67.0,65,96,84
Miguel Wagner,Employee Engagement Techniques,79.0,50,74,79
Dana Wilcox DDS,Data Cleaning & Preprocessing,76.0,95,60,77
Dana Wilcox DDS,Data Analysis with Pandas,66.0,56,87,79
Dana Wilcox DDS,Data Analysis for Business Decisions,92.0,87,69,85
Dana Wilcox DDS,Data Ethics,88.0,86,90,91
Dana Wilcox DDS,Data Visualization with Matplotlib,62.0,84,65,73
Dana Wilcox DDS,Azure Basics,66.0,93,74,78
Dana Wilcox DDS,Presentation Skills for Business Analysts,50.0,78,75,72
Dana Wilcox DDS,Hyperledger Basics,74.0,76,95,87
Dana Wilcox DDS,Influencer Marketing,69.0,83,52,71
Dana Wilcox DDS,AI in Healthcare,74.0,53,58,71
Dana Wilcox DDS,Security Awareness for IT Support,87.0,66,94,90
Anne Garcia,Data Visualization with Matplotlib,59.0,53,61,67
Anne Garcia,Data Analysis for Business Decisions,86.0,64,53,75
Anne Garcia,Data Cleaning & Preprocessing,53.0,75,98,80
Anne Garcia,Data Analysis with Pandas,60.0,76,64,71
Anne Garcia,Data Ethics,93.0,68,90,91
Anne Garcia,Performance Optimization for Mobile Apps,58.0,90,89,80
Anne Garcia,Predictive Analytics,75.0,93,57,76
Anne Garcia,Cross-Platform Development with Flutter,78.0,71,60,75
Anne Garcia,Game Testing Techniques,91.0,85,94,93
Anne Garcia,Project Management Basics,87.0,67,87,88
Anne Garcia,Content Marketing Strategies,78.0,68,97,88
Anne Garcia,Content Strategy Development,74.0,84,95,88
Emily Hardy,Data Cleaning & Preprocessing,94.0,96,90,94
Emily Hardy,Data Analysis with Pandas,95.0,97,52,81
Emily Hardy,Data Ethics,100.0,68,88,93
Emily Hardy,Data Visualization with Matplotlib,80.0,98,65,81
Emily Hardy,Deployment of ML Models,81.0,71,53,74
Emily Hardy,2D Game Development,73.0,96,77,82
Emily Hardy,Content Strategy Development,96.0,74,75,87
Emily Hardy,Google Ads Fundamentals,52.0,74,95,79
Emily Hardy,Content Management Systems (CMS),54.0,66,86,76
Emily Hardy,Introduction to IT Support,90.0,100,58,82
Emily Hardy,Customer Service Excellence,97.0,71,93,94
Emily Hardy,Responsive Design Principles,63.0,78,77,77
Emily Hardy,Project Scheduling Techniques,96.0,71,66,84
Emily Hardy,Negotiation Techniques,67.0,90,100,87
Andrew Guerrero,Data Visualization with Matplotlib,98.0,61,63,82
Andrew Guerrero,Data Cleaning & Preprocessing,82.0,66,100,90
Andrew Guerrero,Data Analysis with Pandas,59.0,84,53,68
Andrew Guerrero,Data Ethics,89.0,84,95,93
Andrew Guerrero,Data Analysis for Business Decisions,95.0,63,57,80
Andrew Guerrero,Influencer Marketing,89.0,79,70,84
Andrew Guerrero,Reinforcement Learning Techniques,87.0,64,83,86
Andrew Guerrero,Quality Management,95.0,74,93,93
Andrew Guerrero,Vulnerability Assessment,84.0,99,84,89
Andrew Guerrero,Computer Vision Applications,90.0,58,62,79
Andrew Guerrero,Python for Data Science,95.0,84,96,95
Andrew Guerrero,Introduction to Cloud Computing,66.0,71,77,77
Andrea Landry,Data Analysis with Pandas,94.0,61,51,77
Andrea Landry,Data Analysis for Business Decisions,56.0,58,87,76
Andrea Landry,Data Cleaning & Preprocessing,88.0,83,52,77
Andrea Landry,Data Visualization with Matplotlib,60.0,53,61,68
Andrea Landry,Data Ethics,83.0,78,84,86
Andrea Landry,React,52.0,80,65,69
Andrea Landry,SEO Fundamentals,85.0,57,74,81
Andrea Landry,E-commerce Development Basics,58.0,100,86,80
Andrea Landry,Unreal Engine Basics,50.0,54,57,63
Andrea Landry,Node.js,78.0,100,80,85
Andrea Landry,Brand Management Online,100.0,56,55,80
Andrea Landry,Automating Cloud Deployments,99.0,65,91,93
Andrea Landry,Usability Testing,57.0,68,84,76
Andrea Landry,Financial Reporting Standards,79.0,100,100,93
Ronald Lee,Data Analysis with Pandas,84.0,52,68,78
Ronald Lee,Data Cleaning & Preprocessing,93.0,90,100,97
Ronald Lee,Data Visualization with Matplotlib,61.0,57,85,77
Ronald Lee,Data Ethics,84.0,95,93,91
Ronald Lee,Data Analysis for Business Decisions,91.0,75,83,88
Ronald Lee,Cryptography Basics,64.0,100,80,80
Ronald Lee,Change Management Strategies,95.0,90,57,82
Ronald Lee,Labor Laws and Compliance,63.0,81,97,84
Ronald Lee,Deep Learning with TensorFlow,100.0,91,68,88
Ronald Lee,Risk Analysis and Management,74.0,54,58,72
Ronald Lee,RESTful Services,54.0,70,59,67
Ronald Lee,Talent Acquisition Strategies,84.0,92,80,87
Ronald Lee,AI in Healthcare,56.0,62,53,64
Ronald Lee,Budgeting for Projects,93.0,97,53,81
Megan Fox,Data Visualization with Matplotlib,52.0,86,83,76
Megan Fox,Data Ethics,93.0,70,93,92
Megan Fox,Data Analysis with Pandas,85.0,67,76,83
Megan Fox,Data Cleaning & Preprocessing,79.0,80,98,90
Megan Fox,Data Analysis for Business Decisions,95.0,91,62,84
Megan Fox,Content Management Systems (CMS),67.0,56,73,75
Megan Fox,App Monetization Strategies,84.0,59,89,86
Megan Fox,Digital Sales Techniques,53.0,71,80,74
Megan Fox,Ethics in AI,72.0,77,65,76
Megan Fox,Introduction to DevOps,59.0,72,99,82
Megan Fox,Mobile App Design,79.0,59,84,83
Megan Fox,Continuous Integration and Delivery,76.0,61,75,79
Megan Fox,Customer Service Skills for IT,60.0,68,90,79
Megan Fox,Introduction to Business Analysis,93.0,81,97,95
Megan Fox,Cross-Platform Development with Flutter,53.0,86,90,79
Ronald Holloway,Data Ethics,51.0,70,53,63
Ronald Holloway,Data Visualization with Matplotlib,50.0,66,53,63
Ronald Holloway,Data Analysis with Pandas,57.0,80,72,73
Ronald Holloway,Data Cleaning & Preprocessing,77.0,95,77,83
Ronald Holloway,Data Analysis for Business Decisions,77.0,64,83,82
Ronald Holloway,Introduction to UI/UX Design,72.0,70,93,85
Ronald Holloway,Conversion Rate Optimization,77.0,69,78,81
Ronald Holloway,Closing Sales Strategies,75.0,99,94,89
Ronald Holloway,Hardware Repair Skills,53.0,89,68,71
Ronald Holloway,Brand Management Online,79.0,91,95,90
Ronald Holloway,Customer Service Excellence,79.0,72,57,75
Ronald Holloway,Email Marketing Basics,52.0,58,66,67
Joseph Medina,Data Ethics,88.0,91,86,90
Joseph Medina,Data Visualization with Matplotlib,95.0,82,96,95
Joseph Medina,Data Analysis for Business Decisions,91.0,69,67,82
Joseph Medina,Data Cleaning & Preprocessing,73.0,67,75,78
Joseph Medina,Data Analysis with Pandas,66.0,99,63,75
Joseph Medina,Hardware Repair Skills,61.0,59,96,81
Joseph Medina,Introduction to Machine Learning,62.0,70,86,79
Joseph Medina,Security Awareness for IT Support,87.0,76,80,86
Joseph Medina,Malware Analysis,83.0,54,88,85
Joseph Medina,Blockchain Use Cases,76.0,53,75,78
Adrian Haas,Data Analysis with Pandas,82.0,63,93,88
Adrian Haas,Data Analysis for Business Decisions,54.0,72,98,80
Adrian Haas,Data Cleaning & Preprocessing,82.0,50,66,77
Adrian Haas,Data Visualization with Matplotlib,92.0,58,67,81
Adrian Haas,Data Ethics,81.0,95,50,75
Adrian Haas,Introduction to Business Analysis,64.0,51,78,75
Adrian Haas,Conflict Resolution in HR,61.0,69,60,69
Adrian Haas,Google Cloud Platform Essentials,64.0,63,96,82
Adrian Haas,HR Technology Tools,94.0,53,94,91
Adrian Haas,Virtual Reality Development,79.0,76,99,90
Adrian Haas,Microservices in Cloud,50.0,67,52,62
Adrian Haas,Consensus Algorithms,82.0,86,69,81
Paul Ortiz,Data Analysis with Pandas,78.0,56,56,72
Paul Ortiz,Data Analysis for Business Decisions,63.0,96,58,72
Paul Ortiz,Data Cleaning & Preprocessing,98.0,57,57,80
Paul Ortiz,Data Ethics,75.0,61,72,78
Paul Ortiz,Data Visualization with Matplotlib,75.0,91,81,84
Paul Ortiz,Troubleshooting Techniques,91.0,59,62,79
Paul Ortiz,Blockchain Security,67.0,57,74,75
Paul Ortiz,Business Case Development,92.0,68,55,78
Paul Ortiz,Presentation Skills for Sales,55.0,99,68,73
Paul Ortiz,3D Game Development,82.0,94,99,93
Paul Ortiz,JavaScript Frameworks Overview,58.0,97,84,79
Leslie Hall,Data Cleaning & Preprocessing,73.0,62,73,77
Leslie Hall,Data Analysis with Pandas,71.0,88,53,72
Leslie Hall,Data Visualization with Matplotlib,88.0,72,66,81
Leslie Hall,Data Ethics,57.0,80,52,66
Leslie Hall,Web Accessibility Standards,85.0,84,73,84
Leslie Hall,Sales Analytics,55.0,64,88,76
Leslie Hall,Statistical Analysis,62.0,57,84,77
Leslie Hall,Collaboration Tools in DevOps,73.0,88,59,75
Leslie Hall,Editing and Proofreading Techniques,95.0,82,54,80
Leslie Hall,Ethics in AI,80.0,85,60,78
Leslie Hall,Automating Cloud Deployments,59.0,84,63,71
Leslie Hall,SEO Fundamentals,87.0,60,91,88
Leslie Hall,Content Management Systems (CMS),94.0,78,88,91
Leslie Hall,Security Awareness for IT Support,50.0,70,57,64
Leslie Hall,Content Promotion Strategies,94.0,57,77,86
Kimberly Johnson,Data Analysis for Business Decisions,66.0,87,86,82
Kimberly Johnson,Data Visualization with Matplotlib,79.0,55,64,76
Kimberly Johnson,Data Cleaning & Preprocessing,88.0,71,51,76
Kimberly Johnson,Data Ethics,81.0,69,71,80
Kimberly Johnson,Data Analysis with Pandas,68.0,58,90,81
Kimberly Johnson,Introduction to Blockchain,60.0,74,83,77
Kimberly Johnson,Design Thinking Process,91.0,72,66,82
Kimberly Johnson,Personal Finance Skills,79.0,87,59,77
Kimberly Johnson,Infrastructure as Code,55.0,82,87,78
Kimberly Johnson,Quality Management,73.0,80,78,81
Kimberly Johnson,Azure Basics,79.0,64,75,80
Kimberly Johnson,Visual Design Basics,66.0,83,68,75
Kimberly Johnson,Networking Basics,90.0,55,81,85
Kimberly Johnson,ITIL Foundations,59.0,64,67,70
Gregory Williams,Data Analysis for Business Decisions,53.0,63,90,76
Gregory Williams,Data Ethics,58.0,82,56,68
Gregory Williams,Data Visualization with Matplotlib,74.0,72,97,87
Gregory Williams,Data Analysis with Pandas,56.0,88,80,76
Gregory Williams,Data Cleaning & Preprocessing,54.0,57,55,64
Gregory Williams,Vulnerability Assessment,82.0,62,76,82
Gregory Williams,Introduction to Finance,79.0,93,75,83
Gregory Williams,Multiplayer Game Development,55.0,78,57,67
Gregory Williams,Introduction to AI,92.0,58,52,76
Gregory Williams,Predictive Analytics,94.0,90,61,83
Gregory Williams,Progressive Web Apps (PWAs),89.0,52,100,91
Gregory Williams,User Interface Design for Mobile Apps,61.0,74,78,76
Benjamin Watts,Data Cleaning & Preprocessing,82.0,72,56,76
Benjamin Watts,Data Visualization with Matplotlib,88.0,68,56,77
Benjamin Watts,Data Ethics,51.0,87,98,81
Benjamin Watts,Data Analysis for Business Decisions,63.0,96,81,80
Benjamin Watts,Data Analysis with Pandas,77.0,90,91,88
Benjamin Watts,Decentralized Applications (DApps),79.0,99,85,87
Benjamin Watts,Risk Management in Cybersecurity,85.0,89,84,88
Benjamin Watts,Introduction to Human Resources,98.0,90,69,87
Benjamin Watts,Usability Testing,74.0,88,83,84
Benjamin Watts,Communication Skills for Project Managers,79.0,70,56,74
Hannah Mcguire,Data Analysis with Pandas,76.0,53,50,69
Hannah Mcguire,Data Visualization with Matplotlib,87.0,95,50,77
Hannah Mcguire,Data Ethics,73.0,83,62,76
Hannah Mcguire,Data Cleaning & Preprocessing,80.0,66,72,80
Hannah Mcguire,Data Analysis for Business Decisions,75.0,51,57,71
Hannah Mcguire,Web Accessibility Standards,88.0,87,79,87
Hannah Mcguire,Social Media Marketing,93.0,58,98,93
Hannah Mcguire,API Development,51.0,69,57,65
Hannah Mcguire,Cryptocurrency Fundamentals,74.0,98,94,89
Hannah Mcguire,Business Case Development,77.0,53,63,74
Hannah Mcguire,Infrastructure as Code,57.0,88,66,72
Hannah Mcguire,Computer Vision Applications,85.0,99,66,83
Hannah Mcguire,AI in IoT,56.0,81,93,80
Hannah Mcguire,Talent Acquisition Strategies,58.0,79,88,79
Steven Wagner,Data Analysis with Pandas,81.0,53,82,82
Steven Wagner,Data Visualization with Matplotlib,65.0,87,53,70
Steven Wagner,Data Ethics,60.0,88,92,82
Steven Wagner,Data Analysis for Business Decisions,51.0,56,62,65
Steven Wagner,Data Cleaning & Preprocessing,66.0,81,88,82
Steven Wagner,Labor Laws and Compliance,77.0,92,66,79
Steven Wagner,Risk Management in Finance,74.0,91,93,88
Steven Wagner,App Monetization Strategies,79.0,51,75,79
Steven Wagner,Malware Analysis,87.0,67,73,83
Steven Wagner,Automating Cloud Deployments,94.0,91,53,81
Steven Wagner,Monitoring and Logging,98.0,89,64,86
Steven Wagner,Game Design Principles,75.0,62,60,73
Steven Wagner,Design Thinking Process,71.0,60,59,72
Steven Wagner,Editing and Proofreading Techniques,99.0,93,60,85
Steven Wagner,Risk Management in Cybersecurity,76.0,76,84,84
Michelle Chapman,Data Analysis for Business Decisions,78.0,60,50,71
Michelle Chapman,Data Ethics,97.0,52,71,84
Michelle Chapman,Data Visualization with Matplotlib,84.0,94,91,91
Michelle Chapman,Data Cleaning & Preprocessing,62.0,78,61,71
Michelle Chapman,Data Analysis with Pandas,69.0,98,61,75
Michelle Chapman,Web Accessibility Standards,54.0,74,80,74
Michelle Chapman,Microservices in Cloud,65.0,79,50,68
Michelle Chapman,Reinforcement Learning,98.0,80,50,80
Michelle Chapman,Malware Analysis,61.0,86,51,68
Michelle Chapman,Customer Service Skills for IT,81.0,84,97,91
Michelle Chapman,Introduction to Machine Learning,96.0,66,77,87
Michelle Chapman,Video Production Basics,88.0,61,71,82
Michelle Chapman,Ethereum Development,66.0,76,90,82
Michelle Chapman,Security Awareness for IT Support,54.0,85,60,68
Daniel Hunter,Data Analysis for Business Decisions,81.0,95,98,92
Daniel Hunter,Data Analysis with Pandas,84.0,92,91,90
Daniel Hunter,Data Ethics,74.0,54,67,75
Daniel Hunter,Data Cleaning & Preprocessing,65.0,52,52,66
Daniel Hunter,Data Visualization with Matplotlib,59.0,100,56,70
Daniel Hunter,MongoDB,51.0,59,83,73
Daniel Hunter,DevOps in the Cloud,83.0,71,50,74
Daniel Hunter,Negotiation Techniques,61.0,57,97,81
Daniel Hunter,Email Marketing Basics,92.0,96,59,82
Daniel Hunter,Mobile Testing Strategies,76.0,58,74,78
Daniel Hunter,Change Management Strategies,93.0,88,71,86
Daniel Hunter,Introduction to Blockchain,85.0,76,94,90
Daniel Hunter,Introduction to Machine Learning,54.0,58,85,74
John Ponce,Data Analysis for Business Decisions,57.0,98,98,84
John Ponce,Data Visualization with Matplotlib,72.0,77,82,82
John Ponce,Data Ethics,78.0,78,52,73
John Ponce,Data Cleaning & Preprocessing,59.0,62,51,65
John Ponce,Data Analysis with Pandas,60.0,90,83,79
John Ponce,HTML & CSS,81.0,54,62,75
John Ponce,Cryptocurrency Fundamentals,86.0,63,92,89
John Ponce,Blockchain Use Cases,70.0,66,78,78
John Ponce,Social Media Marketing,57.0,81,53,67
John Ponce,Multiplayer Game Development,89.0,73,78,86
John Ponce,Container Orchestration with Kubernetes,59.0,92,51,68
John Ponce,DevOps in the Cloud,69.0,80,68,76
John Ponce,Virtual Reality Development,70.0,88,64,76
John Ponce,Cloud Cost Management,93.0,63,95,92
John Ponce,Introduction to Human Resources,53.0,99,95,82
Jennifer Hill,Data Ethics,96.0,63,60,81
Jennifer Hill,Data Analysis with Pandas,74.0,71,83,82
Jennifer Hill,Data Analysis for Business Decisions,69.0,70,66,74
Jennifer Hill,Data Visualization with Matplotlib,66.0,81,92,83
Jennifer Hill,Data Cleaning & Preprocessing,65.0,50,81,76
Jennifer Hill,Machine Learning Basics,81.0,94,61,79
Jennifer Hill,SWOT Analysis for Business,81.0,92,68,81
Jennifer Hill,Cryptography Basics,92.0,64,72,84
Jennifer Hill,HR Analytics,61.0,71,59,69
Jennifer Hill,Ethics in AI,62.0,56,92,80
Jennifer Hill,API Integration in Mobile Apps,78.0,93,56,76
Jennifer Hill,Agile Project Management,67.0,53,75,75
Jennifer Hill,JavaScript Basics,88.0,64,72,82
Jennifer Hill,Cloud Support Fundamentals,84.0,57,73,81
Jennifer Hill,Requirements Gathering Techniques,83.0,50,93,87
Sarah Holland,Data Analysis for Business Decisions,96.0,64,90,92
Sarah Holland,Data Visualization with Matplotlib,55.0,90,50,66
Sarah Holland,Data Analysis with Pandas,67.0,61,96,83
Sarah Holland,Data Ethics,80.0,91,95,90
Sarah Holland,Data Cleaning & Preprocessing,93.0,87,84,91
Sarah Holland,Remote Support Techniques,82.0,75,83,85
Sarah Holland,Virtual Reality Development,78.0,100,87,88
Sarah Holland,Natural Language Processing,61.0,57,52,65
Sarah Holland,Azure Basics,100.0,66,81,90
Sarah Holland,Cryptography Basics,51.0,94,53,66
Sarah Holland,Computer Vision Basics,82.0,99,73,84
Sarah Holland,Financial Planning and Forecasting,98.0,64,100,96
Sarah Holland,React,96.0,70,73,86
Sarah Holland,Progressive Web Apps (PWAs),58.0,83,59,69
Sarah Holland,Responsive Web Design,54.0,81,54,66
Jennifer Molina,Data Visualization with Matplotlib,53.0,83,65,70
Jennifer Molina,Data Analysis with Pandas,52.0,94,94,80
Jennifer Molina,Data Cleaning & Preprocessing,94.0,77,88,91
Jennifer Molina,Data Analysis for Business Decisions,75.0,87,84,84
Jennifer Molina,Data Ethics,91.0,52,80,85
Jennifer Molina,Change Management,50.0,97,76,74
Jennifer Molina,Conflict Resolution in HR,73.0,68,84,82
Jennifer Molina,SEO Fundamentals,56.0,83,53,66
Jennifer Molina,Tokenomics,93.0,71,51,77
Jennifer Molina,AWS Fundamentals,72.0,69,86,82
Jennifer Molina,Speech Recognition Technologies,85.0,63,86,86
Jennifer Molina,AI in IoT,88.0,98,91,92
Jennifer Molina,Time Series Analysis,53.0,59,96,78
Jennifer Molina,Video Production Basics,52.0,61,84,74
Madison Graves,Data Analysis for Business Decisions,81.0,50,94,86
Madison Graves,Data Ethics,85.0,65,93,89
Madison Graves,Data Analysis with Pandas,82.0,76,56,76
Madison Graves,Data Cleaning & Preprocessing,79.0,67,87,85
Madison Graves,Data Visualization with Matplotlib,85.0,98,53,78
Madison Graves,SWOT Analysis for Business,95.0,58,97,93
Madison Graves,SEO for Content Creators,98.0,99,84,94
Madison Graves,Social Media Marketing,100.0,56,66,84
Madison Graves,Reinforcement Learning,74.0,76,55,73
Madison Graves,Risk Analysis and Management,87.0,56,58,76
Madison Graves,Performance Management Systems,87.0,54,62,78
Madison Graves,Publishing Mobile Apps,62.0,75,77,76
Madison Graves,Introduction to Machine Learning,77.0,86,87,86
Madison Graves,Sales Fundamentals,52.0,97,86,78
Madison Graves,Cryptocurrency Fundamentals,50.0,71,81,73
Reginald Burton,Data Analysis with Pandas,84.0,81,77,84
Reginald Burton,Data Visualization with Matplotlib,75.0,61,92,85
Reginald Burton,Data Cleaning & Preprocessing,68.0,92,87,83
Reginald Burton,Data Ethics,59.0,51,61,67
Reginald Burton,Data Analysis for Business Decisions,65.0,86,100,86
Reginald Burton,Node.js,98.0,62,52,79
Reginald Burton,Cross-Platform Development with Flutter,52.0,63,59,65
Reginald Burton,SWOT Analysis for Business,92.0,50,68,81
Reginald Burton,Project Management Tools Overview,77.0,51,100,87
Reginald Burton,Investing Fundamentals,71.0,61,92,83
Cristina Rogers,Data Cleaning & Preprocessing,58.0,100,98,85
Cristina Rogers,Data Analysis for Business Decisions,85.0,62,53,74
Cristina Rogers,Data Ethics,68.0,83,94,85
Cristina Rogers,Data Analysis with Pandas,61.0,77,75,75
Cristina Rogers,Data Visualization with Matplotlib,55.0,95,68,73
Cristina Rogers,SEO for Content Creators,84.0,65,82,85
Cristina Rogers,Usability Testing,75.0,70,70,78
Cristina Rogers,Design Tools Overview,97.0,74,69,86
Cristina Rogers,Game Testing Techniques,69.0,93,80,81
Cristina Rogers,Interaction Design Principles,50.0,94,94,80
Mary Carpenter,Data Analysis for Business Decisions,65.0,78,87,81
Mary Carpenter,Data Visualization with Matplotlib,51.0,79,77,73
Mary Carpenter,Data Analysis with Pandas,90.0,56,96,91
Mary Carpenter,Data Ethics,79.0,60,84,83
Mary Carpenter,Data Cleaning & Preprocessing,98.0,93,92,96
Mary Carpenter,Introduction to Human Resources,68.0,98,72,79
Mary Carpenter,Change Management Strategies,92.0,76,52,78
Mary Carpenter,iOS Development Basics,81.0,51,97,87
Mary Carpenter,Ethics in AI,97.0,53,69,83
Mary Carpenter,Time Management for Sales,59.0,80,74,75
Mary Carpenter,HR Technology Tools,86.0,99,90,92
Mary Carpenter,Labor Laws and Compliance,65.0,65,80,77
Mary Carpenter,Content Strategy Development,96.0,95,50,81
Mary Carpenter,Design Tools Overview,62.0,95,93,84
Zachary Allen,Data Visualization with Matplotlib,57.0,79,61,69
Zachary Allen,Data Analysis with Pandas,68.0,92,55,72
Zachary Allen,Data Analysis for Business Decisions,70.0,99,80,82
Zachary Allen,Data Cleaning & Preprocessing,70.0,65,73,77
Zachary Allen,Data Ethics,62.0,64,66,71
Zachary Allen,Change Management Strategies,91.0,61,81,86
Zachary Allen,Visual Design Basics,84.0,63,66,79
Zachary Allen,Content Strategy Development,83.0,54,96,88
Zachary Allen,Diversity and Inclusion Initiatives,84.0,67,83,85
Zachary Allen,API Development,50.0,51,70,67
Edward Ortega,Data Analysis for Business Decisions,84.0,99,60,80
Edward Ortega,Data Visualization with Matplotlib,63.0,52,89,78
Edward Ortega,Data Cleaning & Preprocessing,90.0,89,51,78
Edward Ortega,Data Ethics,100.0,82,57,83
Edward Ortega,Data Analysis with Pandas,70.0,91,67,77
Edward Ortega,Change Management Strategies,52.0,71,98,80
Edward Ortega,Understanding Financial Markets,50.0,78,53,64
Edward Ortega,HR Technology Tools,79.0,83,93,88
Edward Ortega,Security in Cloud Computing,67.0,64,72,75
Edward Ortega,Introduction to Machine Learning,98.0,61,92,93
Edward Ortega,Cloud Support Fundamentals,76.0,59,60,74
Edward Ortega,Infrastructure as Code,83.0,51,63,76
Rachel Brown,Data Analysis with Pandas,56.0,71,55,66
Rachel Brown,Data Cleaning & Preprocessing,74.0,96,84,85
Rachel Brown,Data Ethics,52.0,98,59,69
Rachel Brown,Data Visualization with Matplotlib,92.0,62,67,82
Rachel Brown,Express.js,73.0,100,58,76
Rachel Brown,Closing Sales Strategies,58.0,80,69,72
Rachel Brown,Predictive Analytics,64.0,96,96,86
Rachel Brown,Unity Basics,61.0,72,64,71
Rachel Brown,Deployment of ML Models,51.0,97,53,66
Rachel Brown,SWOT Analysis for Business,66.0,86,75,78
Paul Johnson,Data Visualization with Matplotlib,66.0,59,76,76
Paul Johnson,Data Analysis for Business Decisions,53.0,77,75,72
Paul Johnson,Data Ethics,97.0,78,89,93
Paul Johnson,Data Analysis with Pandas,52.0,94,94,80
Paul Johnson,Data Cleaning & Preprocessing,59.0,82,87,79
Paul Johnson,HTML & CSS,79.0,92,96,90
Paul Johnson,Git & GitHub,68.0,98,68,77
Paul Johnson,Stakeholder Management,100.0,69,64,84
Paul Johnson,Affiliate Marketing,80.0,73,94,88
Paul Johnson,Requirements Gathering Techniques,64.0,81,83,80
Alexander Armstrong,Data Cleaning & Preprocessing,54.0,66,79,73
Alexander Armstrong,Data Visualization with Matplotlib,84.0,59,93,88
Alexander Armstrong,Data Analysis for Business Decisions,61.0,77,90,81
Alexander Armstrong,Data Analysis with Pandas,62.0,71,54,68
Alexander Armstrong,Data Ethics,100.0,50,84,89
Alexander Armstrong,Diversity and Inclusion Initiatives,99.0,63,90,92
Alexander Armstrong,Natural Language Processing Techniques,61.0,86,67,73
Alexander Armstrong,Mobile App Design,81.0,69,93,88
Alexander Armstrong,Web Performance Optimization,58.0,70,63,69
Alexander Armstrong,DevOps in the Cloud,90.0,75,67,82
Alexander Armstrong,RESTful Services,83.0,85,63,80
Alexander Armstrong,Risk Management in Projects,64.0,92,72,77
Alexander Armstrong,Sales Fundamentals,65.0,98,69,77
Alexander Armstrong,Introduction to DevOps,52.0,80,87,77
Erin Mcdaniel,Data Analysis with Pandas,70.0,64,88,82
Erin Mcdaniel,Data Analysis for Business Decisions,55.0,72,91,78
Erin Mcdaniel,Data Ethics,97.0,96,96,97
Erin Mcdaniel,Data Visualization with Matplotlib,57.0,61,92,78
Erin Mcdaniel,Data Cleaning & Preprocessing,90.0,56,88,88
Erin Mcdaniel,Mobile App Security,99.0,53,73,85
Erin Mcdaniel,Cloud Security Best Practices,89.0,70,98,92
Erin Mcdaniel,Deployment of ML Models,60.0,68,50,65
Erin Mcdaniel,Web Accessibility Standards,99.0,71,77,89
Erin Mcdaniel,Publishing Mobile Apps,55.0,96,57,69
Lisa Simpson,Data Visualization with Matplotlib,92.0,84,88,91
Lisa Simpson,Data Ethics,72.0,87,56,74
Lisa Simpson,Data Analysis for Business Decisions,73.0,93,92,87
Lisa Simpson,Data Cleaning & Preprocessing,80.0,63,58,75
Lisa Simpson,Data Analysis with Pandas,63.0,50,80,75
Lisa Simpson,iOS Development Basics,99.0,95,88,95
Lisa Simpson,Computer Vision Basics,89.0,61,70,82
Lisa Simpson,Introduction to AI,78.0,81,82,84
Lisa Simpson,User Research Techniques,59.0,85,62,71
Lisa Simpson,Game Testing Techniques,95.0,52,95,92
Riley Smith,Data Analysis with Pandas,69.0,77,84,81
Riley Smith,Data Visualization with Matplotlib,54.0,93,65,71
Riley Smith,Data Analysis for Business Decisions,77.0,59,95,86
Riley Smith,Data Ethics,68.0,52,52,67
Riley Smith,Data Cleaning & Preprocessing,87.0,52,52,74
Riley Smith,Time Series Analysis,65.0,76,65,73
Riley Smith,Big Data with Spark,62.0,85,79,78
Riley Smith,Cryptography Basics,60.0,96,69,75
Riley Smith,Graphic Design Basics for Content,55.0,73,58,67
Riley Smith,Frontend Development Basics,73.0,79,55,73
Riley Smith,Ethical Hacking Basics,52.0,68,69,69
Riley Smith,React,52.0,76,85,76
Riley Smith,Node.js,70.0,57,80,78
Riley Smith,Training and Development,96.0,61,53,78
Cynthia Scott,Data Visualization with Matplotlib,64.0,70,50,67
Cynthia Scott,Data Cleaning & Preprocessing,68.0,54,80,77
Cynthia Scott,Data Analysis for Business Decisions,66.0,98,90,84
Cynthia Scott,Data Ethics,85.0,81,92,90
Cynthia Scott,Data Analysis with Pandas,80.0,80,51,74
Cynthia Scott,Express.js,89.0,84,85,89
Cynthia Scott,Reinforcement Learning Techniques,52.0,100,76,75
Cynthia Scott,Speech Recognition Technologies,86.0,70,83,86
Cynthia Scott,Change Management Strategies,82.0,68,97,89
Cynthia Scott,Change Management,90.0,88,100,95
Carol Huber,Data Analysis with Pandas,91.0,91,81,89
Carol Huber,Data Visualization with Matplotlib,79.0,54,74,79
Carol Huber,Data Cleaning & Preprocessing,86.0,55,51,73
Carol Huber,Data Analysis for Business Decisions,59.0,80,93,81
Carol Huber,Data Ethics,89.0,96,73,86
Carol Huber,AI in Healthcare,65.0,87,61,73
Carol Huber,Agile Project Management,72.0,81,76,80
Carol Huber,Building Customer Relationships,54.0,78,60,68
Carol Huber,Understanding Consumer Behavior,54.0,66,78,73
Carol Huber,MongoDB,62.0,78,91,81
Carol Huber,Budgeting for Projects,90.0,76,75,85
Carol Huber,User Interface Design for Mobile Apps,84.0,82,100,93
Carol Huber,Financial Reporting Standards,85.0,100,84,89
Carol Huber,Introduction to Content Creation,67.0,53,98,83
Makayla Austin,Data Ethics,94.0,79,64,83
Makayla Austin,Data Visualization with Matplotlib,57.0,63,62,68
Makayla Austin,Data Cleaning & Preprocessing,99.0,71,98,96
Makayla Austin,Data Analysis for Business Decisions,67.0,88,84,82
Makayla Austin,Performance Optimization for Mobile Apps,83.0,92,86,88
Makayla Austin,App Monetization Strategies,84.0,99,99,94
Makayla Austin,Collaboration Tools in DevOps,80.0,77,86,86
Makayla Austin,Project Management Basics,84.0,73,76,83
Makayla Austin,RESTful Services,73.0,69,78,80
Makayla Austin,Web Application Security,99.0,73,77,89
Makayla Austin,Labor Laws and Compliance,100.0,99,62,87
Daniel Anderson,Data Analysis for Business Decisions,59.0,70,63,70
Daniel Anderson,Data Analysis with Pandas,64.0,51,82,76
Daniel Anderson,Data Ethics,84.0,67,56,76
Daniel Anderson,Data Visualization with Matplotlib,62.0,90,70,75
Daniel Anderson,Data Cleaning & Preprocessing,57.0,79,50,65
Daniel Anderson,Social Media Marketing,81.0,93,96,91
Daniel Anderson,Video Production Basics,98.0,91,100,98
Daniel Anderson,AWS Fundamentals,75.0,53,59,72
Daniel Anderson,Content Marketing Strategies,99.0,96,71,89
Daniel Anderson,Ethics in AI,93.0,89,97,95
Daniel Anderson,Budgeting Basics,72.0,94,56,74
Daniel Anderson,DevOps in the Cloud,95.0,51,88,89
Daniel Anderson,MongoDB,72.0,52,75,77
Brandon Walter,Data Visualization with Matplotlib,60.0,57,68,70
Brandon Walter,Data Cleaning & Preprocessing,85.0,72,88,88
Brandon Walter,Data Analysis for Business Decisions,80.0,65,96,88
Brandon Walter,Data Ethics,84.0,64,86,86
Brandon Walter,Data Analysis with Pandas,61.0,57,85,77
Brandon Walter,Labor Laws and Compliance,63.0,97,98,86
Brandon Walter,Reinforcement Learning,53.0,56,97,78
Brandon Walter,Publishing Mobile Apps,63.0,56,64,70
Brandon Walter,Financial Reporting Standards,97.0,86,58,83
Brandon Walter,Remote Support Techniques,84.0,65,58,76
Tamara Young,Data Analysis for Business Decisions,60.0,73,62,70
Tamara Young,Data Cleaning & Preprocessing,80.0,71,63,77
Tamara Young,Data Ethics,92.0,92,62,83
Tamara Young,Data Analysis with Pandas,78.0,76,100,90
Tamara Young,Data Visualization with Matplotlib,80.0,78,97,90
Tamara Young,Talent Acquisition Strategies,53.0,58,93,77
Tamara Young,Web Performance Optimization,75.0,91,91,87
Tamara Young,Podcasting Fundamentals,68.0,73,73,77
Tamara Young,Labor Laws and Compliance,57.0,55,60,66
Tamara Young,Communication Skills for Project Managers,99.0,51,89,91
Tamara Young,Introduction to Human Resources,55.0,92,53,67
Tamara Young,Vulnerability Assessment,77.0,96,99,91
Tamara Young,Budgeting for Projects,84.0,79,97,91
Amanda Nicholson,Data Analysis with Pandas,53.0,67,52,63
Amanda Nicholson,Data Cleaning & Preprocessing,74.0,73,98,87
Amanda Nicholson,Data Visualization with Matplotlib,69.0,78,85,82
Amanda Nicholson,Data Ethics,89.0,79,87,90
Amanda Nicholson,Data Analysis for Business Decisions,96.0,88,57,82
Amanda Nicholson,Operating Systems Overview,86.0,66,93,89
Amanda Nicholson,Introduction to Content Creation,90.0,81,58,80
Amanda Nicholson,iOS Development Basics,83.0,56,70,79
Amanda Nicholson,Investing Fundamentals,81.0,97,63,80
Amanda Nicholson,Affiliate Marketing,53.0,91,94,81
Amanda Nicholson,Version Control with Git,84.0,100,55,79
Amanda Nicholson,Infrastructure as Code,96.0,61,67,83
Jessica White,Data Analysis for Business Decisions,55.0,96,87,79
Jessica White,Data Ethics,59.0,78,88,79
Jessica White,Data Analysis with Pandas,60.0,73,100,83
Jessica White,Data Cleaning & Preprocessing,77.0,70,79,82
Jessica White,Data Visualization with Matplotlib,83.0,73,56,76
Jessica White,AI in Healthcare,77.0,96,59,77
Jessica White,Business Case Development,88.0,75,89,89
Jessica White,Unsupervised Learning,93.0,96,61,84
Jessica White,Container Orchestration with Kubernetes,89.0,68,68,82
Jessica White,Unreal Engine Basics,60.0,80,63,71
Jessica White,Model Evaluation,83.0,81,92,89
Jessica White,Risk Management in Projects,98.0,79,56,82
Jessica White,Decentralized Applications (DApps),53.0,61,84,74
Brittany Robinson,Data Analysis with Pandas,77.0,91,72,81
Brittany Robinson,Data Visualization with Matplotlib,65.0,86,86,81
Brittany Robinson,Data Ethics,76.0,62,54,72
Brittany Robinson,Data Analysis for Business Decisions,94.0,84,61,83
Brittany Robinson,Data Cleaning & Preprocessing,70.0,59,80,78
Brittany Robinson,Digital Sales Techniques,68.0,87,75,79
Brittany Robinson,AI for Business,61.0,94,82,79
Brittany Robinson,Sales Fundamentals,51.0,81,51,64
Brittany Robinson,User Interface Design for Mobile Apps,99.0,92,51,82
Brittany Robinson,Smart Contracts Development,90.0,72,53,77
Brittany Robinson,Email Marketing Basics,94.0,87,56,81
Brittany Robinson,Diversity and Inclusion Initiatives,85.0,53,93,88
Brittany Robinson,Visual Design Basics,77.0,100,90,88
Brittany Robinson,Graphic Design Basics for Content,100.0,74,77,89
Brandon Morris,Data Analysis with Pandas,74.0,85,69,79
Brandon Morris,Data Visualization with Matplotlib,54.0,73,65,69
Brandon Morris,Data Cleaning & Preprocessing,99.0,54,92,92
Brandon Morris,Data Analysis for Business Decisions,95.0,79,82,90
Brandon Morris,Data Ethics,62.0,97,65,74
Brandon Morris,Design Tools Overview,88.0,91,69,84
Brandon Morris,Labor Laws and Compliance,80.0,98,93,90
Brandon Morris,MongoDB,67.0,77,62,73
Brandon Morris,Decentralized Applications (DApps),63.0,52,74,73
Brandon Morris,DevOps in the Cloud,98.0,72,88,92
Brandon Morris,Blogging for Beginners,81.0,92,77,84
Brandon Morris,Content Management Systems (CMS),84.0,50,99,89
Brandon Morris,Sales Analytics,70.0,81,95,86
Max Atkins,Data Ethics,71.0,96,89,86
Max Atkins,Data Cleaning & Preprocessing,90.0,54,57,77
Max Atkins,Data Analysis with Pandas,75.0,96,74,82
Max Atkins,Data Visualization with Matplotlib,93.0,85,99,96
Max Atkins,Data Analysis for Business Decisions,81.0,69,83,84
Max Atkins,Deep Learning with TensorFlow,67.0,96,71,78
Max Atkins,ITIL Foundations,93.0,97,93,95
Max Atkins,Brand Management Online,61.0,89,54,69
Max Atkins,Speech Recognition Technologies,63.0,55,72,73
Max Atkins,Incident Response,64.0,99,58,73
Max Atkins,Risk Management in Cybersecurity,67.0,60,86,80
Sarah Patterson,Data Visualization with Matplotlib,84.0,87,96,92
Sarah Patterson,Data Analysis with Pandas,85.0,70,80,85
Sarah Patterson,Data Analysis for Business Decisions,71.0,85,50,71
Sarah Patterson,Data Cleaning & Preprocessing,59.0,83,71,74
Sarah Patterson,Data Ethics,84.0,63,90,87
Sarah Patterson,Usability Testing,97.0,96,58,84
Sarah Patterson,Blockchain Security,71.0,86,63,75
Sarah Patterson,Introduction to Human Resources,84.0,79,76,84
Sarah Patterson,Tokenomics,86.0,66,91,89
Sarah Patterson,Talent Acquisition Strategies,68.0,83,54,71
Sarah Patterson,App Monetization Strategies,68.0,91,89,84
Sarah Patterson,Backend Development Fundamentals,94.0,69,63,82
Sarah Patterson,Sales Analytics,50.0,94,89,78
Sarah Patterson,Frontend Development Basics,82.0,56,95,88
Sarah Patterson,Presentation Skills for Business Analysts,52.0,51,89,74
Terry Hanna,Data Analysis for Business Decisions,72.0,74,76,79
Terry Hanna,Data Cleaning & Preprocessing,61.0,71,93,81
Terry Hanna,Data Analysis with Pandas,86.0,79,76,85
Terry Hanna,Data Ethics,69.0,62,100,85
Terry Hanna,Data Visualization with Matplotlib,65.0,56,95,82
Terry Hanna,Monitoring and Logging,52.0,75,95,79
Terry Hanna,Brand Management Online,100.0,81,72,88
Terry Hanna,Sales Analytics,53.0,96,92,80
Terry Hanna,Git & GitHub,98.0,94,50,81
Terry Hanna,Responsive Design Principles,78.0,50,77,79
Terry Hanna,iOS Development Basics,74.0,72,100,88
Terry Hanna,Performance Management Systems,85.0,51,73,80
Terry Hanna,Agile Methodologies,76.0,94,94,89
Terry Hanna,Closing Sales Strategies,98.0,92,72,89
Elizabeth Schmidt,Data Analysis for Business Decisions,95.0,71,78,88
Elizabeth Schmidt,Data Cleaning & Preprocessing,68.0,80,84,81
Elizabeth Schmidt,Data Visualization with Matplotlib,74.0,69,56,72
Elizabeth Schmidt,Data Analysis with Pandas,52.0,71,100,80
Elizabeth Schmidt,Data Ethics,76.0,58,80,80
Elizabeth Schmidt,Training and Development,94.0,73,62,82
Elizabeth Schmidt,Model Evaluation,57.0,87,59,69
Elizabeth Schmidt,Email Marketing Basics,96.0,65,60,81
Elizabeth Schmidt,Hyperledger Basics,68.0,95,95,87
Elizabeth Schmidt,Decentralized Applications (DApps),61.0,92,96,84
Blake Reyes,Data Analysis for Business Decisions,62.0,71,72,74
Blake Reyes,Data Analysis with Pandas,53.0,77,85,76
Blake Reyes,Data Cleaning & Preprocessing,57.0,90,71,74
Blake Reyes,Data Ethics,97.0,54,84,89
Blake Reyes,Data Visualization with Matplotlib,85.0,53,95,88
Blake Reyes,Time Series Analysis,85.0,79,62,79
Blake Reyes,Customer Service Skills for IT,58.0,64,79,74
Blake Reyes,Introduction to Content Creation,95.0,66,79,88
Blake Reyes,Affiliate Marketing,72.0,91,73,80
Blake Reyes,Visual Design Basics,69.0,56,81,78
Blake Reyes,Game Design Principles,51.0,97,86,78
Blake Reyes,Budgeting for Projects,83.0,62,63,77
Blake Reyes,Digital Sales Techniques,61.0,94,73,76
Blake Reyes,Project Management Basics,62.0,90,69,75
Blake Reyes,Blockchain Use Cases,91.0,52,99,92
Ryan Wolf,Data Analysis with Pandas,80.0,69,75,81
Ryan Wolf,Data Cleaning & Preprocessing,98.0,81,93,95
Ryan Wolf,Data Analysis for Business Decisions,88.0,77,83,88
Ryan Wolf,Data Visualization with Matplotlib,92.0,89,100,96
Ryan Wolf,Data Ethics,66.0,75,86,81
Ryan Wolf,Machine Learning Basics,97.0,73,82,90
Ryan Wolf,SEO Best Practices,57.0,80,58,68
Ryan Wolf,Security Awareness for IT Support,61.0,60,70,72
Ryan Wolf,Web Performance Optimization,97.0,78,99,96
Ryan Wolf,Usability Testing,96.0,88,59,83
Ryan Wolf,Web Accessibility Standards,67.0,84,96,85
Ryan Wolf,Google Cloud Platform Essentials,59.0,73,66,71
Ryan Wolf,Introduction to Machine Learning,52.0,67,74,71
Ryan Wolf,Ethical Hacking Basics,87.0,100,69,85
Matthew Johnson,Data Analysis for Business Decisions,76.0,61,88,83
Matthew Johnson,Data Analysis with Pandas,89.0,78,70,83
Matthew Johnson,Data Ethics,81.0,67,85,85
Matthew Johnson,Data Cleaning & Preprocessing,100.0,90,50,82
Matthew Johnson,Data Visualization with Matplotlib,52.0,66,87,75
Matthew Johnson,Closing Sales Strategies,57.0,83,82,77
Matthew Johnson,Agile Methodologies,67.0,79,67,75
Matthew Johnson,Financial Planning and Forecasting,98.0,93,61,85
Matthew Johnson,Computer Vision Applications,76.0,92,52,74
Matthew Johnson,Business Case Development,52.0,58,50,62
Jesus James,Data Visualization with Matplotlib,65.0,79,90,82
Jesus James,Data Cleaning & Preprocessing,79.0,98,71,82
Jesus James,Data Analysis for Business Decisions,84.0,64,98,90
Jesus James,Data Analysis with Pandas,92.0,77,83,89
Jesus James,Model Evaluation,60.0,58,97,81
Jesus James,Brand Management Online,51.0,65,85,74
Jesus James,Change Management,57.0,85,91,80
Jesus James,HR Technology Tools,69.0,84,88,83
Jesus James,Diversity and Inclusion Initiatives,55.0,90,88,79
Jesus James,Machine Learning Basics,84.0,72,100,92
Jesus James,Networking Basics,91.0,90,65,84
Jesus James,App Monetization Strategies,91.0,75,58,80
Kathleen Mccarthy,Data Cleaning & Preprocessing,93.0,54,66,81
Kathleen Mccarthy,Data Analysis for Business Decisions,82.0,99,77,86
Kathleen Mccarthy,Data Visualization with Matplotlib,94.0,98,74,89
Kathleen Mccarthy,Data Ethics,72.0,71,75,79
Kathleen Mccarthy,Cryptography Basics,95.0,87,98,96
Kathleen Mccarthy,Budgeting for Projects,76.0,68,75,80
Kathleen Mccarthy,Git & GitHub,90.0,70,81,87
Kathleen Mccarthy,Collaboration Tools in DevOps,81.0,65,90,86
Kathleen Mccarthy,Introduction to Blockchain,91.0,75,65,82
Kathleen Mccarthy,Mobile App Security,79.0,91,68,81
Kathleen Mccarthy,Virtual Reality Development,51.0,96,96,81
Kathleen Mccarthy,Web Performance Optimization,85.0,77,56,77
Kathleen Mccarthy,Security in Cloud Computing,78.0,64,67,77
Kathleen Mccarthy,Stakeholder Management,84.0,73,91,89
Kathleen Mccarthy,Requirements Gathering Techniques,65.0,63,51,67
Valerie Lawrence,Data Cleaning & Preprocessing,76.0,59,72,78
Valerie Lawrence,Data Ethics,73.0,97,60,76
Valerie Lawrence,Data Visualization with Matplotlib,50.0,51,70,67
Valerie Lawrence,Data Analysis with Pandas,91.0,96,67,85
Valerie Lawrence,Data Analysis for Business Decisions,86.0,78,86,88
Valerie Lawrence,Big Data with Spark,76.0,73,62,76
Valerie Lawrence,Container Orchestration with Kubernetes,53.0,72,58,66
Valerie Lawrence,Building Customer Relationships,66.0,87,71,77
Valerie Lawrence,Risk Management in Projects,98.0,75,88,93
Valerie Lawrence,Business Process Modeling,100.0,77,78,90
Valerie Lawrence,2D Game Development,91.0,60,69,82
Valerie Lawrence,Tokenomics,84.0,66,57,76
Valerie Lawrence,Graphic Design Basics for Content,51.0,71,51,63
Jocelyn Peterson,Data Cleaning & Preprocessing,53.0,87,65,70
Jocelyn Peterson,Data Analysis with Pandas,68.0,83,79,80
Jocelyn Peterson,Data Visualization with Matplotlib,92.0,70,98,94
Jocelyn Peterson,Data Analysis for Business Decisions,56.0,67,86,76
Jocelyn Peterson,Data Ethics,76.0,51,69,76
Jocelyn Peterson,Deep Learning Fundamentals,90.0,72,65,81
Jocelyn Peterson,Backend Development Fundamentals,60.0,78,73,74
Jocelyn Peterson,Malware Analysis,50.0,66,90,76
Jocelyn Peterson,Introduction to Human Resources,75.0,92,86,86
Jocelyn Peterson,Security in Cloud Computing,75.0,85,52,73
Jocelyn Peterson,Natural Language Processing Techniques,80.0,94,95,91
Jocelyn Peterson,Deployment of ML Models,78.0,95,90,88
Brenda Koch,Data Ethics,51.0,53,79,71
Brenda Koch,Data Visualization with Matplotlib,67.0,76,87,82
Brenda Koch,Data Analysis with Pandas,77.0,82,62,77
Brenda Koch,Data Analysis for Business Decisions,78.0,77,98,89
Brenda Koch,Data Cleaning & Preprocessing,77.0,86,81,84
Brenda Koch,Understanding Financial Markets,88.0,96,81,89
Brenda Koch,Project Scheduling Techniques,87.0,78,69,82
Brenda Koch,Model Evaluation,71.0,74,65,75
Brenda Koch,Responsive Web Design,72.0,68,98,86
Brenda Koch,Predictive Analytics,67.0,51,80,77
Brenda Koch,SEO Best Practices,52.0,65,85,74
Brenda Koch,AI in Robotics,84.0,65,53,74
Brenda Koch,Diversity and Inclusion Initiatives,58.0,63,82,75
Brenda Koch,Influencer Marketing,60.0,72,77,75
Paul Aguilar,Data Cleaning & Preprocessing,62.0,61,71,73
Paul Aguilar,Data Ethics,72.0,74,95,86
Paul Aguilar,Data Analysis with Pandas,94.0,100,58,83
Paul Aguilar,Data Analysis for Business Decisions,89.0,54,92,89
Paul Aguilar,Data Visualization with Matplotlib,52.0,78,87,76
Paul Aguilar,Employee Engagement Techniques,50.0,85,61,67
Paul Aguilar,AI for Business,73.0,97,68,79
Paul Aguilar,Introduction to AI,50.0,74,64,67
Paul Aguilar,Introduction to Content Creation,67.0,56,77,76
Paul Aguilar,Introduction to Blockchain,55.0,53,100,80
Paul Aguilar,Mobile Testing Strategies,92.0,87,95,94
Joan Lewis,Data Ethics,97.0,96,56,83
Joan Lewis,Data Cleaning & Preprocessing,69.0,54,84,79
Joan Lewis,Data Visualization with Matplotlib,82.0,98,91,90
Joan Lewis,Data Analysis for Business Decisions,90.0,50,77,83
Joan Lewis,Data Analysis with Pandas,58.0,93,70,74
Joan Lewis,Incident Response,65.0,53,96,82
Joan Lewis,HR Technology Tools,79.0,57,91,85
Joan Lewis,Social Media Content Creation,98.0,54,85,89
Joan Lewis,Penetration Testing,57.0,90,80,77
Joan Lewis,Android Development Basics,77.0,61,99,88
Joan Lewis,Machine Learning Basics,59.0,59,65,69
Joan Lewis,Model Evaluation,51.0,55,69,68
Joan Lewis,Introduction to Machine Learning,80.0,93,64,80
Joan Lewis,Speech Recognition Technologies,78.0,97,78,84
Adam Perez,Data Cleaning & Preprocessing,72.0,81,99,88
Adam Perez,Data Analysis for Business Decisions,72.0,77,97,87
Adam Perez,Data Analysis with Pandas,92.0,87,69,85
Adam Perez,Data Visualization with Matplotlib,64.0,69,59,70
Adam Perez,Data Ethics,73.0,100,59,76
Adam Perez,Training and Development,71.0,90,97,88
Adam Perez,Talent Acquisition Strategies,98.0,64,98,95
Adam Perez,Monitoring and Logging,65.0,78,55,70
Adam Perez,Machine Learning Basics,69.0,84,85,82
Adam Perez,Business Case Development,78.0,50,75,79
Michael Hartman,Data Analysis for Business Decisions,63.0,82,51,68
Michael Hartman,Data Visualization with Matplotlib,84.0,63,80,84
Michael Hartman,Data Ethics,65.0,50,51,66
Michael Hartman,Data Analysis with Pandas,82.0,98,56,78
Michael Hartman,Data Cleaning & Preprocessing,50.0,68,92,76
Michael Hartman,Security Awareness for IT Support,79.0,80,79,83
Michael Hartman,Financial Analysis Techniques,96.0,59,90,91
Michael Hartman,Graphic Design Basics for Content,74.0,99,68,80
Michael Hartman,API Integration in Mobile Apps,82.0,80,90,88
Michael Hartman,Introduction to Machine Learning,90.0,73,52,77
Michael Hartman,Social Media Content Creation,91.0,65,96,92
Michael Hartman,HTML & CSS,66.0,53,94,81
Michael Hartman,Statistical Analysis,67.0,50,66,72
Mckenzie Terrell,Data Cleaning & Preprocessing,53.0,56,72,69
Mckenzie Terrell,Data Ethics,83.0,89,62,80
Mckenzie Terrell,Data Analysis with Pandas,82.0,65,60,76
Mckenzie Terrell,Data Visualization with Matplotlib,93.0,70,51,77
Mckenzie Terrell,Data Analysis for Business Decisions,87.0,54,85,86
Mckenzie Terrell,Corporate Finance Essentials,97.0,66,64,83
Mckenzie Terrell,Configuration Management with Ansible,68.0,72,80,79
Mckenzie Terrell,Computer Vision Basics,65.0,71,89,81
Mckenzie Terrell,Wireframing and Prototyping,65.0,69,100,85
Mckenzie Terrell,Penetration Testing,66.0,88,53,70
Mckenzie Terrell,Virtual Reality Development,86.0,57,100,91
Mckenzie Terrell,3D Game Development,52.0,57,88,75
Mckenzie Terrell,Backend Development Fundamentals,82.0,64,54,74
Mckenzie Terrell,SEO for Content Creators,100.0,85,100,98
Jason Mack,Data Analysis with Pandas,56.0,52,88,76
Jason Mack,Data Analysis for Business Decisions,66.0,60,53,68
Jason Mack,Data Cleaning & Preprocessing,73.0,91,85,84
Jason Mack,Data Ethics,93.0,54,75,84
Jason Mack,Data Visualization with Matplotlib,76.0,86,64,78
Jason Mack,Microservices in Cloud,71.0,99,93,87
Jason Mack,Cloud Security Best Practices,77.0,69,96,87
Jason Mack,Hyperledger Basics,79.0,80,87,86
Jason Mack,Game Testing Techniques,93.0,90,75,88
Jason Mack,Ethics in AI,53.0,80,50,64
Jason Mack,React,75.0,52,60,72
Jason Mack,Deep Learning with TensorFlow,65.0,66,83,78
Jason Mack,Change Management Strategies,70.0,97,57,74
Jason Mack,Corporate Finance Essentials,50.0,63,51,62
Jason Mack,Blockchain Use Cases,60.0,56,98,81
Jackie Davis,Data Visualization with Matplotlib,74.0,94,97,89
Jackie Davis,Data Cleaning & Preprocessing,93.0,65,50,77
Jackie Davis,Data Ethics,95.0,72,86,91
Jackie Davis,Data Analysis for Business Decisions,91.0,69,52,77
Jackie Davis,Data Analysis with Pandas,85.0,64,72,81
Jackie Davis,Visual Design Basics,73.0,91,53,73
Jackie Davis,Digital Sales Techniques,64.0,52,80,76
Jackie Davis,Web Application Security,64.0,60,50,66
Jackie Davis,Natural Language Processing Techniques,88.0,75,87,89
Jackie Davis,HR Technology Tools,76.0,76,86,84
Jackie Davis,Game Monetization Strategies,81.0,73,79,83
Jackie Davis,Node.js,58.0,87,77,76
Rachel Johnson,Data Visualization with Matplotlib,61.0,74,92,81
Rachel Johnson,Data Analysis for Business Decisions,71.0,97,81,83
Rachel Johnson,Data Ethics,87.0,91,96,93
Rachel Johnson,Data Cleaning & Preprocessing,99.0,65,87,92
Rachel Johnson,Data Analysis with Pandas,86.0,54,60,76
Rachel Johnson,Responsive Web Design,75.0,76,100,89
Rachel Johnson,Model Evaluation,57.0,83,80,76
Rachel Johnson,Introduction to IT Support,67.0,83,97,86
Rachel Johnson,Analytics for Marketers,67.0,99,83,82
Rachel Johnson,Cloud Security Best Practices,71.0,53,97,84
Rachel Johnson,Introduction to Business Analysis,83.0,56,88,85
Rachel Johnson,Cryptocurrency Fundamentals,81.0,97,57,78
Rachel Johnson,Training and Development,64.0,99,60,73
Rachel Johnson,Change Management,54.0,80,96,80
Martha Vargas,Data Analysis with Pandas,59.0,85,58,69
Martha Vargas,Data Cleaning & Preprocessing,63.0,83,80,78
Martha Vargas,Data Analysis for Business Decisions,95.0,96,53,81
Martha Vargas,Data Ethics,70.0,60,51,68
Martha Vargas,Data Visualization with Matplotlib,74.0,66,61,74
Martha Vargas,Containerization with Docker,84.0,57,89,86
Martha Vargas,iOS Development Basics,99.0,77,68,86
Martha Vargas,Natural Language Processing,81.0,88,59,78
Martha Vargas,Customer Service Excellence,83.0,75,93,89
Martha Vargas,Financial Reporting Standards,57.0,77,94,81
Robert Wood,Data Visualization with Matplotlib,98.0,74,95,95
Robert Wood,Data Analysis for Business Decisions,94.0,54,94,91
Robert Wood,Data Ethics,53.0,67,68,69
Robert Wood,Data Cleaning & Preprocessing,62.0,84,100,85
Robert Wood,Data Analysis with Pandas,59.0,74,100,83
Robert Wood,HR Analytics,69.0,64,92,83
Robert Wood,Quality Management,94.0,55,88,89
Robert Wood,Ethereum Development,51.0,73,97,79
Robert Wood,Multiplayer Game Development,94.0,63,87,90
Robert Wood,Change Management Strategies,57.0,85,72,74
Robert Wood,Penetration Testing,100.0,100,56,85
Dawn Martinez,Data Analysis with Pandas,80.0,80,99,91
Dawn Martinez,Data Cleaning & Preprocessing,93.0,91,79,89
Dawn Martinez,Data Analysis for Business Decisions,57.0,89,61,70
Dawn Martinez,Data Visualization with Matplotlib,93.0,94,52,80
Dawn Martinez,Data Ethics,51.0,98,86,78
Dawn Martinez,Introduction to Business Analysis,70.0,72,60,73
Dawn Martinez,Diversity and Inclusion Initiatives,76.0,54,91,84
Dawn Martinez,Hardware Repair Skills,74.0,96,93,88
Dawn Martinez,API Development,77.0,90,54,75
Dawn Martinez,Containerization with Docker,75.0,67,89,84
Dawn Martinez,API Integration in Mobile Apps,91.0,69,85,88
Dawn Martinez,Introduction to UI/UX Design,85.0,75,95,90
Dawn Martinez,HTML & CSS,83.0,64,100,90
Jackson Flores,Data Analysis for Business Decisions,56.0,95,95,82
Jackson Flores,Data Analysis with Pandas,69.0,74,82,80
Jackson Flores,Data Visualization with Matplotlib,61.0,54,94,80
Jackson Flores,Data Ethics,91.0,58,55,77
Jackson Flores,Data Cleaning & Preprocessing,98.0,100,63,86
Jackson Flores,Sales Fundamentals,81.0,64,53,73
Jackson Flores,Customer Service Excellence,98.0,99,94,97
Jackson Flores,Introduction to DevOps,59.0,63,62,69
Jackson Flores,App Monetization Strategies,95.0,80,57,81
Jackson Flores,Introduction to Finance,63.0,69,88,80
Jackson Flores,Budgeting Basics,96.0,82,90,93
Jackson Flores,AI in Healthcare,83.0,66,53,74
Jackson Flores,Podcasting Fundamentals,74.0,72,52,71
Robert Anderson,Data Visualization with Matplotlib,63.0,97,56,71
Robert Anderson,Data Cleaning & Preprocessing,85.0,66,77,83
Robert Anderson,Data Analysis with Pandas,55.0,85,72,73
Robert Anderson,Data Analysis for Business Decisions,61.0,91,58,71
Robert Anderson,Data Ethics,77.0,94,50,74
Robert Anderson,Investing Fundamentals,74.0,88,100,90
Robert Anderson,E-commerce Development Basics,65.0,90,91,84
Robert Anderson,Business Process Modeling,76.0,83,98,89
Robert Anderson,Influencer Marketing,76.0,84,65,78
Robert Anderson,Risk Management in Cybersecurity,65.0,67,70,74
Robert Anderson,Incident Response,53.0,60,94,77
Robert Anderson,Continuous Integration and Delivery,94.0,64,61,81
Robert Anderson,Design Thinking Process,78.0,85,54,75
James Case,Data Analysis with Pandas,74.0,98,71,81
James Case,Data Cleaning & Preprocessing,75.0,94,93,88
James Case,Data Visualization with Matplotlib,57.0,52,84,75
James Case,Data Ethics,92.0,52,59,78
James Case,Data Analysis for Business Decisions,96.0,83,60,83
James Case,Building Customer Relationships,85.0,100,100,95
James Case,Sales Fundamentals,71.0,82,76,80
James Case,Responsive Design Principles,59.0,53,54,65
James Case,Stakeholder Management,93.0,88,69,85
James Case,Natural Language Processing Techniques,64.0,61,88,79
James Case,Penetration Testing,51.0,100,69,72
James Case,Malware Analysis,94.0,73,50,78
James Case,Container Orchestration with Kubernetes,79.0,88,83,85
James Case,Cryptocurrency Fundamentals,71.0,92,50,72
James Case,Game Monetization Strategies,77.0,98,73,82
John Mills,Data Cleaning & Preprocessing,50.0,85,58,66
John Mills,Data Analysis with Pandas,85.0,88,67,82
John Mills,Data Ethics,68.0,58,62,71
John Mills,Data Analysis for Business Decisions,62.0,91,59,71
John Mills,Data Visualization with Matplotlib,63.0,59,67,71
John Mills,Incident Response,52.0,97,58,68
John Mills,Security Awareness for IT Support,86.0,78,78,85
John Mills,Tokenomics,50.0,60,73,69
John Mills,Introduction to Content Creation,50.0,82,91,78
John Mills,Web Accessibility Standards,75.0,68,52,71
John Mills,2D Game Development,88.0,89,64,82
Melissa Chen,Data Analysis with Pandas,85.0,85,66,81
Melissa Chen,Data Analysis for Business Decisions,92.0,92,89,93
Melissa Chen,Data Visualization with Matplotlib,67.0,71,95,84
Melissa Chen,Data Cleaning & Preprocessing,96.0,93,72,88
Melissa Chen,Data Ethics,79.0,59,93,86
Melissa Chen,Agile Project Management,93.0,60,62,80
Melissa Chen,Container Orchestration with Kubernetes,80.0,73,75,82
Melissa Chen,User Research Techniques,50.0,85,99,81
Melissa Chen,Cloud Support Fundamentals,60.0,70,75,74
Melissa Chen,SEO Best Practices,63.0,55,60,69
Melissa Chen,Conflict Resolution in HR,87.0,76,68,82
Melissa Chen,Employee Engagement Techniques,99.0,61,97,95
Melissa Chen,Video Production Basics,88.0,77,69,83
Kyle Yoder,Data Cleaning & Preprocessing,92.0,74,71,84
Kyle Yoder,Data Visualization with Matplotlib,61.0,68,98,82
Kyle Yoder,Data Analysis for Business Decisions,67.0,57,79,77
Kyle Yoder,Data Analysis with Pandas,80.0,73,73,81
Kyle Yoder,Data Ethics,58.0,90,70,74
Kyle Yoder,Agile Methodologies,79.0,88,74,82
Kyle Yoder,AI in IoT,82.0,64,55,74
Kyle Yoder,Unsupervised Learning,57.0,50,92,77
Kyle Yoder,Cryptocurrency Fundamentals,91.0,86,88,91
Kyle Yoder,HR Analytics,64.0,95,78,79
Kyle Yoder,DevOps in the Cloud,50.0,100,92,80
Kyle Yoder,Introduction to UI/UX Design,85.0,69,53,75
Kyle Yoder,Natural Language Processing,76.0,76,58,74
Kyle Yoder,Version Control with Git,82.0,87,67,81
Kyle Yoder,Remote Support Techniques,91.0,98,60,83
Charles Lewis,Data Cleaning & Preprocessing,75.0,80,100,89
Charles Lewis,Data Ethics,53.0,86,97,81
Charles Lewis,Data Visualization with Matplotlib,54.0,77,94,80
Charles Lewis,Data Analysis with Pandas,59.0,98,66,74
Charles Lewis,Data Analysis for Business Decisions,69.0,94,85,83
Charles Lewis,Multiplayer Game Development,88.0,52,94,89
Charles Lewis,Backend Development Fundamentals,56.0,77,54,66
Charles Lewis,Agile Project Management,92.0,80,84,90
Charles Lewis,2D Game Development,68.0,78,65,74
Charles Lewis,MongoDB,84.0,94,84,88
Charles Lewis,SEO for Content Creators,52.0,79,62,68
Charles Lewis,Microservices in Cloud,95.0,58,75,85
Charles Lewis,Customer Service Excellence,59.0,80,80,77
Michele Keller,Data Analysis for Business Decisions,82.0,79,77,84
Michele Keller,Data Ethics,93.0,94,77,89
Michele Keller,Data Analysis with Pandas,74.0,90,97,89
Michele Keller,Data Visualization with Matplotlib,93.0,72,55,79
Michele Keller,Data Cleaning & Preprocessing,79.0,81,97,90
Michele Keller,Git & GitHub,80.0,74,93,88
Michele Keller,Introduction to Machine Learning,87.0,80,62,80
Michele Keller,Progressive Web Apps (PWAs),70.0,54,72,75
Michele Keller,Design Thinking Process,88.0,99,78,88
Michele Keller,Deployment & Hosting,85.0,92,51,77
Michele Keller,Blogging for Beginners,70.0,74,86,82
Michele Keller,Usability Testing,58.0,96,74,76
Michele Keller,Cryptocurrency Fundamentals,50.0,77,63,67
Rachel Cooley,Data Analysis with Pandas,95.0,100,62,85
Rachel Cooley,Data Visualization with Matplotlib,57.0,87,79,76
Rachel Cooley,Data Analysis for Business Decisions,100.0,94,52,83
Rachel Cooley,Data Ethics,66.0,75,69,75
Rachel Cooley,Data Cleaning & Preprocessing,55.0,75,96,80
Rachel Cooley,Security in Cloud Computing,67.0,57,52,67
Rachel Cooley,Responsive Web Design,82.0,58,88,85
Rachel Cooley,Agile Project Management,68.0,76,94,84
Rachel Cooley,Cross-Platform Development with Flutter,97.0,89,77,90
Rachel Cooley,Express.js,54.0,89,67,71
Luis Preston,Data Cleaning & Preprocessing,75.0,89,65,78
Luis Preston,Data Visualization with Matplotlib,71.0,67,89,83
Luis Preston,Data Analysis with Pandas,69.0,82,93,85
Luis Preston,Data Analysis for Business Decisions,55.0,63,70,70
Luis Preston,Data Ethics,88.0,97,58,81
Luis Preston,Ethics in AI,72.0,86,58,74
Luis Preston,Consensus Algorithms,87.0,65,85,87
Luis Preston,Change Management,56.0,93,53,67
Luis Preston,Editing and Proofreading Techniques,64.0,77,58,70
Luis Preston,Multiplayer Game Development,90.0,74,63,81
Luis Preston,Digital Sales Techniques,99.0,100,90,96
Matthew Davis,Data Analysis with Pandas,94.0,74,50,78
Matthew Davis,Data Ethics,85.0,61,71,81
Matthew Davis,Data Visualization with Matplotlib,87.0,96,50,78
Matthew Davis,Data Cleaning & Preprocessing,82.0,80,50,74
Matthew Davis,Data Analysis for Business Decisions,82.0,74,80,84
Matthew Davis,Mobile App Security,55.0,92,83,78
Matthew Davis,Sales Fundamentals,66.0,52,55,68
Matthew Davis,RESTful Services,76.0,68,52,72
Matthew Davis,Performance Management Systems,92.0,92,55,81
Matthew Davis,AI in IoT,80.0,100,55,77
Matthew Davis,Blockchain Security,75.0,72,65,76
Matthew Davis,Cloud Security Best Practices,82.0,90,89,89
Matthew Davis,Analytics for Marketers,100.0,93,52,82
Matthew Davis,Budgeting for Projects,97.0,84,78,90
George Williams,Data Visualization with Matplotlib,60.0,66,94,80
George Williams,Data Analysis with Pandas,54.0,74,96,80
George Williams,Data Analysis for Business Decisions,94.0,90,95,95
George Williams,Data Ethics,95.0,83,87,92
George Williams,Data Cleaning & Preprocessing,75.0,59,83,81
George Williams,Social Media Content Creation,86.0,70,68,81
George Williams,Graphic Design Basics for Content,71.0,82,83,82
George Williams,Sales Fundamentals,95.0,67,94,93
George Williams,Diversity and Inclusion Initiatives,58.0,54,82,74
George Williams,Cloud Support Fundamentals,91.0,66,65,81
George Williams,Responsive Design Principles,64.0,91,78,79
George Williams,Introduction to Content Creation,89.0,91,82,89
George Williams,Project Management Tools Overview,98.0,89,84,93
George Williams,Security Awareness for IT Support,58.0,75,96,81
George Williams,Introduction to Business Analysis,92.0,86,60,82
Amber Bennett,Data Ethics,80.0,81,57,76
Amber Bennett,Data Analysis for Business Decisions,62.0,67,52,67
Amber Bennett,Data Visualization with Matplotlib,90.0,87,64,83
Amber Bennett,Data Analysis with Pandas,97.0,84,74,88
Amber Bennett,Data Cleaning & Preprocessing,89.0,83,60,80
Amber Bennett,Project Management Tools Overview,66.0,78,54,70
Amber Bennett,Serverless Architecture,91.0,86,93,93
Amber Bennett,RESTful Services,72.0,91,92,86
Amber Bennett,Talent Acquisition Strategies,52.0,89,71,72
Amber Bennett,2D Game Development,98.0,74,65,84
Amber Bennett,Unreal Engine Basics,80.0,58,90,85
Amber Bennett,Natural Language Processing Techniques,81.0,84,59,77
Amber Bennett,Hyperledger Basics,67.0,96,57,73
Stephanie Carpenter,Data Cleaning & Preprocessing,51.0,87,61,68
Stephanie Carpenter,Data Visualization with Matplotlib,87.0,85,74,85
Stephanie Carpenter,Data Analysis for Business Decisions,57.0,90,85,79
Stephanie Carpenter,Data Ethics,75.0,85,86,85
Stephanie Carpenter,Data Analysis with Pandas,75.0,84,89,86
Stephanie Carpenter,Building Customer Relationships,62.0,96,58,72
Stephanie Carpenter,Monitoring and Logging,63.0,84,63,72
Stephanie Carpenter,Unity Basics,70.0,64,64,73
Stephanie Carpenter,HTML & CSS,98.0,63,57,81
Stephanie Carpenter,User Research Techniques,66.0,64,51,67
Stephanie Carpenter,AWS Fundamentals,59.0,72,89,79
Stephanie Carpenter,Reinforcement Learning Techniques,52.0,60,66,67
Stephanie Carpenter,Performance Management Systems,53.0,91,64,70
Angela Huff MD,Data Visualization with Matplotlib,83.0,88,88,89
Angela Huff MD,Data Analysis for Business Decisions,74.0,64,90,84
Angela Huff MD,Data Analysis with Pandas,91.0,90,79,88
Angela Huff MD,Data Ethics,79.0,53,86,83
Angela Huff MD,Data Cleaning & Preprocessing,65.0,93,73,78
Angela Huff MD,SEO for Content Creators,96.0,51,53,77
Angela Huff MD,Change Management Strategies,83.0,59,94,88
Angela Huff MD,Graphic Design Basics for Content,96.0,60,67,83
Angela Huff MD,Negotiation Techniques,62.0,100,86,82
Angela Huff MD,Introduction to AI,76.0,80,51,72
Mandy Wagner,Data Analysis for Business Decisions,74.0,52,71,76
Mandy Wagner,Data Cleaning & Preprocessing,93.0,81,65,83
Mandy Wagner,Data Analysis with Pandas,59.0,65,73,73
Mandy Wagner,Data Ethics,67.0,78,78,79
Mandy Wagner,JavaScript Frameworks Overview,97.0,89,53,81
Mandy Wagner,Diversity and Inclusion Initiatives,95.0,82,64,84
Mandy Wagner,SEO Best Practices,61.0,77,88,80
Mandy Wagner,Introduction to Game Development,70.0,60,69,75
Mandy Wagner,Corporate Finance Essentials,71.0,91,96,88
Mandy Wagner,DevOps in the Cloud,100.0,71,79,90
Mandy Wagner,Google Cloud Platform Essentials,67.0,90,62,74
Mandy Wagner,App Monetization Strategies,60.0,74,76,75
Mandy Wagner,Podcasting Fundamentals,80.0,85,81,85
Mark Mcconnell,Data Cleaning & Preprocessing,71.0,98,86,85
Mark Mcconnell,Data Analysis for Business Decisions,82.0,78,51,74
Mark Mcconnell,Data Visualization with Matplotlib,96.0,60,52,78
Mark Mcconnell,Data Ethics,77.0,68,73,79
Mark Mcconnell,Data Analysis with Pandas,67.0,58,92,81
Mark Mcconnell,Unity Basics,63.0,55,96,81
Mark Mcconnell,Web Accessibility Standards,86.0,89,97,93
Mark Mcconnell,Video Production Basics,96.0,62,78,87
Mark Mcconnell,3D Game Development,90.0,77,51,77
Mark Mcconnell,Introduction to Machine Learning,92.0,98,65,85
Mark Mcconnell,Penetration Testing,85.0,50,96,88
Mark Mcconnell,Stakeholder Management,83.0,97,58,79
Madison Oconnor,Data Analysis for Business Decisions,82.0,94,66,81
Madison Oconnor,Data Visualization with Matplotlib,77.0,98,85,86
Madison Oconnor,Data Cleaning & Preprocessing,96.0,88,83,91
Madison Oconnor,Data Analysis with Pandas,95.0,73,54,79
Madison Oconnor,Data Ethics,83.0,77,80,85
Madison Oconnor,HTML & CSS,72.0,62,87,82
Madison Oconnor,Introduction to Machine Learning,65.0,50,95,81
Madison Oconnor,Blockchain Use Cases,56.0,86,55,67
Madison Oconnor,Talent Acquisition Strategies,95.0,90,62,84
Madison Oconnor,Publishing Mobile Apps,58.0,71,61,69
Madison Oconnor,AI in IoT,75.0,86,63,77
Michael Weaver,Data Visualization with Matplotlib,67.0,79,55,71
Michael Weaver,Data Analysis with Pandas,98.0,51,59,80
Michael Weaver,Data Analysis for Business Decisions,98.0,79,86,92
Michael Weaver,Data Cleaning & Preprocessing,82.0,86,72,82
Michael Weaver,Cloud Support Fundamentals,81.0,88,89,88
Michael Weaver,Performance Management Systems,71.0,89,55,73
Michael Weaver,Express.js,86.0,84,67,82
Michael Weaver,Labor Laws and Compliance,81.0,55,93,86
Michael Weaver,Usability Testing,81.0,89,73,83
Michael Weaver,Social Media Marketing,50.0,64,75,70
Michael Weaver,Deployment & Hosting,79.0,91,67,80
Michael Weaver,Sales Analytics,52.0,72,53,64
Ashley Chavez,Data Analysis for Business Decisions,77.0,69,98,88
Ashley Chavez,Data Visualization with Matplotlib,90.0,61,93,90
Ashley Chavez,Data Ethics,93.0,54,60,79
Ashley Chavez,Data Analysis with Pandas,51.0,84,89,77
Ashley Chavez,Data Cleaning & Preprocessing,83.0,51,78,81
Ashley Chavez,Agile Project Management,62.0,92,78,78
Ashley Chavez,Deployment & Hosting,60.0,73,88,79
Ashley Chavez,Troubleshooting Techniques,94.0,65,84,89
Ashley Chavez,App Monetization Strategies,74.0,86,55,74
Ashley Chavez,Content Promotion Strategies,87.0,86,93,92
Ashley Chavez,Time Management for Sales,89.0,51,72,81
Ashley Chavez,Ethereum Development,55.0,92,99,83
Ashley Chavez,Content Marketing Strategies,55.0,81,84,77
Ashley Chavez,Introduction to Machine Learning,94.0,67,85,89
Amanda Booker MD,Data Cleaning & Preprocessing,58.0,90,58,70
Amanda Booker MD,Data Ethics,79.0,68,54,73
Amanda Booker MD,Data Analysis with Pandas,64.0,80,64,73
Amanda Booker MD,Data Analysis for Business Decisions,60.0,64,94,80
Amanda Booker MD,Data Visualization with Matplotlib,92.0,79,82,89
Amanda Booker MD,Security Awareness for IT Support,88.0,95,99,95
Amanda Booker MD,Risk Management in Projects,66.0,74,93,83
Amanda Booker MD,Predictive Analytics,78.0,81,97,89
Amanda Booker MD,Ethical Hacking Basics,63.0,73,61,71
Amanda Booker MD,Smart Contracts Development,70.0,97,70,79
Amanda Booker MD,Blockchain Security,99.0,73,69,86
Amanda Booker MD,Azure Basics,96.0,57,94,92
Amanda Booker MD,Deep Learning with TensorFlow,97.0,68,68,85
Amanda Booker MD,API Development,88.0,69,83,87
Amanda Booker MD,App Monetization Strategies,84.0,92,78,86
Lisa Edwards,Data Analysis with Pandas,98.0,65,88,92
Lisa Edwards,Data Visualization with Matplotlib,85.0,96,63,81
Lisa Edwards,Data Ethics,96.0,65,67,84
Lisa Edwards,Data Analysis for Business Decisions,76.0,91,98,90
Lisa Edwards,Data Cleaning & Preprocessing,57.0,60,82,75
Lisa Edwards,Project Scheduling Techniques,100.0,61,51,79
Lisa Edwards,Publishing Mobile Apps,74.0,64,89,83
Lisa Edwards,AI in Robotics,75.0,58,72,77
Lisa Edwards,Game Monetization Strategies,88.0,90,50,77
Lisa Edwards,Budgeting Basics,66.0,56,68,72
Lisa Edwards,Microservices in Cloud,55.0,78,69,71
Lisa Edwards,Podcasting Fundamentals,52.0,64,62,66
Lisa Edwards,Sales Fundamentals,79.0,92,56,76
Samantha Luna,Data Visualization with Matplotlib,55.0,58,81,73
Samantha Luna,Data Analysis with Pandas,94.0,96,73,88
Samantha Luna,Data Cleaning & Preprocessing,100.0,78,50,80
Samantha Luna,Data Ethics,96.0,60,75,86
Samantha Luna,Machine Learning Basics,66.0,71,68,74
Samantha Luna,Introduction to Cloud Computing,89.0,55,69,81
Samantha Luna,Networking Basics,52.0,60,64,67
Samantha Luna,Social Media Content Creation,57.0,96,77,76
Samantha Luna,Content Management Systems (CMS),85.0,76,59,78
Samantha Luna,Cryptography Basics,95.0,59,82,88
Samantha Luna,Node.js,89.0,93,69,85
Charles Huff,Data Cleaning & Preprocessing,98.0,54,87,90
Charles Huff,Data Visualization with Matplotlib,94.0,70,82,89
Charles Huff,Data Analysis with Pandas,81.0,89,89,88
Charles Huff,Data Analysis for Business Decisions,75.0,65,93,85
Charles Huff,Data Ethics,94.0,91,100,97
Charles Huff,Design Tools Overview,73.0,56,75,77
Charles Huff,Brand Management Online,98.0,53,62,81
Charles Huff,Deployment of ML Models,80.0,96,62,79
Charles Huff,Azure Basics,85.0,56,52,74
Charles Huff,React,89.0,99,59,82
Charles Huff,Time Series Analysis,72.0,96,79,82
Charles Huff,Visual Design Basics,50.0,64,75,70
Calvin Chavez,Data Cleaning & Preprocessing,56.0,70,86,77
Calvin Chavez,Data Visualization with Matplotlib,55.0,91,95,82
Calvin Chavez,Data Analysis with Pandas,78.0,61,61,75
Calvin Chavez,Data Ethics,63.0,80,70,75
Calvin Chavez,Data Analysis for Business Decisions,58.0,86,90,80
Calvin Chavez,Quality Management,93.0,79,79,88
Calvin Chavez,Blockchain Use Cases,92.0,78,50,77
Calvin Chavez,Content Marketing Strategies,78.0,92,76,83
Calvin Chavez,Vulnerability Assessment,79.0,72,95,88
Calvin Chavez,Analytics for Marketers,98.0,51,72,85
Matthew Brown MD,Data Visualization with Matplotlib,71.0,99,61,76
Matthew Brown MD,Data Cleaning & Preprocessing,83.0,98,91,91
Matthew Brown MD,Data Analysis for Business Decisions,69.0,68,67,74
Matthew Brown MD,Data Analysis with Pandas,68.0,65,70,75
Matthew Brown MD,Data Ethics,51.0,51,58,63
Matthew Brown MD,Android Development Basics,71.0,54,80,78
Matthew Brown MD,Affiliate Marketing,83.0,70,90,88
Matthew Brown MD,Monitoring and Logging,88.0,59,57,77
Matthew Brown MD,Penetration Testing,58.0,98,56,70
Matthew Brown MD,Design Thinking Process,75.0,76,84,83
Matthew Brown MD,SEO Best Practices,81.0,98,78,85
Matthew Brown MD,Reinforcement Learning Techniques,63.0,98,68,76
Matthew Brown MD,Python for Data Science,86.0,85,89,90
Matthew Brown MD,Content Promotion Strategies,75.0,77,94,87
Matthew Brown MD,Frontend Development Basics,86.0,52,75,82
Jason Morrow,Data Analysis with Pandas,79.0,86,56,76
Jason Morrow,Data Ethics,59.0,81,87,79
Jason Morrow,Data Cleaning & Preprocessing,88.0,58,96,90
Jason Morrow,Data Analysis for Business Decisions,87.0,56,57,76
Jason Morrow,Data Visualization with Matplotlib,87.0,76,97,92
Jason Morrow,Understanding Consumer Behavior,54.0,55,57,64
Jason Morrow,Game Testing Techniques,67.0,89,88,83
Jason Morrow,3D Game Development,90.0,81,62,81
Jason Morrow,iOS Development Basics,53.0,84,60,68
Jason Morrow,Web Application Security,76.0,65,65,76
Jason Morrow,Deployment & Hosting,58.0,68,91,79
Lisa Mcfarland,Data Cleaning & Preprocessing,54.0,63,93,78
Lisa Mcfarland,Data Analysis for Business Decisions,96.0,94,92,95
Lisa Mcfarland,Data Ethics,90.0,77,79,87
Lisa Mcfarland,Data Visualization with Matplotlib,77.0,70,94,87
Lisa Mcfarland,Data Analysis with Pandas,92.0,64,57,79
Lisa Mcfarland,Security in Cloud Computing,54.0,66,88,76
Lisa Mcfarland,Decentralized Applications (DApps),99.0,52,85,90
Lisa Mcfarland,Understanding Financial Markets,93.0,87,86,91
Lisa Mcfarland,Reinforcement Learning Techniques,73.0,59,82,80
Lisa Mcfarland,Risk Management in Cybersecurity,84.0,73,87,87
John Hill,Data Visualization with Matplotlib,58.0,73,68,71
John Hill,Data Ethics,61.0,100,70,76
John Hill,Data Analysis for Business Decisions,72.0,54,64,73
John Hill,Data Cleaning & Preprocessing,92.0,97,71,87
John Hill,Data Analysis with Pandas,78.0,89,75,82
John Hill,Understanding Financial Markets,65.0,99,50,70
John Hill,Version Control with Git,89.0,83,52,78
John Hill,Predictive Analytics,86.0,100,81,88
John Hill,Incident Response,62.0,64,97,82
John Hill,Project Management Basics,72.0,74,70,77
John Hill,Email Marketing Basics,74.0,87,82,83
John Hill,Ethereum Development,53.0,85,62,69
John Hill,Introduction to Finance,96.0,76,73,87
John Hill,Personal Finance Skills,65.0,59,89,80
Paul George,Data Ethics,83.0,68,77,83
Paul George,Data Cleaning & Preprocessing,80.0,92,66,80
Paul George,Data Analysis with Pandas,60.0,61,98,81
Paul George,Data Analysis for Business Decisions,71.0,51,53,68
Paul George,Data Visualization with Matplotlib,84.0,94,67,82
Paul George,Cross-Platform Development with Flutter,65.0,85,58,72
Paul George,Interaction Design Principles,87.0,54,77,83
Paul George,API Integration in Mobile Apps,60.0,70,84,77
Paul George,Natural Language Processing,67.0,76,85,81
Paul George,Business Process Modeling,92.0,78,86,90
Paul George,HR Technology Tools,94.0,98,56,82
Paul George,Web Accessibility Standards,62.0,71,85,79
Paul George,Reinforcement Learning Techniques,82.0,87,94,90
Connie Tran,Data Analysis with Pandas,76.0,90,94,88
Connie Tran,Data Cleaning & Preprocessing,52.0,100,87,79
Connie Tran,Data Analysis for Business Decisions,92.0,71,79,87
Connie Tran,Data Visualization with Matplotlib,86.0,81,91,90
Connie Tran,Data Ethics,51.0,98,82,76
Connie Tran,Stakeholder Analysis,100.0,59,52,79
Connie Tran,Natural Language Processing,89.0,55,99,91
Connie Tran,Affiliate Marketing,60.0,73,58,69
Connie Tran,Understanding Financial Markets,92.0,68,95,92
Connie Tran,3D Game Development,62.0,75,98,84
Connie Tran,Building Customer Relationships,64.0,84,70,75
Connie Tran,SEO Fundamentals,63.0,76,89,81
Connie Tran,Infrastructure as Code,98.0,92,72,89
Connie Tran,Collaboration Tools in DevOps,67.0,84,99,86
Connie Tran,Closing Sales Strategies,97.0,98,78,91
Steven Mercado,Data Analysis for Business Decisions,94.0,59,61,80
Steven Mercado,Data Visualization with Matplotlib,50.0,62,67,67
Steven Mercado,Data Cleaning & Preprocessing,51.0,56,61,65
Steven Mercado,Data Ethics,81.0,90,71,82
Steven Mercado,Financial Planning and Forecasting,61.0,57,98,81
Steven Mercado,Deep Learning Fundamentals,76.0,50,99,86
Steven Mercado,Risk Management in Cybersecurity,50.0,72,91,77
Steven Mercado,Cloud Cost Management,65.0,75,84,80
Steven Mercado,Introduction to DevOps,58.0,69,51,65
Steven Mercado,Influencer Marketing,85.0,91,98,93
Steven Mercado,SEO Best Practices,55.0,64,58,66
Elizabeth Curtis,Data Analysis for Business Decisions,68.0,70,64,73
Elizabeth Curtis,Data Visualization with Matplotlib,60.0,83,70,74
Elizabeth Curtis,Data Analysis with Pandas,90.0,74,83,88
Elizabeth Curtis,Data Cleaning & Preprocessing,97.0,62,72,85
Elizabeth Curtis,Data Ethics,97.0,56,83,89
Elizabeth Curtis,Project Scheduling Techniques,94.0,73,69,84
Elizabeth Curtis,Performance Optimization for Mobile Apps,71.0,84,91,85
Elizabeth Curtis,Cloud Support Fundamentals,88.0,91,68,84
Elizabeth Curtis,Web Performance Optimization,83.0,72,84,86
Elizabeth Curtis,DevOps in the Cloud,63.0,52,65,70
Elizabeth Curtis,Graphic Design Basics for Content,63.0,92,73,77
Elizabeth Curtis,Virtual Reality Development,69.0,83,81,81
Madison Morales,Data Analysis with Pandas,69.0,63,83,79
Madison Morales,Data Ethics,50.0,61,55,63
Madison Morales,Data Analysis for Business Decisions,61.0,62,74,73
Madison Morales,Data Cleaning & Preprocessing,96.0,96,53,82
Madison Morales,Data Visualization with Matplotlib,51.0,89,50,64
Madison Morales,Continuous Integration and Delivery,78.0,61,75,80
Madison Morales,Editing and Proofreading Techniques,70.0,50,87,80
Madison Morales,Hyperledger Basics,56.0,66,79,74
Madison Morales,Microservices in Cloud,57.0,81,83,77
Madison Morales,Network Security Fundamentals,52.0,100,63,70
Madison Morales,Understanding Consumer Behavior,54.0,51,73,70
Madison Morales,HR Analytics,72.0,85,50,71
Madison Morales,Express.js,96.0,99,55,83
Madison Morales,Consensus Algorithms,78.0,73,99,89
Kristin Estrada,Data Analysis with Pandas,62.0,97,76,78
Kristin Estrada,Data Analysis for Business Decisions,78.0,58,65,76
Kristin Estrada,Data Visualization with Matplotlib,55.0,82,61,69
Kristin Estrada,Data Cleaning & Preprocessing,78.0,63,85,83
Kristin Estrada,Data Ethics,91.0,94,70,86
Kristin Estrada,Budgeting Basics,85.0,86,87,89
Kristin Estrada,Predictive Analytics,85.0,69,88,87
Kristin Estrada,Personal Finance Skills,61.0,58,98,81
Kristin Estrada,AI in Healthcare,53.0,72,70,70
Kristin Estrada,AWS Fundamentals,81.0,70,83,84
Kristin Estrada,Hardware Repair Skills,95.0,60,90,91
Kristin Estrada,Financial Reporting Standards,53.0,92,69,72
Kristin Estrada,Agile Project Management,88.0,53,97,90
Kristin Estrada,Time Series Analysis,69.0,99,60,75
Anna Morgan,Data Analysis with Pandas,97.0,50,93,92
Anna Morgan,Data Visualization with Matplotlib,57.0,98,69,74
Anna Morgan,Data Analysis for Business Decisions,79.0,92,85,87
Anna Morgan,Data Ethics,82.0,68,63,78
Anna Morgan,Data Cleaning & Preprocessing,80.0,66,74,80
Anna Morgan,iOS Development Basics,95.0,89,97,96
Anna Morgan,Design Tools Overview,84.0,87,54,77
Anna Morgan,Android Development Basics,52.0,82,57,66
Anna Morgan,Configuration Management with Ansible,89.0,84,60,81
Anna Morgan,Customer Service Skills for IT,64.0,54,59,68
Anna Morgan,Stakeholder Analysis,63.0,88,78,78
Anna Morgan,Virtual Reality Development,61.0,84,95,83
Daniel Benton,Data Cleaning & Preprocessing,52.0,66,76,71
Daniel Benton,Data Analysis for Business Decisions,99.0,91,51,82
Daniel Benton,Data Ethics,63.0,73,63,71
Daniel Benton,Data Visualization with Matplotlib,79.0,100,91,90
Daniel Benton,Data Analysis with Pandas,72.0,92,91,86
Daniel Benton,Podcasting Fundamentals,75.0,67,94,86
Daniel Benton,Visual Design Basics,51.0,54,88,74
Daniel Benton,Ethics in AI,52.0,75,89,77
Daniel Benton,Mobile App Security,97.0,78,50,79
Daniel Benton,Blockchain Security,61.0,88,81,78
Justin Robinson,Data Analysis for Business Decisions,82.0,78,94,89
Justin Robinson,Data Analysis with Pandas,77.0,87,80,84
Justin Robinson,Data Cleaning & Preprocessing,97.0,84,54,81
Justin Robinson,Data Visualization with Matplotlib,75.0,60,56,72
Justin Robinson,Data Ethics,55.0,78,80,75
Justin Robinson,Labor Laws and Compliance,56.0,70,80,75
Justin Robinson,Statistical Analysis,52.0,88,60,68
Justin Robinson,Communication Skills for Project Managers,82.0,56,82,83
Justin Robinson,Customer Service Excellence,83.0,88,98,92
Justin Robinson,Personal Finance Skills,55.0,83,90,79
Justin Robinson,Unsupervised Learning,54.0,93,92,80
Justin Robinson,Introduction to IT Support,60.0,52,81,75
Justin Robinson,Corporate Finance Essentials,55.0,67,50,63
Justin Robinson,Deployment & Hosting,58.0,66,91,79
Michael Diaz,Data Ethics,53.0,89,64,70
Michael Diaz,Data Analysis for Business Decisions,90.0,65,58,78
Michael Diaz,Data Visualization with Matplotlib,99.0,55,82,89
Michael Diaz,Data Cleaning & Preprocessing,68.0,55,81,78
Michael Diaz,Data Analysis with Pandas,58.0,56,92,78
Michael Diaz,Risk Analysis and Management,89.0,84,74,85
Michael Diaz,Hardware Repair Skills,84.0,70,58,77
Michael Diaz,HTML & CSS,69.0,89,86,83
Michael Diaz,Presentation Skills for Business Analysts,64.0,83,94,84
Michael Diaz,Malware Analysis,97.0,63,92,92
Susan Wood,Data Cleaning & Preprocessing,87.0,55,53,74
Susan Wood,Data Visualization with Matplotlib,81.0,78,58,76
Susan Wood,Data Analysis with Pandas,80.0,65,92,87
Susan Wood,Data Analysis for Business Decisions,90.0,93,100,96
Susan Wood,Data Ethics,75.0,86,78,82
Susan Wood,Risk Management in Cybersecurity,94.0,94,59,83
Susan Wood,E-commerce Development Basics,68.0,84,50,70
Susan Wood,Web Performance Optimization,57.0,100,66,73
Susan Wood,Affiliate Marketing,65.0,97,80,80
Susan Wood,Reinforcement Learning,72.0,75,77,80
Susan Wood,Machine Learning Basics,84.0,65,62,78
John Fry,Data Analysis with Pandas,85.0,65,72,81
John Fry,Data Cleaning & Preprocessing,92.0,95,83,91
John Fry,Data Analysis for Business Decisions,100.0,95,77,91
John Fry,Data Visualization with Matplotlib,95.0,82,65,84
John Fry,Responsive Design Principles,56.0,91,65,71
John Fry,Introduction to Content Creation,92.0,61,57,78
John Fry,Mobile Testing Strategies,93.0,78,74,86
John Fry,Diversity and Inclusion Initiatives,95.0,60,85,89
John Fry,Presentation Skills for Sales,74.0,60,79,80
John Fry,Google Cloud Platform Essentials,100.0,91,61,85
John Fry,Affiliate Marketing,62.0,79,68,73
John Fry,Introduction to UI/UX Design,65.0,64,65,72
Kristen Kim,Data Analysis for Business Decisions,58.0,60,93,79
Kristen Kim,Data Cleaning & Preprocessing,89.0,73,80,86
Kristen Kim,Data Analysis with Pandas,64.0,85,84,80
Kristen Kim,Data Visualization with Matplotlib,70.0,64,83,80
Kristen Kim,Data Ethics,97.0,92,90,95
Kristen Kim,Blockchain Use Cases,54.0,76,76,73
Kristen Kim,HR Technology Tools,78.0,98,83,86
Kristen Kim,Continuous Integration and Delivery,86.0,74,56,77
Kristen Kim,Serverless Architecture,90.0,62,98,92
Kristen Kim,Web Accessibility Standards,82.0,65,85,85
Kristen Kim,Networking Basics,65.0,87,72,77
Kristen Kim,Social Media Content Creation,76.0,57,54,71
Kristen Kim,Training and Development,64.0,88,65,74
Kristen Kim,AI in Healthcare,52.0,64,76,71
Kristy Cooper,Data Visualization with Matplotlib,99.0,68,70,86
Kristy Cooper,Data Analysis with Pandas,65.0,69,74,76
Kristy Cooper,Data Analysis for Business Decisions,69.0,60,87,81
Kristy Cooper,Data Cleaning & Preprocessing,55.0,97,100,84
Kristy Cooper,Data Ethics,80.0,73,99,90
Kristy Cooper,Introduction to Content Creation,67.0,63,93,82
Kristy Cooper,Customer Service Skills for IT,60.0,95,66,74
Kristy Cooper,Introduction to Machine Learning,96.0,61,87,90
Kristy Cooper,HR Technology Tools,83.0,77,68,81
Kristy Cooper,Decentralized Applications (DApps),71.0,67,74,77
Kristy Cooper,2D Game Development,61.0,100,58,72
Kristy Cooper,Editing and Proofreading Techniques,70.0,84,63,75
Lauren Valencia,Data Ethics,96.0,100,82,92
Lauren Valencia,Data Cleaning & Preprocessing,73.0,61,70,76
Lauren Valencia,Data Visualization with Matplotlib,84.0,59,77,82
Lauren Valencia,Data Analysis for Business Decisions,97.0,81,78,89
Lauren Valencia,Data Analysis with Pandas,85.0,64,88,87
Lauren Valencia,Git & GitHub,73.0,55,51,69
Lauren Valencia,SEO Best Practices,94.0,78,56,80
Lauren Valencia,Content Strategy Development,73.0,56,62,73
Lauren Valencia,React,53.0,93,61,69
Lauren Valencia,Risk Management in Projects,59.0,92,63,72
Lauren Valencia,Social Media Marketing,90.0,52,96,90
Lauren Valencia,SWOT Analysis for Business,91.0,64,83,87
Lauren Valencia,Time Series Analysis,76.0,64,91,85
Julia Bush,Data Analysis for Business Decisions,67.0,58,63,71
Julia Bush,Data Ethics,99.0,87,87,94
Julia Bush,Data Cleaning & Preprocessing,69.0,81,72,77
Julia Bush,Data Analysis with Pandas,97.0,99,91,96
Julia Bush,Data Visualization with Matplotlib,78.0,98,59,78
Julia Bush,Deep Learning Fundamentals,90.0,97,65,84
Julia Bush,Android Development Basics,52.0,82,95,80
Julia Bush,Stakeholder Analysis,87.0,80,84,88
Julia Bush,Introduction to DevOps,69.0,62,79,78
Julia Bush,Responsive Design Principles,76.0,61,84,82
Julia Bush,Deep Learning with TensorFlow,82.0,85,65,80
Julia Bush,Ethics in AI,82.0,92,84,87
Julia Bush,Security in Cloud Computing,84.0,82,79,85
Julia Bush,Requirements Gathering Techniques,98.0,75,57,82
Sandra Reyes,Data Cleaning & Preprocessing,75.0,62,55,72
Sandra Reyes,Data Visualization with Matplotlib,79.0,62,62,76
Sandra Reyes,Data Analysis for Business Decisions,62.0,85,68,74
Sandra Reyes,Data Analysis with Pandas,60.0,97,76,77
Sandra Reyes,Data Ethics,85.0,95,62,81
Sandra Reyes,API Integration in Mobile Apps,99.0,60,66,84
Sandra Reyes,Project Scheduling Techniques,52.0,94,81,76
Sandra Reyes,Operating Systems Overview,98.0,90,92,96
Sandra Reyes,Diversity and Inclusion Initiatives,94.0,100,52,81
Sandra Reyes,React,91.0,59,71,83
Sandra Reyes,Incident Response,71.0,65,82,80
Sandra Reyes,Content Management Systems (CMS),87.0,73,50,75
Sandra Reyes,Monitoring and Logging,64.0,92,82,80
Sandra Reyes,Wireframing and Prototyping,67.0,81,55,71
Sandra Reyes,Web Accessibility Standards,81.0,69,70,80
Pamela Dennis,Data Cleaning & Preprocessing,80.0,69,60,76
Pamela Dennis,Data Visualization with Matplotlib,69.0,58,91,82
Pamela Dennis,Data Analysis with Pandas,89.0,87,60,81
Pamela Dennis,Data Analysis for Business Decisions,71.0,91,66,77
Pamela Dennis,Data Ethics,87.0,96,60,81
Pamela Dennis,Project Management Basics,66.0,93,62,74
Pamela Dennis,Conflict Resolution in HR,78.0,55,85,83
Pamela Dennis,AI in IoT,86.0,59,62,78
Pamela Dennis,iOS Development Basics,86.0,99,99,95
Pamela Dennis,React,66.0,72,79,78
Pamela Dennis,Configuration Management with Ansible,80.0,89,90,88
Pamela Dennis,Unreal Engine Basics,52.0,81,54,65
Pamela Dennis,Python for Data Science,79.0,52,88,84
Pamela Dennis,Social Media Marketing,74.0,70,70,77
Jennifer Reyes,Data Ethics,51.0,50,76,69
Jennifer Reyes,Data Cleaning & Preprocessing,55.0,61,76,72
Jennifer Reyes,Data Analysis for Business Decisions,88.0,66,83,86
Jennifer Reyes,Data Analysis with Pandas,52.0,93,51,65
Jennifer Reyes,Data Visualization with Matplotlib,91.0,68,96,92
Jennifer Reyes,Deep Learning with TensorFlow,87.0,79,73,84
Jennifer Reyes,DevOps in the Cloud,78.0,61,84,83
Jennifer Reyes,Frontend Development Basics,65.0,82,57,71
Jennifer Reyes,Virtual Reality Development,69.0,74,63,74
Jennifer Reyes,Model Evaluation,77.0,90,66,79
Jennifer Reyes,Containerization with Docker,87.0,72,52,76
Jennifer Reyes,Content Strategy Development,88.0,66,58,78
Jennifer Reyes,User Interface Design for Mobile Apps,56.0,62,71,71
James Moore,Data Analysis for Business Decisions,98.0,56,66,83
James Moore,Data Ethics,55.0,87,67,71
James Moore,Data Visualization with Matplotlib,91.0,57,98,92
James Moore,Data Cleaning & Preprocessing,88.0,50,78,83
James Moore,Data Analysis with Pandas,98.0,75,85,92
James Moore,Understanding Financial Markets,93.0,66,73,85
James Moore,Risk Management in Cybersecurity,91.0,60,94,91
James Moore,Infrastructure as Code,78.0,63,56,73
James Moore,Introduction to Finance,65.0,97,79,80
James Moore,Budgeting for Projects,92.0,90,80,89
James Moore,Communication Skills for Project Managers,66.0,98,53,71
James Moore,Mobile App Security,95.0,65,81,88
James Moore,Supervised Learning,65.0,56,56,68
Melissa Brown,Data Cleaning & Preprocessing,83.0,71,88,87
Melissa Brown,Data Analysis for Business Decisions,62.0,52,89,78
Melissa Brown,Data Ethics,79.0,92,87,87
Melissa Brown,Data Analysis with Pandas,62.0,61,58,68
Melissa Brown,Data Visualization with Matplotlib,75.0,74,85,83
Melissa Brown,Deployment & Hosting,99.0,100,95,98
Melissa Brown,AI in IoT,98.0,98,63,86
Melissa Brown,Podcasting Fundamentals,58.0,71,54,66
Melissa Brown,Social Media Content Creation,68.0,51,77,76
Melissa Brown,Tokenomics,79.0,67,87,85
Melissa Brown,Web Performance Optimization,60.0,60,57,67
Melissa Brown,Performance Management Systems,57.0,87,54,68
Melissa Brown,Reinforcement Learning,65.0,59,98,83
Melissa Brown,Sales Analytics,84.0,51,88,85
Jessica Simpson,Data Visualization with Matplotlib,56.0,75,94,80
Jessica Simpson,Data Analysis for Business Decisions,58.0,98,71,75
Jessica Simpson,Data Cleaning & Preprocessing,76.0,59,82,81
Jessica Simpson,Data Analysis with Pandas,60.0,80,73,75
Jessica Simpson,Data Ethics,61.0,76,95,82
Jessica Simpson,Affiliate Marketing,76.0,86,89,86
Jessica Simpson,Ethereum Development,82.0,69,65,78
Jessica Simpson,Cloud Cost Management,100.0,79,62,85
Jessica Simpson,Visual Design Basics,65.0,89,64,74
Jessica Simpson,Agile Methodologies,91.0,97,84,91
Jessica Simpson,Digital Sales Techniques,62.0,53,60,68
Jessica Simpson,Risk Analysis and Management,90.0,83,55,79
Jessica Simpson,Deep Learning Fundamentals,91.0,64,77,85
Jessica Simpson,SEO for Content Creators,89.0,64,84,87
Jessica Simpson,Email Marketing Basics,90.0,88,75,87
Patricia Cobb,Data Ethics,81.0,84,66,80
Patricia Cobb,Data Visualization with Matplotlib,75.0,83,61,76
Patricia Cobb,Data Cleaning & Preprocessing,79.0,71,72,80
Patricia Cobb,Data Analysis with Pandas,66.0,55,65,71
Patricia Cobb,Data Analysis for Business Decisions,98.0,78,84,91
Patricia Cobb,Blogging for Beginners,97.0,52,99,94
Patricia Cobb,Time Series Analysis,90.0,56,91,89
Patricia Cobb,Deployment of ML Models,71.0,54,79,78
Patricia Cobb,Web Accessibility Standards,97.0,96,93,96
Patricia Cobb,Ethical Hacking Basics,82.0,81,53,75
Patricia Cobb,API Development,86.0,55,78,83
Mark Rice,Data Visualization with Matplotlib,65.0,83,61,72
Mark Rice,Data Cleaning & Preprocessing,61.0,66,60,69
Mark Rice,Data Ethics,56.0,95,93,82
Mark Rice,Data Analysis for Business Decisions,71.0,94,82,83
Mark Rice,Data Analysis with Pandas,56.0,86,85,78
Mark Rice,Time Series Analysis,93.0,89,80,89
Mark Rice,Time Management for Sales,66.0,62,87,80
Mark Rice,Sales Analytics,60.0,84,82,78
Mark Rice,Collaboration Tools in DevOps,70.0,78,89,83
Mark Rice,Security in Cloud Computing,84.0,59,55,75
Mark Rice,Labor Laws and Compliance,61.0,95,95,84
Mark Rice,Introduction to AI,67.0,98,79,81
Mark Rice,Financial Planning and Forecasting,61.0,59,61,69
Mark Rice,JavaScript Frameworks Overview,57.0,90,56,69
Mark Rice,Introduction to Game Development,70.0,56,96,84
Joseph Clark,Data Cleaning & Preprocessing,71.0,60,56,70
Joseph Clark,Data Visualization with Matplotlib,89.0,81,75,86
Joseph Clark,Data Analysis with Pandas,58.0,55,99,80
Joseph Clark,Data Ethics,66.0,99,76,80
Joseph Clark,Data Analysis for Business Decisions,68.0,69,82,79
Joseph Clark,Decentralized Applications (DApps),53.0,67,80,73
Joseph Clark,Introduction to Content Creation,69.0,83,53,71
Joseph Clark,Deep Learning with TensorFlow,77.0,50,93,84
Joseph Clark,Sales Fundamentals,55.0,78,80,75
Joseph Clark,Project Management Basics,98.0,63,51,78
Joseph Clark,Investing Fundamentals,72.0,98,80,83
Joseph Clark,JavaScript Basics,59.0,78,55,68
Alicia Fletcher,Data Analysis with Pandas,99.0,52,78,87
Alicia Fletcher,Data Cleaning & Preprocessing,85.0,60,58,76
Alicia Fletcher,Data Ethics,66.0,89,84,81
Alicia Fletcher,Data Visualization with Matplotlib,72.0,87,63,76
Alicia Fletcher,Data Analysis for Business Decisions,90.0,92,77,88
Alicia Fletcher,Speech Recognition Technologies,87.0,92,89,91
Alicia Fletcher,Email Marketing Basics,58.0,85,91,81
Alicia Fletcher,Cryptocurrency Fundamentals,86.0,60,76,83
Alicia Fletcher,Content Management Systems (CMS),52.0,57,68,68
Alicia Fletcher,DevOps in the Cloud,76.0,73,62,76
Matthew Phillips,Data Visualization with Matplotlib,60.0,54,77,73
Matthew Phillips,Data Analysis with Pandas,100.0,92,79,92
Matthew Phillips,Data Cleaning & Preprocessing,70.0,82,59,73
Matthew Phillips,Data Analysis for Business Decisions,89.0,72,86,88
Matthew Phillips,Data Ethics,78.0,95,72,82
Matthew Phillips,Introduction to IT Support,61.0,78,60,70
Matthew Phillips,Google Cloud Platform Essentials,63.0,55,90,79
Matthew Phillips,HR Technology Tools,66.0,81,81,80
Matthew Phillips,Sales Analytics,96.0,89,97,96
Matthew Phillips,Diversity and Inclusion Initiatives,63.0,95,86,82
Matthew Phillips,Android Development Basics,97.0,67,73,86
Matthew Phillips,Risk Management in Finance,54.0,60,76,72
Matthew Phillips,Monitoring and Logging,95.0,54,85,88
Victor Joseph,Data Analysis for Business Decisions,81.0,94,73,83
Victor Joseph,Data Ethics,63.0,54,69,72
Victor Joseph,Data Analysis with Pandas,72.0,73,88,83
Victor Joseph,Data Visualization with Matplotlib,95.0,90,98,97
Victor Joseph,Data Cleaning & Preprocessing,66.0,64,69,74
Victor Joseph,Node.js,94.0,74,64,83
Victor Joseph,Tokenomics,96.0,93,98,97
Victor Joseph,Vulnerability Assessment,77.0,90,99,91
Victor Joseph,Security in Cloud Computing,93.0,75,57,80
Victor Joseph,Understanding Consumer Behavior,56.0,67,59,67
Victor Joseph,Introduction to Content Creation,96.0,59,53,78
Victor Joseph,Cloud Cost Management,85.0,54,50,73
Victor Joseph,Performance Optimization for Mobile Apps,100.0,78,50,80
Leah Cohen,Data Ethics,55.0,97,52,67
Leah Cohen,Data Visualization with Matplotlib,65.0,82,51,69
Leah Cohen,Data Cleaning & Preprocessing,74.0,51,57,71
Leah Cohen,Data Analysis for Business Decisions,81.0,62,53,73
Leah Cohen,Employee Engagement Techniques,79.0,88,67,80
Leah Cohen,Unreal Engine Basics,77.0,87,98,90
Leah Cohen,Cloud Cost Management,85.0,89,95,92
Leah Cohen,Progressive Web Apps (PWAs),91.0,97,63,84
Leah Cohen,Financial Analysis Techniques,92.0,53,76,84
Leah Cohen,Cryptocurrency Fundamentals,100.0,73,63,84
Leah Cohen,Data Analysis with Pandas,72.0,87,83,83
Leah Cohen,Computer Vision Basics,72.0,62,53,70
Pamela Middleton,Data Ethics,99.0,98,78,92
Pamela Middleton,Data Analysis for Business Decisions,63.0,93,54,70
Pamela Middleton,Data Cleaning & Preprocessing,97.0,95,65,86
Pamela Middleton,Data Visualization with Matplotlib,71.0,100,76,81
Pamela Middleton,Data Analysis with Pandas,77.0,89,67,79
Pamela Middleton,Content Marketing Strategies,63.0,95,79,79
Pamela Middleton,SWOT Analysis for Business,65.0,67,99,84
Pamela Middleton,Mobile App Design,98.0,65,68,85
Pamela Middleton,Network Security Fundamentals,86.0,86,51,77
Pamela Middleton,HTML & CSS,66.0,79,59,72
Pamela Middleton,React,95.0,93,98,97
Pamela Middleton,Introduction to Game Development,98.0,97,82,93
Donald Everett,Data Analysis for Business Decisions,88.0,59,50,74
Donald Everett,Data Visualization with Matplotlib,75.0,68,66,76
Donald Everett,Data Cleaning & Preprocessing,62.0,71,72,74
Donald Everett,Data Analysis with Pandas,70.0,70,53,70
Donald Everett,Data Ethics,59.0,60,57,67
Donald Everett,2D Game Development,80.0,62,84,84
Donald Everett,iOS Development Basics,96.0,97,71,88
Donald Everett,Ethics in AI,94.0,68,54,79
Donald Everett,Game Testing Techniques,74.0,53,52,69
Donald Everett,Presentation Skills for Sales,59.0,50,94,79
Donald Everett,Social Media Marketing,95.0,91,91,94
Donald Everett,Project Management Tools Overview,99.0,58,76,87
Donald Everett,Natural Language Processing,99.0,87,85,93
Henry Kidd,Data Cleaning & Preprocessing,98.0,63,82,89
Henry Kidd,Data Ethics,89.0,74,62,80
Henry Kidd,Data Analysis with Pandas,61.0,50,57,66
Henry Kidd,Data Analysis for Business Decisions,54.0,88,85,77
Henry Kidd,Data Visualization with Matplotlib,100.0,88,89,95
Henry Kidd,E-commerce Development Basics,62.0,71,63,71
Henry Kidd,AWS Fundamentals,86.0,52,88,86
Henry Kidd,Change Management Strategies,90.0,95,52,79
Henry Kidd,Risk Analysis and Management,58.0,68,98,81
Henry Kidd,Content Strategy Development,58.0,95,71,75
Michael Taylor,Data Cleaning & Preprocessing,61.0,81,61,71
Michael Taylor,Data Analysis with Pandas,89.0,79,74,85
Michael Taylor,Data Ethics,67.0,68,72,75
Michael Taylor,Data Visualization with Matplotlib,81.0,74,76,82
Michael Taylor,Data Analysis for Business Decisions,78.0,76,50,72
Michael Taylor,Serverless Architecture,59.0,73,64,70
Michael Taylor,Content Strategy Development,89.0,91,83,89
Michael Taylor,Introduction to Business Analysis,64.0,89,71,76
Michael Taylor,Microservices in Cloud,55.0,76,69,71
Michael Taylor,API Integration in Mobile Apps,58.0,80,82,77
Michael Taylor,Networking Basics,63.0,92,56,71
Michael Taylor,Podcasting Fundamentals,70.0,79,81,81
Michael Taylor,Risk Analysis and Management,82.0,95,83,87
Michael Taylor,Design Thinking Process,52.0,86,77,74
Michael Taylor,Web Performance Optimization,76.0,65,53,72
Stephanie Burke,Data Analysis for Business Decisions,91.0,55,52,76
Stephanie Burke,Data Ethics,63.0,99,65,75
Stephanie Burke,Data Visualization with Matplotlib,54.0,75,97,80
Stephanie Burke,Data Cleaning & Preprocessing,84.0,82,79,85
Stephanie Burke,Data Analysis with Pandas,63.0,93,87,82
Stephanie Burke,Financial Analysis Techniques,84.0,62,57,76
Stephanie Burke,Python for Data Science,98.0,87,66,86
Stephanie Burke,Web Accessibility Standards,92.0,93,59,82
Stephanie Burke,Supervised Learning,51.0,84,59,67
Stephanie Burke,Security in Cloud Computing,87.0,53,91,88
Stephanie Burke,HR Technology Tools,95.0,65,97,94
Stephanie Burke,Quality Management,93.0,92,96,95
Stephanie Burke,Unreal Engine Basics,73.0,77,66,76
Stephanie Burke,DevOps in the Cloud,91.0,55,57,77
Stephanie Burke,Cryptocurrency Fundamentals,87.0,56,68,80
Kayla Johnson,Data Analysis with Pandas,94.0,93,93,95
Kayla Johnson,Data Analysis for Business Decisions,61.0,92,86,81
Kayla Johnson,Data Ethics,81.0,76,64,78
Kayla Johnson,Data Visualization with Matplotlib,93.0,73,84,89
Kayla Johnson,Digital Sales Techniques,53.0,50,75,70
Kayla Johnson,Content Management Systems (CMS),53.0,57,70,69
Kayla Johnson,Usability Testing,58.0,95,88,81
Kayla Johnson,Social Media Marketing,57.0,81,96,82
Kayla Johnson,Affiliate Marketing,67.0,85,55,71
Kayla Johnson,Introduction to Machine Learning,76.0,61,50,70
Kayla Johnson,Video Production Basics,97.0,65,85,90
Kayla Johnson,Incident Response,63.0,80,72,75
Kayla Johnson,Performance Optimization for Mobile Apps,63.0,76,57,70
Kayla Johnson,Financial Planning and Forecasting,91.0,52,67,80
Frederick Murray,Data Visualization with Matplotlib,99.0,58,59,81
Frederick Murray,Data Analysis with Pandas,57.0,75,54,66
Frederick Murray,Data Analysis for Business Decisions,83.0,78,51,75
Frederick Murray,Data Cleaning & Preprocessing,93.0,68,78,87
Frederick Murray,Data Ethics,63.0,56,87,78
Frederick Murray,Reinforcement Learning Techniques,94.0,67,78,87
Frederick Murray,Android Development Basics,61.0,58,82,76
Frederick Murray,Content Marketing Strategies,66.0,92,83,81
Frederick Murray,Financial Planning and Forecasting,68.0,64,89,81
Frederick Murray,Financial Analysis Techniques,86.0,63,89,88
Frederick Murray,Statistical Analysis,92.0,71,94,92
Kelsey Rogers,Data Ethics,72.0,67,64,74
Kelsey Rogers,Data Cleaning & Preprocessing,73.0,57,58,72
Kelsey Rogers,Data Analysis with Pandas,62.0,86,60,71
Kelsey Rogers,Data Visualization with Matplotlib,71.0,92,85,84
Kelsey Rogers,Data Analysis for Business Decisions,76.0,64,50,70
Kelsey Rogers,Penetration Testing,71.0,55,65,73
Kelsey Rogers,Analytics for Marketers,67.0,67,91,82
Kelsey Rogers,Infrastructure as Code,75.0,76,81,82
Kelsey Rogers,Cloud Cost Management,57.0,56,84,75
Kelsey Rogers,Deep Learning Fundamentals,61.0,74,58,69
Kelsey Rogers,Email Marketing Basics,70.0,78,52,70
Kelsey Rogers,Speech Recognition Technologies,98.0,80,57,82
Kelsey Rogers,Web Accessibility Standards,80.0,75,93,88
Greg Butler,Data Analysis for Business Decisions,73.0,53,78,78
Greg Butler,Data Visualization with Matplotlib,66.0,87,64,74
Greg Butler,Data Ethics,60.0,76,99,83
Greg Butler,Data Cleaning & Preprocessing,91.0,76,79,87
Greg Butler,Content Marketing Strategies,88.0,89,63,82
Greg Butler,Reinforcement Learning,95.0,51,76,85
Greg Butler,Introduction to Machine Learning,96.0,84,65,85
Greg Butler,Blockchain Use Cases,84.0,72,67,80
Greg Butler,Statistical Analysis,88.0,66,98,92
Greg Butler,Talent Acquisition Strategies,64.0,81,83,80
Greg Butler,Ethereum Development,81.0,91,76,84
Greg Butler,Introduction to Cloud Computing,52.0,83,82,75
Greg Butler,Investing Fundamentals,81.0,92,77,84
Greg Butler,Cloud Support Fundamentals,93.0,100,51,80
Danielle Avila,Data Visualization with Matplotlib,73.0,99,97,89
Danielle Avila,Data Analysis for Business Decisions,92.0,87,55,80
Danielle Avila,Data Cleaning & Preprocessing,94.0,77,69,85
Danielle Avila,Data Ethics,66.0,51,79,76
Danielle Avila,Data Analysis with Pandas,93.0,63,57,79
Danielle Avila,Security Awareness for IT Support,60.0,68,66,71
Danielle Avila,Monitoring and Logging,51.0,68,72,70
Danielle Avila,AI in Healthcare,51.0,90,51,65
Danielle Avila,Supervised Learning,69.0,69,69,75
Danielle Avila,Publishing Mobile Apps,62.0,74,67,73
Jack Wong,Data Analysis with Pandas,56.0,76,87,78
Jack Wong,Data Ethics,88.0,86,77,86
Jack Wong,Data Visualization with Matplotlib,92.0,68,62,81
Jack Wong,Data Cleaning & Preprocessing,56.0,60,67,69
Jack Wong,Data Analysis for Business Decisions,86.0,82,96,92
Jack Wong,Introduction to Cloud Computing,54.0,58,77,72
Jack Wong,Malware Analysis,91.0,87,62,82
Jack Wong,Security Awareness for IT Support,63.0,61,76,75
Jack Wong,Google Ads Fundamentals,55.0,81,54,66
Jack Wong,Automating Cloud Deployments,83.0,91,69,82
Jack Wong,Statistical Analysis,84.0,70,72,82
Jack Wong,Communication Skills for Project Managers,61.0,85,87,80
Jack Wong,Containerization with Docker,84.0,71,61,78
Jack Wong,Introduction to UI/UX Design,82.0,53,85,84
Mr. James Crosby,Data Ethics,58.0,85,59,69
Mr. James Crosby,Data Analysis with Pandas,56.0,93,58,69
Mr. James Crosby,Data Analysis for Business Decisions,58.0,84,98,83
Mr. James Crosby,Data Cleaning & Preprocessing,69.0,57,69,74
Mr. James Crosby,Data Visualization with Matplotlib,51.0,87,66,70
Mr. James Crosby,Virtual Reality Development,76.0,67,100,88
Mr. James Crosby,Deployment of ML Models,76.0,61,71,78
Mr. James Crosby,Introduction to Machine Learning,83.0,64,88,86
Mr. James Crosby,Responsive Design Principles,54.0,96,61,70
Mr. James Crosby,Project Management Tools Overview,54.0,60,58,65
Mr. James Crosby,Social Media Marketing,56.0,56,82,74
Mr. James Crosby,AI in IoT,74.0,81,78,81
Mr. James Crosby,Tokenomics,80.0,57,94,87
Barry Hester,Data Analysis for Business Decisions,63.0,83,76,77
Barry Hester,Data Visualization with Matplotlib,54.0,57,96,78
Barry Hester,Data Analysis with Pandas,92.0,83,87,91
Barry Hester,Data Ethics,53.0,99,66,72
Barry Hester,Data Cleaning & Preprocessing,94.0,90,70,86
Barry Hester,Ethical Hacking Basics,81.0,70,55,75
Barry Hester,Backend Development Fundamentals,94.0,98,82,91
Barry Hester,Project Management Tools Overview,69.0,66,92,83
Barry Hester,Negotiation Techniques,54.0,70,60,67
Barry Hester,Ethereum Development,56.0,89,92,81
Jared Lowe,Data Analysis for Business Decisions,79.0,75,92,87
Jared Lowe,Data Ethics,58.0,79,91,80
Jared Lowe,Data Cleaning & Preprocessing,52.0,52,65,66
Jared Lowe,Data Visualization with Matplotlib,53.0,85,51,65
Jared Lowe,Data Analysis with Pandas,80.0,51,81,81
Jared Lowe,Hardware Repair Skills,100.0,71,82,91
Jared Lowe,Monitoring and Logging,64.0,84,83,80
Jared Lowe,MongoDB,58.0,67,100,82
Jared Lowe,Change Management,52.0,60,78,72
Jared Lowe,Mobile App Design,61.0,74,86,79
Jared Lowe,Azure Basics,68.0,89,93,85
Jared Lowe,Content Marketing Strategies,70.0,72,57,72
Jared Lowe,Presentation Skills for Business Analysts,74.0,90,81,83
Tina Robertson,Data Visualization with Matplotlib,95.0,98,89,94
Tina Robertson,Data Cleaning & Preprocessing,77.0,59,97,87
Tina Robertson,Data Analysis with Pandas,98.0,84,86,93
Tina Robertson,Data Analysis for Business Decisions,92.0,62,98,93
Tina Robertson,Risk Management in Projects,57.0,91,55,68
Tina Robertson,Malware Analysis,98.0,88,57,83
Tina Robertson,Content Management Systems (CMS),64.0,51,98,82
Tina Robertson,Data Ethics,87.0,54,55,75
Tina Robertson,Risk Analysis and Management,100.0,94,74,90
Tina Robertson,Security Awareness for IT Support,95.0,54,90,90
Melanie Gomez,Data Visualization with Matplotlib,65.0,72,98,84
Melanie Gomez,Data Analysis for Business Decisions,97.0,76,73,87
Melanie Gomez,Data Analysis with Pandas,60.0,53,52,64
Melanie Gomez,Data Cleaning & Preprocessing,84.0,88,57,78
Melanie Gomez,Data Ethics,88.0,63,66,80
Melanie Gomez,Introduction to Game Development,53.0,74,53,64
Melanie Gomez,Change Management Strategies,61.0,67,68,72
Melanie Gomez,Express.js,65.0,87,74,77
Melanie Gomez,Podcasting Fundamentals,51.0,92,94,80
Melanie Gomez,Responsive Web Design,89.0,74,65,81
Melanie Gomez,Investing Fundamentals,52.0,77,74,72
Melanie Gomez,Presentation Skills for Business Analysts,62.0,89,66,74
Melanie Gomez,Presentation Skills for Sales,86.0,96,66,83
Melanie Gomez,Training and Development,96.0,90,73,88
Melanie Gomez,Remote Support Techniques,98.0,81,84,92
Leslie Warren,Data Analysis for Business Decisions,96.0,61,96,93
Leslie Warren,Data Cleaning & Preprocessing,59.0,78,57,68
Leslie Warren,Data Ethics,82.0,52,50,71
Leslie Warren,Data Visualization with Matplotlib,96.0,58,52,78
Leslie Warren,Data Analysis with Pandas,57.0,65,55,66
Leslie Warren,Security in Cloud Computing,56.0,68,95,80
Leslie Warren,Design Thinking Process,97.0,70,84,90
Leslie Warren,E-commerce Development Basics,95.0,86,85,92
Leslie Warren,SEO Best Practices,77.0,65,82,82
Leslie Warren,Computer Vision Basics,51.0,87,62,68
Ashley Ramirez,Data Cleaning & Preprocessing,62.0,67,60,69
Ashley Ramirez,Data Analysis with Pandas,90.0,99,66,84
Ashley Ramirez,Data Analysis for Business Decisions,89.0,81,72,84
Ashley Ramirez,Data Visualization with Matplotlib,56.0,80,81,76
Ashley Ramirez,Data Ethics,90.0,79,73,85
Ashley Ramirez,Decentralized Applications (DApps),81.0,69,93,88
Ashley Ramirez,Content Strategy Development,88.0,88,93,92
Ashley Ramirez,Wireframing and Prototyping,56.0,82,80,76
Ashley Ramirez,ITIL Foundations,79.0,90,100,92
Ashley Ramirez,Budgeting Basics,65.0,83,91,83
Ashley Ramirez,Natural Language Processing Techniques,64.0,79,51,68
Ashley Ramirez,Business Process Modeling,96.0,86,70,87
Ashley Ramirez,Content Marketing Strategies,98.0,59,81,89
Megan West,Data Visualization with Matplotlib,78.0,98,90,89
Megan West,Data Analysis with Pandas,63.0,83,70,75
Megan West,Data Analysis for Business Decisions,58.0,61,72,72
Megan West,Data Ethics,85.0,70,77,84
Megan West,Introduction to Content Creation,79.0,81,72,81
Megan West,Google Ads Fundamentals,75.0,89,68,79
Megan West,Publishing Mobile Apps,75.0,73,68,77
Megan West,Presentation Skills for Business Analysts,52.0,98,71,73
Megan West,MongoDB,57.0,60,57,66
Megan West,Visual Design Basics,63.0,73,75,76
Megan West,Introduction to IT Support,79.0,84,86,86
Megan West,Progressive Web Apps (PWAs),51.0,64,87,75
Megan West,Design Thinking Process,100.0,97,83,94
Sandra Miller,Data Visualization with Matplotlib,74.0,98,67,79
Sandra Miller,Data Analysis with Pandas,56.0,98,59,70
Sandra Miller,Data Analysis for Business Decisions,86.0,77,73,83
Sandra Miller,Data Ethics,82.0,62,58,75
Sandra Miller,Data Cleaning & Preprocessing,70.0,83,67,76
Sandra Miller,Time Management for Sales,85.0,90,80,87
Sandra Miller,Change Management,65.0,51,78,75
Sandra Miller,Vulnerability Assessment,53.0,66,78,72
Sandra Miller,Introduction to UI/UX Design,69.0,58,70,74
Sandra Miller,App Monetization Strategies,63.0,90,54,70
Sandra Miller,Design Thinking Process,86.0,69,82,86
Sandra Miller,Smart Contracts Development,93.0,59,84,88
Sandra Miller,Content Marketing Strategies,98.0,70,75,88
John Miller,Data Visualization with Matplotlib,67.0,59,95,83
John Miller,Data Ethics,67.0,90,83,82
John Miller,Data Analysis for Business Decisions,61.0,74,73,74
John Miller,Data Analysis with Pandas,57.0,95,62,71
John Miller,Data Cleaning & Preprocessing,93.0,65,90,91
John Miller,Smart Contracts Development,50.0,68,53,63
John Miller,Python for Data Science,90.0,90,85,90
John Miller,Node.js,73.0,86,75,80
John Miller,Business Process Modeling,63.0,56,73,73
John Miller,Introduction to Content Creation,63.0,79,86,80
John Miller,Content Marketing Strategies,59.0,97,96,84
Robert Lane,Data Cleaning & Preprocessing,71.0,100,77,82
Robert Lane,Data Analysis for Business Decisions,97.0,53,66,82
Robert Lane,Data Analysis with Pandas,79.0,56,56,73
Robert Lane,Data Ethics,63.0,96,67,75
Robert Lane,Data Visualization with Matplotlib,51.0,57,60,65
Robert Lane,Presentation Skills for Business Analysts,63.0,62,54,67
Robert Lane,Communication Skills for Project Managers,75.0,88,69,79
Robert Lane,Version Control with Git,60.0,69,62,70
Robert Lane,MongoDB,62.0,72,53,67
Robert Lane,API Development,76.0,96,54,75
Robert Lane,Stakeholder Analysis,76.0,61,62,74
Roger Brown,Data Cleaning & Preprocessing,100.0,90,91,96
Roger Brown,Data Visualization with Matplotlib,81.0,95,82,87
Roger Brown,Data Ethics,91.0,53,92,89
Roger Brown,Data Analysis with Pandas,83.0,51,99,89
Roger Brown,Project Management Basics,85.0,51,99,90
Roger Brown,Blockchain Use Cases,62.0,69,69,73
Roger Brown,Penetration Testing,82.0,98,89,90
Roger Brown,Performance Management Systems,79.0,90,68,80
Roger Brown,Publishing Mobile Apps,58.0,75,90,79
Roger Brown,Building Customer Relationships,87.0,60,98,91
Bailey Butler,Data Ethics,94.0,76,81,89
Bailey Butler,Data Analysis with Pandas,54.0,67,81,74
Bailey Butler,Data Analysis for Business Decisions,60.0,76,73,74
Bailey Butler,Data Visualization with Matplotlib,89.0,52,82,85
Bailey Butler,Computer Vision Basics,89.0,63,62,79
Bailey Butler,Financial Reporting Standards,51.0,71,97,79
Bailey Butler,Training and Development,51.0,92,74,73
Bailey Butler,Risk Management in Cybersecurity,94.0,87,73,87
Bailey Butler,Understanding Consumer Behavior,79.0,69,75,81
Bailey Butler,Game Design Principles,58.0,75,100,83
Earl Griffith,Data Cleaning & Preprocessing,92.0,54,76,84
Earl Griffith,Data Analysis with Pandas,93.0,96,95,95
Earl Griffith,Data Visualization with Matplotlib,78.0,55,79,80
Earl Griffith,Data Ethics,84.0,76,74,83
Earl Griffith,Data Analysis for Business Decisions,78.0,50,79,80
Earl Griffith,Reinforcement Learning,100.0,52,79,88
Earl Griffith,Video Production Basics,59.0,54,78,73
Earl Griffith,API Development,53.0,55,90,76
Earl Griffith,Backend Development Fundamentals,96.0,53,95,92
Earl Griffith,Understanding Consumer Behavior,88.0,70,78,85
Kevin Payne,Data Analysis for Business Decisions,61.0,83,97,84
Kevin Payne,Data Cleaning & Preprocessing,60.0,98,99,85
Kevin Payne,Data Visualization with Matplotlib,93.0,95,70,87
Kevin Payne,Data Ethics,100.0,95,93,97
Kevin Payne,Data Analysis with Pandas,87.0,64,92,89
Kevin Payne,Content Strategy Development,75.0,91,79,83
Kevin Payne,Wireframing and Prototyping,65.0,75,75,76
Kevin Payne,Budgeting Basics,61.0,81,53,68
Kevin Payne,Cloud Cost Management,65.0,83,98,85
Kevin Payne,AI in Robotics,58.0,80,85,78
Kevin Payne,Change Management,56.0,77,89,78
Adam Oconnor MD,Data Analysis for Business Decisions,85.0,81,81,86
Adam Oconnor MD,Data Ethics,90.0,54,72,82
Adam Oconnor MD,Data Cleaning & Preprocessing,89.0,83,93,92
Adam Oconnor MD,Data Analysis with Pandas,95.0,86,91,94
Adam Oconnor MD,Data Visualization with Matplotlib,88.0,89,94,93
Adam Oconnor MD,Sales Fundamentals,60.0,83,76,76
Adam Oconnor MD,Labor Laws and Compliance,84.0,54,94,88
Adam Oconnor MD,Version Control with Git,57.0,52,81,74
Adam Oconnor MD,Conversion Rate Optimization,66.0,75,67,74
Adam Oconnor MD,Natural Language Processing,73.0,65,81,80
Adam Oconnor MD,Risk Management in Finance,79.0,88,91,88
Adam Oconnor MD,JavaScript Frameworks Overview,71.0,90,72,79
Adam Oconnor MD,Deployment of ML Models,93.0,89,88,92
Adam Oconnor MD,Email Marketing Basics,99.0,58,57,80
Adam Oconnor MD,Introduction to AI,51.0,76,65,68
Jonathan Henry,Data Cleaning & Preprocessing,85.0,63,53,75
Jonathan Henry,Data Analysis with Pandas,69.0,65,72,76
Jonathan Henry,Data Ethics,92.0,65,52,77
Jonathan Henry,Data Analysis for Business Decisions,67.0,96,69,77
Jonathan Henry,Data Visualization with Matplotlib,98.0,87,74,89
Jonathan Henry,Security in Cloud Computing,88.0,72,85,88
Jonathan Henry,Business Case Development,55.0,52,93,77
Jonathan Henry,Remote Support Techniques,85.0,91,91,91
Jonathan Henry,Networking Basics,98.0,91,78,91
Jonathan Henry,Customer Service Skills for IT,62.0,70,55,68
Charles Singleton,Data Analysis for Business Decisions,92.0,56,83,87
Charles Singleton,Data Ethics,55.0,70,96,80
Charles Singleton,Data Cleaning & Preprocessing,98.0,62,85,90
Charles Singleton,Data Analysis with Pandas,71.0,96,59,75
Charles Singleton,Data Visualization with Matplotlib,58.0,76,96,81
Charles Singleton,React,75.0,60,91,84
Charles Singleton,Unreal Engine Basics,89.0,71,64,81
Charles Singleton,Troubleshooting Techniques,92.0,94,89,93
Charles Singleton,Presentation Skills for Business Analysts,86.0,64,50,74
Charles Singleton,Financial Analysis Techniques,83.0,50,67,78
Charles Singleton,JavaScript Frameworks Overview,59.0,58,88,77
Charles Singleton,Containerization with Docker,75.0,68,94,86
Charles Singleton,Consensus Algorithms,62.0,71,70,73
Charles Singleton,Risk Management in Finance,97.0,65,86,91
Charles Singleton,Training and Development,64.0,59,55,68
Philip Small,Data Analysis for Business Decisions,55.0,77,69,71
Philip Small,Data Ethics,55.0,84,91,80
Philip Small,Data Analysis with Pandas,58.0,65,93,79
Philip Small,Data Visualization with Matplotlib,94.0,64,57,79
Philip Small,Troubleshooting Techniques,85.0,53,93,88
Philip Small,Mobile Testing Strategies,57.0,74,85,77
Philip Small,Ethical Hacking Basics,99.0,70,64,84
Philip Small,Influencer Marketing,59.0,60,58,67
Philip Small,Supervised Learning,59.0,74,57,68
Philip Small,Unsupervised Learning,77.0,81,50,73
Philip Small,Wireframing and Prototyping,87.0,95,66,83
Philip Small,AI in IoT,88.0,90,66,83
Philip Small,Web Accessibility Standards,98.0,65,58,81
Peter Parker,Data Ethics,80.0,91,97,91
Peter Parker,Data Analysis for Business Decisions,73.0,79,72,79
Peter Parker,Data Analysis with Pandas,70.0,72,68,76
Peter Parker,Data Cleaning & Preprocessing,91.0,97,63,84
Peter Parker,Data Visualization with Matplotlib,85.0,87,91,90
Peter Parker,React,60.0,87,92,82
Peter Parker,Introduction to Cloud Computing,98.0,79,100,97
Peter Parker,Graphic Design Basics for Content,83.0,61,59,76
Peter Parker,3D Game Development,80.0,89,69,81
Peter Parker,Financial Planning and Forecasting,57.0,57,62,67
Peter Parker,Progressive Web Apps (PWAs),78.0,53,77,80
Joanne Shelton,Data Analysis for Business Decisions,69.0,71,94,84
Joanne Shelton,Data Cleaning & Preprocessing,82.0,92,99,93
Joanne Shelton,Data Ethics,52.0,60,71,69
Joanne Shelton,Data Visualization with Matplotlib,99.0,99,74,90
Joanne Shelton,Introduction to Cloud Computing,62.0,90,75,77
Joanne Shelton,Cryptography Basics,52.0,68,62,67
Joanne Shelton,Python for Data Science,89.0,69,56,78
Joanne Shelton,Operating Systems Overview,64.0,88,64,74
Joanne Shelton,Tokenomics,95.0,65,85,90
Joanne Shelton,Introduction to Machine Learning,51.0,53,66,66
Joanne Shelton,Microservices in Cloud,99.0,52,60,81
Joanne Shelton,Configuration Management with Ansible,98.0,64,93,93
Joanne Shelton,Blockchain Use Cases,78.0,70,63,76
Joanne Shelton,Deep Learning with TensorFlow,89.0,92,90,92
Joanne Shelton,Decentralized Applications (DApps),94.0,78,87,91
Shannon Freeman,Data Cleaning & Preprocessing,64.0,100,68,76
Shannon Freeman,Data Visualization with Matplotlib,54.0,66,90,77
Shannon Freeman,Data Analysis for Business Decisions,88.0,76,80,86
Shannon Freeman,Data Ethics,64.0,73,70,74
Shannon Freeman,Data Analysis with Pandas,52.0,100,85,78
Shannon Freeman,Frontend Development Basics,56.0,61,60,67
Shannon Freeman,AI for Business,93.0,100,85,92
Shannon Freeman,Natural Language Processing Techniques,66.0,67,99,84
Shannon Freeman,Introduction to DevOps,71.0,51,75,76
Shannon Freeman,Ethics in AI,91.0,70,98,93
Shannon Freeman,Introduction to Business Analysis,55.0,53,93,77
Shannon Freeman,Design Thinking Process,63.0,53,52,66
Shannon Freeman,Game Testing Techniques,90.0,55,96,91
Shannon Freeman,Ethical Hacking Basics,98.0,92,89,95
Shannon Freeman,Project Management Basics,90.0,57,52,75
Melody Mason,Data Cleaning & Preprocessing,85.0,100,78,87
Melody Mason,Data Visualization with Matplotlib,79.0,63,99,89
Melody Mason,Data Ethics,66.0,78,88,82
Melody Mason,Data Analysis for Business Decisions,97.0,73,54,80
Melody Mason,Data Analysis with Pandas,84.0,50,97,88
Melody Mason,SEO Best Practices,54.0,85,55,67
Melody Mason,Diversity and Inclusion Initiatives,82.0,99,88,89
Melody Mason,Remote Support Techniques,83.0,52,69,78
Melody Mason,Ethereum Development,50.0,94,58,67
Melody Mason,Graphic Design Basics for Content,90.0,76,85,89
Melody Mason,Risk Management in Projects,76.0,80,98,89
Melody Mason,Blockchain Use Cases,59.0,90,86,80
Melody Mason,Requirements Gathering Techniques,88.0,85,68,83
Melody Mason,Understanding Financial Markets,89.0,58,91,89
Melody Mason,Node.js,100.0,94,68,88
Valerie Dunlap,Data Analysis for Business Decisions,100.0,64,67,85
Valerie Dunlap,Data Analysis with Pandas,74.0,67,97,87
Valerie Dunlap,Data Ethics,72.0,60,80,79
Valerie Dunlap,Data Cleaning & Preprocessing,58.0,98,63,72
Valerie Dunlap,Data Visualization with Matplotlib,68.0,52,59,70
Valerie Dunlap,Speech Recognition Technologies,55.0,98,59,70
Valerie Dunlap,3D Game Development,69.0,66,89,82
Valerie Dunlap,Introduction to Human Resources,75.0,98,58,76
Valerie Dunlap,React,53.0,98,100,83
Valerie Dunlap,Customer Service Skills for IT,80.0,89,94,90
Valerie Dunlap,Machine Learning Basics,93.0,78,96,94
Valerie Dunlap,Conflict Resolution in HR,60.0,61,95,80
Valerie Dunlap,Risk Analysis and Management,85.0,84,68,82
Valerie Dunlap,Financial Planning and Forecasting,94.0,92,61,83
Jordan Smith,Data Ethics,63.0,52,50,65
Jordan Smith,Data Analysis for Business Decisions,97.0,57,81,88
Jordan Smith,Data Visualization with Matplotlib,68.0,53,81,77
Jordan Smith,Data Analysis with Pandas,64.0,56,100,83
Jordan Smith,Data Cleaning & Preprocessing,79.0,60,95,87
Jordan Smith,Web Performance Optimization,58.0,53,52,64
Jordan Smith,Usability Testing,75.0,56,54,71
Jordan Smith,Introduction to Machine Learning,87.0,76,68,82
Jordan Smith,Editing and Proofreading Techniques,60.0,93,87,81
Jordan Smith,SEO for Content Creators,75.0,74,72,79
Jordan Smith,Computer Vision Applications,63.0,67,94,82
Jordan Smith,Employee Engagement Techniques,86.0,50,74,81
Jordan Smith,Training and Development,84.0,85,98,92
Jordan Smith,Model Evaluation,86.0,94,65,82
Jordan Smith,Containerization with Docker,64.0,54,52,66
Kenneth Brown DDS,Data Ethics,58.0,59,95,79
Kenneth Brown DDS,Data Visualization with Matplotlib,61.0,72,78,76
Kenneth Brown DDS,Data Cleaning & Preprocessing,65.0,90,80,80
Kenneth Brown DDS,Data Analysis for Business Decisions,57.0,93,76,76
Kenneth Brown DDS,Data Analysis with Pandas,54.0,95,71,73
Kenneth Brown DDS,Monitoring and Logging,54.0,51,53,63
Kenneth Brown DDS,Computer Vision Applications,80.0,57,77,81
Kenneth Brown DDS,Usability Testing,63.0,72,100,84
Kenneth Brown DDS,Stakeholder Analysis,52.0,57,94,77
Kenneth Brown DDS,Security in Cloud Computing,82.0,94,67,82
Kenneth Brown DDS,Introduction to Blockchain,90.0,93,86,91
Jacob Stark,Data Analysis for Business Decisions,97.0,87,87,93
Jacob Stark,Data Cleaning & Preprocessing,65.0,96,96,86
Jacob Stark,Data Analysis with Pandas,86.0,92,68,83
Jacob Stark,Data Ethics,97.0,87,92,95
Jacob Stark,Data Visualization with Matplotlib,87.0,96,94,93
Jacob Stark,Influencer Marketing,92.0,92,68,85
Jacob Stark,Incident Response,80.0,84,83,85
Jacob Stark,Project Management Basics,78.0,82,52,74
Jacob Stark,SWOT Analysis for Business,52.0,90,73,73
Jacob Stark,Containerization with Docker,56.0,91,70,73
Jacob Stark,Introduction to IT Support,64.0,51,89,79
Jacob Stark,Content Marketing Strategies,100.0,96,93,97
Jacob Stark,Performance Management Systems,88.0,95,78,88
Edward Kaiser,Data Ethics,92.0,95,73,87
Edward Kaiser,Data Analysis with Pandas,69.0,92,65,76
Edward Kaiser,Data Cleaning & Preprocessing,98.0,50,73,85
Edward Kaiser,Data Analysis for Business Decisions,61.0,98,72,76
Edward Kaiser,Data Visualization with Matplotlib,92.0,56,70,82
Edward Kaiser,Containerization with Docker,64.0,71,50,67
Edward Kaiser,Usability Testing,64.0,74,85,80
Edward Kaiser,Video Production Basics,56.0,63,84,75
Edward Kaiser,Container Orchestration with Kubernetes,85.0,78,86,88
Edward Kaiser,Risk Management in Cybersecurity,70.0,73,75,78
Edward Kaiser,Investing Fundamentals,76.0,52,61,73
Edward Kaiser,Cryptography Basics,97.0,89,82,92
Edward Kaiser,Customer Service Excellence,81.0,65,80,83
Shannon Ramos,Data Visualization with Matplotlib,69.0,92,98,88
Shannon Ramos,Data Cleaning & Preprocessing,90.0,50,65,79
Shannon Ramos,Data Analysis with Pandas,93.0,84,86,91
Shannon Ramos,Data Analysis for Business Decisions,77.0,97,68,80
Shannon Ramos,Data Ethics,67.0,51,82,77
Shannon Ramos,Agile Methodologies,81.0,53,69,78
Shannon Ramos,Cross-Platform Development with Flutter,70.0,81,55,72
Shannon Ramos,Introduction to Blockchain,92.0,68,76,86
Shannon Ramos,Content Management Systems (CMS),95.0,98,93,96
Shannon Ramos,Model Evaluation,63.0,50,59,68
Shannon Ramos,Automating Cloud Deployments,74.0,63,71,77
Shannon Ramos,Stakeholder Management,68.0,77,84,81
Phillip Mahoney,Data Cleaning & Preprocessing,97.0,52,62,81
Phillip Mahoney,Data Analysis for Business Decisions,66.0,91,85,82
Phillip Mahoney,Data Analysis with Pandas,78.0,80,88,86
Phillip Mahoney,Data Ethics,64.0,60,98,83
Phillip Mahoney,Data Visualization with Matplotlib,88.0,67,79,85
Phillip Mahoney,Google Cloud Platform Essentials,86.0,70,93,90
Phillip Mahoney,Responsive Web Design,93.0,67,57,79
Phillip Mahoney,Predictive Analytics,90.0,100,77,88
Phillip Mahoney,Social Media Marketing,52.0,88,64,69
Phillip Mahoney,Closing Sales Strategies,72.0,77,82,82
Angela Richmond,Data Cleaning & Preprocessing,89.0,70,62,80
Angela Richmond,Data Visualization with Matplotlib,66.0,71,78,77
Angela Richmond,Data Analysis for Business Decisions,93.0,74,63,82
Angela Richmond,Data Analysis with Pandas,74.0,92,56,75
Angela Richmond,Data Ethics,76.0,67,75,80
Angela Richmond,Python for Data Science,56.0,75,82,76
Angela Richmond,HTML & CSS,53.0,97,54,67
Angela Richmond,Conflict Resolution in HR,88.0,55,58,77
Angela Richmond,Time Series Analysis,73.0,97,99,90
Angela Richmond,Deployment of ML Models,62.0,81,50,67
Angela Richmond,Content Strategy Development,63.0,82,67,74
Angela Richmond,Communication Skills for Project Managers,58.0,82,76,75
Angela Richmond,Wireframing and Prototyping,100.0,53,99,95
Angela Richmond,JavaScript Basics,71.0,66,71,76
Angela Richmond,Configuration Management with Ansible,88.0,58,83,86
Anthony Donaldson,Data Ethics,86.0,80,50,76
Anthony Donaldson,Data Cleaning & Preprocessing,71.0,62,73,77
Anthony Donaldson,Data Analysis with Pandas,89.0,100,56,81
Anthony Donaldson,Data Visualization with Matplotlib,76.0,61,56,72
Anthony Donaldson,Data Analysis for Business Decisions,52.0,70,87,76
Anthony Donaldson,Game Testing Techniques,65.0,57,85,78
Anthony Donaldson,Business Case Development,67.0,62,60,71
Anthony Donaldson,Introduction to AI,77.0,56,74,78
Anthony Donaldson,Change Management Strategies,52.0,72,99,80
Anthony Donaldson,Negotiation Techniques,71.0,93,82,83
Anthony Donaldson,RESTful Services,70.0,88,87,84
Anthony Donaldson,Android Development Basics,67.0,52,86,79
Anthony Donaldson,Natural Language Processing Techniques,93.0,83,56,80
Brian Choi PhD,Data Cleaning & Preprocessing,53.0,97,93,81
Brian Choi PhD,Data Analysis for Business Decisions,98.0,74,74,88
Brian Choi PhD,Data Analysis with Pandas,61.0,69,88,79
Brian Choi PhD,Data Visualization with Matplotlib,66.0,85,59,72
Brian Choi PhD,Data Ethics,69.0,88,82,82
Brian Choi PhD,Risk Analysis and Management,91.0,66,81,87
Brian Choi PhD,Risk Management in Cybersecurity,82.0,82,80,85
Brian Choi PhD,Employee Engagement Techniques,88.0,76,51,76
Brian Choi PhD,Incident Response,78.0,93,95,90
Brian Choi PhD,Computer Vision Applications,70.0,76,81,80
Brian Choi PhD,Sales Analytics,85.0,86,60,79
Brian Choi PhD,Conflict Resolution in HR,88.0,90,97,94
Brian Choi PhD,Introduction to IT Support,96.0,81,88,92
Brian Choi PhD,Design Tools Overview,98.0,52,89,91
Jose Burgess,Data Visualization with Matplotlib,76.0,79,83,84
Jose Burgess,Data Analysis for Business Decisions,92.0,93,97,95
Jose Burgess,Data Analysis with Pandas,91.0,54,92,89
Jose Burgess,Data Ethics,70.0,52,85,79
Jose Burgess,Data Cleaning & Preprocessing,92.0,87,52,79
Jose Burgess,AI in IoT,82.0,79,58,77
Jose Burgess,Content Management Systems (CMS),58.0,91,69,74
Jose Burgess,Consensus Algorithms,86.0,80,54,77
Jose Burgess,Game Monetization Strategies,54.0,96,95,82
Jose Burgess,SWOT Analysis for Business,84.0,99,63,81
Jonathan Mccarthy,Data Visualization with Matplotlib,60.0,88,78,77
Jonathan Mccarthy,Data Analysis with Pandas,99.0,86,54,82
Jonathan Mccarthy,Data Analysis for Business Decisions,74.0,70,80,81
Jonathan Mccarthy,Data Cleaning & Preprocessing,76.0,85,89,86
Jonathan Mccarthy,Data Ethics,77.0,98,70,81
Jonathan Mccarthy,Node.js,63.0,50,59,68
Jonathan Mccarthy,Monitoring and Logging,78.0,100,77,84
Jonathan Mccarthy,Labor Laws and Compliance,81.0,98,88,89
Jonathan Mccarthy,Financial Analysis Techniques,98.0,65,68,85
Jonathan Mccarthy,Serverless Architecture,75.0,99,72,81
Jonathan Mccarthy,Presentation Skills for Sales,96.0,60,80,88
Jonathan Mccarthy,iOS Development Basics,70.0,81,84,82
Jonathan Mccarthy,HTML & CSS,83.0,88,87,88
Connor Owens,Data Ethics,96.0,54,66,82
Connor Owens,Data Analysis with Pandas,98.0,81,54,81
Connor Owens,Data Analysis for Business Decisions,62.0,85,84,80
Connor Owens,Data Visualization with Matplotlib,74.0,58,54,71
Connor Owens,Data Cleaning & Preprocessing,91.0,71,50,76
Connor Owens,API Development,71.0,69,89,83
Connor Owens,Time Series Analysis,55.0,89,58,68
Connor Owens,Labor Laws and Compliance,60.0,61,53,66
Connor Owens,Blockchain Use Cases,53.0,52,70,68
Connor Owens,Game Monetization Strategies,94.0,88,96,95
Connor Owens,Brand Management Online,87.0,87,63,81
Timothy Lee,Data Cleaning & Preprocessing,82.0,92,74,84
Timothy Lee,Data Analysis with Pandas,67.0,81,74,77
Timothy Lee,Data Analysis for Business Decisions,66.0,87,63,74
Timothy Lee,Data Visualization with Matplotlib,79.0,52,93,85
Timothy Lee,Predictive Analytics,56.0,91,59,69
Timothy Lee,Talent Acquisition Strategies,95.0,65,71,85
Timothy Lee,Ethereum Development,99.0,88,80,91
Timothy Lee,SWOT Analysis for Business,95.0,51,79,86
Timothy Lee,Understanding Consumer Behavior,55.0,63,88,76
Timothy Lee,Content Marketing Strategies,61.0,99,80,79
Holly Gonzalez,Data Ethics,98.0,94,78,91
Holly Gonzalez,Data Analysis for Business Decisions,63.0,63,68,72
Holly Gonzalez,Data Analysis with Pandas,71.0,93,60,75
Holly Gonzalez,Data Cleaning & Preprocessing,99.0,86,60,84
Holly Gonzalez,Data Visualization with Matplotlib,57.0,64,80,74
Holly Gonzalez,Supervised Learning,58.0,76,52,66
Holly Gonzalez,Training and Development,55.0,63,85,75
Holly Gonzalez,Communication Skills for Project Managers,82.0,71,95,89
Holly Gonzalez,Operating Systems Overview,84.0,80,57,77
Holly Gonzalez,Azure Basics,81.0,95,68,82
Holly Gonzalez,Content Promotion Strategies,51.0,66,56,64
Holly Gonzalez,Influencer Marketing,51.0,87,90,78
Tiffany Morris,Data Ethics,64.0,89,50,69
Tiffany Morris,Data Analysis for Business Decisions,91.0,83,84,90
Tiffany Morris,Data Cleaning & Preprocessing,84.0,85,64,80
Tiffany Morris,Data Analysis with Pandas,75.0,65,70,77
Tiffany Morris,Data Visualization with Matplotlib,90.0,63,93,90
Tiffany Morris,Presentation Skills for Business Analysts,71.0,53,72,75
Tiffany Morris,Virtual Reality Development,69.0,69,63,73
Tiffany Morris,SEO for Content Creators,69.0,94,100,89
Tiffany Morris,Smart Contracts Development,55.0,87,79,76
Tiffany Morris,Time Series Analysis,52.0,77,77,73
Tiffany Morris,Video Production Basics,69.0,95,87,84
Tiffany Morris,Social Media Marketing,62.0,68,82,77
Tiffany Morris,Diversity and Inclusion Initiatives,73.0,76,56,73
Tiffany Morris,Web Performance Optimization,80.0,60,55,73
Tiffany Morris,DevOps in the Cloud,65.0,82,70,75
Nancy Nelson,Data Ethics,86.0,74,64,80
Nancy Nelson,Data Cleaning & Preprocessing,60.0,66,84,77
Nancy Nelson,Data Analysis for Business Decisions,66.0,100,100,88
Nancy Nelson,Data Visualization with Matplotlib,58.0,58,53,65
Nancy Nelson,Data Analysis with Pandas,73.0,69,91,84
Nancy Nelson,Containerization with Docker,59.0,83,80,77
Nancy Nelson,Performance Management Systems,82.0,83,50,74
Nancy Nelson,Graphic Design Basics for Content,92.0,99,97,96
Nancy Nelson,Network Security Fundamentals,82.0,95,81,87
Nancy Nelson,API Integration in Mobile Apps,60.0,80,61,70
Nancy Nelson,Troubleshooting Techniques,67.0,56,84,78
Nancy Nelson,Tokenomics,75.0,61,62,74
Nancy Nelson,Agile Methodologies,57.0,93,83,78
Tiffany Hall,Data Cleaning & Preprocessing,51.0,63,76,71
Tiffany Hall,Data Visualization with Matplotlib,90.0,59,61,79
Tiffany Hall,Data Ethics,72.0,91,84,84
Tiffany Hall,Data Analysis for Business Decisions,53.0,72,92,78
Tiffany Hall,Data Analysis with Pandas,66.0,88,98,86
Tiffany Hall,SWOT Analysis for Business,65.0,62,67,72
Tiffany Hall,Blockchain Security,87.0,80,59,79
Tiffany Hall,3D Game Development,95.0,87,55,81
Tiffany Hall,Mobile App Security,80.0,55,69,78
Tiffany Hall,React,64.0,81,98,85
Tiffany Hall,Configuration Management with Ansible,77.0,95,54,75
Tiffany Hall,Stakeholder Analysis,70.0,91,78,81
Tiffany Hall,Node.js,85.0,86,63,80
Tiffany Hall,Blockchain Use Cases,76.0,71,59,74
Tiffany Hall,AI in IoT,96.0,64,72,85
Nicholas Campbell,Data Analysis with Pandas,96.0,67,67,84
Nicholas Campbell,Data Analysis for Business Decisions,92.0,77,64,82
Nicholas Campbell,Data Ethics,93.0,85,66,84
Nicholas Campbell,Data Cleaning & Preprocessing,52.0,83,55,66
Nicholas Campbell,Data Visualization with Matplotlib,81.0,55,58,74
Nicholas Campbell,Business Process Modeling,66.0,96,65,75
Nicholas Campbell,Networking Basics,93.0,68,58,80
Nicholas Campbell,Security in Cloud Computing,75.0,92,58,76
Nicholas Campbell,Deployment of ML Models,89.0,65,63,80
Nicholas Campbell,Blockchain Security,90.0,70,84,88
Nicholas Campbell,Unity Basics,57.0,86,99,83
Nicholas Campbell,Time Management for Sales,88.0,85,74,85
Angela Chapman,Data Analysis with Pandas,86.0,68,71,82
Angela Chapman,Data Analysis for Business Decisions,55.0,89,94,81
Angela Chapman,Data Cleaning & Preprocessing,65.0,61,63,71
Angela Chapman,Data Visualization with Matplotlib,68.0,97,96,87
Angela Chapman,Data Ethics,76.0,72,99,88
Angela Chapman,Performance Optimization for Mobile Apps,60.0,55,70,71
Angela Chapman,Project Management Tools Overview,95.0,100,55,82
Angela Chapman,Node.js,88.0,86,58,80
Angela Chapman,Content Management Systems (CMS),68.0,75,97,85
Angela Chapman,Tokenomics,59.0,84,67,72
Angela Chapman,Network Security Fundamentals,89.0,97,81,89
Angela Chapman,Containerization with Docker,64.0,76,93,83
Michael Martin,Data Cleaning & Preprocessing,53.0,97,93,81
Michael Martin,Data Analysis with Pandas,64.0,84,68,75
Michael Martin,Data Ethics,99.0,100,75,91
Michael Martin,Data Analysis for Business Decisions,83.0,77,72,82
Michael Martin,Configuration Management with Ansible,66.0,58,90,80
Michael Martin,Cross-Platform Development with Flutter,64.0,97,79,80
Michael Martin,Influencer Marketing,95.0,51,63,80
Michael Martin,Introduction to Content Creation,84.0,80,55,77
Michael Martin,Negotiation Techniques,94.0,68,67,83
Michael Martin,Deep Learning Fundamentals,95.0,52,51,76
Michael Martin,User Interface Design for Mobile Apps,62.0,96,82,80
Jason Williams,Data Analysis with Pandas,63.0,81,54,69
Jason Williams,Data Analysis for Business Decisions,79.0,97,62,79
Jason Williams,Data Visualization with Matplotlib,72.0,59,56,71
Jason Williams,Data Cleaning & Preprocessing,50.0,65,71,69
Jason Williams,Data Ethics,73.0,84,76,81
Jason Williams,Publishing Mobile Apps,91.0,80,74,86
Jason Williams,Visual Design Basics,71.0,51,60,71
Jason Williams,Blogging for Beginners,89.0,67,69,82
Jason Williams,ITIL Foundations,53.0,57,67,68
Jason Williams,Node.js,68.0,65,74,76
Jason Williams,Closing Sales Strategies,100.0,66,66,85
Dennis Mejia,Data Visualization with Matplotlib,69.0,75,64,74
Dennis Mejia,Data Analysis with Pandas,81.0,81,69,81
Dennis Mejia,Data Ethics,53.0,94,85,78
Dennis Mejia,Data Analysis for Business Decisions,65.0,83,96,85
Dennis Mejia,Data Cleaning & Preprocessing,85.0,89,63,81
Dennis Mejia,Game Monetization Strategies,94.0,76,60,82
Dennis Mejia,Decentralized Applications (DApps),57.0,80,90,79
Dennis Mejia,App Monetization Strategies,93.0,82,71,86
Dennis Mejia,Agile Project Management,70.0,53,62,72
Dennis Mejia,Business Case Development,50.0,60,81,72
Brian Briggs,Data Cleaning & Preprocessing,97.0,92,59,84
Brian Briggs,Data Analysis for Business Decisions,93.0,96,97,96
Brian Briggs,Data Visualization with Matplotlib,74.0,69,51,71
Brian Briggs,Data Ethics,51.0,68,88,75
Brian Briggs,Data Analysis with Pandas,72.0,94,66,78
Brian Briggs,Operating Systems Overview,72.0,73,78,80
Brian Briggs,Cross-Platform Development with Flutter,78.0,73,99,89
Brian Briggs,Consensus Algorithms,98.0,53,73,85
Brian Briggs,Introduction to Game Development,86.0,87,51,77
Brian Briggs,Customer Service Excellence,80.0,57,72,79
Brian Briggs,AI in IoT,55.0,57,55,64
Brian Briggs,iOS Development Basics,66.0,67,83,79
Brian Briggs,Google Cloud Platform Essentials,90.0,51,54,76
Brian Briggs,React,65.0,63,60,70
Lauren Long,Data Analysis with Pandas,55.0,79,88,78
Lauren Long,Data Analysis for Business Decisions,65.0,89,75,78
Lauren Long,Data Ethics,59.0,84,72,74
Lauren Long,Data Cleaning & Preprocessing,82.0,66,91,87
Lauren Long,Data Visualization with Matplotlib,59.0,76,78,76
Lauren Long,3D Game Development,51.0,50,94,76
Lauren Long,Remote Support Techniques,69.0,58,73,75
Lauren Long,HR Technology Tools,93.0,63,66,82
Lauren Long,Financial Reporting Standards,68.0,58,67,73
Lauren Long,Video Production Basics,65.0,57,89,80
Lauren Long,Sales Fundamentals,75.0,84,97,89
Lauren Long,Model Evaluation,66.0,77,100,86
Lauren Long,Introduction to Machine Learning,71.0,98,53,73
Mark Escobar,Data Analysis with Pandas,96.0,98,90,95
Mark Escobar,Data Visualization with Matplotlib,76.0,56,59,73
Mark Escobar,Data Cleaning & Preprocessing,92.0,59,67,82
Mark Escobar,Data Ethics,62.0,53,54,66
Mark Escobar,Data Analysis for Business Decisions,90.0,96,72,86
Mark Escobar,Introduction to Cloud Computing,78.0,83,67,79
Mark Escobar,Personal Finance Skills,70.0,68,53,70
Mark Escobar,Continuous Integration and Delivery,99.0,76,52,80
Mark Escobar,Content Management Systems (CMS),96.0,54,98,93
Mark Escobar,Understanding Consumer Behavior,82.0,80,83,86
Mark Escobar,Business Case Development,74.0,53,73,77
Mark Escobar,Content Promotion Strategies,76.0,76,71,79
Mark Escobar,Azure Basics,62.0,83,80,78
Jaime Sampson,Data Cleaning & Preprocessing,82.0,61,97,89
Jaime Sampson,Data Analysis with Pandas,50.0,79,58,66
Jaime Sampson,Data Visualization with Matplotlib,52.0,64,99,79
Jaime Sampson,Data Ethics,73.0,93,92,87
Jaime Sampson,Data Analysis for Business Decisions,66.0,63,69,74
Jaime Sampson,Supervised Learning,73.0,84,62,76
Jaime Sampson,Corporate Finance Essentials,90.0,84,100,95
Jaime Sampson,JavaScript Basics,60.0,52,100,81
Jaime Sampson,Unreal Engine Basics,67.0,99,72,79
Jaime Sampson,Stakeholder Management,78.0,94,69,81
Katherine Reyes,Data Analysis for Business Decisions,92.0,92,51,79
Katherine Reyes,Data Visualization with Matplotlib,55.0,76,64,69
Katherine Reyes,Data Analysis with Pandas,51.0,57,80,72
Katherine Reyes,Data Cleaning & Preprocessing,60.0,86,93,82
Katherine Reyes,Data Ethics,74.0,91,78,82
Katherine Reyes,Supervised Learning,50.0,50,90,74
Katherine Reyes,Computer Vision Basics,87.0,91,76,86
Katherine Reyes,AWS Fundamentals,53.0,62,73,70
Katherine Reyes,Decentralized Applications (DApps),86.0,70,83,86
Katherine Reyes,API Development,50.0,93,62,68
Mrs. Katie Johnston MD,Data Visualization with Matplotlib,55.0,50,91,76
Mrs. Katie Johnston MD,Data Ethics,77.0,87,81,84
Mrs. Katie Johnston MD,Data Analysis with Pandas,100.0,78,91,95
Mrs. Katie Johnston MD,Data Analysis for Business Decisions,56.0,70,85,76
Mrs. Katie Johnston MD,Data Cleaning & Preprocessing,61.0,98,52,69
Mrs. Katie Johnston MD,Performance Management Systems,60.0,57,70,71
Mrs. Katie Johnston MD,3D Game Development,61.0,58,65,70
Mrs. Katie Johnston MD,Business Process Modeling,72.0,80,84,83
Mrs. Katie Johnston MD,Publishing Mobile Apps,50.0,74,88,76
Mrs. Katie Johnston MD,Responsive Design Principles,94.0,69,73,85
Mrs. Katie Johnston MD,Networking Basics,50.0,68,61,66
Patricia Davis DDS,Data Ethics,92.0,78,54,79
Patricia Davis DDS,Data Visualization with Matplotlib,86.0,73,86,87
Patricia Davis DDS,Data Cleaning & Preprocessing,70.0,91,83,83
Patricia Davis DDS,Data Analysis with Pandas,53.0,63,72,70
Patricia Davis DDS,Data Analysis for Business Decisions,55.0,87,87,78
Patricia Davis DDS,Sales Fundamentals,78.0,57,64,75
Patricia Davis DDS,Diversity and Inclusion Initiatives,95.0,81,61,83
Patricia Davis DDS,RESTful Services,69.0,51,63,71
Patricia Davis DDS,Publishing Mobile Apps,53.0,75,53,65
Patricia Davis DDS,Statistical Analysis,71.0,61,71,76
Patricia Davis DDS,3D Game Development,95.0,64,97,94
Patricia Davis DDS,Penetration Testing,52.0,89,51,65
Patricia Davis DDS,HR Analytics,70.0,86,80,81
William Hughes,Data Analysis with Pandas,97.0,74,50,79
William Hughes,Data Visualization with Matplotlib,51.0,53,56,63
William Hughes,Data Ethics,82.0,57,55,74
William Hughes,Data Cleaning & Preprocessing,61.0,87,76,77
William Hughes,Data Analysis for Business Decisions,97.0,83,91,94
William Hughes,Troubleshooting Techniques,100.0,76,54,82
William Hughes,Change Management,68.0,55,79,77
William Hughes,Presentation Skills for Business Analysts,99.0,98,68,88
William Hughes,Introduction to Business Analysis,68.0,99,86,84
William Hughes,Publishing Mobile Apps,70.0,82,65,75
William Hughes,Business Process Modeling,65.0,82,81,79
William Hughes,Podcasting Fundamentals,76.0,87,54,74
William Hughes,Cloud Security Best Practices,87.0,95,66,83
William Hughes,Change Management Strategies,70.0,59,54,69
William Hughes,Mobile App Design,81.0,67,90,87
Tiffany Turner,Data Ethics,66.0,55,54,68
Tiffany Turner,Data Analysis with Pandas,70.0,54,67,73
Tiffany Turner,Data Visualization with Matplotlib,74.0,73,65,76
Tiffany Turner,Data Analysis for Business Decisions,86.0,84,60,80
Tiffany Turner,Data Cleaning & Preprocessing,97.0,78,58,82
Tiffany Turner,Automating Cloud Deployments,51.0,56,81,72
Tiffany Turner,Networking Basics,95.0,74,63,83
Tiffany Turner,Deep Learning with TensorFlow,64.0,97,52,70
Tiffany Turner,Agile Project Management,85.0,92,91,91
Tiffany Turner,Blockchain Security,75.0,87,96,89
Tiffany Turner,Introduction to Machine Learning,50.0,72,67,68
Lindsay Barr,Data Analysis for Business Decisions,69.0,50,55,68
Lindsay Barr,Data Analysis with Pandas,53.0,83,65,70
Lindsay Barr,Data Visualization with Matplotlib,54.0,71,54,65
Lindsay Barr,Data Cleaning & Preprocessing,57.0,92,63,71
Lindsay Barr,Data Ethics,55.0,75,94,80
Lindsay Barr,Deep Learning Fundamentals,55.0,99,90,81
Lindsay Barr,Podcasting Fundamentals,62.0,66,72,74
Lindsay Barr,Business Process Modeling,51.0,81,92,78
Lindsay Barr,Brand Management Online,63.0,72,76,76
Lindsay Barr,Smart Contracts Development,96.0,51,100,94
Lindsay Barr,3D Game Development,97.0,65,98,95
Lindsay Barr,Web Accessibility Standards,78.0,86,99,91
Lindsay Barr,AI in Robotics,91.0,59,93,90
Lindsay Barr,Communication Skills for Project Managers,88.0,100,62,82
Dawn Rodriguez,Data Ethics,65.0,97,94,85
Dawn Rodriguez,Data Visualization with Matplotlib,71.0,91,94,87
Dawn Rodriguez,Data Cleaning & Preprocessing,100.0,78,82,92
Dawn Rodriguez,Data Analysis with Pandas,68.0,82,97,86
Dawn Rodriguez,Data Analysis for Business Decisions,75.0,72,76,80
Dawn Rodriguez,Introduction to UI/UX Design,53.0,50,69,68
Dawn Rodriguez,Vulnerability Assessment,97.0,53,91,91
Dawn Rodriguez,Presentation Skills for Sales,52.0,83,51,64
Dawn Rodriguez,Blockchain Security,80.0,69,79,83
Dawn Rodriguez,Cryptography Basics,75.0,99,86,86
Dawn Rodriguez,Budgeting for Projects,88.0,95,81,89
Dawn Rodriguez,SEO Fundamentals,61.0,85,92,82
Dawn Rodriguez,Frontend Development Basics,90.0,68,78,86
Maria Harris,Data Visualization with Matplotlib,81.0,63,90,86
Maria Harris,Data Analysis for Business Decisions,89.0,90,96,94
Maria Harris,Data Analysis with Pandas,69.0,71,90,83
Maria Harris,Data Ethics,66.0,60,89,80
Maria Harris,Data Cleaning & Preprocessing,51.0,93,67,71
Maria Harris,Unreal Engine Basics,55.0,78,100,82
Maria Harris,Blockchain Use Cases,71.0,82,63,75
Maria Harris,Project Scheduling Techniques,76.0,64,59,74
Maria Harris,3D Game Development,51.0,64,77,71
Maria Harris,Investing Fundamentals,53.0,66,54,64
Michael Bell,Data Analysis for Business Decisions,86.0,58,74,82
Michael Bell,Data Cleaning & Preprocessing,87.0,64,87,87
Michael Bell,Data Visualization with Matplotlib,51.0,66,51,62
Michael Bell,Data Analysis with Pandas,66.0,57,93,81
Michael Bell,Data Ethics,50.0,80,56,65
Michael Bell,Hyperledger Basics,86.0,73,66,80
Michael Bell,Communication Skills for Project Managers,96.0,54,99,94
Michael Bell,Virtual Reality Development,92.0,76,79,87
Michael Bell,Introduction to IT Support,69.0,93,57,73
Michael Bell,Reinforcement Learning Techniques,82.0,82,51,75
Michael Bell,HR Technology Tools,80.0,65,63,77
Evelyn Hopkins,Data Analysis with Pandas,86.0,71,62,79
Evelyn Hopkins,Data Cleaning & Preprocessing,89.0,77,80,87
Evelyn Hopkins,Data Ethics,92.0,98,77,89
Evelyn Hopkins,Data Visualization with Matplotlib,69.0,77,100,87
Evelyn Hopkins,Data Analysis for Business Decisions,59.0,68,77,74
Evelyn Hopkins,Node.js,99.0,52,60,81
Evelyn Hopkins,Model Evaluation,71.0,86,86,84
Evelyn Hopkins,Mobile App Security,52.0,70,59,66
Evelyn Hopkins,Introduction to Blockchain,53.0,77,59,67
Evelyn Hopkins,Diversity and Inclusion Initiatives,94.0,66,74,85
Evelyn Hopkins,Stakeholder Management,53.0,85,60,68
Evelyn Hopkins,Brand Management Online,83.0,63,88,86
Evelyn Hopkins,Ethics in AI,62.0,82,76,76
Evelyn Hopkins,Agile Methodologies,50.0,65,79,72
Mrs. Ashley Cox,Data Visualization with Matplotlib,52.0,79,83,75
Mrs. Ashley Cox,Data Analysis for Business Decisions,85.0,84,94,91
Mrs. Ashley Cox,Data Ethics,85.0,96,72,85
Mrs. Ashley Cox,Data Cleaning & Preprocessing,85.0,55,70,80
Mrs. Ashley Cox,Data Analysis with Pandas,73.0,54,84,80
Mrs. Ashley Cox,Business Case Development,64.0,99,79,80
Mrs. Ashley Cox,Content Strategy Development,56.0,76,72,72
Mrs. Ashley Cox,Node.js,61.0,96,65,74
Mrs. Ashley Cox,Computer Vision Basics,94.0,89,56,81
Mrs. Ashley Cox,E-commerce Development Basics,86.0,61,80,84
Mrs. Ashley Cox,HTML & CSS,95.0,70,90,92
Regina Johnson,Data Analysis with Pandas,97.0,91,75,89
Regina Johnson,Data Visualization with Matplotlib,86.0,99,100,95
Regina Johnson,Data Analysis for Business Decisions,77.0,65,89,85
Regina Johnson,Data Cleaning & Preprocessing,85.0,76,82,86
Regina Johnson,Data Ethics,82.0,58,82,83
Regina Johnson,Customer Service Skills for IT,85.0,53,68,79
Regina Johnson,Cloud Support Fundamentals,68.0,92,72,78
Regina Johnson,Unreal Engine Basics,99.0,68,60,82
Regina Johnson,Risk Management in Finance,72.0,50,76,77
Regina Johnson,E-commerce Development Basics,63.0,68,74,75
Regina Johnson,Game Design Principles,62.0,86,53,69
Regina Johnson,AI in IoT,75.0,53,82,80
Regina Johnson,Project Scheduling Techniques,97.0,95,93,96
Tara Woods,Data Analysis with Pandas,84.0,52,59,75
Tara Woods,Data Visualization with Matplotlib,76.0,95,69,80
Tara Woods,Data Analysis for Business Decisions,50.0,67,57,64
Tara Woods,Data Ethics,75.0,90,60,76
Tara Woods,Data Cleaning & Preprocessing,91.0,67,81,87
Tara Woods,Serverless Architecture,73.0,54,50,68
Tara Woods,Presentation Skills for Sales,81.0,85,96,90
Tara Woods,Video Production Basics,60.0,62,55,66
Tara Woods,Game Testing Techniques,63.0,75,74,75
Tara Woods,AWS Fundamentals,55.0,59,86,75
Tara Woods,SEO Fundamentals,83.0,85,68,81
Tara Woods,Training and Development,97.0,72,54,80
Brian Hanna,Data Ethics,75.0,75,53,72
Brian Hanna,Data Analysis with Pandas,98.0,62,74,86
Brian Hanna,Data Visualization with Matplotlib,72.0,86,63,76
Brian Hanna,Data Analysis for Business Decisions,53.0,50,54,62
Brian Hanna,Data Cleaning & Preprocessing,73.0,54,89,82
Brian Hanna,Cloud Security Best Practices,97.0,91,56,83
Brian Hanna,Visual Design Basics,87.0,78,88,89
Brian Hanna,Security in Cloud Computing,56.0,81,88,78
Brian Hanna,Usability Testing,67.0,54,52,67
Brian Hanna,Deployment & Hosting,76.0,57,89,83
Brian Hanna,Analytics for Marketers,76.0,94,64,78
Brian Hanna,Business Process Modeling,87.0,70,78,85
Brian Hanna,iOS Development Basics,50.0,86,78,73
Luis Warner,Data Ethics,97.0,64,50,78
Luis Warner,Data Visualization with Matplotlib,61.0,94,93,83
Luis Warner,Data Analysis for Business Decisions,50.0,88,52,64
Luis Warner,Data Cleaning & Preprocessing,51.0,55,87,74
Luis Warner,Data Analysis with Pandas,60.0,94,57,70
Luis Warner,Serverless Architecture,59.0,71,90,79
Luis Warner,Statistical Analysis,87.0,82,61,80
Luis Warner,Business Case Development,71.0,60,65,74
Luis Warner,AI in IoT,58.0,77,55,67
Luis Warner,Decentralized Applications (DApps),77.0,59,98,87
Luis Warner,Introduction to Finance,95.0,91,89,94
Luis Warner,Training and Development,91.0,76,89,91
Luis Warner,Reinforcement Learning Techniques,96.0,72,57,81
Luis Warner,AI for Business,98.0,89,55,82
Luis Warner,Introduction to Content Creation,99.0,62,93,93
Michelle Carr,Data Visualization with Matplotlib,90.0,69,79,86
Michelle Carr,Data Analysis for Business Decisions,55.0,77,92,79
Michelle Carr,Data Ethics,75.0,70,78,81
Michelle Carr,Data Cleaning & Preprocessing,86.0,90,54,78
Michelle Carr,Data Analysis with Pandas,75.0,92,76,82
Michelle Carr,Cryptography Basics,88.0,61,100,92
Michelle Carr,Game Monetization Strategies,76.0,56,98,86
Michelle Carr,Reinforcement Learning,70.0,55,81,78
Michelle Carr,Introduction to Machine Learning,68.0,81,95,85
Michelle Carr,Publishing Mobile Apps,57.0,54,98,80
Michelle Carr,Introduction to Human Resources,91.0,70,78,86
Michelle Carr,Personal Finance Skills,59.0,62,51,65
Michelle Carr,Introduction to Finance,66.0,75,63,73
Sara Murphy,Data Analysis with Pandas,97.0,53,62,81
Sara Murphy,Data Visualization with Matplotlib,99.0,84,87,94
Sara Murphy,Data Ethics,90.0,72,65,81
Sara Murphy,Data Analysis for Business Decisions,57.0,75,91,79
Sara Murphy,Data Cleaning & Preprocessing,50.0,66,83,73
Sara Murphy,Risk Management in Projects,67.0,65,51,68
Sara Murphy,Security in Cloud Computing,50.0,54,61,64
Sara Murphy,Project Scheduling Techniques,64.0,59,78,76
Sara Murphy,Ethics in AI,58.0,52,84,75
Sara Murphy,Project Management Basics,80.0,76,93,88
Sara Murphy,Big Data with Spark,63.0,85,96,84
Sara Murphy,Sales Fundamentals,54.0,99,59,69
Sara Murphy,Corporate Finance Essentials,89.0,96,57,81
Sara Murphy,Change Management,68.0,90,94,86
Sara Murphy,Game Monetization Strategies,76.0,62,73,78
Gail Saunders,Data Analysis for Business Decisions,94.0,74,90,92
Gail Saunders,Data Analysis with Pandas,58.0,97,68,74
Gail Saunders,Data Ethics,57.0,98,82,78
Gail Saunders,Data Visualization with Matplotlib,57.0,63,87,77
Gail Saunders,Data Cleaning & Preprocessing,79.0,97,63,79
Gail Saunders,Backend Development Fundamentals,87.0,57,74,82
Gail Saunders,Building Customer Relationships,75.0,60,92,84
Gail Saunders,Communication Skills for Project Managers,87.0,64,64,79
Gail Saunders,Business Case Development,66.0,100,87,84
Gail Saunders,Understanding Consumer Behavior,68.0,98,64,76
Gail Saunders,Networking Basics,53.0,65,97,79
Gail Saunders,Introduction to Blockchain,65.0,60,50,66
Gail Saunders,Budgeting for Projects,98.0,98,60,85
Gail Saunders,Multiplayer Game Development,66.0,59,52,67
Gail Saunders,Design Tools Overview,100.0,92,88,95
Ashley Conner,Data Visualization with Matplotlib,63.0,78,83,79
Ashley Conner,Data Analysis with Pandas,68.0,68,63,73
Ashley Conner,Data Analysis for Business Decisions,66.0,56,67,72
Ashley Conner,Data Ethics,57.0,72,80,75
Ashley Conner,Data Cleaning & Preprocessing,67.0,65,68,74
Ashley Conner,Content Strategy Development,91.0,96,84,91
Ashley Conner,Game Monetization Strategies,94.0,85,50,79
Ashley Conner,User Research Techniques,52.0,74,63,68
Ashley Conner,Machine Learning Basics,53.0,87,65,70
Ashley Conner,Networking Basics,78.0,56,81,81
Ashley Conner,Affiliate Marketing,63.0,68,87,79
Ashley Conner,Continuous Integration and Delivery,63.0,57,88,79
Ashley Conner,Financial Analysis Techniques,90.0,98,75,88
Ashley Conner,Budgeting Basics,79.0,86,69,80
Denise Contreras,Data Ethics,93.0,87,57,81
Denise Contreras,Data Analysis with Pandas,69.0,54,94,82
Denise Contreras,Data Cleaning & Preprocessing,84.0,91,90,90
Denise Contreras,Data Visualization with Matplotlib,61.0,50,59,67
Denise Contreras,Data Analysis for Business Decisions,87.0,95,69,84
Denise Contreras,Frontend Development Basics,98.0,50,91,91
Denise Contreras,Version Control with Git,85.0,99,77,87
Denise Contreras,Cloud Cost Management,83.0,93,53,77
Denise Contreras,Backend Development Fundamentals,83.0,56,85,84
Denise Contreras,HTML & CSS,54.0,85,95,81
Denise Contreras,Brand Management Online,57.0,78,84,77
Denise Contreras,Business Process Modeling,96.0,96,92,95
Denise Contreras,Azure Basics,52.0,93,78,75
Denise Contreras,E-commerce Development Basics,97.0,67,70,85
Jason Chandler,Data Analysis with Pandas,56.0,54,92,77
Jason Chandler,Data Cleaning & Preprocessing,73.0,94,81,83
Jason Chandler,Data Visualization with Matplotlib,59.0,85,69,73
Jason Chandler,Data Analysis for Business Decisions,70.0,87,61,75
Jason Chandler,Data Ethics,56.0,74,57,67
Jason Chandler,Google Cloud Platform Essentials,58.0,79,88,79
Jason Chandler,Ethics in AI,55.0,78,62,69
Jason Chandler,Stakeholder Management,62.0,55,75,73
Jason Chandler,Cloud Support Fundamentals,68.0,69,67,74
Jason Chandler,ITIL Foundations,66.0,68,73,75
Anthony Carter,Data Cleaning & Preprocessing,88.0,68,80,86
Anthony Carter,Data Analysis with Pandas,64.0,65,80,77
Anthony Carter,Data Analysis for Business Decisions,96.0,62,73,85
Anthony Carter,Data Ethics,59.0,66,76,74
Anthony Carter,Data Visualization with Matplotlib,71.0,58,87,81
Anthony Carter,Express.js,98.0,92,85,93
Anthony Carter,Understanding Financial Markets,63.0,97,92,84
Anthony Carter,Introduction to Business Analysis,80.0,56,80,82
Anthony Carter,Change Management,73.0,60,64,74
Anthony Carter,Deep Learning with TensorFlow,63.0,80,61,71
Anthony Carter,Python for Data Science,87.0,74,65,81
Anthony Carter,Android Development Basics,79.0,60,70,78
Anthony Carter,Content Strategy Development,83.0,72,72,81
Anthony Carter,Web Accessibility Standards,87.0,52,97,90
Anthony Carter,Diversity and Inclusion Initiatives,84.0,78,98,91
Robin Sanchez,Data Visualization with Matplotlib,82.0,98,81,87
Robin Sanchez,Data Analysis with Pandas,62.0,81,57,70
Robin Sanchez,Data Cleaning & Preprocessing,55.0,89,68,72
Robin Sanchez,Data Ethics,64.0,51,72,73
Robin Sanchez,Data Analysis for Business Decisions,66.0,87,77,79
Robin Sanchez,Deep Learning with TensorFlow,70.0,94,64,76
Robin Sanchez,Social Media Marketing,65.0,62,65,72
Robin Sanchez,Content Promotion Strategies,53.0,93,56,67
Robin Sanchez,Brand Management Online,79.0,64,82,83
Robin Sanchez,Understanding Consumer Behavior,73.0,66,91,84
Robin Sanchez,Statistical Analysis,93.0,92,64,84
Robin Sanchez,Speech Recognition Technologies,59.0,57,57,66
Natalie Lee,Data Analysis for Business Decisions,87.0,80,97,92
Natalie Lee,Data Cleaning & Preprocessing,77.0,53,83,81
Natalie Lee,Data Analysis with Pandas,78.0,92,53,75
Natalie Lee,Data Ethics,74.0,57,52,70
Natalie Lee,Data Visualization with Matplotlib,64.0,67,94,82
Natalie Lee,Sales Analytics,60.0,78,74,75
Natalie Lee,ITIL Foundations,69.0,62,80,78
Natalie Lee,React,51.0,97,60,69
Natalie Lee,Training and Development,52.0,70,93,78
Natalie Lee,Continuous Integration and Delivery,56.0,59,84,75
Natalie Lee,API Integration in Mobile Apps,80.0,90,86,87
Natalie Lee,Game Monetization Strategies,99.0,82,65,86
Natalie Lee,Personal Finance Skills,56.0,79,89,79
Natalie Lee,Monitoring and Logging,84.0,85,97,92
Natalie Lee,Business Case Development,80.0,98,99,92
Travis Boyd,Data Analysis for Business Decisions,90.0,92,55,80
Travis Boyd,Data Visualization with Matplotlib,86.0,84,70,83
Travis Boyd,Data Ethics,78.0,75,69,79
Travis Boyd,Data Cleaning & Preprocessing,72.0,64,68,75
Travis Boyd,Data Analysis with Pandas,93.0,100,80,91
Travis Boyd,Financial Analysis Techniques,96.0,70,87,91
Travis Boyd,Mobile App Security,75.0,70,82,82
Travis Boyd,Computer Vision Basics,97.0,55,90,91
Travis Boyd,Mobile Testing Strategies,88.0,52,61,77
Travis Boyd,Budgeting Basics,78.0,71,64,77
Travis Boyd,Azure Basics,77.0,80,61,76
Travis Boyd,Machine Learning Basics,61.0,68,60,69
Travis Boyd,Change Management Strategies,74.0,76,64,76
Travis Boyd,Risk Analysis and Management,67.0,75,75,77
Travis Boyd,Cryptocurrency Fundamentals,85.0,97,65,82
Paula Allen,Data Analysis with Pandas,72.0,90,77,81
Paula Allen,Data Ethics,91.0,50,69,81
Paula Allen,Data Analysis for Business Decisions,94.0,57,72,84
Paula Allen,Data Cleaning & Preprocessing,69.0,89,63,75
Paula Allen,Data Visualization with Matplotlib,82.0,81,72,82
Paula Allen,User Research Techniques,77.0,51,89,83
Paula Allen,Automating Cloud Deployments,67.0,72,69,75
Paula Allen,Supervised Learning,86.0,50,66,78
Paula Allen,Incident Response,68.0,71,75,77
Paula Allen,Penetration Testing,54.0,60,69,69
Paula Allen,Requirements Gathering Techniques,52.0,71,75,72
Paula Allen,Negotiation Techniques,65.0,86,57,71
Paula Allen,Mobile Testing Strategies,85.0,70,100,92
Carol Castro,Data Visualization with Matplotlib,64.0,86,88,82
Carol Castro,Data Ethics,82.0,100,77,86
Carol Castro,Data Cleaning & Preprocessing,73.0,73,77,80
Carol Castro,Data Analysis for Business Decisions,94.0,69,67,83
Carol Castro,Data Analysis with Pandas,98.0,62,64,83
Carol Castro,Multiplayer Game Development,79.0,98,80,85
Carol Castro,JavaScript Frameworks Overview,50.0,100,59,68
Carol Castro,Presentation Skills for Sales,61.0,97,67,74
Carol Castro,AI in Healthcare,81.0,66,73,80
Carol Castro,Python for Data Science,55.0,50,93,77
Carol Castro,Container Orchestration with Kubernetes,54.0,95,60,69
Carol Castro,Content Marketing Strategies,94.0,84,98,96
Carol Castro,Natural Language Processing Techniques,87.0,51,67,79
Carol Castro,Cloud Cost Management,67.0,52,71,74
Stephen Rowland,Data Visualization with Matplotlib,92.0,72,87,90
Stephen Rowland,Data Cleaning & Preprocessing,58.0,59,65,69
Stephen Rowland,Data Analysis with Pandas,59.0,91,64,72
Stephen Rowland,Data Ethics,57.0,93,86,79
Stephen Rowland,Data Analysis for Business Decisions,95.0,57,73,84
Stephen Rowland,Email Marketing Basics,66.0,92,98,87
Stephen Rowland,Multiplayer Game Development,85.0,81,93,90
Stephen Rowland,Game Design Principles,65.0,62,71,74
Stephen Rowland,Container Orchestration with Kubernetes,94.0,94,97,96
Stephen Rowland,Security Awareness for IT Support,85.0,73,97,91
Amber Martin,Data Visualization with Matplotlib,88.0,83,53,78
Amber Martin,Data Cleaning & Preprocessing,70.0,100,94,87
Amber Martin,Data Analysis for Business Decisions,68.0,100,73,79
Amber Martin,Data Ethics,80.0,53,64,76
Amber Martin,Data Analysis with Pandas,77.0,86,52,74
Amber Martin,Hardware Repair Skills,64.0,52,60,69
Amber Martin,Digital Sales Techniques,51.0,79,60,67
Amber Martin,Responsive Design Principles,66.0,74,80,78
Amber Martin,Agile Methodologies,73.0,86,79,82
Amber Martin,Corporate Finance Essentials,95.0,93,85,92
Amber Martin,Deep Learning with TensorFlow,73.0,100,83,85
Amber Martin,HR Analytics,55.0,55,100,80
Amber Martin,Labor Laws and Compliance,85.0,63,67,80
Jeremy Barry,Data Ethics,63.0,86,79,78
Jeremy Barry,Data Analysis for Business Decisions,76.0,62,69,77
Jeremy Barry,Data Analysis with Pandas,54.0,71,78,73
Jeremy Barry,Data Visualization with Matplotlib,73.0,60,74,77
Jeremy Barry,Data Cleaning & Preprocessing,60.0,65,67,71
Jeremy Barry,E-commerce Development Basics,68.0,89,91,85
Jeremy Barry,Risk Management in Finance,63.0,52,63,69
Jeremy Barry,Microservices in Cloud,69.0,91,95,86
Jeremy Barry,Risk Analysis and Management,81.0,79,65,79
Jeremy Barry,Usability Testing,53.0,59,55,64
Jeremy Barry,Web Performance Optimization,80.0,75,86,86
Jeremy Barry,Analytics for Marketers,83.0,50,67,78
Michele White,Data Analysis for Business Decisions,84.0,90,93,91
Michele White,Data Ethics,94.0,57,50,76
Michele White,Data Cleaning & Preprocessing,81.0,72,91,87
Michele White,Data Visualization with Matplotlib,61.0,83,65,72
Michele White,Data Analysis with Pandas,76.0,96,66,79
Michele White,Influencer Marketing,65.0,88,62,73
Michele White,User Interface Design for Mobile Apps,62.0,98,80,80
Michele White,Supervised Learning,55.0,86,92,80
Michele White,Infrastructure as Code,71.0,75,94,85
Michele White,Tokenomics,95.0,75,84,90
Michele White,Introduction to Human Resources,100.0,87,98,98
Michele White,Graphic Design Basics for Content,99.0,59,65,83
Michele White,Sales Fundamentals,98.0,70,50,79
Michele White,Serverless Architecture,75.0,61,78,80
Michele White,Blockchain Use Cases,68.0,56,88,80
Gerald Nelson,Data Analysis with Pandas,83.0,93,62,80
Gerald Nelson,Data Visualization with Matplotlib,75.0,62,96,86
Gerald Nelson,Data Analysis for Business Decisions,69.0,90,95,86
Gerald Nelson,Data Ethics,83.0,67,95,89
Gerald Nelson,Data Cleaning & Preprocessing,66.0,69,70,74
Gerald Nelson,Mobile Testing Strategies,72.0,94,52,73
Gerald Nelson,User Research Techniques,50.0,99,87,78
Gerald Nelson,Stakeholder Management,65.0,95,51,70
Gerald Nelson,Big Data with Spark,87.0,70,70,82
Gerald Nelson,Blockchain Security,61.0,95,67,74
Gerald Nelson,Python for Data Science,91.0,80,51,78
Natalie Daniel,Data Cleaning & Preprocessing,87.0,79,53,77
Natalie Daniel,Data Analysis with Pandas,99.0,81,79,90
Natalie Daniel,Data Visualization with Matplotlib,83.0,90,93,91
Natalie Daniel,Data Analysis for Business Decisions,57.0,71,95,80
Natalie Daniel,Data Ethics,79.0,82,58,76
Natalie Daniel,Building Customer Relationships,62.0,92,67,74
Natalie Daniel,E-commerce Development Basics,66.0,89,63,74
Natalie Daniel,Serverless Architecture,95.0,66,68,84
Natalie Daniel,Usability Testing,61.0,74,63,71
Natalie Daniel,AI in IoT,80.0,72,54,74
Natalie Daniel,Communication Skills for Project Managers,73.0,89,52,73
Natalie Daniel,RESTful Services,73.0,99,92,88
Natalie Daniel,Requirements Gathering Techniques,68.0,60,92,82
Tamara Medina,Data Ethics,76.0,69,74,79
Tamara Medina,Data Analysis for Business Decisions,79.0,60,59,74
Tamara Medina,Data Visualization with Matplotlib,79.0,57,82,82
Tamara Medina,Data Analysis with Pandas,74.0,69,89,84
Tamara Medina,Data Cleaning & Preprocessing,56.0,61,77,73
Tamara Medina,Vulnerability Assessment,88.0,53,70,81
Tamara Medina,Risk Management in Projects,70.0,90,60,74
Tamara Medina,Android Development Basics,78.0,85,98,90
Tamara Medina,iOS Development Basics,68.0,77,96,85
Tamara Medina,Mobile App Security,78.0,80,55,75
Tamara Medina,Financial Reporting Standards,100.0,69,66,85
Tamara Medina,Configuration Management with Ansible,90.0,92,95,94
Tamara Medina,Introduction to Finance,62.0,95,61,73
Michael Clark,Data Ethics,55.0,58,69,69
Michael Clark,Data Analysis with Pandas,81.0,58,73,80
Michael Clark,Data Analysis for Business Decisions,68.0,88,56,72
Michael Clark,Data Visualization with Matplotlib,77.0,53,100,87
Michael Clark,Data Cleaning & Preprocessing,51.0,70,64,67
Michael Clark,Project Scheduling Techniques,75.0,79,68,78
Michael Clark,Smart Contracts Development,83.0,64,92,88
Michael Clark,Introduction to Content Creation,61.0,69,50,66
Michael Clark,Conversion Rate Optimization,68.0,98,83,83
Michael Clark,Multiplayer Game Development,74.0,84,70,79
Mark Johnson,Data Cleaning & Preprocessing,83.0,59,96,89
Mark Johnson,Data Analysis with Pandas,91.0,88,53,79
Mark Johnson,Data Analysis for Business Decisions,82.0,64,53,74
Mark Johnson,Data Visualization with Matplotlib,55.0,100,58,70
Mark Johnson,Data Ethics,70.0,53,82,78
Mark Johnson,Introduction to Business Analysis,89.0,95,52,79
Mark Johnson,Conversion Rate Optimization,53.0,67,72,70
Mark Johnson,Visual Design Basics,74.0,50,100,86
Mark Johnson,Game Design Principles,98.0,74,80,90
Mark Johnson,Machine Learning Basics,99.0,93,86,94
Dawn Yates,Data Visualization with Matplotlib,56.0,100,53,68
Dawn Yates,Data Analysis for Business Decisions,71.0,64,53,70
Dawn Yates,Data Cleaning & Preprocessing,96.0,67,84,90
Dawn Yates,Data Analysis with Pandas,84.0,76,70,82
Dawn Yates,Data Ethics,63.0,53,52,66
Dawn Yates,Email Marketing Basics,69.0,56,95,83
Dawn Yates,AI in Robotics,56.0,70,86,77
Dawn Yates,Quality Management,82.0,99,68,82
Dawn Yates,Deployment & Hosting,58.0,51,69,70
Dawn Yates,Supervised Learning,72.0,70,71,77
Dawn Yates,Unity Basics,87.0,54,99,90
Dawn Yates,Game Monetization Strategies,74.0,100,96,90
Dawn Yates,Introduction to Game Development,84.0,71,65,79
Dawn Yates,DevOps in the Cloud,70.0,93,65,77
Regina Kim,Data Analysis for Business Decisions,76.0,76,91,86
Regina Kim,Data Ethics,60.0,78,78,76
Regina Kim,Data Analysis with Pandas,72.0,68,92,84
Regina Kim,Data Visualization with Matplotlib,92.0,94,72,87
Regina Kim,Data Cleaning & Preprocessing,72.0,97,96,88
Regina Kim,API Integration in Mobile Apps,50.0,95,55,66
Regina Kim,Hyperledger Basics,83.0,100,75,85
Regina Kim,HR Analytics,63.0,74,83,78
Regina Kim,JavaScript Frameworks Overview,98.0,65,54,80
Regina Kim,Interaction Design Principles,60.0,91,57,70
Kara Gallegos,Data Analysis with Pandas,72.0,67,89,83
Kara Gallegos,Data Cleaning & Preprocessing,97.0,55,53,78
Kara Gallegos,Data Visualization with Matplotlib,78.0,91,95,90
Kara Gallegos,Data Analysis for Business Decisions,90.0,59,70,82
Kara Gallegos,Data Ethics,69.0,62,82,79
Kara Gallegos,Web Application Security,87.0,51,87,86
Kara Gallegos,Publishing Mobile Apps,72.0,85,59,74
Kara Gallegos,Project Scheduling Techniques,92.0,74,72,85
Kara Gallegos,E-commerce Development Basics,94.0,100,60,84
Kara Gallegos,Cryptocurrency Fundamentals,68.0,55,96,83
Scott Ruiz,Data Visualization with Matplotlib,87.0,75,67,81
Scott Ruiz,Data Analysis for Business Decisions,77.0,74,53,73
Scott Ruiz,Data Ethics,65.0,53,91,80
Scott Ruiz,Data Analysis with Pandas,53.0,52,62,65
Scott Ruiz,Data Cleaning & Preprocessing,97.0,95,81,92
Scott Ruiz,Cryptography Basics,94.0,62,87,90
Scott Ruiz,AI in IoT,82.0,100,61,80
Scott Ruiz,Introduction to DevOps,85.0,94,51,77
Scott Ruiz,Stakeholder Management,51.0,100,98,82
Scott Ruiz,Mobile Testing Strategies,63.0,65,58,69
Scott Ruiz,Ethics in AI,96.0,87,70,87
Scott Ruiz,Cloud Support Fundamentals,60.0,84,74,75
Ronald Brandt,Data Visualization with Matplotlib,51.0,72,93,78
Ronald Brandt,Data Ethics,85.0,51,98,89
Ronald Brandt,Data Analysis for Business Decisions,60.0,79,63,71
Ronald Brandt,Data Analysis with Pandas,90.0,79,75,86
Ronald Brandt,Data Cleaning & Preprocessing,98.0,72,78,89
Ronald Brandt,Computer Vision Basics,88.0,99,78,88
Ronald Brandt,Introduction to Content Creation,58.0,64,80,75
Ronald Brandt,App Monetization Strategies,66.0,94,96,86
Ronald Brandt,Introduction to Finance,55.0,55,56,64
Ronald Brandt,Business Process Modeling,74.0,80,93,86
Ronald Brandt,Introduction to Blockchain,66.0,74,69,75
Ronald Brandt,AWS Fundamentals,72.0,50,80,78
Ronald Brandt,SEO Fundamentals,96.0,90,68,86
Tara Walker,Data Visualization with Matplotlib,68.0,75,81,80
Tara Walker,Data Ethics,81.0,91,60,78
Tara Walker,Data Cleaning & Preprocessing,68.0,64,100,85
Tara Walker,Data Analysis with Pandas,67.0,51,94,81
Tara Walker,Data Analysis for Business Decisions,88.0,64,78,84
Tara Walker,Git & GitHub,85.0,100,68,84
Tara Walker,Customer Service Skills for IT,77.0,58,53,71
Tara Walker,Unity Basics,66.0,63,93,82
Tara Walker,Editing and Proofreading Techniques,78.0,91,63,78
Tara Walker,Troubleshooting Techniques,93.0,92,79,89
Tara Walker,Deep Learning with TensorFlow,63.0,99,58,72
Tara Walker,Mobile App Security,96.0,56,68,83
Tara Walker,Smart Contracts Development,90.0,79,84,89
Tara Walker,Backend Development Fundamentals,64.0,82,69,75
Peter Mcdonald,Data Analysis with Pandas,91.0,61,62,80
Peter Mcdonald,Data Visualization with Matplotlib,79.0,97,71,82
Peter Mcdonald,Data Ethics,91.0,92,81,89
Peter Mcdonald,Data Analysis for Business Decisions,68.0,86,88,83
Peter Mcdonald,Data Cleaning & Preprocessing,82.0,53,81,82
Peter Mcdonald,Security in Cloud Computing,97.0,54,84,89
Peter Mcdonald,Introduction to AI,92.0,72,66,82
Peter Mcdonald,Business Process Modeling,62.0,72,59,70
Peter Mcdonald,SEO Fundamentals,64.0,55,56,68
Peter Mcdonald,DevOps in the Cloud,81.0,92,78,85
Peter Mcdonald,iOS Development Basics,68.0,79,92,84
Peter Mcdonald,AI in Healthcare,87.0,52,61,77
Steven Manning,Data Ethics,64.0,92,94,84
Steven Manning,Data Analysis for Business Decisions,82.0,54,73,80
Steven Manning,Data Visualization with Matplotlib,70.0,74,95,85
Steven Manning,Data Cleaning & Preprocessing,61.0,57,62,69
Steven Manning,Data Analysis with Pandas,57.0,81,85,78
Steven Manning,Git & GitHub,94.0,59,50,76
Steven Manning,API Integration in Mobile Apps,53.0,50,85,73
Steven Manning,Virtual Reality Development,73.0,71,83,82
Steven Manning,Unity Basics,86.0,84,60,80
Steven Manning,Time Management for Sales,90.0,72,82,87
Steven Manning,E-commerce Development Basics,83.0,67,98,90
Steven Manning,Sales Fundamentals,60.0,93,82,79
Steven Manning,Understanding Consumer Behavior,63.0,93,64,74
Cheryl Blake,Data Cleaning & Preprocessing,59.0,52,84,75
Cheryl Blake,Data Ethics,91.0,93,94,94
Cheryl Blake,Data Visualization with Matplotlib,71.0,54,96,84
Cheryl Blake,Data Analysis for Business Decisions,67.0,51,91,80
Cheryl Blake,Usability Testing,98.0,94,66,87
Cheryl Blake,Cloud Cost Management,55.0,85,93,80
Cheryl Blake,Supervised Learning,61.0,51,86,77
Cheryl Blake,Publishing Mobile Apps,82.0,57,50,72
Cheryl Blake,Training and Development,83.0,67,76,82
Cheryl Blake,AWS Fundamentals,58.0,91,94,82
Cheryl Blake,Penetration Testing,73.0,75,85,83
Valerie Rodriguez,Data Visualization with Matplotlib,63.0,74,92,82
Valerie Rodriguez,Data Analysis for Business Decisions,96.0,65,81,88
Valerie Rodriguez,Data Ethics,91.0,94,68,85
Valerie Rodriguez,Data Cleaning & Preprocessing,57.0,55,54,64
Valerie Rodriguez,Data Analysis with Pandas,83.0,61,66,78
Valerie Rodriguez,JavaScript Basics,52.0,57,84,73
Valerie Rodriguez,Wireframing and Prototyping,65.0,60,85,78
Valerie Rodriguez,Brand Management Online,73.0,81,81,82
Valerie Rodriguez,3D Game Development,97.0,59,88,91
Valerie Rodriguez,Performance Optimization for Mobile Apps,53.0,73,90,77
Valerie Rodriguez,Customer Service Excellence,100.0,74,91,94
Valerie Rodriguez,Requirements Gathering Techniques,91.0,92,73,87
Valerie Rodriguez,Reinforcement Learning Techniques,59.0,82,74,75
Valerie Rodriguez,Project Management Tools Overview,52.0,56,75,70
Valerie Rodriguez,SEO Best Practices,97.0,80,100,97
Adam Campbell DVM,Data Cleaning & Preprocessing,100.0,99,89,96
Adam Campbell DVM,Data Analysis with Pandas,65.0,64,90,81
Adam Campbell DVM,Data Analysis for Business Decisions,51.0,71,55,64
Adam Campbell DVM,Data Ethics,90.0,56,65,80
Adam Campbell DVM,Data Visualization with Matplotlib,67.0,56,52,67
Adam Campbell DVM,Responsive Design Principles,94.0,56,64,81
Adam Campbell DVM,AI in IoT,72.0,65,59,72
Adam Campbell DVM,Financial Reporting Standards,100.0,85,64,86
Adam Campbell DVM,Container Orchestration with Kubernetes,89.0,53,81,85
Adam Campbell DVM,Computer Vision Applications,72.0,97,53,73
Adam Campbell DVM,Game Monetization Strategies,58.0,97,89,81
Adam Campbell DVM,Presentation Skills for Sales,90.0,68,82,87
Aaron Johns,Data Ethics,76.0,73,69,78
Aaron Johns,Data Analysis with Pandas,65.0,97,84,82
Aaron Johns,Data Analysis for Business Decisions,60.0,94,61,72
Aaron Johns,Data Cleaning & Preprocessing,52.0,80,78,74
Aaron Johns,Introduction to Game Development,82.0,87,70,82
Aaron Johns,Customer Service Excellence,88.0,95,89,91
Aaron Johns,Troubleshooting Techniques,61.0,90,80,78
Aaron Johns,Introduction to Content Creation,61.0,71,56,68
Aaron Johns,Corporate Finance Essentials,59.0,51,94,79
Aaron Johns,Frontend Development Basics,97.0,89,84,92
Aaron Johns,Decentralized Applications (DApps),95.0,95,89,94
Aaron Johns,Risk Analysis and Management,79.0,71,76,81
Aaron Johns,ITIL Foundations,100.0,81,71,88
Aaron Johns,Financial Analysis Techniques,56.0,50,80,73
Aaron Johns,Introduction to Blockchain,63.0,60,50,66
Sarah Smith,Data Analysis for Business Decisions,80.0,87,92,89
Sarah Smith,Data Ethics,91.0,89,95,94
Sarah Smith,Data Analysis with Pandas,56.0,79,81,76
Sarah Smith,Data Cleaning & Preprocessing,98.0,63,91,92
Sarah Smith,Data Visualization with Matplotlib,85.0,94,55,78
Sarah Smith,Introduction to IT Support,66.0,70,98,84
Sarah Smith,Email Marketing Basics,87.0,82,78,86
Sarah Smith,Cross-Platform Development with Flutter,53.0,59,94,77
Sarah Smith,Brand Management Online,96.0,81,71,87
Sarah Smith,Introduction to DevOps,81.0,67,82,84
Sarah Smith,Graphic Design Basics for Content,90.0,70,69,83
Sarah Smith,Frontend Development Basics,52.0,97,99,83
Sarah Smith,JavaScript Basics,91.0,81,98,94
Sarah Smith,Design Thinking Process,92.0,74,67,83
Glenn Campbell,Data Analysis with Pandas,73.0,87,56,74
Glenn Campbell,Data Visualization with Matplotlib,99.0,53,56,80
Glenn Campbell,Data Analysis for Business Decisions,86.0,66,95,90
Glenn Campbell,Data Ethics,76.0,64,57,73
Glenn Campbell,Data Cleaning & Preprocessing,53.0,92,64,70
Glenn Campbell,Introduction to UI/UX Design,54.0,72,78,73
Glenn Campbell,Introduction to Finance,72.0,77,99,88
Glenn Campbell,HTML & CSS,61.0,66,85,78
Glenn Campbell,Content Management Systems (CMS),50.0,55,94,76
Glenn Campbell,Reinforcement Learning Techniques,63.0,64,67,72
Glenn Campbell,AI for Business,53.0,97,90,80
Kelly Douglas,Data Cleaning & Preprocessing,99.0,61,90,92
Kelly Douglas,Data Visualization with Matplotlib,55.0,81,86,77
Kelly Douglas,Data Ethics,63.0,74,57,69
Kelly Douglas,Data Analysis with Pandas,65.0,74,80,78
Kelly Douglas,Git & GitHub,100.0,67,82,90
Kelly Douglas,Consensus Algorithms,56.0,56,85,75
Kelly Douglas,3D Game Development,71.0,52,54,69
Kelly Douglas,Networking Basics,75.0,97,54,75
Kelly Douglas,Conflict Resolution in HR,65.0,99,82,81
Kelly Douglas,Natural Language Processing,89.0,68,51,76
Kelly Douglas,Mobile App Design,71.0,70,55,71
Timothy Zimmerman,Data Ethics,88.0,99,88,92
Timothy Zimmerman,Data Analysis with Pandas,98.0,63,61,82
Timothy Zimmerman,Data Visualization with Matplotlib,70.0,67,50,69
Timothy Zimmerman,Data Cleaning & Preprocessing,95.0,53,96,92
Timothy Zimmerman,Data Analysis for Business Decisions,54.0,96,84,78
Timothy Zimmerman,Requirements Gathering Techniques,77.0,72,56,74
Timothy Zimmerman,Building Customer Relationships,60.0,93,85,80
Timothy Zimmerman,Microservices in Cloud,92.0,63,53,77
Timothy Zimmerman,Visual Design Basics,95.0,61,83,88
Timothy Zimmerman,Customer Service Skills for IT,83.0,51,77,81
Timothy Zimmerman,Statistical Analysis,81.0,91,51,75
Timothy Zimmerman,Reinforcement Learning Techniques,66.0,59,76,76
Aaron Harris,Data Analysis with Pandas,75.0,51,80,79
Aaron Harris,Data Visualization with Matplotlib,84.0,86,61,79
Aaron Harris,Data Cleaning & Preprocessing,99.0,89,69,88
Aaron Harris,Data Ethics,98.0,68,81,89
Aaron Harris,Data Analysis for Business Decisions,92.0,74,92,92
Aaron Harris,Malware Analysis,65.0,75,57,70
Aaron Harris,RESTful Services,86.0,77,76,84
Aaron Harris,App Monetization Strategies,69.0,96,91,86
Aaron Harris,Ethics in AI,63.0,84,78,78
Aaron Harris,Hardware Repair Skills,54.0,92,98,82
Aaron Harris,Web Performance Optimization,74.0,74,77,80
Aaron Harris,Time Management for Sales,95.0,95,98,97
Marie Green,Data Cleaning & Preprocessing,52.0,98,79,76
Marie Green,Data Analysis for Business Decisions,55.0,69,98,80
Marie Green,Data Analysis with Pandas,56.0,80,92,80
Marie Green,Data Visualization with Matplotlib,59.0,51,59,66
Marie Green,Data Ethics,88.0,59,63,79
Marie Green,Design Thinking Process,68.0,92,68,77
Marie Green,Social Media Content Creation,100.0,95,71,89
Marie Green,MongoDB,65.0,74,83,79
Marie Green,Frontend Development Basics,80.0,78,69,80
Marie Green,API Integration in Mobile Apps,58.0,71,66,70
Jason Wells,Data Visualization with Matplotlib,77.0,67,57,74
Jason Wells,Data Analysis for Business Decisions,93.0,96,98,96
Jason Wells,Data Analysis with Pandas,91.0,70,57,79
Jason Wells,Data Cleaning & Preprocessing,77.0,76,96,88
Jason Wells,Data Ethics,70.0,85,77,80
Jason Wells,Express.js,92.0,84,97,95
Jason Wells,Reinforcement Learning,70.0,75,82,81
Jason Wells,Security Awareness for IT Support,69.0,61,74,76
Jason Wells,AI in Healthcare,62.0,56,74,73
Jason Wells,Conversion Rate Optimization,95.0,52,95,92
Jason Wells,Penetration Testing,77.0,95,94,89
Jason Wells,Negotiation Techniques,63.0,59,57,68
Charles Smith,Data Ethics,98.0,76,85,92
Charles Smith,Data Analysis for Business Decisions,67.0,72,82,79
Charles Smith,Data Cleaning & Preprocessing,93.0,60,89,90
Charles Smith,Data Analysis with Pandas,79.0,78,92,88
Charles Smith,Data Visualization with Matplotlib,63.0,71,78,76
Charles Smith,Closing Sales Strategies,56.0,85,66,71
Charles Smith,iOS Development Basics,81.0,81,99,91
Charles Smith,Virtual Reality Development,75.0,64,64,75
Charles Smith,HTML & CSS,57.0,79,51,66
Charles Smith,Computer Vision Basics,72.0,54,89,82
Charles Smith,Frontend Development Basics,99.0,64,83,90
Charles Smith,Introduction to DevOps,72.0,60,99,86
Brent Aguilar,Data Analysis for Business Decisions,65.0,72,57,70
Brent Aguilar,Data Analysis with Pandas,50.0,58,55,63
Brent Aguilar,Data Cleaning & Preprocessing,99.0,78,75,89
Brent Aguilar,Data Ethics,81.0,86,68,81
Brent Aguilar,Data Visualization with Matplotlib,92.0,62,52,77
Brent Aguilar,Investing Fundamentals,69.0,55,54,69
Brent Aguilar,Understanding Financial Markets,90.0,50,71,81
Brent Aguilar,Risk Management in Projects,83.0,51,90,86
Brent Aguilar,Git & GitHub,83.0,87,61,79
Brent Aguilar,Quality Management,55.0,64,96,79
Brent Aguilar,Corporate Finance Essentials,70.0,52,91,82
Brent Aguilar,Azure Basics,63.0,66,97,83
Joel Perez,Data Analysis for Business Decisions,69.0,89,93,86
Joel Perez,Data Ethics,87.0,62,85,86
Joel Perez,Data Analysis with Pandas,79.0,96,78,85
Joel Perez,Data Cleaning & Preprocessing,99.0,76,64,85
Joel Perez,Data Visualization with Matplotlib,61.0,95,90,82
Joel Perez,Publishing Mobile Apps,88.0,90,52,78
Joel Perez,Natural Language Processing,77.0,98,63,79
Joel Perez,API Integration in Mobile Apps,69.0,79,75,78
Joel Perez,Web Performance Optimization,71.0,72,50,70
Joel Perez,Introduction to IT Support,52.0,86,59,67
Joel Perez,Affiliate Marketing,50.0,90,86,77
Joel Perez,Risk Analysis and Management,74.0,62,67,76
Joel Perez,Financial Analysis Techniques,59.0,52,100,81
Nicholas Reid,Data Visualization with Matplotlib,83.0,60,64,77
Nicholas Reid,Data Analysis for Business Decisions,52.0,77,66,69
Nicholas Reid,Data Analysis with Pandas,71.0,87,98,88
Nicholas Reid,Data Ethics,94.0,55,52,77
Nicholas Reid,Data Cleaning & Preprocessing,95.0,58,76,86
Nicholas Reid,Video Production Basics,60.0,67,51,66
Nicholas Reid,Email Marketing Basics,80.0,92,82,86
Nicholas Reid,Operating Systems Overview,73.0,61,58,72
Nicholas Reid,Cloud Support Fundamentals,68.0,93,100,88
Nicholas Reid,Computer Vision Applications,84.0,58,92,87
Nicholas Reid,Analytics for Marketers,87.0,52,97,90
Barry Morrison,Data Ethics,87.0,64,70,81
Barry Morrison,Data Analysis for Business Decisions,51.0,55,59,64
Barry Morrison,Data Analysis with Pandas,77.0,73,85,84
Barry Morrison,Data Visualization with Matplotlib,69.0,97,90,85
Barry Morrison,Data Cleaning & Preprocessing,76.0,76,58,74
Barry Morrison,Consensus Algorithms,63.0,53,98,82
Barry Morrison,Introduction to Human Resources,62.0,50,98,81
Barry Morrison,Financial Planning and Forecasting,79.0,95,86,87
Barry Morrison,SWOT Analysis for Business,92.0,57,75,84
Barry Morrison,Blockchain Use Cases,61.0,58,52,65
Barry Morrison,Interaction Design Principles,51.0,79,71,71
Barry Morrison,JavaScript Basics,92.0,54,96,91
Barry Morrison,Machine Learning Basics,84.0,72,58,77
Barry Morrison,Backend Development Fundamentals,87.0,92,83,89
Larry Mitchell,Data Cleaning & Preprocessing,51.0,86,55,66
Larry Mitchell,Data Analysis for Business Decisions,94.0,69,77,87
Larry Mitchell,Data Analysis with Pandas,71.0,89,57,74
Larry Mitchell,Data Visualization with Matplotlib,79.0,50,54,72
Larry Mitchell,Supervised Learning,76.0,65,60,74
Larry Mitchell,AI in IoT,68.0,65,95,84
Larry Mitchell,HR Technology Tools,77.0,50,93,84
Larry Mitchell,Design Tools Overview,98.0,76,73,87
Larry Mitchell,3D Game Development,57.0,76,87,78
Larry Mitchell,Penetration Testing,58.0,66,64,69
Larry Mitchell,Performance Management Systems,72.0,76,64,75
Larry Mitchell,Introduction to DevOps,60.0,94,52,69
John Webster,Data Visualization with Matplotlib,90.0,53,71,82
John Webster,Data Analysis with Pandas,54.0,73,53,65
John Webster,Data Cleaning & Preprocessing,63.0,86,67,74
John Webster,Data Analysis for Business Decisions,93.0,68,58,80
John Webster,Data Ethics,99.0,56,100,95
John Webster,DevOps in the Cloud,75.0,52,94,84
John Webster,iOS Development Basics,68.0,97,76,80
John Webster,Quality Management,75.0,86,81,83
John Webster,Malware Analysis,69.0,57,61,71
John Webster,Time Management for Sales,88.0,84,61,81
John Webster,HR Analytics,56.0,93,58,69
John Webster,Performance Optimization for Mobile Apps,61.0,80,77,76
John Webster,Virtual Reality Development,91.0,86,75,87
John Webster,Employee Engagement Techniques,58.0,95,84,79
Randy Whitaker Jr.,Data Cleaning & Preprocessing,89.0,65,79,85
Randy Whitaker Jr.,Data Analysis for Business Decisions,86.0,59,82,85
Randy Whitaker Jr.,Data Visualization with Matplotlib,75.0,86,90,86
Randy Whitaker Jr.,Data Analysis with Pandas,88.0,64,69,81
Randy Whitaker Jr.,Data Ethics,84.0,100,79,87
Randy Whitaker Jr.,Risk Management in Projects,71.0,50,67,73
Randy Whitaker Jr.,Android Development Basics,51.0,66,64,67
Randy Whitaker Jr.,Agile Project Management,56.0,97,50,67
Randy Whitaker Jr.,Multiplayer Game Development,59.0,69,55,67
Randy Whitaker Jr.,Computer Vision Applications,56.0,81,52,66
Randy Whitaker Jr.,Content Marketing Strategies,67.0,74,50,68
Randy Whitaker Jr.,Closing Sales Strategies,62.0,60,56,67
Randy Whitaker Jr.,Conflict Resolution in HR,98.0,57,75,86
Lori Turner,Data Ethics,53.0,54,90,75
Lori Turner,Data Visualization with Matplotlib,56.0,87,57,68
Lori Turner,Data Analysis with Pandas,91.0,57,84,87
Lori Turner,Data Analysis for Business Decisions,69.0,93,95,87
Lori Turner,Data Cleaning & Preprocessing,81.0,65,79,82
Lori Turner,Deep Learning Fundamentals,57.0,54,92,78
Lori Turner,Business Case Development,81.0,100,64,81
Lori Turner,Introduction to Content Creation,94.0,81,62,83
Lori Turner,AI in Healthcare,81.0,82,86,87
Lori Turner,Risk Management in Cybersecurity,100.0,53,66,83
Lori Turner,Cloud Security Best Practices,68.0,68,80,79
Lori Turner,Introduction to IT Support,69.0,92,69,78
Anita Williams,Data Visualization with Matplotlib,72.0,88,81,82
Anita Williams,Data Ethics,62.0,71,100,84
Anita Williams,Data Analysis with Pandas,66.0,86,99,86
Anita Williams,Data Cleaning & Preprocessing,60.0,58,82,76
Anita Williams,Data Analysis for Business Decisions,57.0,74,89,78
Anita Williams,Content Management Systems (CMS),69.0,53,86,80
Anita Williams,Social Media Marketing,95.0,100,53,82
Anita Williams,Continuous Integration and Delivery,94.0,92,98,96
Anita Williams,Penetration Testing,73.0,62,75,78
Anita Williams,Budgeting Basics,67.0,50,62,70
Anita Williams,HR Technology Tools,92.0,94,51,79
Anita Williams,Remote Support Techniques,79.0,93,86,87
Anthony Larson,Data Analysis for Business Decisions,60.0,89,99,85
Anthony Larson,Data Analysis with Pandas,61.0,82,58,70
Anthony Larson,Data Ethics,74.0,56,83,81
Anthony Larson,Data Visualization with Matplotlib,85.0,85,78,86
Anthony Larson,Data Cleaning & Preprocessing,51.0,89,54,66
Anthony Larson,Cryptography Basics,91.0,88,91,92
Anthony Larson,Visual Design Basics,66.0,73,84,80
Anthony Larson,Project Management Basics,55.0,55,52,63
Anthony Larson,Budgeting for Projects,87.0,54,87,86
Anthony Larson,Stakeholder Analysis,60.0,76,94,82
Kelly Davis,Data Analysis for Business Decisions,92.0,81,82,89
Kelly Davis,Data Analysis with Pandas,70.0,61,90,82
Kelly Davis,Data Cleaning & Preprocessing,56.0,64,64,68
Kelly Davis,Data Ethics,55.0,75,73,72
Kelly Davis,Data Visualization with Matplotlib,97.0,57,64,82
Kelly Davis,Unreal Engine Basics,74.0,56,65,74
Kelly Davis,Game Design Principles,80.0,68,89,86
Kelly Davis,Introduction to Content Creation,86.0,74,61,79
Kelly Davis,Deep Learning with TensorFlow,59.0,76,68,72
Kelly Davis,Influencer Marketing,82.0,72,65,79
Kelly Davis,Corporate Finance Essentials,81.0,97,73,84
Kelly Davis,Presentation Skills for Sales,56.0,97,99,84
James Russell,Data Analysis with Pandas,95.0,80,78,89
James Russell,Data Analysis for Business Decisions,85.0,71,73,82
James Russell,Data Ethics,54.0,65,99,80
James Russell,Data Cleaning & Preprocessing,53.0,83,64,69
James Russell,Data Visualization with Matplotlib,57.0,72,72,72
James Russell,Hyperledger Basics,82.0,58,50,72
James Russell,Cloud Support Fundamentals,69.0,68,77,78
James Russell,Change Management,73.0,63,72,77
James Russell,Reinforcement Learning Techniques,81.0,51,70,78
James Russell,Consensus Algorithms,61.0,65,93,80
James Russell,Conversion Rate Optimization,53.0,87,54,66
James Russell,Configuration Management with Ansible,73.0,100,68,79
James Russell,Mobile Testing Strategies,50.0,82,94,79
Natalie Mcguire,Data Visualization with Matplotlib,74.0,97,63,78
Natalie Mcguire,Data Analysis for Business Decisions,87.0,95,97,94
Natalie Mcguire,Data Ethics,60.0,79,62,71
Natalie Mcguire,Data Analysis with Pandas,83.0,92,92,90
Natalie Mcguire,Data Cleaning & Preprocessing,76.0,59,87,83
Natalie Mcguire,Predictive Analytics,94.0,90,93,94
Natalie Mcguire,App Monetization Strategies,79.0,55,67,77
Natalie Mcguire,Container Orchestration with Kubernetes,65.0,96,62,74
Natalie Mcguire,Sales Fundamentals,77.0,63,71,78
Natalie Mcguire,Project Management Basics,100.0,74,85,92
Natalie Mcguire,Performance Management Systems,52.0,96,85,78
Gabriel Owens,Data Analysis for Business Decisions,54.0,84,79,75
Gabriel Owens,Data Analysis with Pandas,74.0,64,56,72
Gabriel Owens,Data Visualization with Matplotlib,64.0,59,56,68
Gabriel Owens,Data Ethics,68.0,70,67,74
Gabriel Owens,Cloud Cost Management,83.0,75,74,82
Gabriel Owens,3D Game Development,60.0,55,76,73
Gabriel Owens,AWS Fundamentals,69.0,52,74,75
Gabriel Owens,Mobile App Design,66.0,74,100,86
Gabriel Owens,SWOT Analysis for Business,60.0,65,86,78
Gabriel Owens,Introduction to Cloud Computing,72.0,53,57,70
Gabriel Owens,Introduction to Finance,100.0,58,72,86
Gabriel Owens,Risk Management in Cybersecurity,53.0,59,92,77
Gabriel Owens,Deployment & Hosting,100.0,84,99,98
Gabriel Owens,Visual Design Basics,95.0,75,99,95
Jennifer Chen,Data Ethics,72.0,94,94,88
Jennifer Chen,Data Analysis for Business Decisions,63.0,65,92,81
Jennifer Chen,Data Visualization with Matplotlib,60.0,88,66,73
Jennifer Chen,Data Analysis with Pandas,95.0,90,59,83
Jennifer Chen,Data Cleaning & Preprocessing,81.0,66,74,81
Jennifer Chen,Introduction to Cloud Computing,53.0,77,90,78
Jennifer Chen,DevOps in the Cloud,83.0,79,100,92
Jennifer Chen,Introduction to Content Creation,91.0,65,95,92
Jennifer Chen,Computer Vision Basics,88.0,64,81,86
Jennifer Chen,Big Data with Spark,75.0,63,77,80
Jorge Stephens,Data Ethics,94.0,61,64,81
Jorge Stephens,Data Visualization with Matplotlib,100.0,77,93,95
Jorge Stephens,Data Analysis for Business Decisions,82.0,53,61,75
Jorge Stephens,Data Analysis with Pandas,60.0,55,55,66
Jorge Stephens,Data Cleaning & Preprocessing,84.0,69,84,86
Jorge Stephens,Budgeting for Projects,57.0,91,75,75
Jorge Stephens,Tokenomics,88.0,82,94,92
Jorge Stephens,Ethics in AI,85.0,76,70,82
Jorge Stephens,Risk Management in Projects,91.0,99,97,96
Jorge Stephens,Web Accessibility Standards,65.0,88,83,81
Gary Mendez,Data Visualization with Matplotlib,68.0,92,100,88
Gary Mendez,Data Ethics,65.0,56,50,66
Gary Mendez,Data Analysis for Business Decisions,65.0,83,63,73
Gary Mendez,Data Analysis with Pandas,91.0,92,90,93
Gary Mendez,Introduction to Game Development,70.0,73,60,73
Gary Mendez,Smart Contracts Development,99.0,65,72,86
Gary Mendez,Operating Systems Overview,63.0,93,84,81
Gary Mendez,Reinforcement Learning,85.0,64,53,75
Gary Mendez,Cloud Cost Management,74.0,56,75,78
Gary Mendez,Labor Laws and Compliance,59.0,92,68,74
Thomas Wallace,Data Cleaning & Preprocessing,99.0,92,96,97
Thomas Wallace,Data Analysis with Pandas,84.0,56,81,83
Thomas Wallace,Data Ethics,59.0,56,74,72
Thomas Wallace,Data Analysis for Business Decisions,86.0,55,75,82
Thomas Wallace,Data Visualization with Matplotlib,88.0,79,66,82
Thomas Wallace,Labor Laws and Compliance,84.0,62,81,84
Thomas Wallace,Web Performance Optimization,78.0,63,60,75
Thomas Wallace,Hyperledger Basics,59.0,51,92,78
Thomas Wallace,Progressive Web Apps (PWAs),81.0,78,96,90
Thomas Wallace,User Interface Design for Mobile Apps,68.0,91,53,71
Thomas Wallace,Project Management Basics,69.0,57,57,70
Tony Nelson,Data Analysis for Business Decisions,90.0,50,60,78
Tony Nelson,Data Cleaning & Preprocessing,82.0,98,69,83
Tony Nelson,Data Visualization with Matplotlib,57.0,56,66,69
Tony Nelson,Data Ethics,91.0,84,89,91
Tony Nelson,Data Analysis with Pandas,79.0,78,70,80
Tony Nelson,Risk Management in Projects,69.0,66,77,78
Tony Nelson,SEO Best Practices,57.0,67,76,73
Tony Nelson,Introduction to Game Development,81.0,59,81,83
Tony Nelson,Agile Project Management,84.0,84,96,91
Tony Nelson,Hardware Repair Skills,53.0,79,69,71
Tony Nelson,Progressive Web Apps (PWAs),67.0,79,84,81
Tony Nelson,Natural Language Processing Techniques,66.0,99,58,73
Isabella Santos DDS,Data Ethics,80.0,83,68,80
Isabella Santos DDS,Data Analysis with Pandas,74.0,75,71,78
Isabella Santos DDS,Data Analysis for Business Decisions,82.0,86,90,89
Isabella Santos DDS,Data Cleaning & Preprocessing,71.0,75,54,71
Isabella Santos DDS,Data Visualization with Matplotlib,79.0,63,88,85
Isabella Santos DDS,Hyperledger Basics,55.0,81,63,69
Isabella Santos DDS,Video Production Basics,84.0,100,54,78
Isabella Santos DDS,DevOps in the Cloud,54.0,71,68,70
Isabella Santos DDS,Computer Vision Basics,58.0,61,50,64
Isabella Santos DDS,Git & GitHub,84.0,69,62,78
Isabella Santos DDS,Introduction to Human Resources,70.0,94,96,88
Isabella Santos DDS,AWS Fundamentals,58.0,63,83,76
Isabella Santos DDS,SEO for Content Creators,52.0,95,82,76
Pam Thompson,Data Analysis with Pandas,58.0,90,95,83
Pam Thompson,Data Ethics,84.0,51,81,83
Pam Thompson,Data Cleaning & Preprocessing,97.0,95,82,92
Pam Thompson,Data Analysis for Business Decisions,54.0,97,78,76
Pam Thompson,Data Visualization with Matplotlib,76.0,64,58,73
Pam Thompson,SWOT Analysis for Business,88.0,71,62,80
Pam Thompson,Backend Development Fundamentals,81.0,80,89,88
Pam Thompson,Blockchain Use Cases,82.0,63,53,74
Pam Thompson,HR Analytics,89.0,95,92,93
Pam Thompson,iOS Development Basics,78.0,56,93,85
Pam Thompson,Communication Skills for Project Managers,99.0,73,70,86
Pam Thompson,Presentation Skills for Sales,72.0,95,82,83
Pam Thompson,Git & GitHub,73.0,97,90,87
Pam Thompson,Configuration Management with Ansible,89.0,68,79,86
Pam Thompson,Budgeting for Projects,56.0,92,54,68
Jonathan Hopkins,Data Visualization with Matplotlib,79.0,68,71,79
Jonathan Hopkins,Data Analysis with Pandas,52.0,88,94,80
Jonathan Hopkins,Data Analysis for Business Decisions,77.0,90,57,76
Jonathan Hopkins,Data Cleaning & Preprocessing,94.0,90,89,93
Jonathan Hopkins,Data Ethics,73.0,66,99,87
Jonathan Hopkins,Introduction to Business Analysis,52.0,60,53,63
Jonathan Hopkins,Time Series Analysis,78.0,90,62,78
Jonathan Hopkins,MongoDB,92.0,57,98,92
Jonathan Hopkins,Ethical Hacking Basics,55.0,80,64,70
Jonathan Hopkins,Business Case Development,67.0,73,74,77
Jonathan Hopkins,Statistical Analysis,53.0,97,56,68
Robert Carson,Data Visualization with Matplotlib,99.0,60,57,81
Robert Carson,Data Analysis for Business Decisions,83.0,55,89,86
Robert Carson,Data Cleaning & Preprocessing,89.0,76,99,93
Robert Carson,Data Ethics,81.0,52,70,78
Robert Carson,Data Analysis with Pandas,73.0,88,82,83
Robert Carson,Investing Fundamentals,98.0,88,89,94
Robert Carson,Game Monetization Strategies,86.0,78,90,89
Robert Carson,App Monetization Strategies,99.0,85,78,90
Robert Carson,HR Analytics,83.0,66,56,75
Robert Carson,Blockchain Use Cases,50.0,76,86,75
Robert Carson,Understanding Financial Markets,51.0,51,74,69
Robert Carson,iOS Development Basics,58.0,69,84,77
Robert Carson,Azure Basics,52.0,81,90,78
Robert Carson,Performance Management Systems,52.0,65,82,73
Robert Carson,AI in Healthcare,71.0,99,89,86
Daniel Terrell,Data Visualization with Matplotlib,92.0,88,81,89
Daniel Terrell,Data Ethics,62.0,59,64,70
Daniel Terrell,Data Analysis with Pandas,91.0,70,54,78
Daniel Terrell,Data Cleaning & Preprocessing,89.0,69,69,82
Daniel Terrell,Data Analysis for Business Decisions,87.0,73,76,84
Daniel Terrell,Labor Laws and Compliance,56.0,99,94,82
Daniel Terrell,Progressive Web Apps (PWAs),73.0,51,52,69
Daniel Terrell,Responsive Design Principles,79.0,84,65,79
Daniel Terrell,Introduction to Blockchain,50.0,88,83,75
Daniel Terrell,Email Marketing Basics,81.0,97,55,77
Daniel Terrell,JavaScript Basics,62.0,91,86,81
Amanda Craig,Data Analysis with Pandas,80.0,92,89,88
Amanda Craig,Data Cleaning & Preprocessing,68.0,96,59,74
Amanda Craig,Data Analysis for Business Decisions,85.0,97,87,90
Amanda Craig,Data Visualization with Matplotlib,70.0,52,69,74
Amanda Craig,Introduction to Cloud Computing,93.0,53,75,84
Amanda Craig,Interaction Design Principles,78.0,89,52,74
Amanda Craig,Unity Basics,87.0,78,64,81
Amanda Craig,Introduction to Machine Learning,92.0,89,56,81
Amanda Craig,User Research Techniques,76.0,84,66,78
Amanda Craig,ITIL Foundations,84.0,60,87,86
Amanda Craig,Risk Management in Cybersecurity,52.0,88,90,78
Amanda Craig,React,64.0,81,82,79
Edward Richmond,Data Analysis for Business Decisions,76.0,67,91,85
Edward Richmond,Data Ethics,89.0,79,92,91
Edward Richmond,Data Cleaning & Preprocessing,87.0,94,72,85
Edward Richmond,Data Analysis with Pandas,56.0,78,94,80
Edward Richmond,Data Visualization with Matplotlib,69.0,75,99,86
Edward Richmond,SEO Best Practices,69.0,73,71,76
Edward Richmond,Unsupervised Learning,67.0,72,87,81
Edward Richmond,Version Control with Git,64.0,96,59,73
Edward Richmond,Analytics for Marketers,84.0,75,97,91
Edward Richmond,Multiplayer Game Development,76.0,79,65,77
Edward Richmond,Influencer Marketing,71.0,100,56,74
Edward Richmond,Consensus Algorithms,55.0,93,52,67
Edward Richmond,Security Awareness for IT Support,64.0,67,99,84
Edward Richmond,Git & GitHub,52.0,61,85,74
Edward Richmond,Web Accessibility Standards,90.0,52,64,79
Tyler Wright,Data Analysis for Business Decisions,52.0,100,93,81
Tyler Wright,Data Visualization with Matplotlib,81.0,84,57,77
Tyler Wright,Data Analysis with Pandas,51.0,88,62,68
Tyler Wright,Data Ethics,66.0,55,85,78
Tyler Wright,DevOps in the Cloud,89.0,89,99,95
Tyler Wright,Project Scheduling Techniques,53.0,96,75,74
Tyler Wright,Sales Fundamentals,56.0,95,83,78
Tyler Wright,Analytics for Marketers,91.0,53,76,84
Tyler Wright,Microservices in Cloud,100.0,87,77,91
Tyler Wright,Vulnerability Assessment,77.0,67,66,77
Tyler Wright,Incident Response,74.0,81,84,83
Tyler Wright,Interaction Design Principles,85.0,52,66,78
Tyler Wright,Frontend Development Basics,82.0,97,88,89
Christopher Chaney,Data Ethics,95.0,63,100,95
Christopher Chaney,Data Analysis for Business Decisions,51.0,79,98,80
Christopher Chaney,Data Visualization with Matplotlib,55.0,70,84,76
Christopher Chaney,Data Analysis with Pandas,87.0,63,50,74
Christopher Chaney,API Development,74.0,94,62,77
Christopher Chaney,Deep Learning with TensorFlow,56.0,57,69,69
Christopher Chaney,Introduction to Game Development,52.0,77,83,75
Christopher Chaney,JavaScript Basics,93.0,58,52,77
Christopher Chaney,Training and Development,52.0,93,80,76
Christopher Chaney,Virtual Reality Development,51.0,52,82,72
Christopher Chaney,Penetration Testing,98.0,64,65,83
Christopher Chaney,Design Tools Overview,81.0,68,85,85
Heather Hernandez,Data Analysis with Pandas,73.0,64,71,77
Heather Hernandez,Data Analysis for Business Decisions,78.0,94,53,75
Heather Hernandez,Data Ethics,51.0,67,65,67
Heather Hernandez,Data Visualization with Matplotlib,50.0,85,52,64
Heather Hernandez,Introduction to UI/UX Design,82.0,66,64,78
Heather Hernandez,Presentation Skills for Sales,80.0,63,87,85
Heather Hernandez,Android Development Basics,92.0,61,87,89
Heather Hernandez,Decentralized Applications (DApps),61.0,98,100,86
Heather Hernandez,RESTful Services,79.0,82,63,78
Heather Hernandez,Blockchain Security,79.0,88,58,77
Heather Hernandez,Web Accessibility Standards,90.0,100,69,86
Heather Hernandez,MongoDB,93.0,81,93,93
Heather Hernandez,Reinforcement Learning,81.0,84,96,90
Heather Hernandez,Visual Design Basics,60.0,82,70,74
Heather Hernandez,Containerization with Docker,88.0,87,77,86
Rebekah Lozano,Data Analysis for Business Decisions,93.0,61,88,89
Rebekah Lozano,Data Visualization with Matplotlib,59.0,93,85,80
Rebekah Lozano,Data Ethics,69.0,82,93,85
Rebekah Lozano,Data Analysis with Pandas,78.0,91,64,79
Rebekah Lozano,Data Cleaning & Preprocessing,90.0,84,90,91
Rebekah Lozano,Frontend Development Basics,83.0,55,62,76
Rebekah Lozano,JavaScript Frameworks Overview,78.0,51,63,74
Rebekah Lozano,SEO Fundamentals,69.0,80,55,71
Rebekah Lozano,App Monetization Strategies,92.0,78,82,89
Rebekah Lozano,Mobile App Design,56.0,79,66,71
Rebekah Lozano,Cloud Support Fundamentals,84.0,69,83,85
Rebekah Lozano,Consensus Algorithms,89.0,95,56,80
Rebekah Lozano,Introduction to Business Analysis,77.0,84,60,76
Rebekah Lozano,Infrastructure as Code,71.0,70,52,70
Rebekah Lozano,Usability Testing,50.0,87,77,73
Dr. Gregory Mccarthy DVM,Data Ethics,96.0,62,92,92
Dr. Gregory Mccarthy DVM,Data Analysis with Pandas,94.0,56,80,86
Dr. Gregory Mccarthy DVM,Data Analysis for Business Decisions,69.0,57,66,73
Dr. Gregory Mccarthy DVM,Data Cleaning & Preprocessing,87.0,61,65,79
Dr. Gregory Mccarthy DVM,Data Visualization with Matplotlib,83.0,62,81,84
Dr. Gregory Mccarthy DVM,Introduction to Cloud Computing,87.0,53,98,90
Dr. Gregory Mccarthy DVM,App Monetization Strategies,95.0,72,92,93
Dr. Gregory Mccarthy DVM,Labor Laws and Compliance,90.0,100,64,84
Dr. Gregory Mccarthy DVM,ITIL Foundations,90.0,73,58,79
Dr. Gregory Mccarthy DVM,Introduction to Machine Learning,74.0,80,90,85
Dr. Gregory Mccarthy DVM,HR Technology Tools,98.0,90,79,91
Dr. Gregory Mccarthy DVM,Editing and Proofreading Techniques,57.0,59,96,79
Jesse Hubbard,Data Analysis with Pandas,77.0,91,98,90
Jesse Hubbard,Data Ethics,67.0,54,77,76
Jesse Hubbard,Data Cleaning & Preprocessing,68.0,62,56,70
Jesse Hubbard,Data Analysis for Business Decisions,59.0,77,99,83
Jesse Hubbard,Data Visualization with Matplotlib,81.0,70,94,88
Jesse Hubbard,AI in Robotics,81.0,95,99,92
Jesse Hubbard,Node.js,55.0,78,77,74
Jesse Hubbard,Understanding Financial Markets,76.0,81,86,85
Jesse Hubbard,Sales Fundamentals,95.0,74,53,79
Jesse Hubbard,Mobile App Design,84.0,76,51,75
Jesse Hubbard,Graphic Design Basics for Content,92.0,88,60,82
Gina Hendricks,Data Analysis with Pandas,80.0,67,60,76
Gina Hendricks,Data Analysis for Business Decisions,58.0,68,95,80
Gina Hendricks,Data Visualization with Matplotlib,51.0,76,50,63
Gina Hendricks,Data Ethics,59.0,55,92,78
Gina Hendricks,Data Cleaning & Preprocessing,62.0,88,51,68
Gina Hendricks,Cross-Platform Development with Flutter,80.0,50,71,78
Gina Hendricks,HTML & CSS,90.0,92,87,91
Gina Hendricks,Blockchain Security,52.0,73,100,80
Gina Hendricks,Blockchain Use Cases,96.0,81,63,84
Gina Hendricks,Continuous Integration and Delivery,67.0,71,66,74
Gina Hendricks,Publishing Mobile Apps,79.0,72,53,73
Gina Hendricks,Python for Data Science,96.0,92,65,86
Gina Hendricks,Investing Fundamentals,99.0,62,55,80
Raymond Wagner,Data Analysis for Business Decisions,91.0,92,95,94
Raymond Wagner,Data Ethics,89.0,88,89,91
Raymond Wagner,Data Visualization with Matplotlib,90.0,58,63,79
Raymond Wagner,Data Cleaning & Preprocessing,63.0,74,64,72
Raymond Wagner,Data Analysis with Pandas,86.0,83,71,83
Raymond Wagner,Risk Management in Finance,56.0,82,71,73
Raymond Wagner,Multiplayer Game Development,87.0,68,95,90
Raymond Wagner,Unreal Engine Basics,58.0,52,51,63
Raymond Wagner,2D Game Development,71.0,69,58,72
Raymond Wagner,Supervised Learning,58.0,99,62,72
Karen Miller,Data Analysis with Pandas,91.0,76,96,93
Karen Miller,Data Visualization with Matplotlib,56.0,60,89,77
Karen Miller,Data Cleaning & Preprocessing,59.0,76,90,80
Karen Miller,Data Ethics,63.0,93,62,73
Karen Miller,Data Analysis for Business Decisions,86.0,63,66,79
Karen Miller,React,85.0,85,53,77
Karen Miller,Financial Analysis Techniques,69.0,62,84,80
Karen Miller,Configuration Management with Ansible,78.0,54,88,84
Karen Miller,Deep Learning with TensorFlow,92.0,86,83,90
Karen Miller,Statistical Analysis,90.0,73,81,87
Karen Miller,Game Testing Techniques,88.0,87,86,90
Karen Miller,Change Management,90.0,90,87,91
Kendra Mcdonald,Data Cleaning & Preprocessing,56.0,69,82,75
Kendra Mcdonald,Data Analysis with Pandas,91.0,81,53,78
Kendra Mcdonald,Data Analysis for Business Decisions,72.0,69,66,75
Kendra Mcdonald,Data Ethics,87.0,78,59,79
Kendra Mcdonald,Data Visualization with Matplotlib,73.0,89,70,79
Kendra Mcdonald,Performance Optimization for Mobile Apps,77.0,68,59,74
Kendra Mcdonald,Digital Sales Techniques,67.0,75,64,73
Kendra Mcdonald,AI in Robotics,98.0,63,58,81
Kendra Mcdonald,Business Case Development,66.0,79,54,70
Kendra Mcdonald,iOS Development Basics,94.0,99,70,87
Kendra Mcdonald,Agile Methodologies,68.0,63,73,76
Tasha Miller,Data Cleaning & Preprocessing,86.0,59,63,78
Tasha Miller,Data Visualization with Matplotlib,78.0,63,50,71
Tasha Miller,Data Ethics,52.0,55,60,65
Tasha Miller,Data Analysis for Business Decisions,53.0,66,86,75
Tasha Miller,Data Analysis with Pandas,54.0,77,66,70
Tasha Miller,Google Ads Fundamentals,97.0,76,89,93
Tasha Miller,Introduction to Business Analysis,68.0,53,92,81
Tasha Miller,Web Performance Optimization,83.0,92,94,91
Tasha Miller,Reinforcement Learning,82.0,54,96,88
Tasha Miller,Continuous Integration and Delivery,54.0,62,67,69
Tasha Miller,Node.js,87.0,66,82,86
Tasha Miller,Blockchain Use Cases,76.0,98,65,79
Tasha Miller,MongoDB,59.0,53,85,76
Tasha Miller,Consensus Algorithms,59.0,71,58,68
Tasha Miller,Conflict Resolution in HR,59.0,93,65,73
Carol Wilson,Data Visualization with Matplotlib,83.0,57,67,78
Carol Wilson,Data Cleaning & Preprocessing,53.0,50,55,63
Carol Wilson,Data Analysis for Business Decisions,71.0,64,81,80
Carol Wilson,Data Analysis with Pandas,64.0,51,80,76
Carol Wilson,Data Ethics,72.0,93,81,83
Carol Wilson,Business Process Modeling,86.0,63,57,76
Carol Wilson,Requirements Gathering Techniques,72.0,91,89,85
Carol Wilson,Hardware Repair Skills,73.0,73,73,78
Carol Wilson,Understanding Consumer Behavior,69.0,87,95,86
Carol Wilson,Introduction to Game Development,93.0,94,61,83
Carol Wilson,Time Series Analysis,79.0,84,69,80
Carol Wilson,Social Media Content Creation,58.0,71,97,81
Carol Wilson,Content Marketing Strategies,89.0,62,92,90
Sherry Jacobs,Data Cleaning & Preprocessing,53.0,73,64,68
Sherry Jacobs,Data Ethics,59.0,54,79,74
Sherry Jacobs,Data Analysis for Business Decisions,53.0,66,94,78
Sherry Jacobs,Data Analysis with Pandas,57.0,84,57,68
Sherry Jacobs,Data Visualization with Matplotlib,89.0,50,83,85
Sherry Jacobs,Google Ads Fundamentals,89.0,97,65,84
Sherry Jacobs,iOS Development Basics,51.0,93,65,70
Sherry Jacobs,Malware Analysis,73.0,98,82,84
Sherry Jacobs,SEO for Content Creators,64.0,88,92,83
Sherry Jacobs,2D Game Development,86.0,86,83,88
Sherry Jacobs,Deep Learning with TensorFlow,67.0,58,63,71
Sherry Jacobs,Vulnerability Assessment,90.0,93,54,80
Sherry Jacobs,Android Development Basics,95.0,73,92,93
Jessica Friedman,Data Cleaning & Preprocessing,64.0,100,66,76
Jessica Friedman,Data Visualization with Matplotlib,58.0,87,98,83
Jessica Friedman,Data Ethics,86.0,73,65,80
Jessica Friedman,Data Analysis for Business Decisions,83.0,79,75,83
Jessica Friedman,Data Analysis with Pandas,64.0,88,50,69
Jessica Friedman,Agile Methodologies,66.0,51,92,80
Jessica Friedman,AI in IoT,88.0,93,72,85
Jessica Friedman,Editing and Proofreading Techniques,83.0,67,59,76
Jessica Friedman,Mobile Testing Strategies,73.0,64,76,79
Jessica Friedman,Sales Analytics,99.0,96,57,84
Jessica Friedman,Unity Basics,53.0,91,57,68
Jessica Friedman,Cryptography Basics,89.0,88,85,90
Jessica Friedman,MongoDB,100.0,91,97,98
Jessica Friedman,Introduction to Finance,86.0,78,96,91
Carrie Mcknight,Data Cleaning & Preprocessing,63.0,68,57,69
Carrie Mcknight,Data Analysis for Business Decisions,72.0,77,69,77
Carrie Mcknight,Data Analysis with Pandas,94.0,95,50,80
Carrie Mcknight,Data Ethics,72.0,75,80,81
Carrie Mcknight,Data Visualization with Matplotlib,58.0,78,84,77
Carrie Mcknight,Cross-Platform Development with Flutter,57.0,68,89,78
Carrie Mcknight,Analytics for Marketers,59.0,91,62,71
Carrie Mcknight,Computer Vision Applications,100.0,52,73,86
Carrie Mcknight,Web Performance Optimization,68.0,59,69,74
Carrie Mcknight,Google Cloud Platform Essentials,67.0,55,74,75
Carrie Mcknight,Mobile Testing Strategies,88.0,69,80,86
Carrie Mcknight,Customer Service Skills for IT,99.0,96,74,90
Carrie Mcknight,Decentralized Applications (DApps),78.0,82,92,88
Carrie Mcknight,Risk Management in Cybersecurity,72.0,79,81,81
Jennifer Jimenez,Data Analysis with Pandas,93.0,89,87,92
Jennifer Jimenez,Data Visualization with Matplotlib,89.0,70,85,88
Jennifer Jimenez,Data Analysis for Business Decisions,66.0,75,56,70
Jennifer Jimenez,Data Ethics,57.0,77,99,82
Jennifer Jimenez,Data Cleaning & Preprocessing,54.0,66,73,71
Jennifer Jimenez,Introduction to IT Support,70.0,85,58,73
Jennifer Jimenez,API Development,64.0,58,60,69
Jennifer Jimenez,App Monetization Strategies,50.0,50,68,66
Jennifer Jimenez,Computer Vision Basics,70.0,67,83,80
Jennifer Jimenez,Web Application Security,65.0,93,67,76
Jennifer Jimenez,Introduction to Human Resources,94.0,88,62,83
Jennifer Jimenez,Conflict Resolution in HR,67.0,83,53,70
Jennifer Jimenez,Wireframing and Prototyping,92.0,59,96,92
Jennifer Jimenez,Google Ads Fundamentals,86.0,74,59,78
Jennifer Jimenez,Email Marketing Basics,97.0,64,68,84
Laurie Hale,Data Visualization with Matplotlib,82.0,90,53,76
Laurie Hale,Data Analysis for Business Decisions,88.0,72,91,90
Laurie Hale,Data Analysis with Pandas,75.0,54,54,71
Laurie Hale,Data Ethics,96.0,72,78,88
Laurie Hale,Data Cleaning & Preprocessing,62.0,55,71,72
Laurie Hale,Introduction to Human Resources,68.0,94,91,85
Laurie Hale,Introduction to AI,84.0,93,67,82
Laurie Hale,Hardware Repair Skills,87.0,68,91,89
Laurie Hale,Quality Management,83.0,55,94,87
Laurie Hale,RESTful Services,56.0,95,86,79
Laurie Hale,Deep Learning Fundamentals,81.0,61,56,74
Laurie Hale,Google Ads Fundamentals,77.0,81,61,76
Laurie Hale,Android Development Basics,70.0,93,62,76
Laurie Hale,Penetration Testing,86.0,86,63,81
Eric Cook,Data Ethics,88.0,70,72,83
Eric Cook,Data Analysis for Business Decisions,91.0,99,72,87
Eric Cook,Data Analysis with Pandas,65.0,66,58,70
Eric Cook,Data Visualization with Matplotlib,92.0,61,81,87
Eric Cook,Data Cleaning & Preprocessing,78.0,55,96,86
Eric Cook,Understanding Financial Markets,99.0,95,78,91
Eric Cook,Git & GitHub,72.0,66,84,81
Eric Cook,Supervised Learning,91.0,80,85,90
Eric Cook,Cloud Security Best Practices,57.0,60,69,70
Eric Cook,Machine Learning Basics,83.0,50,66,77
Eric Cook,Social Media Marketing,89.0,95,94,94
Ethan Taylor,Data Visualization with Matplotlib,68.0,75,77,78
Ethan Taylor,Data Cleaning & Preprocessing,94.0,81,92,93
Ethan Taylor,Data Analysis with Pandas,99.0,88,99,98
Ethan Taylor,Data Analysis for Business Decisions,85.0,72,94,90
Ethan Taylor,Data Ethics,82.0,76,100,91
Ethan Taylor,Presentation Skills for Sales,88.0,88,98,94
Ethan Taylor,Deep Learning Fundamentals,81.0,98,66,81
Ethan Taylor,Affiliate Marketing,86.0,93,81,88
Ethan Taylor,HR Analytics,57.0,58,81,74
Ethan Taylor,Natural Language Processing Techniques,69.0,67,98,85
Ethan Taylor,Deployment & Hosting,56.0,53,78,72
Ethan Taylor,User Research Techniques,93.0,68,100,94
Rhonda Mays,Data Ethics,98.0,86,89,94
Rhonda Mays,Data Analysis with Pandas,50.0,71,90,76
Rhonda Mays,Data Cleaning & Preprocessing,54.0,79,65,70
Rhonda Mays,Data Analysis for Business Decisions,63.0,81,85,80
Rhonda Mays,Data Visualization with Matplotlib,70.0,63,68,75
Rhonda Mays,Predictive Analytics,96.0,53,94,92
Rhonda Mays,Web Application Security,82.0,56,87,85
Rhonda Mays,Design Tools Overview,84.0,56,73,81
Rhonda Mays,Customer Service Excellence,86.0,68,66,80
Rhonda Mays,Node.js,87.0,71,77,84
Rhonda Mays,Social Media Content Creation,66.0,75,56,70
Rhonda Mays,Financial Reporting Standards,70.0,98,54,73
Juan Jones,Data Analysis for Business Decisions,95.0,53,96,92
Juan Jones,Data Visualization with Matplotlib,87.0,52,93,88
Juan Jones,Data Ethics,69.0,80,62,74
Juan Jones,Data Analysis with Pandas,95.0,74,56,80
Juan Jones,Data Cleaning & Preprocessing,81.0,79,88,87
Juan Jones,Social Media Marketing,98.0,52,76,86
Juan Jones,Risk Management in Finance,63.0,63,59,69
Juan Jones,Communication Skills for Project Managers,57.0,71,81,75
Juan Jones,Podcasting Fundamentals,96.0,59,81,88
Juan Jones,E-commerce Development Basics,94.0,56,78,86
Jessica Long,Data Analysis for Business Decisions,76.0,68,57,73
Jessica Long,Data Cleaning & Preprocessing,63.0,56,82,76
Jessica Long,Data Ethics,66.0,67,53,68
Jessica Long,Data Visualization with Matplotlib,80.0,68,99,89
Jessica Long,Data Analysis with Pandas,81.0,58,79,82
Jessica Long,Content Strategy Development,82.0,52,79,82
Jessica Long,Change Management Strategies,90.0,85,60,81
Jessica Long,Project Scheduling Techniques,74.0,56,67,75
Jessica Long,Deployment & Hosting,75.0,82,51,72
Jessica Long,Understanding Consumer Behavior,60.0,70,76,75
Jessica Long,API Development,60.0,77,66,72
Jessica Long,Containerization with Docker,54.0,91,65,71
Jessica Long,AI in Healthcare,91.0,94,71,86
Jessica Long,Google Cloud Platform Essentials,60.0,61,98,81
Jessica Long,Responsive Design Principles,91.0,74,76,86
Kathleen Huffman,Data Ethics,65.0,100,95,86
Kathleen Huffman,Data Analysis for Business Decisions,65.0,89,64,74
Kathleen Huffman,Data Analysis with Pandas,60.0,70,60,69
Kathleen Huffman,Data Visualization with Matplotlib,64.0,94,58,72
Kathleen Huffman,Data Cleaning & Preprocessing,63.0,93,82,80
Kathleen Huffman,Web Performance Optimization,59.0,50,75,72
Kathleen Huffman,HR Technology Tools,88.0,91,82,89
Kathleen Huffman,AI in Healthcare,58.0,61,77,73
Kathleen Huffman,Penetration Testing,78.0,78,80,83
Kathleen Huffman,Content Promotion Strategies,65.0,87,83,80
Kathleen Huffman,Network Security Fundamentals,94.0,54,82,87
Kathleen Huffman,Incident Response,65.0,81,90,82
Kathleen Huffman,Design Thinking Process,89.0,100,97,95
Kathleen Huffman,Android Development Basics,53.0,75,94,79
Kathleen Huffman,Change Management Strategies,74.0,81,64,76
Robert Price,Data Ethics,100.0,92,100,99
Robert Price,Data Cleaning & Preprocessing,91.0,80,98,94
Robert Price,Data Visualization with Matplotlib,67.0,83,93,84
Robert Price,Data Analysis with Pandas,59.0,63,58,67
Robert Price,Data Analysis for Business Decisions,58.0,51,79,73
Robert Price,Risk Analysis and Management,62.0,68,98,83
Robert Price,Influencer Marketing,97.0,100,84,93
Robert Price,Introduction to Machine Learning,100.0,64,82,90
Robert Price,Decentralized Applications (DApps),82.0,56,78,82
Robert Price,Statistical Analysis,53.0,87,92,79
Robert Price,Digital Sales Techniques,82.0,51,52,72
Robert Price,Change Management Strategies,73.0,98,54,74
Michelle Williams,Data Analysis with Pandas,68.0,80,61,73
Michelle Williams,Data Analysis for Business Decisions,90.0,62,56,77
Michelle Williams,Data Cleaning & Preprocessing,96.0,75,73,87
Michelle Williams,Data Ethics,90.0,76,66,82
Michelle Williams,Data Visualization with Matplotlib,96.0,91,52,81
Michelle Williams,Express.js,62.0,59,77,75
Michelle Williams,Investing Fundamentals,82.0,50,69,78
Michelle Williams,Decentralized Applications (DApps),99.0,98,97,98
Michelle Williams,Microservices in Cloud,64.0,71,68,73
Michelle Williams,User Interface Design for Mobile Apps,91.0,97,100,97
Hector Sheppard,Data Cleaning & Preprocessing,93.0,79,74,86
Hector Sheppard,Data Visualization with Matplotlib,82.0,84,55,76
Hector Sheppard,Data Ethics,100.0,58,55,80
Hector Sheppard,Data Analysis for Business Decisions,51.0,80,75,72
Hector Sheppard,Data Analysis with Pandas,95.0,58,88,90
Hector Sheppard,Android Development Basics,66.0,60,81,77
Hector Sheppard,Content Management Systems (CMS),79.0,76,58,76
Hector Sheppard,Graphic Design Basics for Content,80.0,78,76,82
Hector Sheppard,Progressive Web Apps (PWAs),55.0,99,95,82
Hector Sheppard,Speech Recognition Technologies,66.0,63,56,69
Hector Sheppard,iOS Development Basics,78.0,93,97,91
Hector Sheppard,Risk Analysis and Management,54.0,93,88,79
Hector Sheppard,Interaction Design Principles,55.0,71,77,73
Jason Stephens,Data Analysis with Pandas,57.0,75,86,78
Jason Stephens,Data Ethics,100.0,68,73,87
Jason Stephens,Data Analysis for Business Decisions,62.0,66,71,73
Jason Stephens,Data Visualization with Matplotlib,85.0,64,65,79
Jason Stephens,Data Cleaning & Preprocessing,90.0,62,70,82
Jason Stephens,Frontend Development Basics,98.0,55,71,85
Jason Stephens,Graphic Design Basics for Content,65.0,62,73,74
Jason Stephens,Deployment & Hosting,74.0,88,88,85
Jason Stephens,Deployment of ML Models,86.0,96,81,88
Jason Stephens,Penetration Testing,51.0,96,96,81
Jason Stephens,Conversion Rate Optimization,50.0,61,94,76
Jason Stephens,Content Marketing Strategies,95.0,63,91,91
Jason Stephens,Presentation Skills for Sales,91.0,80,86,90
Jason Stephens,Introduction to Cloud Computing,85.0,59,84,85
Timothy Meyer,Data Analysis with Pandas,98.0,80,79,90
Timothy Meyer,Data Cleaning & Preprocessing,73.0,75,68,77
Timothy Meyer,Data Visualization with Matplotlib,92.0,83,63,83
Timothy Meyer,Data Ethics,98.0,62,51,78
Timothy Meyer,Data Analysis for Business Decisions,93.0,71,75,86
Timothy Meyer,Sales Analytics,90.0,57,65,80
Timothy Meyer,Diversity and Inclusion Initiatives,84.0,66,95,89
Timothy Meyer,Google Ads Fundamentals,58.0,86,64,71
Timothy Meyer,Brand Management Online,59.0,79,66,72
Timothy Meyer,Reinforcement Learning,96.0,64,87,90
Timothy Meyer,Introduction to UI/UX Design,93.0,53,95,91
Timothy Meyer,Monitoring and Logging,78.0,77,99,90
Timothy Meyer,API Development,96.0,80,64,84
Timothy Meyer,Wireframing and Prototyping,88.0,74,54,77
Timothy Meyer,Deployment & Hosting,85.0,62,86,86
Erika Hoffman,Data Analysis with Pandas,88.0,84,84,89
Erika Hoffman,Data Ethics,68.0,77,75,78
Erika Hoffman,Data Visualization with Matplotlib,68.0,84,53,71
Erika Hoffman,Data Analysis for Business Decisions,73.0,50,73,76
Erika Hoffman,Data Cleaning & Preprocessing,54.0,89,83,77
Erika Hoffman,Requirements Gathering Techniques,76.0,78,59,75
Erika Hoffman,Budgeting for Projects,70.0,63,70,75
Erika Hoffman,Web Performance Optimization,59.0,54,92,78
Erika Hoffman,Financial Analysis Techniques,66.0,82,100,86
Erika Hoffman,Statistical Analysis,91.0,95,97,95
Erika Hoffman,Remote Support Techniques,92.0,96,53,80
Tracy Miller,Data Analysis for Business Decisions,98.0,79,66,85
Tracy Miller,Data Ethics,56.0,72,51,65
Tracy Miller,Data Cleaning & Preprocessing,64.0,58,82,77
Tracy Miller,Data Analysis with Pandas,59.0,78,52,67
Tracy Miller,Data Visualization with Matplotlib,62.0,57,68,71
Tracy Miller,Video Production Basics,64.0,97,94,85
Tracy Miller,Corporate Finance Essentials,95.0,57,91,91
Tracy Miller,Financial Planning and Forecasting,92.0,56,99,92
Tracy Miller,Performance Optimization for Mobile Apps,76.0,73,73,79
Tracy Miller,Cross-Platform Development with Flutter,51.0,100,53,66
Tracy Miller,Natural Language Processing Techniques,67.0,82,51,70
Tracy Miller,Ethereum Development,70.0,88,61,75
Tracy Miller,Introduction to Game Development,64.0,91,97,85
Tracy Miller,AWS Fundamentals,80.0,71,88,86
Tracy Miller,Predictive Analytics,55.0,86,58,68
Kristin Rodriguez,Data Cleaning & Preprocessing,90.0,75,64,81
Kristin Rodriguez,Data Analysis with Pandas,71.0,53,79,78
Kristin Rodriguez,Data Analysis for Business Decisions,90.0,60,93,90
Kristin Rodriguez,Data Visualization with Matplotlib,52.0,52,96,77
Kristin Rodriguez,Data Ethics,60.0,62,77,74
Kristin Rodriguez,SWOT Analysis for Business,99.0,56,76,87
Kristin Rodriguez,Responsive Design Principles,96.0,86,95,95
Kristin Rodriguez,Project Management Tools Overview,66.0,77,72,76
Kristin Rodriguez,Reinforcement Learning Techniques,82.0,77,87,87
Kristin Rodriguez,Progressive Web Apps (PWAs),83.0,57,73,80
Kristin Rodriguez,API Development,91.0,70,99,94
Kristin Rodriguez,User Research Techniques,55.0,74,56,66
Kristin Rodriguez,Change Management,68.0,61,52,68
Kristin Rodriguez,HR Analytics,64.0,78,53,69
Kristin Rodriguez,HTML & CSS,95.0,83,66,85
Zoe Benson,Data Cleaning & Preprocessing,84.0,77,53,76
Zoe Benson,Data Visualization with Matplotlib,76.0,68,89,85
Zoe Benson,Data Analysis for Business Decisions,71.0,51,78,77
Zoe Benson,Data Analysis with Pandas,52.0,69,96,79
Zoe Benson,Data Ethics,88.0,65,52,76
Zoe Benson,Monitoring and Logging,73.0,98,98,90
Zoe Benson,Backend Development Fundamentals,86.0,89,73,85
Zoe Benson,Performance Optimization for Mobile Apps,51.0,67,90,76
Zoe Benson,Presentation Skills for Business Analysts,79.0,93,92,89
Zoe Benson,Risk Management in Cybersecurity,75.0,96,53,74
Zoe Benson,3D Game Development,53.0,62,63,67
Zoe Benson,Consensus Algorithms,52.0,51,76,70
Zoe Benson,Hardware Repair Skills,56.0,50,81,73
Zoe Benson,Design Thinking Process,89.0,59,72,82
Christine Taylor,Data Ethics,80.0,60,60,75
Christine Taylor,Data Analysis for Business Decisions,98.0,91,96,97
Christine Taylor,Data Visualization with Matplotlib,90.0,88,93,93
Christine Taylor,Data Cleaning & Preprocessing,57.0,61,87,76
Christine Taylor,Data Analysis with Pandas,60.0,95,65,73
Christine Taylor,Penetration Testing,85.0,89,66,82
Christine Taylor,Machine Learning Basics,86.0,65,73,82
Christine Taylor,Affiliate Marketing,85.0,100,91,92
Christine Taylor,Presentation Skills for Business Analysts,68.0,62,93,83
Christine Taylor,Podcasting Fundamentals,96.0,87,54,81
Christine Taylor,Project Management Tools Overview,88.0,87,100,94
Christine Taylor,Introduction to Machine Learning,96.0,89,71,87
Christine Taylor,Publishing Mobile Apps,62.0,54,100,82
Matthew Cross,Data Visualization with Matplotlib,85.0,52,53,74
Matthew Cross,Data Analysis with Pandas,84.0,88,69,82
Matthew Cross,Data Analysis for Business Decisions,73.0,51,59,71
Matthew Cross,Data Ethics,61.0,94,56,70
Matthew Cross,Data Cleaning & Preprocessing,64.0,57,59,69
Matthew Cross,Introduction to Cloud Computing,59.0,73,87,78
Matthew Cross,Mobile Testing Strategies,77.0,97,51,74
Matthew Cross,Reinforcement Learning,64.0,58,100,83
Matthew Cross,Git & GitHub,70.0,95,68,78
Matthew Cross,Predictive Analytics,95.0,85,93,94
Lisa Vargas,Data Analysis for Business Decisions,88.0,51,62,78
Lisa Vargas,Data Ethics,80.0,63,57,74
Lisa Vargas,Data Cleaning & Preprocessing,77.0,79,84,84
Lisa Vargas,Data Analysis with Pandas,76.0,64,73,79
Lisa Vargas,Data Visualization with Matplotlib,54.0,50,77,71
Lisa Vargas,Penetration Testing,53.0,58,100,79
Lisa Vargas,Visual Design Basics,50.0,92,75,73
Lisa Vargas,Wireframing and Prototyping,86.0,65,72,82
Lisa Vargas,Supervised Learning,53.0,66,94,78
Lisa Vargas,Corporate Finance Essentials,83.0,83,68,81
Lisa Vargas,Presentation Skills for Business Analysts,78.0,74,67,78
Lisa Vargas,Content Management Systems (CMS),67.0,76,68,75
Lisa Vargas,AI for Business,67.0,55,60,70
Lisa Vargas,Multiplayer Game Development,96.0,59,83,89
Frank Castillo,Data Visualization with Matplotlib,65.0,51,98,82
Frank Castillo,Data Ethics,99.0,86,75,90
Frank Castillo,Data Analysis with Pandas,69.0,67,60,72
Frank Castillo,Data Cleaning & Preprocessing,59.0,85,94,82
Frank Castillo,Data Analysis for Business Decisions,92.0,61,94,91
Frank Castillo,Speech Recognition Technologies,54.0,78,86,77
Frank Castillo,Social Media Marketing,97.0,82,58,82
Frank Castillo,Performance Optimization for Mobile Apps,95.0,62,80,87
Frank Castillo,Performance Management Systems,74.0,77,57,74
Frank Castillo,Cryptography Basics,79.0,85,57,76
Frank Castillo,AI in Healthcare,100.0,76,96,96
Frank Castillo,Network Security Fundamentals,77.0,92,60,77
Frank Castillo,Affiliate Marketing,61.0,78,83,78
Amber Ball,Data Ethics,62.0,79,66,73
Amber Ball,Data Analysis for Business Decisions,86.0,79,70,82
Amber Ball,Data Cleaning & Preprocessing,59.0,82,63,71
Amber Ball,Data Analysis with Pandas,82.0,69,68,79
Amber Ball,Data Visualization with Matplotlib,67.0,57,86,79
Amber Ball,Risk Analysis and Management,78.0,91,99,91
Amber Ball,HR Technology Tools,83.0,63,79,83
Amber Ball,Affiliate Marketing,100.0,79,71,88
Amber Ball,Content Marketing Strategies,68.0,92,77,80
Amber Ball,Content Strategy Development,67.0,99,74,79
Amber Ball,Security Awareness for IT Support,100.0,63,68,85
Amber Ball,Wireframing and Prototyping,67.0,80,50,69
Amber Ball,Risk Management in Projects,88.0,50,96,89
Amber Ball,Customer Service Excellence,59.0,92,54,69
Amber Ball,Unity Basics,58.0,64,60,68
Dana Harris PhD,Data Ethics,58.0,67,66,70
Dana Harris PhD,Data Analysis for Business Decisions,50.0,55,62,65
Dana Harris PhD,Data Visualization with Matplotlib,57.0,52,71,70
Dana Harris PhD,Data Cleaning & Preprocessing,80.0,83,88,87
Dana Harris PhD,Data Analysis with Pandas,57.0,82,84,78
Dana Harris PhD,Hyperledger Basics,68.0,51,94,82
Dana Harris PhD,Corporate Finance Essentials,87.0,53,55,75
Dana Harris PhD,Design Thinking Process,68.0,58,94,82
Dana Harris PhD,API Development,59.0,67,61,69
Dana Harris PhD,Mobile App Security,57.0,88,60,70
Dana Harris PhD,Unsupervised Learning,68.0,97,62,75
Dana Harris PhD,Cloud Support Fundamentals,59.0,71,93,80
Dana Harris PhD,Deep Learning Fundamentals,79.0,78,69,80
Dana Harris PhD,MongoDB,74.0,55,71,76
Dana Harris PhD,Risk Management in Finance,66.0,54,90,80
Joanna Holland,Data Ethics,98.0,63,86,91
Joanna Holland,Data Analysis with Pandas,84.0,62,100,91
Joanna Holland,Data Analysis for Business Decisions,55.0,75,60,68
Joanna Holland,Data Visualization with Matplotlib,70.0,70,80,80
Joanna Holland,Data Cleaning & Preprocessing,88.0,71,82,87
Joanna Holland,Blockchain Use Cases,58.0,95,100,85
Joanna Holland,Web Application Security,55.0,89,88,79
Joanna Holland,Blockchain Security,57.0,71,89,78
Joanna Holland,Reinforcement Learning Techniques,55.0,88,55,67
Joanna Holland,User Research Techniques,69.0,56,56,69
Joanna Holland,Sales Fundamentals,67.0,71,79,78
Joanna Holland,Graphic Design Basics for Content,91.0,68,67,82
Joanna Holland,Natural Language Processing Techniques,58.0,53,68,69
Emily Gardner,Data Cleaning & Preprocessing,86.0,85,73,84
Emily Gardner,Data Ethics,88.0,76,100,93
Emily Gardner,Data Analysis for Business Decisions,61.0,58,64,70
Emily Gardner,Data Analysis with Pandas,100.0,91,59,85
Emily Gardner,Data Visualization with Matplotlib,71.0,89,51,72
Emily Gardner,Conflict Resolution in HR,97.0,90,59,84
Emily Gardner,Game Testing Techniques,86.0,78,76,84
Emily Gardner,Blogging for Beginners,54.0,90,50,65
Emily Gardner,SEO for Content Creators,67.0,68,86,80
Emily Gardner,Remote Support Techniques,98.0,50,90,91
Emily Gardner,Azure Basics,81.0,65,89,86
Emily Gardner,Digital Sales Techniques,75.0,71,91,85
Emily Gardner,Ethereum Development,77.0,53,99,87
John Myers,Data Analysis with Pandas,97.0,65,68,84
John Myers,Data Ethics,63.0,82,88,81
John Myers,Data Visualization with Matplotlib,64.0,92,56,71
John Myers,Data Analysis for Business Decisions,73.0,86,90,86
John Myers,Data Cleaning & Preprocessing,90.0,88,74,86
John Myers,App Monetization Strategies,86.0,78,54,77
John Myers,Introduction to Business Analysis,99.0,89,68,87
John Myers,Usability Testing,90.0,83,78,87
John Myers,Game Monetization Strategies,69.0,71,78,79
John Myers,Change Management Strategies,63.0,93,92,84
John Myers,Financial Planning and Forecasting,91.0,71,82,88
Elizabeth Powell,Data Cleaning & Preprocessing,52.0,64,72,70
Elizabeth Powell,Data Ethics,77.0,92,83,85
Elizabeth Powell,Data Visualization with Matplotlib,69.0,54,66,73
Elizabeth Powell,Data Analysis for Business Decisions,85.0,95,84,89
Elizabeth Powell,Data Analysis with Pandas,91.0,100,68,86
Elizabeth Powell,3D Game Development,80.0,95,71,82
Elizabeth Powell,Business Case Development,66.0,95,72,78
Elizabeth Powell,SEO Fundamentals,85.0,74,74,83
Elizabeth Powell,Communication Skills for Project Managers,99.0,98,76,91
Elizabeth Powell,Usability Testing,81.0,99,63,80
Elizabeth Powell,Responsive Web Design,95.0,71,80,88
Elizabeth Powell,Presentation Skills for Business Analysts,68.0,85,50,70
Elizabeth Powell,Agile Project Management,69.0,75,52,70
Kara Riggs,Data Ethics,70.0,69,68,75
Kara Riggs,Data Analysis for Business Decisions,85.0,59,78,83
Kara Riggs,Data Cleaning & Preprocessing,91.0,69,56,78
Kara Riggs,Data Visualization with Matplotlib,62.0,85,78,78
Kara Riggs,Data Analysis with Pandas,84.0,55,61,76
Kara Riggs,Introduction to Human Resources,95.0,53,99,93
Kara Riggs,Email Marketing Basics,64.0,83,63,73
Kara Riggs,Python for Data Science,64.0,63,60,70
Kara Riggs,Decentralized Applications (DApps),96.0,88,50,80
Kara Riggs,Responsive Design Principles,86.0,90,58,79
Kara Riggs,AI in Healthcare,63.0,95,63,74
Kara Riggs,Serverless Architecture,76.0,63,73,78
Kara Riggs,Building Customer Relationships,65.0,65,79,77
Matthew Gardner,Data Ethics,70.0,81,94,86
Matthew Gardner,Data Visualization with Matplotlib,89.0,63,86,88
Matthew Gardner,Data Analysis with Pandas,84.0,100,84,89
Matthew Gardner,Data Cleaning & Preprocessing,98.0,95,59,84
Matthew Gardner,Data Analysis for Business Decisions,87.0,74,97,92
Matthew Gardner,API Development,62.0,84,98,84
Matthew Gardner,Introduction to Blockchain,95.0,52,85,88
Matthew Gardner,Hyperledger Basics,64.0,92,100,87
Matthew Gardner,Computer Vision Basics,61.0,51,92,79
Matthew Gardner,Risk Management in Cybersecurity,82.0,91,83,87
Matthew Gardner,Progressive Web Apps (PWAs),64.0,51,71,72
Matthew Gardner,Introduction to Machine Learning,73.0,63,86,82
Patricia Davis,Data Visualization with Matplotlib,53.0,65,68,69
Patricia Davis,Data Ethics,90.0,55,97,91
Patricia Davis,Data Cleaning & Preprocessing,99.0,62,87,91
Patricia Davis,Data Analysis with Pandas,59.0,54,85,76
Patricia Davis,Data Analysis for Business Decisions,72.0,55,90,82
Patricia Davis,Financial Planning and Forecasting,90.0,83,58,80
Patricia Davis,Closing Sales Strategies,78.0,54,78,80
Patricia Davis,Blogging for Beginners,61.0,78,56,69
Patricia Davis,Game Testing Techniques,80.0,66,60,76
Patricia Davis,Game Design Principles,71.0,80,87,83
Caitlyn Mccormick,Data Visualization with Matplotlib,55.0,68,79,74
Caitlyn Mccormick,Data Analysis for Business Decisions,54.0,96,51,66
Caitlyn Mccormick,Data Ethics,85.0,92,75,85
Caitlyn Mccormick,Data Analysis with Pandas,54.0,51,60,65
Caitlyn Mccormick,Data Cleaning & Preprocessing,88.0,58,91,88
Caitlyn Mccormick,API Integration in Mobile Apps,93.0,59,90,90
Caitlyn Mccormick,Incident Response,81.0,74,80,84
Caitlyn Mccormick,Collaboration Tools in DevOps,69.0,56,76,76
Caitlyn Mccormick,Risk Management in Projects,81.0,53,83,83
Caitlyn Mccormick,Infrastructure as Code,53.0,70,77,72
Caitlyn Mccormick,Analytics for Marketers,77.0,99,83,86
Caitlyn Mccormick,Change Management Strategies,53.0,57,82,73
Caitlyn Mccormick,Training and Development,76.0,82,53,73
Holly Huynh,Data Visualization with Matplotlib,72.0,75,71,78
Holly Huynh,Data Cleaning & Preprocessing,90.0,59,50,75
Holly Huynh,Data Ethics,86.0,74,91,89
Holly Huynh,Data Analysis with Pandas,89.0,67,63,80
Holly Huynh,Data Analysis for Business Decisions,71.0,92,53,73
Holly Huynh,Malware Analysis,89.0,88,90,91
Holly Huynh,Business Process Modeling,88.0,93,53,79
Holly Huynh,JavaScript Basics,76.0,90,57,76
Holly Huynh,Introduction to IT Support,93.0,68,53,78
Holly Huynh,Containerization with Docker,73.0,57,90,83
Holly Huynh,Remote Support Techniques,99.0,99,61,86
Holly Huynh,Presentation Skills for Business Analysts,71.0,72,88,83
Holly Huynh,Social Media Marketing,79.0,51,86,83
Jesse Casey Jr.,Data Ethics,50.0,57,59,64
Jesse Casey Jr.,Data Analysis with Pandas,54.0,96,77,75
Jesse Casey Jr.,Data Visualization with Matplotlib,55.0,90,85,78
Jesse Casey Jr.,Data Analysis for Business Decisions,80.0,79,57,76
Jesse Casey Jr.,Data Cleaning & Preprocessing,72.0,62,86,82
Jesse Casey Jr.,Mobile Testing Strategies,83.0,88,52,76
Jesse Casey Jr.,Change Management,94.0,69,53,78
Jesse Casey Jr.,Sales Analytics,95.0,75,95,94
Jesse Casey Jr.,HR Analytics,76.0,88,71,80
Jesse Casey Jr.,Multiplayer Game Development,84.0,60,66,78
Jesse Casey Jr.,Content Management Systems (CMS),83.0,64,77,82
Jesse Casey Jr.,Git & GitHub,59.0,78,92,81
Jesse Casey Jr.,Presentation Skills for Sales,65.0,68,91,81
Jesse Casey Jr.,3D Game Development,74.0,55,85,81
Jesse Casey Jr.,Node.js,57.0,62,73,72
Karen Johnson,Data Visualization with Matplotlib,100.0,86,91,95
Karen Johnson,Data Analysis with Pandas,67.0,74,53,69
Karen Johnson,Data Ethics,68.0,51,53,67
Karen Johnson,Data Cleaning & Preprocessing,81.0,92,90,89
Karen Johnson,Data Analysis for Business Decisions,66.0,72,99,85
Karen Johnson,Requirements Gathering Techniques,66.0,88,87,82
Karen Johnson,Content Management Systems (CMS),83.0,75,65,79
Karen Johnson,API Integration in Mobile Apps,84.0,98,57,79
Karen Johnson,Training and Development,85.0,65,85,86
Karen Johnson,Azure Basics,74.0,72,75,79
Karen Johnson,SWOT Analysis for Business,94.0,93,98,96
Karen Johnson,Game Testing Techniques,84.0,79,86,87
Karen Johnson,Computer Vision Basics,70.0,98,63,76
Steven Flores,Data Ethics,54.0,66,59,66
Steven Flores,Data Analysis with Pandas,68.0,57,100,84
Steven Flores,Data Analysis for Business Decisions,60.0,86,99,84
Steven Flores,Data Cleaning & Preprocessing,84.0,53,72,80
Steven Flores,Data Visualization with Matplotlib,94.0,54,59,79
Steven Flores,Introduction to Content Creation,74.0,56,61,73
Steven Flores,Quality Management,90.0,53,50,74
Steven Flores,Time Management for Sales,94.0,57,82,87
Steven Flores,Conflict Resolution in HR,93.0,68,98,94
Steven Flores,Multiplayer Game Development,74.0,84,65,77
Steven Flores,Project Scheduling Techniques,87.0,81,68,82
Steven Flores,Android Development Basics,62.0,89,59,71
Steven Flores,App Monetization Strategies,96.0,90,53,81
Steven Flores,JavaScript Basics,77.0,96,88,87
Jessica Chapman,Data Analysis with Pandas,68.0,83,62,74
Jessica Chapman,Data Visualization with Matplotlib,66.0,59,55,68
Jessica Chapman,Data Ethics,52.0,97,76,74
Jessica Chapman,Data Cleaning & Preprocessing,85.0,70,61,78
Jessica Chapman,Data Analysis for Business Decisions,61.0,88,56,70
Jessica Chapman,Personal Finance Skills,70.0,96,78,81
Jessica Chapman,Budgeting for Projects,76.0,88,83,84
Jessica Chapman,Troubleshooting Techniques,83.0,89,92,90
Jessica Chapman,Speech Recognition Technologies,97.0,86,97,96
Jessica Chapman,Computer Vision Basics,78.0,87,100,91
Jessica Chapman,Security in Cloud Computing,100.0,61,74,87
Jessica Chapman,Corporate Finance Essentials,87.0,58,74,82
Jessica Chapman,User Interface Design for Mobile Apps,95.0,69,65,83
Jessica Chapman,Cryptocurrency Fundamentals,76.0,79,70,79
Bruce Johnston,Data Cleaning & Preprocessing,53.0,84,82,76
Bruce Johnston,Data Analysis with Pandas,66.0,94,63,75
Bruce Johnston,Data Visualization with Matplotlib,56.0,63,75,72
Bruce Johnston,Data Analysis for Business Decisions,92.0,84,71,85
Bruce Johnston,Data Ethics,87.0,61,98,91
Bruce Johnston,Risk Analysis and Management,73.0,57,56,71
Bruce Johnston,Requirements Gathering Techniques,57.0,76,59,68
Bruce Johnston,SEO Best Practices,59.0,61,51,65
Bruce Johnston,Usability Testing,69.0,83,93,85
Bruce Johnston,Git & GitHub,87.0,92,76,86
Bruce Johnston,Project Management Basics,54.0,57,78,72
Bruce Johnston,RESTful Services,51.0,100,70,72
Bruce Johnston,Introduction to IT Support,75.0,92,79,83
Barbara Hunt,Data Visualization with Matplotlib,95.0,80,72,86
Barbara Hunt,Data Analysis with Pandas,70.0,80,77,79
Barbara Hunt,Data Ethics,87.0,57,69,80
Barbara Hunt,Data Cleaning & Preprocessing,80.0,68,70,79
Barbara Hunt,Data Analysis for Business Decisions,66.0,83,63,73
Barbara Hunt,Change Management Strategies,70.0,82,68,76
Barbara Hunt,Introduction to IT Support,51.0,62,55,63
Barbara Hunt,Natural Language Processing,91.0,99,70,86
Barbara Hunt,Backend Development Fundamentals,63.0,100,89,83
Barbara Hunt,Cloud Cost Management,77.0,50,61,73
Theresa Snyder,Data Analysis for Business Decisions,58.0,55,93,78
Theresa Snyder,Data Analysis with Pandas,55.0,72,87,77
Theresa Snyder,Data Ethics,98.0,90,53,82
Theresa Snyder,Data Cleaning & Preprocessing,73.0,91,63,77
Theresa Snyder,Data Visualization with Matplotlib,58.0,71,85,77
Theresa Snyder,Cryptography Basics,74.0,50,61,72
Theresa Snyder,Reinforcement Learning,73.0,60,77,78
Theresa Snyder,Mobile Testing Strategies,51.0,95,55,67
Theresa Snyder,Time Management for Sales,98.0,83,54,81
Theresa Snyder,Agile Project Management,69.0,66,62,72
Theresa Snyder,AI in Healthcare,57.0,98,58,70
Anna Morgan,Data Cleaning & Preprocessing,76.0,64,70,78
Anna Morgan,Data Visualization with Matplotlib,58.0,83,92,81
Anna Morgan,Data Analysis with Pandas,58.0,76,55,67
Anna Morgan,Data Ethics,74.0,65,88,83
Anna Morgan,Data Analysis for Business Decisions,99.0,64,67,84
Anna Morgan,Content Marketing Strategies,87.0,78,97,92
Anna Morgan,Deployment of ML Models,93.0,63,70,83
Anna Morgan,Customer Service Excellence,52.0,67,52,63
Anna Morgan,E-commerce Development Basics,100.0,56,53,79
Anna Morgan,User Interface Design for Mobile Apps,81.0,99,56,78
Anna Morgan,Computer Vision Basics,81.0,60,95,88
Anna Morgan,DevOps in the Cloud,57.0,85,54,67
Jacob Edwards,Data Cleaning & Preprocessing,76.0,93,75,82
Jacob Edwards,Data Visualization with Matplotlib,86.0,50,92,87
Jacob Edwards,Data Analysis for Business Decisions,80.0,86,52,75
Jacob Edwards,Data Ethics,81.0,62,79,82
Jacob Edwards,Data Analysis with Pandas,61.0,82,98,84
Jacob Edwards,API Development,100.0,92,51,82
Jacob Edwards,Network Security Fundamentals,61.0,84,70,74
Jacob Edwards,Python for Data Science,59.0,83,95,82
Jacob Edwards,Requirements Gathering Techniques,95.0,83,64,84
Jacob Edwards,Git & GitHub,85.0,52,82,84
Jacob Edwards,HR Technology Tools,77.0,79,72,80
Rebecca Phelps,Data Ethics,60.0,77,65,71
Rebecca Phelps,Data Analysis with Pandas,98.0,53,62,81
Rebecca Phelps,Data Visualization with Matplotlib,73.0,58,56,71
Rebecca Phelps,Data Analysis for Business Decisions,91.0,96,61,83
Rebecca Phelps,Data Cleaning & Preprocessing,80.0,58,61,75
Rebecca Phelps,Communication Skills for Project Managers,94.0,58,69,83
Rebecca Phelps,User Research Techniques,100.0,81,57,83
Rebecca Phelps,Supervised Learning,85.0,60,51,74
Rebecca Phelps,Frontend Development Basics,56.0,63,73,71
Rebecca Phelps,Unreal Engine Basics,87.0,53,53,74
Tiffany Thompson,Data Analysis with Pandas,60.0,69,50,65
Tiffany Thompson,Data Analysis for Business Decisions,60.0,50,73,72
Tiffany Thompson,Data Ethics,96.0,67,77,87
Tiffany Thompson,Data Visualization with Matplotlib,57.0,84,93,81
Tiffany Thompson,Data Cleaning & Preprocessing,62.0,97,52,70
Tiffany Thompson,Content Strategy Development,92.0,83,89,92
Tiffany Thompson,Cross-Platform Development with Flutter,82.0,91,98,92
Tiffany Thompson,AI for Business,61.0,82,90,81
Tiffany Thompson,Android Development Basics,66.0,68,78,77
Tiffany Thompson,Incident Response,74.0,62,99,87
Tiffany Thompson,Project Scheduling Techniques,68.0,80,75,78
Tina Williams,Data Visualization with Matplotlib,65.0,54,63,70
Tina Williams,Data Cleaning & Preprocessing,63.0,93,99,86
Tina Williams,Data Analysis for Business Decisions,97.0,90,74,89
Tina Williams,Data Ethics,54.0,97,85,78
Tina Williams,Data Analysis with Pandas,95.0,92,72,88
Tina Williams,Node.js,61.0,83,96,83
Tina Williams,Game Design Principles,80.0,96,69,82
Tina Williams,Unsupervised Learning,58.0,54,54,65
Tina Williams,Game Monetization Strategies,67.0,87,79,80
Tina Williams,Machine Learning Basics,82.0,73,70,80
Stacey Knight,Data Visualization with Matplotlib,71.0,66,91,83
Stacey Knight,Data Analysis with Pandas,70.0,73,88,83
Stacey Knight,Data Analysis for Business Decisions,64.0,77,63,72
Stacey Knight,Data Ethics,63.0,98,68,76
Stacey Knight,Data Cleaning & Preprocessing,51.0,84,85,76
Stacey Knight,Smart Contracts Development,90.0,62,71,83
Stacey Knight,Labor Laws and Compliance,95.0,97,75,89
Stacey Knight,Affiliate Marketing,51.0,68,55,64
Stacey Knight,Operating Systems Overview,96.0,93,76,89
Stacey Knight,Remote Support Techniques,73.0,58,90,83
Stacey Knight,Editing and Proofreading Techniques,97.0,76,67,85
Stacey Knight,User Interface Design for Mobile Apps,89.0,71,67,82
Stacey Knight,Financial Reporting Standards,76.0,59,56,72
Stacey Knight,Cloud Cost Management,64.0,60,67,72
Maria Tate,Data Visualization with Matplotlib,80.0,84,50,74
Maria Tate,Data Cleaning & Preprocessing,85.0,74,55,76
Maria Tate,Data Analysis with Pandas,97.0,53,63,81
Maria Tate,Data Analysis for Business Decisions,77.0,100,82,86
Maria Tate,Data Ethics,86.0,89,99,94
Maria Tate,Progressive Web Apps (PWAs),75.0,76,60,75
Maria Tate,AI in IoT,89.0,95,57,81
Maria Tate,Big Data with Spark,92.0,89,71,86
Maria Tate,Visual Design Basics,85.0,80,74,84
Maria Tate,Requirements Gathering Techniques,72.0,68,55,71
Maria Tate,Quality Management,63.0,82,69,74
Natalie Smith,Data Cleaning & Preprocessing,51.0,64,74,70
Natalie Smith,Data Visualization with Matplotlib,51.0,55,52,62
Natalie Smith,Data Ethics,64.0,96,52,70
Natalie Smith,Data Analysis with Pandas,95.0,66,53,78
Natalie Smith,Data Analysis for Business Decisions,96.0,56,85,89
Natalie Smith,Content Strategy Development,83.0,57,91,87
Natalie Smith,Graphic Design Basics for Content,56.0,95,57,69
Natalie Smith,Google Cloud Platform Essentials,67.0,92,87,83
Natalie Smith,Hyperledger Basics,95.0,54,66,82
Natalie Smith,Predictive Analytics,51.0,61,77,71
Natalie Smith,Natural Language Processing,93.0,76,89,91
Natalie Smith,Hardware Repair Skills,90.0,81,73,85
Natalie Smith,SEO Fundamentals,91.0,77,99,94
Jeffrey Woods,Data Ethics,99.0,58,82,89
Jeffrey Woods,Data Analysis with Pandas,88.0,88,80,88
Jeffrey Woods,Data Cleaning & Preprocessing,99.0,91,73,89
Jeffrey Woods,Data Visualization with Matplotlib,79.0,73,86,85
Jeffrey Woods,Data Analysis for Business Decisions,90.0,50,56,76
Jeffrey Woods,Introduction to Machine Learning,55.0,87,90,79
Jeffrey Woods,Blockchain Use Cases,83.0,76,77,84
Jeffrey Woods,Financial Planning and Forecasting,73.0,75,89,84
Jeffrey Woods,Collaboration Tools in DevOps,84.0,93,98,93
Jeffrey Woods,Ethical Hacking Basics,69.0,76,62,73
Jeffrey Woods,Risk Analysis and Management,84.0,55,82,84
Jeffrey Woods,Reinforcement Learning Techniques,61.0,51,77,73
Jeffrey Woods,Deep Learning with TensorFlow,99.0,87,68,87
Jeffrey Woods,Continuous Integration and Delivery,75.0,58,91,84
David Martinez,Data Ethics,87.0,74,99,92
David Martinez,Data Analysis for Business Decisions,58.0,95,62,72
David Martinez,Data Analysis with Pandas,69.0,67,90,82
David Martinez,Data Cleaning & Preprocessing,83.0,51,78,81
David Martinez,Data Visualization with Matplotlib,64.0,67,83,78
David Martinez,Labor Laws and Compliance,57.0,64,74,72
David Martinez,Introduction to Human Resources,67.0,60,64,72
David Martinez,Presentation Skills for Business Analysts,67.0,68,86,80
David Martinez,Introduction to Content Creation,61.0,73,78,76
David Martinez,AI in IoT,71.0,83,66,76
David Martinez,Deep Learning with TensorFlow,52.0,61,68,68
Robin Moody,Data Ethics,52.0,81,61,68
Robin Moody,Data Analysis with Pandas,94.0,72,98,94
Robin Moody,Data Analysis for Business Decisions,88.0,89,72,85
Robin Moody,Data Cleaning & Preprocessing,87.0,69,92,90
Robin Moody,SEO Best Practices,66.0,82,92,83
Robin Moody,Game Design Principles,89.0,86,69,84
Robin Moody,Podcasting Fundamentals,97.0,73,55,80
Robin Moody,Ethereum Development,100.0,63,56,81
Robin Moody,Building Customer Relationships,70.0,84,88,84
Robin Moody,Vulnerability Assessment,90.0,100,91,93
Robin Moody,Corporate Finance Essentials,67.0,85,61,73
Amber Roberts,Data Analysis for Business Decisions,70.0,61,81,79
Amber Roberts,Data Cleaning & Preprocessing,58.0,73,64,70
Amber Roberts,Data Visualization with Matplotlib,86.0,100,51,78
Amber Roberts,Data Ethics,71.0,85,69,78
Amber Roberts,Data Analysis with Pandas,96.0,85,83,91
Amber Roberts,Introduction to UI/UX Design,92.0,82,85,90
Amber Roberts,Editing and Proofreading Techniques,70.0,93,82,82
Amber Roberts,API Development,62.0,52,85,77
Amber Roberts,Reinforcement Learning,100.0,73,71,87
Amber Roberts,Labor Laws and Compliance,70.0,79,83,81
Amber Roberts,Security in Cloud Computing,88.0,54,73,82
Amber Roberts,Change Management Strategies,57.0,60,68,70
Rhonda Boyle,Data Ethics,77.0,71,68,78
Rhonda Boyle,Data Visualization with Matplotlib,57.0,66,75,73
Rhonda Boyle,Data Cleaning & Preprocessing,83.0,82,79,85
Rhonda Boyle,Data Analysis with Pandas,63.0,67,59,69
Rhonda Boyle,Data Analysis for Business Decisions,91.0,51,66,80
Rhonda Boyle,Negotiation Techniques,76.0,72,58,74
Rhonda Boyle,Communication Skills for Project Managers,55.0,95,95,82
Rhonda Boyle,Cryptocurrency Fundamentals,60.0,86,72,75
Rhonda Boyle,Visual Design Basics,100.0,79,89,94
Rhonda Boyle,Email Marketing Basics,72.0,73,68,76
Rhonda Boyle,API Development,98.0,58,67,84
Rhonda Boyle,SWOT Analysis for Business,70.0,53,96,83
Rhonda Boyle,RESTful Services,56.0,83,56,67
Rhonda Boyle,Customer Service Excellence,87.0,50,57,75
Rhonda Boyle,Frontend Development Basics,91.0,59,100,93
Rebecca Cain,Data Analysis for Business Decisions,87.0,97,68,84
Rebecca Cain,Data Visualization with Matplotlib,100.0,92,93,97
Rebecca Cain,Data Analysis with Pandas,67.0,92,67,76
Rebecca Cain,Data Ethics,51.0,71,67,68
Rebecca Cain,Data Cleaning & Preprocessing,89.0,54,57,76
Rebecca Cain,Serverless Architecture,65.0,65,66,72
Rebecca Cain,Game Testing Techniques,65.0,54,100,83
Rebecca Cain,Introduction to Human Resources,81.0,55,61,75
Rebecca Cain,2D Game Development,100.0,74,65,85
Rebecca Cain,Influencer Marketing,75.0,70,91,85
Joshua Fitzpatrick,Data Cleaning & Preprocessing,66.0,58,81,77
Joshua Fitzpatrick,Data Analysis for Business Decisions,80.0,96,100,93
Joshua Fitzpatrick,Data Analysis with Pandas,68.0,74,81,80
Joshua Fitzpatrick,Data Visualization with Matplotlib,94.0,67,54,78
Joshua Fitzpatrick,Data Ethics,100.0,100,56,85
Joshua Fitzpatrick,Risk Management in Finance,95.0,55,69,83
Joshua Fitzpatrick,Wireframing and Prototyping,65.0,62,98,83
Joshua Fitzpatrick,Reinforcement Learning Techniques,96.0,61,64,82
Joshua Fitzpatrick,Monitoring and Logging,52.0,75,88,76
Joshua Fitzpatrick,API Development,77.0,80,53,74
Joshua Fitzpatrick,Mobile App Security,62.0,59,96,81
Ashley Rodriguez,Data Visualization with Matplotlib,60.0,92,85,80
Ashley Rodriguez,Data Cleaning & Preprocessing,50.0,92,73,72
Ashley Rodriguez,Data Ethics,87.0,70,98,92
Ashley Rodriguez,Data Analysis for Business Decisions,85.0,83,80,86
Ashley Rodriguez,Data Analysis with Pandas,63.0,88,52,69
Ashley Rodriguez,Introduction to Finance,61.0,85,84,79
Ashley Rodriguez,Speech Recognition Technologies,98.0,74,74,88
Ashley Rodriguez,Operating Systems Overview,93.0,90,97,96
Ashley Rodriguez,ITIL Foundations,98.0,98,75,90
Ashley Rodriguez,SEO for Content Creators,85.0,63,51,74
Ashley Rodriguez,Cloud Cost Management,98.0,90,67,87
Ashley Rodriguez,Security in Cloud Computing,99.0,75,70,87
Ashley Rodriguez,Conversion Rate Optimization,92.0,51,59,78
John Wolfe,Data Visualization with Matplotlib,58.0,81,73,74
John Wolfe,Data Cleaning & Preprocessing,83.0,66,64,78
John Wolfe,Data Ethics,86.0,90,93,92
John Wolfe,Data Analysis with Pandas,74.0,91,65,78
John Wolfe,Data Analysis for Business Decisions,84.0,96,81,87
John Wolfe,Project Management Basics,54.0,94,71,73
John Wolfe,Content Management Systems (CMS),50.0,93,87,77
John Wolfe,Game Monetization Strategies,68.0,69,100,86
John Wolfe,Operating Systems Overview,65.0,87,96,85
John Wolfe,Labor Laws and Compliance,88.0,96,95,94
John Wolfe,API Development,71.0,63,54,70
John Wolfe,Collaboration Tools in DevOps,75.0,71,55,73
John Wolfe,Blockchain Security,58.0,70,95,81
John Wolfe,Unsupervised Learning,98.0,77,56,82
John Wolfe,Machine Learning Basics,97.0,59,50,77
Jennifer Moon,Data Visualization with Matplotlib,78.0,50,97,86
Jennifer Moon,Data Analysis with Pandas,73.0,95,80,83
Jennifer Moon,Data Ethics,67.0,91,93,85
Jennifer Moon,Data Cleaning & Preprocessing,93.0,87,90,93
Jennifer Moon,Data Analysis for Business Decisions,53.0,52,67,67
Jennifer Moon,Web Performance Optimization,88.0,71,58,78
Jennifer Moon,Brand Management Online,87.0,61,80,85
Jennifer Moon,Podcasting Fundamentals,50.0,80,65,68
Jennifer Moon,Influencer Marketing,78.0,66,88,85
Jennifer Moon,Introduction to Cloud Computing,83.0,75,83,86
Jennifer Moon,Version Control with Git,99.0,60,67,84
Jennifer Moon,Content Marketing Strategies,97.0,82,92,94
Jennifer Moon,Customer Service Skills for IT,64.0,65,96,82
Jennifer Moon,Progressive Web Apps (PWAs),91.0,88,50,78
Jennifer Cox,Data Ethics,64.0,51,94,80
Jennifer Cox,Data Analysis for Business Decisions,82.0,64,71,80
Jennifer Cox,Data Cleaning & Preprocessing,73.0,99,57,75
Jennifer Cox,Data Analysis with Pandas,84.0,91,61,80
Jennifer Cox,SEO for Content Creators,92.0,50,84,87
Jennifer Cox,Computer Vision Applications,86.0,73,96,91
Jennifer Cox,Financial Reporting Standards,72.0,56,58,71
Jennifer Cox,Sales Analytics,90.0,76,80,87
Jennifer Cox,AI for Business,67.0,98,67,77
Jennifer Cox,Smart Contracts Development,90.0,50,70,81
Jennifer Cox,Web Performance Optimization,51.0,73,53,64
Jennifer Cox,Podcasting Fundamentals,67.0,98,77,80
Jordan Evans,Data Analysis for Business Decisions,55.0,54,65,67
Jordan Evans,Data Cleaning & Preprocessing,83.0,99,81,87
Jordan Evans,Data Ethics,74.0,96,85,85
Jordan Evans,Data Visualization with Matplotlib,70.0,80,61,74
Jordan Evans,Data Analysis with Pandas,85.0,58,65,78
Jordan Evans,Brand Management Online,93.0,83,92,93
Jordan Evans,JavaScript Frameworks Overview,94.0,99,93,95
Jordan Evans,Project Scheduling Techniques,81.0,62,74,80
Jordan Evans,Hyperledger Basics,56.0,54,78,72
Jordan Evans,Influencer Marketing,65.0,99,53,71
Jordan Evans,Talent Acquisition Strategies,74.0,86,61,76
Jordan Evans,Infrastructure as Code,59.0,94,72,75
Jordan Evans,Natural Language Processing Techniques,97.0,89,60,84
Kristi Cervantes,Data Analysis with Pandas,52.0,90,99,82
Kristi Cervantes,Data Analysis for Business Decisions,77.0,95,98,91
Kristi Cervantes,Data Cleaning & Preprocessing,60.0,60,97,81
Kristi Cervantes,Data Visualization with Matplotlib,71.0,88,62,75
Kristi Cervantes,Data Ethics,100.0,78,58,83
Kristi Cervantes,Social Media Content Creation,77.0,84,57,75
Kristi Cervantes,Performance Optimization for Mobile Apps,70.0,93,56,73
Kristi Cervantes,Decentralized Applications (DApps),54.0,71,73,72
Kristi Cervantes,Introduction to Cloud Computing,89.0,65,93,90
Kristi Cervantes,Content Promotion Strategies,99.0,86,58,84
Kristi Cervantes,Project Management Basics,99.0,83,75,89
Kristi Cervantes,Natural Language Processing Techniques,99.0,57,71,85
Andrea Hill,Data Cleaning & Preprocessing,55.0,81,93,80
Andrea Hill,Data Visualization with Matplotlib,57.0,88,83,78
Andrea Hill,Data Ethics,91.0,64,97,92
Andrea Hill,Data Analysis with Pandas,85.0,61,99,90
Andrea Hill,Data Analysis for Business Decisions,96.0,75,61,82
Andrea Hill,Customer Service Skills for IT,78.0,82,96,89
Andrea Hill,DevOps in the Cloud,93.0,63,60,80
Andrea Hill,Model Evaluation,51.0,56,87,74
Andrea Hill,Design Thinking Process,91.0,95,98,96
Andrea Hill,Video Production Basics,71.0,73,62,74
Andrea Hill,E-commerce Development Basics,77.0,64,89,84
Kenneth Lee,Data Visualization with Matplotlib,97.0,67,66,84
Kenneth Lee,Data Analysis with Pandas,89.0,99,58,81
Kenneth Lee,Data Ethics,89.0,72,70,83
Kenneth Lee,Data Cleaning & Preprocessing,83.0,56,72,80
Kenneth Lee,Data Analysis for Business Decisions,63.0,94,64,74
Kenneth Lee,Change Management,53.0,81,82,75
Kenneth Lee,Model Evaluation,92.0,99,99,97
Kenneth Lee,Business Process Modeling,56.0,66,84,76
Kenneth Lee,Computer Vision Applications,99.0,98,72,90
Kenneth Lee,Web Accessibility Standards,83.0,90,67,82
Kenneth Lee,User Research Techniques,69.0,79,62,74
Kenneth Lee,Project Management Tools Overview,84.0,92,93,91
Dawn Vaughn,Data Visualization with Matplotlib,57.0,96,89,81
Dawn Vaughn,Data Analysis with Pandas,95.0,59,99,94
Dawn Vaughn,Data Cleaning & Preprocessing,56.0,97,98,84
Dawn Vaughn,Data Analysis for Business Decisions,62.0,56,93,80
Dawn Vaughn,Data Ethics,71.0,88,88,84
Dawn Vaughn,Game Design Principles,89.0,76,50,76
Dawn Vaughn,Project Management Basics,72.0,75,91,85
Dawn Vaughn,Backend Development Fundamentals,95.0,96,89,94
Dawn Vaughn,E-commerce Development Basics,88.0,97,78,88
Dawn Vaughn,Introduction to Human Resources,99.0,79,74,88
Dawn Vaughn,SEO Fundamentals,61.0,94,55,70
George Cervantes,Data Analysis with Pandas,92.0,55,63,80
George Cervantes,Data Ethics,77.0,95,54,75
George Cervantes,Data Cleaning & Preprocessing,51.0,82,80,74
George Cervantes,Data Visualization with Matplotlib,64.0,83,57,71
George Cervantes,Project Scheduling Techniques,63.0,66,89,80
George Cervantes,Responsive Design Principles,76.0,78,72,80
George Cervantes,AI in IoT,78.0,58,82,82
George Cervantes,Introduction to Finance,68.0,78,70,76
George Cervantes,Risk Management in Projects,100.0,57,65,83
George Cervantes,Investing Fundamentals,56.0,64,71,71
George Cervantes,Affiliate Marketing,87.0,52,86,86
George Cervantes,Hyperledger Basics,69.0,70,60,72
George Cervantes,Agile Methodologies,50.0,67,81,73
George Cervantes,Introduction to AI,68.0,87,71,77
George Cervantes,AI for Business,65.0,95,77,79
Jennifer Herring,Data Ethics,57.0,97,69,74
Jennifer Herring,Data Analysis for Business Decisions,84.0,51,67,78
Jennifer Herring,Data Analysis with Pandas,91.0,77,75,86
Jennifer Herring,Data Cleaning & Preprocessing,75.0,71,86,83
Jennifer Herring,Data Visualization with Matplotlib,97.0,93,65,86
Jennifer Herring,Computer Vision Applications,98.0,100,62,86
Jennifer Herring,DevOps in the Cloud,99.0,56,81,89
Jennifer Herring,2D Game Development,97.0,81,84,91
Jennifer Herring,Containerization with Docker,61.0,52,92,79
Jennifer Herring,Conflict Resolution in HR,80.0,80,62,78
Jennifer Herring,Project Management Tools Overview,69.0,97,81,82
Jennifer Herring,Content Promotion Strategies,93.0,86,75,87
Jennifer Herring,Google Ads Fundamentals,62.0,60,51,66
Jennifer Herring,Machine Learning Basics,56.0,74,82,76
Timothy Campbell,Data Ethics,52.0,60,58,64
Timothy Campbell,Data Visualization with Matplotlib,70.0,90,70,78
Timothy Campbell,Data Cleaning & Preprocessing,71.0,96,92,87
Timothy Campbell,Data Analysis for Business Decisions,96.0,66,72,85
Timothy Campbell,Data Analysis with Pandas,92.0,60,100,93
Timothy Campbell,Customer Service Skills for IT,76.0,86,98,89
Timothy Campbell,Node.js,89.0,76,72,84
Timothy Campbell,JavaScript Basics,52.0,77,95,79
Timothy Campbell,Machine Learning Basics,66.0,86,58,72
Timothy Campbell,Graphic Design Basics for Content,73.0,81,56,73
Timothy Campbell,Quality Management,96.0,90,73,88
Timothy Campbell,Budgeting Basics,69.0,91,80,81
Timothy Campbell,Visual Design Basics,74.0,51,77,78
Gary Sherman,Data Ethics,80.0,78,53,74
Gary Sherman,Data Cleaning & Preprocessing,88.0,53,55,75
Gary Sherman,Data Visualization with Matplotlib,93.0,93,58,82
Gary Sherman,Data Analysis with Pandas,93.0,99,77,89
Gary Sherman,Data Analysis for Business Decisions,57.0,60,78,73
Gary Sherman,Video Production Basics,66.0,84,64,74
Gary Sherman,Editing and Proofreading Techniques,82.0,68,57,75
Gary Sherman,Game Design Principles,69.0,87,76,79
Gary Sherman,Diversity and Inclusion Initiatives,77.0,92,81,84
Gary Sherman,3D Game Development,69.0,77,76,78
Rick Frye,Data Ethics,69.0,57,68,74
Rick Frye,Data Analysis with Pandas,80.0,86,93,89
Rick Frye,Data Visualization with Matplotlib,82.0,71,96,89
Rick Frye,Data Cleaning & Preprocessing,68.0,73,86,81
Rick Frye,Data Analysis for Business Decisions,54.0,96,54,67
Rick Frye,Introduction to Finance,52.0,100,76,75
Rick Frye,Introduction to Blockchain,96.0,72,66,84
Rick Frye,DevOps in the Cloud,86.0,54,82,84
Rick Frye,Content Marketing Strategies,97.0,76,97,95
Rick Frye,3D Game Development,71.0,63,89,82
Rick Frye,Introduction to Business Analysis,91.0,58,56,77
Rick Frye,Python for Data Science,55.0,81,74,73
Bethany Baker,Data Visualization with Matplotlib,87.0,68,82,86
Bethany Baker,Data Analysis with Pandas,56.0,75,66,70
Bethany Baker,Data Cleaning & Preprocessing,84.0,70,72,82
Bethany Baker,Data Ethics,63.0,95,100,87
Bethany Baker,Data Analysis for Business Decisions,50.0,64,71,69
Bethany Baker,Google Ads Fundamentals,59.0,52,98,80
Bethany Baker,Deep Learning with TensorFlow,76.0,89,87,86
Bethany Baker,Unsupervised Learning,87.0,86,51,77
Bethany Baker,Time Series Analysis,70.0,54,71,75
Bethany Baker,Business Process Modeling,51.0,53,76,70
Anna Lowe,Data Ethics,88.0,79,65,81
Anna Lowe,Data Analysis with Pandas,53.0,81,72,72
Anna Lowe,Data Cleaning & Preprocessing,52.0,67,70,69
Anna Lowe,Data Analysis for Business Decisions,70.0,59,58,71
Anna Lowe,Data Visualization with Matplotlib,92.0,85,76,87
Anna Lowe,Budgeting for Projects,69.0,66,84,80
Anna Lowe,RESTful Services,51.0,91,59,68
Anna Lowe,Web Performance Optimization,68.0,84,77,79
Anna Lowe,Interaction Design Principles,60.0,98,100,86
Anna Lowe,Corporate Finance Essentials,92.0,52,100,92
Candice Williams,Data Ethics,72.0,59,80,79
Candice Williams,Data Analysis for Business Decisions,67.0,99,60,74
Candice Williams,Data Analysis with Pandas,72.0,82,85,83
Candice Williams,Data Cleaning & Preprocessing,53.0,66,68,69
Candice Williams,Data Visualization with Matplotlib,100.0,50,68,84
Candice Williams,Analytics for Marketers,53.0,92,51,66
Candice Williams,HTML & CSS,53.0,57,70,69
Candice Williams,Business Process Modeling,73.0,82,54,73
Candice Williams,Automating Cloud Deployments,85.0,68,61,78
Candice Williams,Smart Contracts Development,85.0,65,78,84
Candice Williams,Introduction to DevOps,66.0,59,80,77
Candice Williams,Editing and Proofreading Techniques,59.0,76,99,83
Michelle Diaz,Data Ethics,78.0,75,80,83
Michelle Diaz,Data Cleaning & Preprocessing,65.0,85,97,85
Michelle Diaz,Data Analysis for Business Decisions,88.0,51,77,83
Michelle Diaz,Data Analysis with Pandas,55.0,66,66,69
Michelle Diaz,Data Visualization with Matplotlib,65.0,90,91,84
Michelle Diaz,Publishing Mobile Apps,100.0,72,53,81
Michelle Diaz,Predictive Analytics,70.0,98,95,88
Michelle Diaz,AI in Healthcare,90.0,68,65,81
Michelle Diaz,Project Management Tools Overview,71.0,50,75,76
Michelle Diaz,Agile Methodologies,67.0,77,78,78
Michelle Diaz,Understanding Financial Markets,70.0,59,79,78
Michelle Diaz,DevOps in the Cloud,88.0,61,68,81
Michelle Diaz,Android Development Basics,76.0,55,62,74
Michelle Diaz,Cryptocurrency Fundamentals,86.0,64,55,76
Kyle Wright,Data Ethics,92.0,60,80,86
Kyle Wright,Data Analysis with Pandas,85.0,72,77,84
Kyle Wright,Data Cleaning & Preprocessing,81.0,66,69,79
Kyle Wright,Data Visualization with Matplotlib,86.0,52,80,83
Kyle Wright,Data Analysis for Business Decisions,65.0,71,55,69
Kyle Wright,Unity Basics,57.0,86,75,75
Kyle Wright,Risk Analysis and Management,69.0,55,84,79
Kyle Wright,Node.js,54.0,60,59,66
Kyle Wright,Design Tools Overview,81.0,97,81,86
Kyle Wright,Customer Service Excellence,53.0,95,50,66
Kyle Wright,Financial Reporting Standards,79.0,74,77,82
Deanna Barker,Data Visualization with Matplotlib,55.0,92,100,83
Deanna Barker,Data Cleaning & Preprocessing,93.0,98,89,93
Deanna Barker,Data Analysis for Business Decisions,71.0,94,99,89
Deanna Barker,Data Analysis with Pandas,63.0,86,87,81
Deanna Barker,Data Ethics,60.0,96,73,76
Deanna Barker,Tokenomics,87.0,78,53,77
Deanna Barker,Investing Fundamentals,61.0,58,76,74
Deanna Barker,Deep Learning with TensorFlow,51.0,95,63,69
Deanna Barker,Closing Sales Strategies,66.0,69,69,74
Deanna Barker,HR Technology Tools,70.0,54,66,73
Deanna Barker,API Integration in Mobile Apps,95.0,86,92,94
Deanna Barker,Network Security Fundamentals,58.0,79,63,70
Deanna Barker,2D Game Development,79.0,99,76,84
Deanna Barker,Employee Engagement Techniques,79.0,50,61,74
Andrew Pearson,Data Analysis for Business Decisions,97.0,93,69,87
Andrew Pearson,Data Visualization with Matplotlib,97.0,69,67,84
Andrew Pearson,Data Ethics,78.0,75,61,76
Andrew Pearson,Data Analysis with Pandas,82.0,97,59,79
Andrew Pearson,Data Cleaning & Preprocessing,63.0,84,55,70
Andrew Pearson,Blogging for Beginners,95.0,94,94,96
Andrew Pearson,Business Process Modeling,54.0,58,67,68
Andrew Pearson,Blockchain Use Cases,53.0,55,97,78
Andrew Pearson,Monitoring and Logging,58.0,64,96,80
Andrew Pearson,Ethereum Development,69.0,82,73,78
Andrew Pearson,Blockchain Security,66.0,93,67,76
Brian Henry,Data Analysis for Business Decisions,67.0,77,82,80
Brian Henry,Data Visualization with Matplotlib,73.0,57,68,75
Brian Henry,Data Cleaning & Preprocessing,82.0,71,51,74
Brian Henry,Data Analysis with Pandas,65.0,69,68,73
Brian Henry,Data Ethics,98.0,66,86,91
Brian Henry,Deep Learning Fundamentals,82.0,80,94,90
Brian Henry,React,59.0,68,73,73
Brian Henry,Talent Acquisition Strategies,86.0,87,56,78
Brian Henry,Penetration Testing,62.0,67,59,69
Brian Henry,Video Production Basics,62.0,64,88,79
Lisa Reed,Data Analysis with Pandas,66.0,80,58,71
Lisa Reed,Data Ethics,100.0,62,97,95
Lisa Reed,Data Cleaning & Preprocessing,63.0,99,77,79
Lisa Reed,Data Analysis for Business Decisions,89.0,53,60,77
Lisa Reed,Data Visualization with Matplotlib,86.0,53,95,89
Lisa Reed,Operating Systems Overview,55.0,78,74,73
Lisa Reed,Version Control with Git,81.0,61,61,76
Lisa Reed,AI in Healthcare,72.0,80,50,71
Lisa Reed,Agile Project Management,67.0,89,79,80
Lisa Reed,Introduction to Blockchain,76.0,89,62,77
Lisa Reed,Model Evaluation,51.0,98,52,66
Lisa Reed,Content Management Systems (CMS),50.0,97,78,74
Lisa Reed,Smart Contracts Development,50.0,51,88,73
Lisa Reed,Project Management Tools Overview,73.0,69,92,85
Lisa Reed,Understanding Financial Markets,98.0,75,91,94
Robyn Green,Data Visualization with Matplotlib,74.0,77,58,74
Robyn Green,Data Analysis for Business Decisions,56.0,61,67,69
Robyn Green,Data Ethics,99.0,58,90,92
Robyn Green,Data Analysis with Pandas,94.0,73,52,78
Robyn Green,Data Cleaning & Preprocessing,58.0,97,68,74
Robyn Green,Cryptography Basics,62.0,65,97,82
Robyn Green,Penetration Testing,67.0,83,86,82
Robyn Green,Introduction to Content Creation,55.0,58,82,74
Robyn Green,SEO Best Practices,82.0,70,74,82
Robyn Green,Express.js,97.0,76,76,88
Rebecca Andrews,Data Ethics,80.0,71,89,86
Rebecca Andrews,Data Cleaning & Preprocessing,81.0,81,97,90
Rebecca Andrews,Data Analysis with Pandas,63.0,83,69,74
Rebecca Andrews,Data Analysis for Business Decisions,53.0,50,53,62
Rebecca Andrews,Data Visualization with Matplotlib,61.0,61,69,72
Rebecca Andrews,Containerization with Docker,64.0,81,89,82
Rebecca Andrews,Change Management Strategies,69.0,67,81,79
Rebecca Andrews,Predictive Analytics,86.0,96,63,82
Rebecca Andrews,Deployment of ML Models,75.0,92,95,89
Rebecca Andrews,Email Marketing Basics,53.0,79,57,66
Rebecca Andrews,Introduction to Business Analysis,82.0,57,66,78
Rebecca Andrews,DevOps in the Cloud,60.0,77,82,77
Rebecca Andrews,Reinforcement Learning Techniques,97.0,88,81,91
Tony Lawson,Data Visualization with Matplotlib,73.0,93,83,84
Tony Lawson,Data Analysis for Business Decisions,75.0,54,97,86
Tony Lawson,Data Cleaning & Preprocessing,82.0,88,92,90
Tony Lawson,Data Analysis with Pandas,72.0,72,64,75
Tony Lawson,Data Ethics,51.0,54,64,66
Tony Lawson,Mobile App Security,71.0,67,61,73
Tony Lawson,Penetration Testing,88.0,72,97,92
Tony Lawson,Blockchain Security,54.0,81,64,69
Tony Lawson,Content Management Systems (CMS),67.0,90,63,74
Tony Lawson,Introduction to Business Analysis,97.0,100,78,91
Tony Lawson,Android Development Basics,77.0,70,97,88
Tony Lawson,AI in Healthcare,68.0,89,80,81
Tony Lawson,Collaboration Tools in DevOps,99.0,63,75,87
Tony Lawson,Design Tools Overview,83.0,67,65,78
Joseph Rangel,Data Ethics,66.0,81,77,78
Joseph Rangel,Data Visualization with Matplotlib,81.0,87,68,81
Joseph Rangel,Data Analysis with Pandas,71.0,54,69,74
Joseph Rangel,Data Analysis for Business Decisions,53.0,54,75,70
Joseph Rangel,Data Cleaning & Preprocessing,86.0,90,62,81
Joseph Rangel,API Integration in Mobile Apps,75.0,50,100,86
Joseph Rangel,Sales Fundamentals,79.0,75,99,90
Joseph Rangel,Content Marketing Strategies,55.0,80,64,70
Joseph Rangel,Version Control with Git,83.0,87,62,79
Joseph Rangel,Responsive Web Design,79.0,67,83,83
Joseph Rangel,Operating Systems Overview,57.0,83,71,73
Joseph Rangel,Cryptocurrency Fundamentals,75.0,81,69,78
Ashley Anthony,Data Cleaning & Preprocessing,69.0,59,80,78
Ashley Anthony,Data Analysis with Pandas,52.0,62,57,64
Ashley Anthony,Data Visualization with Matplotlib,64.0,50,98,82
Ashley Anthony,Data Ethics,50.0,94,53,65
Ashley Anthony,Data Analysis for Business Decisions,60.0,60,60,68
Ashley Anthony,Smart Contracts Development,78.0,90,76,83
Ashley Anthony,Social Media Content Creation,76.0,66,83,82
Ashley Anthony,Speech Recognition Technologies,74.0,53,88,82
Ashley Anthony,Content Marketing Strategies,87.0,83,98,93
Ashley Anthony,Virtual Reality Development,93.0,84,70,85
Ashley Anthony,Understanding Financial Markets,66.0,68,99,85
Angela Jones,Data Analysis for Business Decisions,89.0,70,97,92
Angela Jones,Data Cleaning & Preprocessing,90.0,54,96,90
Angela Jones,Data Analysis with Pandas,99.0,65,86,91
Angela Jones,Data Visualization with Matplotlib,65.0,93,78,79
Angela Jones,Data Ethics,88.0,80,66,82
Angela Jones,Version Control with Git,51.0,96,65,70
Angela Jones,Investing Fundamentals,94.0,99,67,86
Angela Jones,Smart Contracts Development,96.0,78,72,87
Angela Jones,Content Promotion Strategies,57.0,57,69,70
Angela Jones,Budgeting Basics,52.0,83,75,73
Angela Jones,Deep Learning with TensorFlow,73.0,96,50,73
Angela Jones,Container Orchestration with Kubernetes,55.0,87,89,79
Angela Jones,Introduction to Content Creation,62.0,62,99,83
Angela Jones,Employee Engagement Techniques,87.0,82,83,88
Elizabeth Castaneda,Data Analysis for Business Decisions,98.0,97,62,86
Elizabeth Castaneda,Data Visualization with Matplotlib,97.0,66,95,94
Elizabeth Castaneda,Data Analysis with Pandas,66.0,75,54,70
Elizabeth Castaneda,Data Cleaning & Preprocessing,91.0,51,69,81
Elizabeth Castaneda,Data Ethics,90.0,76,80,87
Elizabeth Castaneda,Communication Skills for Project Managers,69.0,92,60,74
Elizabeth Castaneda,Virtual Reality Development,90.0,99,71,86
Elizabeth Castaneda,Backend Development Fundamentals,89.0,88,57,80
Elizabeth Castaneda,Understanding Financial Markets,66.0,80,80,79
Elizabeth Castaneda,Model Evaluation,85.0,59,84,85
Elizabeth Castaneda,Digital Sales Techniques,87.0,62,56,76
Elizabeth Castaneda,Incident Response,84.0,93,89,90
Elizabeth Castaneda,Google Cloud Platform Essentials,83.0,58,52,73
Elizabeth Castaneda,Budgeting Basics,59.0,57,89,78
Diana Poole,Data Analysis for Business Decisions,62.0,76,74,75
Diana Poole,Data Cleaning & Preprocessing,100.0,67,66,85
Diana Poole,Data Ethics,83.0,67,93,88
Diana Poole,Data Visualization with Matplotlib,60.0,80,98,83
Diana Poole,Data Analysis with Pandas,82.0,61,69,79
Diana Poole,Graphic Design Basics for Content,96.0,60,55,79
Diana Poole,Virtual Reality Development,53.0,68,68,69
Diana Poole,Hyperledger Basics,67.0,57,67,73
Diana Poole,Customer Service Skills for IT,97.0,71,52,79
Diana Poole,Python for Data Science,56.0,57,62,67
Diana Poole,React,51.0,65,73,70
Diana Poole,Closing Sales Strategies,50.0,81,79,73
Danielle Juarez,Data Ethics,75.0,76,55,73
Danielle Juarez,Data Cleaning & Preprocessing,50.0,53,80,71
Danielle Juarez,Data Analysis for Business Decisions,91.0,84,83,89
Danielle Juarez,Data Analysis with Pandas,77.0,65,61,75
Danielle Juarez,Data Visualization with Matplotlib,77.0,57,65,75
Danielle Juarez,Financial Planning and Forecasting,58.0,60,80,74
Danielle Juarez,Unsupervised Learning,67.0,52,54,68
Danielle Juarez,RESTful Services,93.0,79,84,90
Danielle Juarez,AI in Healthcare,85.0,73,60,78
Danielle Juarez,Agile Methodologies,55.0,98,78,76
Danielle Juarez,Design Thinking Process,87.0,51,66,79
Danielle Juarez,Introduction to Blockchain,58.0,84,64,71
Danielle Juarez,Introduction to DevOps,50.0,64,64,66
Danielle Juarez,Content Strategy Development,92.0,91,98,96
Danielle Juarez,Deployment of ML Models,99.0,89,79,91
Brenda Watkins,Data Cleaning & Preprocessing,99.0,95,76,91
Brenda Watkins,Data Analysis for Business Decisions,79.0,93,62,79
Brenda Watkins,Data Ethics,56.0,85,53,67
Brenda Watkins,Data Visualization with Matplotlib,74.0,63,97,86
Brenda Watkins,Data Analysis with Pandas,60.0,85,65,72
Brenda Watkins,SEO Fundamentals,85.0,74,93,90
Brenda Watkins,Deployment of ML Models,62.0,80,67,73
Brenda Watkins,Introduction to Business Analysis,69.0,60,50,68
Brenda Watkins,Stakeholder Analysis,76.0,52,67,75
Brenda Watkins,Frontend Development Basics,53.0,87,87,78
Brenda Watkins,HTML & CSS,88.0,73,86,88
Scott Davidson,Data Ethics,77.0,62,60,74
Scott Davidson,Data Cleaning & Preprocessing,58.0,90,95,83
Scott Davidson,Data Analysis with Pandas,78.0,86,98,90
Scott Davidson,Data Visualization with Matplotlib,52.0,86,66,70
Scott Davidson,Analytics for Marketers,97.0,63,76,87
Scott Davidson,Azure Basics,75.0,99,80,84
Scott Davidson,Interaction Design Principles,90.0,74,76,86
Scott Davidson,Brand Management Online,70.0,61,72,76
Scott Davidson,Vulnerability Assessment,66.0,81,90,83
Scott Davidson,Risk Management in Finance,81.0,77,98,90
Scott Davidson,Cryptocurrency Fundamentals,71.0,82,100,88
Scott Davidson,Social Media Content Creation,71.0,93,84,84
Scott Davidson,Deployment of ML Models,87.0,70,58,78
Scott Davidson,Natural Language Processing Techniques,56.0,76,82,76
Steven Wilson,Data Analysis for Business Decisions,73.0,61,58,72
Steven Wilson,Data Ethics,88.0,59,67,80
Steven Wilson,Data Analysis with Pandas,68.0,85,98,87
Steven Wilson,Data Cleaning & Preprocessing,72.0,57,88,82
Steven Wilson,Data Visualization with Matplotlib,79.0,59,91,85
Steven Wilson,Reinforcement Learning,100.0,56,84,90
Steven Wilson,Web Accessibility Standards,68.0,67,61,72
Steven Wilson,SEO Fundamentals,50.0,96,84,76
Steven Wilson,Communication Skills for Project Managers,54.0,97,57,69
Steven Wilson,SEO for Content Creators,83.0,91,71,83
Steven Wilson,Conversion Rate Optimization,70.0,100,81,83
Steven Wilson,Understanding Financial Markets,89.0,92,56,80
Steven Wilson,Microservices in Cloud,99.0,74,52,80
Steven Wilson,Smart Contracts Development,55.0,72,67,70
Jennifer Tran,Data Analysis for Business Decisions,77.0,100,50,74
Jennifer Tran,Data Visualization with Matplotlib,77.0,69,53,72
Jennifer Tran,Data Ethics,94.0,64,97,93
Jennifer Tran,Data Analysis with Pandas,95.0,97,100,98
Jennifer Tran,Data Cleaning & Preprocessing,80.0,53,80,81
Jennifer Tran,Introduction to IT Support,69.0,65,92,83
Jennifer Tran,Cloud Support Fundamentals,96.0,64,55,79
Jennifer Tran,Deep Learning with TensorFlow,82.0,67,51,73
Jennifer Tran,Investing Fundamentals,63.0,86,61,72
Jennifer Tran,Time Management for Sales,63.0,73,57,69
Joseph Martin,Data Visualization with Matplotlib,100.0,100,98,99
Joseph Martin,Data Ethics,86.0,74,63,80
Joseph Martin,Data Analysis with Pandas,71.0,86,58,74
Joseph Martin,Data Analysis for Business Decisions,89.0,65,100,93
Joseph Martin,Data Cleaning & Preprocessing,58.0,83,91,80
Joseph Martin,Ethereum Development,69.0,70,99,86
Joseph Martin,HR Technology Tools,91.0,78,94,93
Joseph Martin,Performance Management Systems,54.0,63,72,70
Joseph Martin,Introduction to Finance,58.0,96,94,83
Joseph Martin,Conversion Rate Optimization,54.0,50,52,62
Joseph Martin,DevOps in the Cloud,79.0,78,94,88
Joseph Martin,Progressive Web Apps (PWAs),53.0,95,64,70
Cole Hansen,Data Ethics,50.0,100,60,68
Cole Hansen,Data Cleaning & Preprocessing,50.0,51,59,63
Cole Hansen,Data Analysis for Business Decisions,84.0,54,53,73
Cole Hansen,Data Visualization with Matplotlib,64.0,64,84,78
Cole Hansen,Data Analysis with Pandas,71.0,53,77,77
Cole Hansen,Microservices in Cloud,58.0,56,55,65
Cole Hansen,Git & GitHub,65.0,60,60,70
Cole Hansen,User Research Techniques,84.0,54,81,83
Cole Hansen,Corporate Finance Essentials,77.0,80,85,85
Cole Hansen,Virtual Reality Development,92.0,60,85,88
Cole Hansen,Azure Basics,78.0,93,63,79
Cole Hansen,Risk Management in Cybersecurity,85.0,60,90,87
Cole Hansen,Employee Engagement Techniques,98.0,68,95,94
Cole Hansen,Mobile App Design,99.0,61,72,86
Cole Hansen,Introduction to IT Support,86.0,81,50,76
Daniel Webster,Data Cleaning & Preprocessing,93.0,93,56,81
Daniel Webster,Data Ethics,99.0,65,55,80
Daniel Webster,Data Analysis for Business Decisions,71.0,94,79,82
Daniel Webster,Data Analysis with Pandas,88.0,77,86,89
Daniel Webster,Data Visualization with Matplotlib,67.0,79,75,78
Daniel Webster,Hyperledger Basics,69.0,77,91,84
Daniel Webster,Frontend Development Basics,69.0,52,74,75
Daniel Webster,SEO for Content Creators,64.0,99,71,77
Daniel Webster,Introduction to Finance,87.0,75,98,92
Daniel Webster,Usability Testing,55.0,51,93,77
Daniel Webster,Negotiation Techniques,59.0,61,50,64
Jocelyn Grant,Data Analysis for Business Decisions,87.0,51,89,87
Jocelyn Grant,Data Ethics,59.0,73,84,77
Jocelyn Grant,Data Analysis with Pandas,93.0,89,90,93
Jocelyn Grant,Data Visualization with Matplotlib,59.0,83,50,66
Jocelyn Grant,Data Cleaning & Preprocessing,90.0,93,95,94
Jocelyn Grant,Network Security Fundamentals,63.0,63,94,81
Jocelyn Grant,Sales Fundamentals,56.0,74,82,76
Jocelyn Grant,Node.js,77.0,53,78,80
Jocelyn Grant,Conversion Rate Optimization,60.0,57,88,78
Jocelyn Grant,Agile Methodologies,64.0,61,83,78
Jocelyn Grant,Brand Management Online,98.0,98,78,91
Jocelyn Grant,Business Case Development,58.0,69,95,80
Jocelyn Grant,Azure Basics,66.0,77,70,75
Jocelyn Grant,Content Management Systems (CMS),84.0,50,59,75
Mrs. Jessica Bailey,Data Analysis for Business Decisions,85.0,83,68,82
Mrs. Jessica Bailey,Data Visualization with Matplotlib,69.0,96,84,83
Mrs. Jessica Bailey,Data Cleaning & Preprocessing,71.0,96,75,81
Mrs. Jessica Bailey,Data Ethics,95.0,54,59,79
Mrs. Jessica Bailey,Interaction Design Principles,66.0,52,92,80
Mrs. Jessica Bailey,Computer Vision Basics,77.0,92,83,85
Mrs. Jessica Bailey,Progressive Web Apps (PWAs),66.0,68,52,68
Mrs. Jessica Bailey,Configuration Management with Ansible,67.0,100,92,86
Mrs. Jessica Bailey,SWOT Analysis for Business,89.0,92,56,80
Mrs. Jessica Bailey,Blockchain Security,94.0,73,61,82
Mrs. Jessica Bailey,Building Customer Relationships,94.0,77,92,93
Mrs. Jessica Bailey,Introduction to IT Support,71.0,69,81,80
Mrs. Jessica Bailey,Containerization with Docker,94.0,95,58,83
Mrs. Jessica Bailey,Social Media Content Creation,91.0,74,70,84
Mrs. Jessica Bailey,Hardware Repair Skills,100.0,76,99,97
Richard Price,Data Cleaning & Preprocessing,65.0,59,85,78
Richard Price,Data Analysis with Pandas,91.0,63,79,86
Richard Price,Data Ethics,60.0,67,56,67
Richard Price,Data Visualization with Matplotlib,87.0,88,94,92
Richard Price,Consensus Algorithms,56.0,59,68,69
Richard Price,Blockchain Security,87.0,78,65,81
Richard Price,AI in Robotics,67.0,92,93,85
Richard Price,Network Security Fundamentals,87.0,76,60,79
Richard Price,Malware Analysis,80.0,63,78,82
Richard Price,Usability Testing,96.0,67,65,83
Richard Price,Tokenomics,61.0,80,90,81
Richard Price,Graphic Design Basics for Content,65.0,99,78,80
Richard Price,Security in Cloud Computing,66.0,52,51,66
Richard Price,AWS Fundamentals,61.0,75,84,78
James King,Data Visualization with Matplotlib,75.0,60,80,80
James King,Data Analysis for Business Decisions,62.0,66,72,74
James King,Data Ethics,73.0,53,55,70
James King,Data Cleaning & Preprocessing,83.0,50,64,76
James King,Decentralized Applications (DApps),74.0,74,97,87
James King,Progressive Web Apps (PWAs),94.0,94,68,86
James King,Web Performance Optimization,54.0,84,59,68
James King,Git & GitHub,92.0,63,90,90
James King,Big Data with Spark,50.0,52,91,75
James King,iOS Development Basics,70.0,86,93,86
Amanda Gray,Data Cleaning & Preprocessing,99.0,52,58,80
Amanda Gray,Data Analysis with Pandas,82.0,63,66,78
Amanda Gray,Data Analysis for Business Decisions,61.0,86,86,80
Amanda Gray,Data Ethics,55.0,95,74,75
Amanda Gray,Data Visualization with Matplotlib,96.0,83,94,95
Amanda Gray,Collaboration Tools in DevOps,90.0,63,98,92
Amanda Gray,AI in Healthcare,100.0,89,93,96
Amanda Gray,Configuration Management with Ansible,88.0,65,55,77
Amanda Gray,Understanding Consumer Behavior,54.0,83,75,73
Amanda Gray,Introduction to Finance,97.0,55,79,87
Amanda Gray,Brand Management Online,62.0,59,53,66
Amanda Gray,Consensus Algorithms,63.0,85,91,82
Amanda Gray,E-commerce Development Basics,95.0,52,52,77
Amanda Gray,Responsive Web Design,64.0,55,95,81
Jennifer Gray,Data Analysis with Pandas,78.0,64,100,89
Jennifer Gray,Data Cleaning & Preprocessing,91.0,72,84,88
Jennifer Gray,Data Ethics,87.0,51,60,77
Jennifer Gray,Data Visualization with Matplotlib,82.0,73,75,82
Jennifer Gray,Data Analysis for Business Decisions,88.0,61,60,78
Jennifer Gray,Interaction Design Principles,53.0,81,84,76
Jennifer Gray,Agile Methodologies,70.0,88,68,77
Jennifer Gray,Training and Development,96.0,84,56,82
Jennifer Gray,Introduction to Machine Learning,55.0,81,92,80
Jennifer Gray,Network Security Fundamentals,50.0,84,82,75
Jennifer Gray,Game Testing Techniques,84.0,97,70,84
Jennifer Gray,Version Control with Git,84.0,66,53,75
Jennifer Gray,Node.js,94.0,75,87,91
Anthony Sheppard,Data Ethics,86.0,82,50,76
Anthony Sheppard,Data Cleaning & Preprocessing,68.0,76,56,71
Anthony Sheppard,Data Visualization with Matplotlib,71.0,90,56,73
Anthony Sheppard,Data Analysis with Pandas,56.0,75,99,82
Anthony Sheppard,Data Analysis for Business Decisions,96.0,75,58,81
Anthony Sheppard,Big Data with Spark,59.0,52,79,74
Anthony Sheppard,Personal Finance Skills,75.0,67,66,76
Anthony Sheppard,Deployment of ML Models,96.0,90,69,87
Anthony Sheppard,Conflict Resolution in HR,86.0,94,84,89
Anthony Sheppard,Web Performance Optimization,76.0,81,96,88
Anthony Sheppard,Publishing Mobile Apps,97.0,69,69,85
Anthony Sheppard,SEO Fundamentals,88.0,75,54,77
Anthony Sheppard,RESTful Services,61.0,81,73,75
Justin Rogers,Data Visualization with Matplotlib,59.0,84,56,69
Justin Rogers,Data Analysis with Pandas,90.0,77,61,81
Justin Rogers,Data Analysis for Business Decisions,56.0,57,65,68
Justin Rogers,Data Cleaning & Preprocessing,81.0,74,56,75
Justin Rogers,Data Ethics,73.0,62,80,80
Justin Rogers,Affiliate Marketing,63.0,98,59,72
Justin Rogers,Consensus Algorithms,53.0,92,61,69
Justin Rogers,Speech Recognition Technologies,52.0,89,73,73
Justin Rogers,MongoDB,83.0,90,80,86
Justin Rogers,Python for Data Science,52.0,63,54,63
Sarah Webster,Data Cleaning & Preprocessing,77.0,63,86,83
Sarah Webster,Data Analysis for Business Decisions,67.0,87,72,77
Sarah Webster,Data Analysis with Pandas,64.0,96,79,80
Sarah Webster,Data Visualization with Matplotlib,85.0,87,87,89
Sarah Webster,Data Ethics,72.0,74,52,71
Sarah Webster,Time Series Analysis,76.0,96,53,75
Sarah Webster,Agile Methodologies,83.0,97,50,76
Sarah Webster,Mobile Testing Strategies,78.0,72,88,85
Sarah Webster,Network Security Fundamentals,75.0,76,56,73
Sarah Webster,Networking Basics,77.0,68,88,85
Sarah Webster,Remote Support Techniques,100.0,90,84,93
Sarah Webster,Introduction to IT Support,97.0,81,100,97
Sarah Webster,Understanding Consumer Behavior,57.0,89,51,67
Sarah Webster,Big Data with Spark,75.0,97,99,91
Sarah Webster,Editing and Proofreading Techniques,94.0,50,93,90
Lori Holland,Data Visualization with Matplotlib,61.0,79,58,70
Lori Holland,Data Ethics,84.0,75,79,85
Lori Holland,Data Analysis for Business Decisions,51.0,96,50,65
Lori Holland,Data Analysis with Pandas,73.0,65,55,71
Lori Holland,Data Cleaning & Preprocessing,55.0,65,80,74
Lori Holland,Cloud Support Fundamentals,55.0,91,62,70
Lori Holland,2D Game Development,71.0,59,73,76
Lori Holland,Agile Project Management,70.0,84,59,74
Lori Holland,Networking Basics,57.0,62,90,78
Lori Holland,Unsupervised Learning,61.0,91,51,68
Elizabeth Coleman,Data Visualization with Matplotlib,81.0,71,90,87
Elizabeth Coleman,Data Analysis for Business Decisions,55.0,55,68,69
Elizabeth Coleman,Data Ethics,92.0,96,89,93
Elizabeth Coleman,Data Cleaning & Preprocessing,89.0,83,60,80
Elizabeth Coleman,Data Analysis with Pandas,66.0,99,97,87
Elizabeth Coleman,Budgeting for Projects,66.0,95,89,84
Elizabeth Coleman,AI in IoT,100.0,64,73,87
Elizabeth Coleman,JavaScript Basics,97.0,58,57,80
Elizabeth Coleman,Hyperledger Basics,96.0,66,64,83
Elizabeth Coleman,Requirements Gathering Techniques,87.0,55,86,86
Elizabeth Coleman,Introduction to Cloud Computing,96.0,53,54,78
Elizabeth Coleman,Reinforcement Learning,51.0,100,54,67
Kim Alvarez,Data Visualization with Matplotlib,78.0,61,81,82
Kim Alvarez,Data Cleaning & Preprocessing,84.0,85,89,89
Kim Alvarez,Data Analysis for Business Decisions,82.0,77,93,89
Kim Alvarez,Data Ethics,73.0,62,93,84
Kim Alvarez,Data Analysis with Pandas,54.0,74,90,78
Kim Alvarez,Financial Analysis Techniques,81.0,83,85,86
Kim Alvarez,Deployment of ML Models,52.0,75,100,81
Kim Alvarez,Budgeting for Projects,91.0,56,79,85
Kim Alvarez,Editing and Proofreading Techniques,79.0,69,78,82
Kim Alvarez,Automating Cloud Deployments,70.0,89,57,73
Kim Alvarez,Virtual Reality Development,66.0,53,69,73
Kim Alvarez,Project Management Basics,59.0,55,84,76
John Bradshaw,Data Cleaning & Preprocessing,98.0,92,91,95
John Bradshaw,Data Analysis with Pandas,61.0,67,64,70
John Bradshaw,Data Visualization with Matplotlib,91.0,78,69,84
John Bradshaw,Data Analysis for Business Decisions,57.0,59,88,77
John Bradshaw,Mobile App Security,92.0,62,74,84
John Bradshaw,Training and Development,51.0,62,93,77
John Bradshaw,Unsupervised Learning,80.0,92,67,81
John Bradshaw,Python for Data Science,84.0,95,57,79
John Bradshaw,Blockchain Use Cases,63.0,78,65,73
John Bradshaw,Network Security Fundamentals,59.0,76,50,66
John Bradshaw,DevOps in the Cloud,78.0,67,57,74
John Bradshaw,Natural Language Processing Techniques,93.0,51,77,85
John Bradshaw,Introduction to Cloud Computing,66.0,91,69,76
John Bradshaw,AI in Robotics,81.0,57,93,87
John Bradshaw,Wireframing and Prototyping,94.0,51,84,87
Richard Frost,Data Ethics,100.0,88,76,90
Richard Frost,Data Analysis for Business Decisions,100.0,78,68,87
Richard Frost,Data Visualization with Matplotlib,67.0,78,89,82
Richard Frost,Data Analysis with Pandas,90.0,75,50,76
Richard Frost,Data Cleaning & Preprocessing,80.0,67,99,89
Richard Frost,Predictive Analytics,88.0,69,71,83
Richard Frost,Design Tools Overview,84.0,97,54,78
Richard Frost,Incident Response,80.0,88,82,86
Richard Frost,Android Development Basics,54.0,69,97,80
Richard Frost,Microservices in Cloud,100.0,91,68,88
Richard Frost,Introduction to Machine Learning,96.0,59,93,92
Richard Frost,Video Production Basics,57.0,64,71,71
Richard Frost,Change Management,67.0,84,90,83
Richard Frost,SEO Best Practices,55.0,91,94,81
Richard Frost,DevOps in the Cloud,58.0,53,68,69
Sarah Henry,Data Analysis with Pandas,75.0,73,73,79
Sarah Henry,Data Ethics,78.0,96,89,88
Sarah Henry,Data Cleaning & Preprocessing,84.0,54,82,84
Sarah Henry,Data Analysis for Business Decisions,87.0,90,80,87
Sarah Henry,Consensus Algorithms,63.0,65,54,67
Sarah Henry,JavaScript Frameworks Overview,86.0,94,85,89
Sarah Henry,Performance Optimization for Mobile Apps,87.0,85,99,94
Sarah Henry,Model Evaluation,80.0,78,57,76
Sarah Henry,Content Management Systems (CMS),78.0,73,57,75
Sarah Henry,Content Marketing Strategies,73.0,90,72,80
Sarah Henry,Speech Recognition Technologies,55.0,95,65,72
Sarah Henry,Malware Analysis,82.0,76,72,82
Sarah Henry,Python for Data Science,83.0,100,78,86
Sarah Henry,Ethereum Development,82.0,62,50,72
Rachel Martinez,Data Analysis with Pandas,70.0,78,79,80
Rachel Martinez,Data Visualization with Matplotlib,94.0,78,78,88
Rachel Martinez,Data Ethics,64.0,94,54,71
Rachel Martinez,Data Analysis for Business Decisions,52.0,81,77,73
Rachel Martinez,Data Cleaning & Preprocessing,96.0,72,92,93
Rachel Martinez,Security in Cloud Computing,75.0,90,69,79
Rachel Martinez,Blockchain Use Cases,73.0,62,65,74
Rachel Martinez,Stakeholder Management,95.0,100,83,92
Rachel Martinez,Introduction to DevOps,68.0,71,81,79
Rachel Martinez,Deep Learning with TensorFlow,94.0,53,57,78
Rachel Martinez,Content Promotion Strategies,58.0,73,67,71
Paul Cooper,Data Visualization with Matplotlib,85.0,54,93,88
Paul Cooper,Data Cleaning & Preprocessing,94.0,85,94,94
Paul Cooper,Data Ethics,91.0,50,99,92
Paul Cooper,Data Analysis for Business Decisions,52.0,53,84,73
Paul Cooper,DevOps in the Cloud,52.0,96,94,81
Paul Cooper,Editing and Proofreading Techniques,64.0,71,93,82
Paul Cooper,Agile Project Management,72.0,92,69,79
Paul Cooper,Security Awareness for IT Support,58.0,50,75,72
Paul Cooper,Budgeting for Projects,56.0,63,90,77
Paul Cooper,Introduction to DevOps,52.0,58,82,73
Paul Cooper,Cloud Security Best Practices,85.0,90,97,93
Amy Jones,Data Cleaning & Preprocessing,58.0,83,79,76
Amy Jones,Data Analysis with Pandas,78.0,78,51,73
Amy Jones,Data Visualization with Matplotlib,63.0,63,70,73
Amy Jones,Data Ethics,89.0,70,98,92
Amy Jones,Data Analysis for Business Decisions,55.0,72,96,80
Amy Jones,Big Data with Spark,68.0,72,92,83
Amy Jones,Introduction to IT Support,77.0,97,93,89
Amy Jones,User Research Techniques,89.0,54,52,75
Amy Jones,Sales Fundamentals,54.0,85,51,65
Amy Jones,Financial Reporting Standards,69.0,65,66,74
Amy Jones,Tokenomics,99.0,99,56,84
Amy Jones,Project Management Tools Overview,95.0,79,80,89
Amy Jones,Blockchain Security,75.0,52,63,74
Amy Jones,Unsupervised Learning,53.0,65,61,66
Jordan Mays,Data Analysis for Business Decisions,53.0,91,63,70
Jordan Mays,Data Analysis with Pandas,63.0,75,59,70
Jordan Mays,Data Visualization with Matplotlib,76.0,96,53,75
Jordan Mays,Data Cleaning & Preprocessing,68.0,95,89,84
Jordan Mays,Data Ethics,94.0,72,55,79
Jordan Mays,Diversity and Inclusion Initiatives,60.0,65,53,66
Jordan Mays,Design Tools Overview,54.0,70,74,72
Jordan Mays,Blogging for Beginners,69.0,57,100,85
Jordan Mays,Stakeholder Analysis,73.0,56,99,86
Jordan Mays,Design Thinking Process,51.0,66,93,77
Jordan Mays,Sales Fundamentals,63.0,89,78,78
Jordan Mays,Game Design Principles,77.0,96,56,76
Michael Wright,Data Analysis with Pandas,67.0,60,80,77
Michael Wright,Data Ethics,55.0,70,99,81
Michael Wright,Data Cleaning & Preprocessing,77.0,64,67,77
Michael Wright,Data Visualization with Matplotlib,62.0,73,79,77
Michael Wright,Unsupervised Learning,55.0,65,73,71
Michael Wright,Stakeholder Management,52.0,56,58,64
Michael Wright,Risk Management in Projects,61.0,77,93,82
Michael Wright,Email Marketing Basics,73.0,66,78,79
Michael Wright,Employee Engagement Techniques,79.0,57,93,86
Michael Wright,Quality Management,55.0,63,77,72
Michael Wright,Content Strategy Development,89.0,51,75,82
Daniel Cook,Data Analysis for Business Decisions,77.0,96,50,74
Daniel Cook,Data Ethics,97.0,73,72,86
Daniel Cook,Data Visualization with Matplotlib,76.0,93,68,80
Daniel Cook,Data Analysis with Pandas,99.0,62,63,83
Daniel Cook,Data Cleaning & Preprocessing,57.0,82,98,82
Daniel Cook,SWOT Analysis for Business,74.0,94,51,73
Daniel Cook,Introduction to Cloud Computing,65.0,100,97,87
Daniel Cook,Computer Vision Applications,71.0,73,83,81
Daniel Cook,Presentation Skills for Business Analysts,69.0,73,64,74
Daniel Cook,API Integration in Mobile Apps,64.0,88,79,79
Daniel Cook,Cloud Security Best Practices,58.0,85,73,74
Sarah Garcia,Data Cleaning & Preprocessing,61.0,54,96,80
Sarah Garcia,Data Ethics,88.0,59,64,79
Sarah Garcia,Data Analysis with Pandas,76.0,52,66,75
Sarah Garcia,Data Analysis for Business Decisions,63.0,86,54,70
Sarah Garcia,Data Visualization with Matplotlib,99.0,56,59,81
Sarah Garcia,Understanding Consumer Behavior,77.0,87,78,83
Sarah Garcia,Git & GitHub,90.0,54,89,88
Sarah Garcia,Version Control with Git,51.0,77,73,71
Sarah Garcia,Monitoring and Logging,75.0,54,59,72
Sarah Garcia,Sales Analytics,52.0,96,54,67
Sarah Garcia,Closing Sales Strategies,69.0,74,67,75
Sarah Garcia,Requirements Gathering Techniques,88.0,77,88,89
Gerald Pierce,Data Analysis with Pandas,54.0,83,55,66
Gerald Pierce,Data Ethics,66.0,50,92,80
Gerald Pierce,Data Cleaning & Preprocessing,91.0,67,60,80
Gerald Pierce,Data Analysis for Business Decisions,97.0,70,77,88
Gerald Pierce,Data Visualization with Matplotlib,70.0,79,57,72
Gerald Pierce,Reinforcement Learning,73.0,75,96,87
Gerald Pierce,Configuration Management with Ansible,72.0,91,63,76
Gerald Pierce,HTML & CSS,79.0,80,70,80
Gerald Pierce,Collaboration Tools in DevOps,90.0,81,60,81
Gerald Pierce,Troubleshooting Techniques,81.0,77,83,85
Gerald Pierce,Content Management Systems (CMS),67.0,58,73,75
Gerald Pierce,Budgeting for Projects,85.0,89,86,89
Gerald Pierce,Tokenomics,50.0,66,86,74
Gerald Pierce,Introduction to DevOps,68.0,65,89,81
Shawn Gordon,Data Ethics,93.0,67,92,91
Shawn Gordon,Data Cleaning & Preprocessing,91.0,67,60,80
Shawn Gordon,Data Visualization with Matplotlib,63.0,84,99,85
Shawn Gordon,Data Analysis with Pandas,100.0,58,76,87
Shawn Gordon,Data Analysis for Business Decisions,74.0,67,62,74
Shawn Gordon,Introduction to Game Development,83.0,91,58,78
Shawn Gordon,Networking Basics,50.0,68,93,77
Shawn Gordon,HR Technology Tools,74.0,70,59,74
Shawn Gordon,Natural Language Processing Techniques,83.0,58,95,88
Shawn Gordon,Frontend Development Basics,89.0,69,77,85
Shawn Gordon,Financial Analysis Techniques,77.0,93,70,81
Shawn Gordon,Reinforcement Learning Techniques,85.0,59,87,86
Shawn Gordon,Android Development Basics,72.0,53,72,76
Shawn Gordon,Mobile Testing Strategies,100.0,75,77,89
Alexis Mullins,Data Ethics,92.0,69,78,86
Alexis Mullins,Data Visualization with Matplotlib,93.0,97,64,85
Alexis Mullins,Data Analysis for Business Decisions,87.0,78,62,80
Alexis Mullins,Data Analysis with Pandas,62.0,97,81,80
Alexis Mullins,Data Cleaning & Preprocessing,71.0,75,72,78
Alexis Mullins,Cross-Platform Development with Flutter,81.0,61,62,76
Alexis Mullins,Project Management Tools Overview,80.0,63,91,86
Alexis Mullins,Personal Finance Skills,78.0,90,85,86
Alexis Mullins,Influencer Marketing,62.0,80,73,75
Alexis Mullins,Web Accessibility Standards,61.0,70,87,79
James Romero,Data Cleaning & Preprocessing,84.0,77,70,82
James Romero,Data Analysis for Business Decisions,92.0,61,63,80
James Romero,Data Ethics,73.0,99,73,81
James Romero,Data Analysis with Pandas,99.0,77,67,86
James Romero,Data Visualization with Matplotlib,96.0,97,69,87
James Romero,Cloud Cost Management,50.0,61,81,72
James Romero,SEO for Content Creators,71.0,80,74,79
James Romero,Investing Fundamentals,69.0,79,66,75
James Romero,Big Data with Spark,59.0,78,91,80
James Romero,Predictive Analytics,63.0,86,66,74
James Romero,Python for Data Science,56.0,96,50,67
James Romero,Content Strategy Development,87.0,62,98,91
Jimmy Watson,Data Analysis for Business Decisions,60.0,51,76,73
Jimmy Watson,Data Cleaning & Preprocessing,62.0,92,59,72
Jimmy Watson,Data Ethics,54.0,92,78,75
Jimmy Watson,Data Visualization with Matplotlib,74.0,98,81,84
Jimmy Watson,Data Analysis with Pandas,91.0,92,96,95
Jimmy Watson,User Research Techniques,71.0,78,93,85
Jimmy Watson,Web Accessibility Standards,89.0,94,57,80
Jimmy Watson,Performance Management Systems,84.0,63,90,87
Jimmy Watson,Mobile Testing Strategies,85.0,50,54,74
Jimmy Watson,Digital Sales Techniques,57.0,56,79,73
Jimmy Watson,Android Development Basics,75.0,64,51,70
Karen Estes,Data Analysis for Business Decisions,72.0,92,90,86
Karen Estes,Data Cleaning & Preprocessing,58.0,50,69,69
Karen Estes,Data Ethics,93.0,90,63,84
Karen Estes,Data Analysis with Pandas,79.0,68,75,81
Karen Estes,Data Visualization with Matplotlib,93.0,57,55,78
Karen Estes,Statistical Analysis,82.0,56,55,74
Karen Estes,Smart Contracts Development,55.0,91,91,80
Karen Estes,HR Technology Tools,93.0,83,66,84
Karen Estes,Content Promotion Strategies,58.0,54,77,73
Karen Estes,Game Design Principles,57.0,65,84,76
Karen Estes,Collaboration Tools in DevOps,59.0,54,99,81
Robert Garner,Data Cleaning & Preprocessing,73.0,91,66,78
Robert Garner,Data Analysis with Pandas,82.0,84,92,89
Robert Garner,Data Ethics,70.0,99,52,73
Robert Garner,Data Analysis for Business Decisions,86.0,72,56,77
Robert Garner,Data Visualization with Matplotlib,60.0,69,91,80
Robert Garner,Change Management Strategies,85.0,61,53,74
Robert Garner,Sales Analytics,95.0,93,94,95
Robert Garner,Containerization with Docker,57.0,63,66,69
Robert Garner,E-commerce Development Basics,100.0,72,77,89
Robert Garner,Customer Service Skills for IT,54.0,66,78,73
Robert Garner,Negotiation Techniques,96.0,51,96,92
Robert Garner,Risk Management in Cybersecurity,66.0,86,84,81
Robert Garner,Presentation Skills for Business Analysts,59.0,79,58,69
Robert Garner,Hardware Repair Skills,73.0,84,91,86
Robert Garner,Digital Sales Techniques,60.0,60,64,69
Kimberly Hernandez,Data Cleaning & Preprocessing,54.0,94,82,77
Kimberly Hernandez,Data Visualization with Matplotlib,75.0,99,70,81
Kimberly Hernandez,Data Ethics,53.0,98,97,82
Kimberly Hernandez,Data Analysis with Pandas,81.0,61,66,78
Kimberly Hernandez,Data Analysis for Business Decisions,79.0,54,64,75
Kimberly Hernandez,Continuous Integration and Delivery,51.0,61,93,76
Kimberly Hernandez,Responsive Web Design,89.0,70,98,92
Kimberly Hernandez,App Monetization Strategies,55.0,92,91,80
Kimberly Hernandez,Version Control with Git,83.0,94,99,93
Kimberly Hernandez,Smart Contracts Development,71.0,86,78,81
Kimberly Hernandez,Introduction to Content Creation,75.0,67,62,75
Kimberly Hernandez,Natural Language Processing,52.0,53,76,70
Kimberly Hernandez,E-commerce Development Basics,89.0,54,78,84
Kimberly Hernandez,Serverless Architecture,56.0,60,96,79
Kimberly Hernandez,Reinforcement Learning Techniques,73.0,55,56,71
Ellen Douglas,Data Visualization with Matplotlib,62.0,75,99,84
Ellen Douglas,Data Analysis for Business Decisions,50.0,90,93,79
Ellen Douglas,Data Cleaning & Preprocessing,51.0,59,55,63
Ellen Douglas,Data Analysis with Pandas,81.0,100,52,77
Ellen Douglas,Data Ethics,96.0,78,72,87
Ellen Douglas,Risk Analysis and Management,100.0,87,71,89
Ellen Douglas,Presentation Skills for Sales,58.0,86,72,74
Ellen Douglas,Frontend Development Basics,67.0,79,51,69
Ellen Douglas,HR Technology Tools,57.0,65,62,68
Ellen Douglas,Introduction to DevOps,67.0,63,73,75
Ellen Douglas,Tokenomics,61.0,92,65,73
Ellen Douglas,HTML & CSS,97.0,88,88,94
Ellen Douglas,Business Case Development,85.0,73,52,75
Ellen Douglas,SEO Fundamentals,80.0,64,73,80
Wendy Terry,Data Cleaning & Preprocessing,82.0,70,61,77
Wendy Terry,Data Ethics,63.0,64,100,83
Wendy Terry,Data Analysis with Pandas,72.0,91,78,82
Wendy Terry,Data Visualization with Matplotlib,53.0,82,73,72
Wendy Terry,Data Analysis for Business Decisions,100.0,75,89,94
Wendy Terry,Time Series Analysis,59.0,99,96,84
Wendy Terry,Introduction to IT Support,93.0,58,62,80
Wendy Terry,Model Evaluation,90.0,56,75,83
Wendy Terry,Tokenomics,83.0,54,63,76
Wendy Terry,RESTful Services,100.0,97,87,95
Wendy Terry,Predictive Analytics,99.0,68,98,96
Wendy Terry,Deployment of ML Models,90.0,60,81,86
Wendy Terry,Project Management Basics,80.0,65,92,87
Wendy Terry,API Integration in Mobile Apps,63.0,88,62,73
Amanda Velasquez,Data Analysis for Business Decisions,57.0,77,79,75
Amanda Velasquez,Data Analysis with Pandas,77.0,57,77,80
Amanda Velasquez,Data Visualization with Matplotlib,94.0,62,68,83
Amanda Velasquez,Data Ethics,59.0,66,70,72
Amanda Velasquez,Data Cleaning & Preprocessing,94.0,89,86,92
Amanda Velasquez,Wireframing and Prototyping,53.0,91,80,76
Amanda Velasquez,Malware Analysis,86.0,90,50,77
Amanda Velasquez,AI in Robotics,97.0,80,97,96
Amanda Velasquez,React,52.0,57,69,68
Amanda Velasquez,Introduction to Blockchain,100.0,80,76,90
Amanda Velasquez,Cloud Cost Management,54.0,85,90,79
Amanda Velasquez,Financial Planning and Forecasting,60.0,95,64,73
Amanda Velasquez,Budgeting Basics,75.0,57,71,77
Jessica Sawyer,Data Analysis for Business Decisions,53.0,56,93,77
Jessica Sawyer,Data Visualization with Matplotlib,94.0,90,91,94
Jessica Sawyer,Data Cleaning & Preprocessing,82.0,51,70,78
Jessica Sawyer,Data Ethics,67.0,79,97,85
Jessica Sawyer,Data Analysis with Pandas,73.0,62,95,85
Jessica Sawyer,Tokenomics,93.0,76,92,92
Jessica Sawyer,Configuration Management with Ansible,100.0,82,95,96
Jessica Sawyer,Closing Sales Strategies,76.0,62,58,73
Jessica Sawyer,Git & GitHub,95.0,91,85,92
Jessica Sawyer,Unsupervised Learning,86.0,66,51,75
Jessica Sawyer,Computer Vision Applications,94.0,86,72,87
Jessica Sawyer,User Research Techniques,55.0,80,79,75
Jessica Sawyer,Vulnerability Assessment,66.0,93,56,72
Jessica Sawyer,Container Orchestration with Kubernetes,72.0,85,70,78
Stephanie Snyder,Data Cleaning & Preprocessing,96.0,51,91,91
Stephanie Snyder,Data Ethics,68.0,79,93,84
Stephanie Snyder,Data Analysis for Business Decisions,77.0,50,60,73
Stephanie Snyder,Data Visualization with Matplotlib,89.0,84,81,88
Stephanie Snyder,Data Analysis with Pandas,53.0,67,90,77
Stephanie Snyder,Computer Vision Applications,84.0,81,85,87
Stephanie Snyder,AI in IoT,77.0,69,62,76
Stephanie Snyder,React,81.0,82,79,84
Stephanie Snyder,Supervised Learning,54.0,79,96,80
Stephanie Snyder,Performance Management Systems,61.0,95,84,80
Stephanie Snyder,Predictive Analytics,84.0,60,91,87
Stephanie Snyder,Vulnerability Assessment,76.0,89,90,87
Victoria Strong,Data Ethics,94.0,81,86,91
Victoria Strong,Data Visualization with Matplotlib,53.0,56,90,76
Victoria Strong,Data Cleaning & Preprocessing,84.0,54,86,85
Victoria Strong,Data Analysis with Pandas,55.0,80,77,74
Victoria Strong,Data Analysis for Business Decisions,85.0,51,72,80
Victoria Strong,Financial Analysis Techniques,76.0,73,57,74
Victoria Strong,Ethereum Development,51.0,97,64,70
Victoria Strong,Natural Language Processing,84.0,56,93,88
Victoria Strong,Cloud Support Fundamentals,65.0,70,53,68
Victoria Strong,Cloud Security Best Practices,66.0,82,88,82
Victoria Strong,Understanding Financial Markets,68.0,91,80,81
Victoria Strong,Hyperledger Basics,51.0,53,55,62
Victoria Strong,Introduction to Content Creation,52.0,66,68,69
Victoria Strong,Communication Skills for Project Managers,94.0,96,82,91
Michelle Farmer,Data Analysis with Pandas,75.0,93,61,77
Michelle Farmer,Data Cleaning & Preprocessing,54.0,58,96,78
Michelle Farmer,Data Visualization with Matplotlib,53.0,75,72,71
Michelle Farmer,Data Analysis for Business Decisions,62.0,76,55,69
Michelle Farmer,Budgeting for Projects,85.0,78,87,88
Michelle Farmer,API Development,60.0,94,74,76
Michelle Farmer,Deep Learning with TensorFlow,61.0,83,78,77
Michelle Farmer,Git & GitHub,82.0,58,87,85
Michelle Farmer,Decentralized Applications (DApps),86.0,83,99,93
Michelle Farmer,Design Thinking Process,78.0,64,60,75
Michelle Farmer,Introduction to Finance,90.0,81,89,91
John Holland,Data Analysis for Business Decisions,97.0,85,59,83
John Holland,Data Visualization with Matplotlib,52.0,75,84,75
John Holland,Data Cleaning & Preprocessing,95.0,86,63,84
John Holland,Data Ethics,85.0,58,91,87
John Holland,Data Analysis with Pandas,98.0,70,59,82
John Holland,Content Strategy Development,60.0,97,66,74
John Holland,Reinforcement Learning,68.0,64,58,70
John Holland,Analytics for Marketers,61.0,60,82,76
John Holland,E-commerce Development Basics,62.0,62,74,74
John Holland,Deep Learning with TensorFlow,73.0,81,88,84
John Holland,Statistical Analysis,58.0,73,62,69
John Holland,Building Customer Relationships,96.0,81,95,95
John Holland,HR Analytics,84.0,84,70,82
John Holland,Business Process Modeling,67.0,99,50,71
Brandon Smith,Data Analysis with Pandas,89.0,59,60,78
Brandon Smith,Data Analysis for Business Decisions,93.0,62,68,83
Brandon Smith,Data Cleaning & Preprocessing,88.0,62,82,86
Brandon Smith,Data Visualization with Matplotlib,59.0,75,64,71
Brandon Smith,Data Ethics,60.0,68,56,67
Brandon Smith,Risk Management in Projects,55.0,100,58,70
Brandon Smith,Cryptocurrency Fundamentals,80.0,82,77,83
Brandon Smith,DevOps in the Cloud,86.0,55,82,84
Brandon Smith,Computer Vision Applications,82.0,52,79,82
Brandon Smith,Corporate Finance Essentials,77.0,76,52,73
David Brown,Data Cleaning & Preprocessing,52.0,93,74,73
David Brown,Data Ethics,100.0,99,61,86
David Brown,Data Visualization with Matplotlib,61.0,53,79,74
David Brown,Data Analysis for Business Decisions,60.0,94,55,70
David Brown,Data Analysis with Pandas,77.0,96,81,85
David Brown,Unreal Engine Basics,79.0,58,91,85
David Brown,Building Customer Relationships,66.0,79,80,79
David Brown,Design Thinking Process,87.0,53,62,77
David Brown,Usability Testing,55.0,86,90,79
David Brown,Blockchain Use Cases,50.0,59,54,62
David Brown,Conflict Resolution in HR,66.0,90,66,75
Mark Boyd,Data Analysis with Pandas,69.0,57,78,77
Mark Boyd,Data Analysis for Business Decisions,59.0,51,86,76
Mark Boyd,Data Ethics,50.0,80,59,66
Mark Boyd,Data Visualization with Matplotlib,82.0,77,83,85
Mark Boyd,Performance Optimization for Mobile Apps,79.0,69,58,75
Mark Boyd,Supervised Learning,89.0,62,66,80
Mark Boyd,Agile Methodologies,85.0,60,89,87
Mark Boyd,Decentralized Applications (DApps),56.0,56,58,65
Mark Boyd,Backend Development Fundamentals,69.0,94,52,72
Mark Boyd,Introduction to Business Analysis,69.0,93,58,74
Mark Boyd,Introduction to IT Support,91.0,79,64,82
Mark Boyd,Containerization with Docker,78.0,67,62,76
Mark Boyd,Time Management for Sales,84.0,88,50,76
Mark Boyd,Digital Sales Techniques,68.0,79,84,81
James Campbell,Data Cleaning & Preprocessing,56.0,56,57,65
James Campbell,Data Analysis with Pandas,51.0,86,85,76
James Campbell,Data Visualization with Matplotlib,64.0,71,83,79
James Campbell,Data Analysis for Business Decisions,91.0,62,69,82
James Campbell,Data Ethics,68.0,57,55,69
James Campbell,Customer Service Excellence,65.0,99,62,74
James Campbell,Customer Service Skills for IT,68.0,57,72,75
James Campbell,Publishing Mobile Apps,85.0,88,69,83
James Campbell,Android Development Basics,99.0,95,94,97
James Campbell,Business Case Development,67.0,78,68,75
James Campbell,Cloud Security Best Practices,81.0,63,70,79
James Campbell,SEO Best Practices,94.0,98,56,82
Sonya Mccormick,Data Analysis for Business Decisions,61.0,91,78,78
Sonya Mccormick,Data Cleaning & Preprocessing,100.0,52,86,90
Sonya Mccormick,Data Visualization with Matplotlib,68.0,59,50,67
Sonya Mccormick,Data Ethics,61.0,75,91,81
Sonya Mccormick,Data Analysis with Pandas,86.0,61,86,86
Sonya Mccormick,Natural Language Processing Techniques,85.0,87,80,86
Sonya Mccormick,Speech Recognition Technologies,98.0,100,52,82
Sonya Mccormick,Email Marketing Basics,73.0,96,54,74
Sonya Mccormick,Progressive Web Apps (PWAs),67.0,96,62,75
Sonya Mccormick,Operating Systems Overview,52.0,78,67,69
Sonya Mccormick,3D Game Development,65.0,61,60,70
Sonya Mccormick,User Interface Design for Mobile Apps,52.0,95,99,82
Steven Garcia,Data Visualization with Matplotlib,67.0,83,60,73
Steven Garcia,Data Ethics,67.0,86,59,73
Steven Garcia,Data Cleaning & Preprocessing,67.0,93,99,87
Steven Garcia,Data Analysis with Pandas,60.0,87,84,79
Steven Garcia,Data Analysis for Business Decisions,75.0,89,68,79
Steven Garcia,Game Monetization Strategies,70.0,58,64,73
Steven Garcia,Progressive Web Apps (PWAs),63.0,99,73,78
Steven Garcia,Risk Management in Projects,81.0,51,87,84
Steven Garcia,Labor Laws and Compliance,63.0,90,61,72
Steven Garcia,Google Ads Fundamentals,57.0,59,66,69
Steven Garcia,Closing Sales Strategies,70.0,95,80,82
Steven Garcia,Introduction to Human Resources,90.0,58,63,79
Steven Garcia,AI for Business,50.0,51,57,63
Steven Garcia,AI in Robotics,99.0,79,78,90
Steven Garcia,Vulnerability Assessment,95.0,92,95,96
Shelby West,Data Visualization with Matplotlib,82.0,82,88,88
Shelby West,Data Cleaning & Preprocessing,97.0,86,100,98
Shelby West,Data Analysis with Pandas,72.0,78,68,77
Shelby West,Data Ethics,79.0,88,93,89
Shelby West,Data Analysis for Business Decisions,63.0,78,63,72
Shelby West,Security Awareness for IT Support,71.0,84,56,73
Shelby West,HR Technology Tools,82.0,66,91,87
Shelby West,Change Management Strategies,55.0,56,75,71
Shelby West,Financial Analysis Techniques,57.0,79,83,77
Shelby West,Budgeting Basics,71.0,56,82,79
Shelby West,Risk Management in Cybersecurity,90.0,94,65,84
Rebecca Pace,Data Cleaning & Preprocessing,62.0,64,70,73
Rebecca Pace,Data Analysis with Pandas,50.0,93,63,69
Rebecca Pace,Data Visualization with Matplotlib,91.0,86,68,84
Rebecca Pace,Data Analysis for Business Decisions,79.0,100,78,85
Rebecca Pace,Multiplayer Game Development,82.0,56,76,81
Rebecca Pace,Container Orchestration with Kubernetes,82.0,51,55,73
Rebecca Pace,Deployment & Hosting,61.0,65,82,77
Rebecca Pace,Configuration Management with Ansible,56.0,59,83,75
Rebecca Pace,Introduction to Business Analysis,74.0,67,85,82
Rebecca Pace,Financial Planning and Forecasting,78.0,97,81,85
Rebecca Pace,Speech Recognition Technologies,97.0,99,59,84
Lisa Anderson,Data Analysis with Pandas,88.0,55,72,82
Lisa Anderson,Data Analysis for Business Decisions,77.0,76,64,77
Lisa Anderson,Data Cleaning & Preprocessing,92.0,79,76,87
Lisa Anderson,Data Visualization with Matplotlib,79.0,92,93,89
Lisa Anderson,Data Ethics,61.0,89,88,81
Lisa Anderson,Computer Vision Basics,99.0,76,72,87
Lisa Anderson,Ethereum Development,59.0,90,71,74
Lisa Anderson,Natural Language Processing Techniques,77.0,61,74,79
Lisa Anderson,Building Customer Relationships,66.0,93,100,87
Lisa Anderson,Business Case Development,81.0,80,83,85
Brandon Ramirez,Data Analysis with Pandas,78.0,87,56,76
Brandon Ramirez,Data Ethics,82.0,54,94,87
Brandon Ramirez,Data Analysis for Business Decisions,81.0,86,52,75
Brandon Ramirez,Data Cleaning & Preprocessing,95.0,67,71,85
Brandon Ramirez,Data Visualization with Matplotlib,91.0,58,68,81
Brandon Ramirez,Blockchain Security,88.0,96,61,82
Brandon Ramirez,React,55.0,89,76,75
Brandon Ramirez,Ethical Hacking Basics,57.0,76,57,68
Brandon Ramirez,Introduction to Finance,76.0,57,54,71
Brandon Ramirez,Progressive Web Apps (PWAs),98.0,72,70,86
Brandon Ramirez,Introduction to Content Creation,90.0,76,88,90
Brandon Ramirez,Design Tools Overview,96.0,64,76,87
Brandon Ramirez,Editing and Proofreading Techniques,87.0,90,84,89
Brandon Ramirez,AI in Robotics,56.0,64,72,71
Brandon Ramirez,API Integration in Mobile Apps,94.0,54,50,76
Tonya Warner,Data Ethics,96.0,59,95,93
Tonya Warner,Data Visualization with Matplotlib,74.0,83,74,80
Tonya Warner,Data Analysis with Pandas,62.0,67,86,78
Tonya Warner,Data Analysis for Business Decisions,72.0,79,97,87
Tonya Warner,Data Cleaning & Preprocessing,95.0,51,83,87
Tonya Warner,Computer Vision Basics,96.0,55,89,90
Tonya Warner,Employee Engagement Techniques,87.0,84,86,89
Tonya Warner,Infrastructure as Code,88.0,85,80,87
Tonya Warner,Natural Language Processing Techniques,53.0,53,67,67
Tonya Warner,Python for Data Science,59.0,96,95,84
Tonya Warner,Security Awareness for IT Support,81.0,79,50,74
Tonya Warner,Corporate Finance Essentials,89.0,68,78,85
Tonya Warner,HR Technology Tools,85.0,78,91,89
Tonya Warner,Cross-Platform Development with Flutter,76.0,53,65,75
Tonya Warner,Speech Recognition Technologies,73.0,77,76,80
Timothy Burton,Data Ethics,71.0,87,54,72
Timothy Burton,Data Analysis for Business Decisions,85.0,59,80,84
Timothy Burton,Data Cleaning & Preprocessing,53.0,91,70,72
Timothy Burton,Data Visualization with Matplotlib,77.0,81,64,77
Timothy Burton,Data Analysis with Pandas,65.0,50,77,75
Timothy Burton,Game Design Principles,57.0,85,94,81
Timothy Burton,User Research Techniques,100.0,88,96,97
Timothy Burton,Tokenomics,57.0,62,53,65
Timothy Burton,Cloud Support Fundamentals,66.0,67,74,76
Timothy Burton,Business Process Modeling,57.0,74,68,71
Timothy Burton,Unsupervised Learning,73.0,72,66,76
Timothy Burton,Risk Management in Finance,76.0,54,97,86
Timothy Burton,Frontend Development Basics,78.0,82,95,89
Timothy Burton,Performance Management Systems,76.0,92,53,74
Timothy Burton,Reinforcement Learning Techniques,74.0,87,54,74
Anthony Vance,Data Ethics,68.0,61,81,78
Anthony Vance,Data Visualization with Matplotlib,100.0,94,70,89
Anthony Vance,Data Analysis for Business Decisions,51.0,69,82,73
Anthony Vance,Data Analysis with Pandas,95.0,93,68,86
Anthony Vance,Data Cleaning & Preprocessing,66.0,68,65,73
Anthony Vance,Risk Management in Cybersecurity,66.0,85,74,78
Anthony Vance,Statistical Analysis,81.0,69,70,80
Anthony Vance,Tokenomics,93.0,71,58,80
Anthony Vance,Cloud Support Fundamentals,61.0,90,67,74
Anthony Vance,Infrastructure as Code,78.0,87,96,90
Danny Jimenez,Data Visualization with Matplotlib,55.0,67,94,79
Danny Jimenez,Data Analysis with Pandas,86.0,78,75,84
Danny Jimenez,Data Analysis for Business Decisions,50.0,67,61,66
Danny Jimenez,Data Ethics,67.0,79,63,73
Danny Jimenez,Security in Cloud Computing,99.0,65,81,90
Danny Jimenez,Unreal Engine Basics,96.0,81,93,94
Danny Jimenez,Risk Management in Finance,97.0,76,85,91
Danny Jimenez,Introduction to Human Resources,77.0,83,59,76
Danny Jimenez,Time Management for Sales,92.0,68,90,90
Danny Jimenez,Android Development Basics,86.0,92,95,93
Danny Jimenez,Podcasting Fundamentals,83.0,95,83,88
Danny Jimenez,Content Strategy Development,73.0,54,69,75
Danny Jimenez,Google Cloud Platform Essentials,89.0,95,68,84
Danny Jimenez,Project Management Basics,91.0,89,52,79
Christina Smith,Data Cleaning & Preprocessing,55.0,96,90,80
Christina Smith,Data Ethics,76.0,58,90,84
Christina Smith,Data Visualization with Matplotlib,81.0,85,65,80
Christina Smith,Data Analysis for Business Decisions,98.0,80,93,95
Christina Smith,Data Analysis with Pandas,78.0,55,79,80
Christina Smith,Design Tools Overview,53.0,98,63,70
Christina Smith,Introduction to IT Support,85.0,83,83,87
Christina Smith,Collaboration Tools in DevOps,85.0,67,80,84
Christina Smith,Blogging for Beginners,53.0,94,83,77
Christina Smith,Budgeting Basics,83.0,61,61,76
Christina Smith,Statistical Analysis,50.0,74,76,72
Christina Smith,Risk Management in Cybersecurity,77.0,71,86,84
Christina Smith,Project Management Tools Overview,52.0,93,91,79
Christina Smith,Container Orchestration with Kubernetes,89.0,85,95,93
Louis Hinton,Data Analysis with Pandas,55.0,83,76,74
Louis Hinton,Data Cleaning & Preprocessing,89.0,58,69,81
Louis Hinton,Data Visualization with Matplotlib,50.0,78,99,80
Louis Hinton,Data Ethics,74.0,88,82,83
Louis Hinton,Data Analysis for Business Decisions,66.0,98,74,79
Louis Hinton,Publishing Mobile Apps,85.0,60,95,89
Louis Hinton,Presentation Skills for Business Analysts,90.0,75,79,87
Louis Hinton,Conflict Resolution in HR,80.0,70,86,85
Louis Hinton,Web Performance Optimization,73.0,82,58,74
Louis Hinton,Budgeting for Projects,59.0,73,62,70
Denise Dyer,Data Cleaning & Preprocessing,64.0,58,77,75
Denise Dyer,Data Visualization with Matplotlib,52.0,100,96,82
Denise Dyer,Data Analysis for Business Decisions,59.0,100,68,74
Denise Dyer,Data Ethics,55.0,54,61,66
Denise Dyer,Unsupervised Learning,55.0,73,51,64
Denise Dyer,Introduction to DevOps,86.0,77,80,86
Denise Dyer,Social Media Content Creation,58.0,55,95,79
Denise Dyer,AI in IoT,55.0,54,74,71
Denise Dyer,Introduction to Blockchain,81.0,50,75,80
Denise Dyer,Stakeholder Management,99.0,56,82,89
Denise Dyer,Blockchain Use Cases,68.0,78,62,73
Denise Dyer,Progressive Web Apps (PWAs),71.0,73,75,78
Denise Dyer,Risk Management in Projects,54.0,59,81,73
Denise Dyer,Diversity and Inclusion Initiatives,91.0,76,83,88
Denise Dyer,Customer Service Excellence,57.0,61,66,69
Marie King,Data Cleaning & Preprocessing,57.0,95,96,83
Marie King,Data Ethics,62.0,57,99,82
Marie King,Data Visualization with Matplotlib,96.0,66,65,83
Marie King,Data Analysis for Business Decisions,98.0,72,62,83
Marie King,Data Analysis with Pandas,93.0,51,68,81
Marie King,Closing Sales Strategies,62.0,87,63,72
Marie King,Business Case Development,92.0,93,70,86
Marie King,Unity Basics,93.0,96,85,92
Marie King,2D Game Development,72.0,100,86,85
Marie King,Negotiation Techniques,57.0,57,79,73
Marie King,Graphic Design Basics for Content,93.0,94,82,91
Marie King,Content Promotion Strategies,91.0,69,88,90
Dawn Snyder,Data Analysis with Pandas,55.0,63,71,70
Dawn Snyder,Data Ethics,92.0,83,75,87
Dawn Snyder,Data Analysis for Business Decisions,93.0,67,93,92
Dawn Snyder,Data Visualization with Matplotlib,78.0,70,68,78
Dawn Snyder,Infrastructure as Code,58.0,88,86,79
Dawn Snyder,Building Customer Relationships,57.0,84,92,81
Dawn Snyder,Risk Management in Cybersecurity,96.0,59,97,93
Dawn Snyder,Blockchain Use Cases,57.0,98,88,81
Dawn Snyder,App Monetization Strategies,51.0,59,93,76
Dawn Snyder,Diversity and Inclusion Initiatives,83.0,95,88,89
Dawn Snyder,Time Management for Sales,56.0,91,70,73
Dawn Snyder,Cloud Cost Management,91.0,53,76,84
Dawn Snyder,Cross-Platform Development with Flutter,89.0,64,52,76
Dawn Snyder,Risk Management in Finance,77.0,50,79,80
Aaron Boone,Data Visualization with Matplotlib,86.0,88,100,94
Aaron Boone,Data Ethics,76.0,83,84,84
Aaron Boone,Data Analysis with Pandas,65.0,100,70,77
Aaron Boone,Data Analysis for Business Decisions,72.0,88,76,81
Aaron Boone,Data Cleaning & Preprocessing,95.0,65,96,93
Aaron Boone,MongoDB,83.0,70,94,89
Aaron Boone,Talent Acquisition Strategies,78.0,78,63,77
Aaron Boone,Change Management,84.0,68,57,76
Aaron Boone,Mobile App Design,92.0,99,62,84
Aaron Boone,Presentation Skills for Business Analysts,81.0,59,87,85
Aaron Boone,Content Strategy Development,87.0,71,53,76
Alexander Duran,Data Cleaning & Preprocessing,56.0,96,65,72
Alexander Duran,Data Analysis for Business Decisions,97.0,85,69,87
Alexander Duran,Data Analysis with Pandas,69.0,82,95,86
Alexander Duran,Data Ethics,74.0,80,81,82
Alexander Duran,Data Visualization with Matplotlib,81.0,56,62,76
Alexander Duran,Change Management,86.0,77,91,90
Alexander Duran,Understanding Financial Markets,94.0,55,99,93
Alexander Duran,Natural Language Processing Techniques,76.0,87,71,80
Alexander Duran,React,71.0,59,71,76
Alexander Duran,Blockchain Use Cases,62.0,85,85,80
Alexander Duran,Podcasting Fundamentals,55.0,57,65,68
Alexander Duran,Risk Management in Cybersecurity,79.0,71,93,87
Terri Howard,Data Analysis for Business Decisions,51.0,73,95,78
Terri Howard,Data Cleaning & Preprocessing,64.0,97,97,86
Terri Howard,Data Visualization with Matplotlib,95.0,72,68,84
Terri Howard,Data Analysis with Pandas,94.0,51,70,82
Terri Howard,Data Ethics,84.0,90,79,86
Terri Howard,Computer Vision Basics,65.0,75,97,84
Terri Howard,Content Strategy Development,65.0,64,75,75
Terri Howard,Requirements Gathering Techniques,54.0,75,90,78
Terri Howard,Automating Cloud Deployments,89.0,74,75,85
Terri Howard,Cryptocurrency Fundamentals,91.0,63,50,76
Desiree Garcia,Data Analysis with Pandas,59.0,76,62,70
Desiree Garcia,Data Cleaning & Preprocessing,93.0,68,57,79
Desiree Garcia,Data Ethics,73.0,70,93,85
Desiree Garcia,Data Analysis for Business Decisions,60.0,98,90,82
Desiree Garcia,Data Visualization with Matplotlib,57.0,99,88,81
Desiree Garcia,Social Media Content Creation,60.0,62,62,69
Desiree Garcia,Responsive Web Design,91.0,87,78,88
Desiree Garcia,Project Scheduling Techniques,96.0,63,66,83
Desiree Garcia,Ethics in AI,72.0,72,56,72
Desiree Garcia,Vulnerability Assessment,88.0,83,82,88
Desiree Garcia,Reinforcement Learning,80.0,66,87,85
Desiree Garcia,Machine Learning Basics,64.0,90,70,76
Desiree Garcia,AWS Fundamentals,53.0,84,52,65
Desiree Garcia,Podcasting Fundamentals,69.0,63,57,70
Roy Campbell,Data Analysis with Pandas,82.0,86,97,91
Roy Campbell,Data Analysis for Business Decisions,53.0,51,92,76
Roy Campbell,Data Cleaning & Preprocessing,92.0,89,82,90
Roy Campbell,Data Visualization with Matplotlib,90.0,92,62,82
Roy Campbell,Data Ethics,72.0,60,59,72
Roy Campbell,Google Ads Fundamentals,66.0,85,58,72
Roy Campbell,Web Performance Optimization,99.0,82,62,85
Roy Campbell,Risk Analysis and Management,91.0,76,84,89
Roy Campbell,Conversion Rate Optimization,88.0,65,83,86
Roy Campbell,RESTful Services,63.0,65,80,77
Roy Campbell,Responsive Web Design,72.0,83,99,88
Roy Campbell,Serverless Architecture,79.0,59,89,85
Roy Campbell,Introduction to Cloud Computing,78.0,80,50,73
Roy Campbell,Social Media Content Creation,87.0,53,71,81
Shannon Thompson,Data Visualization with Matplotlib,50.0,81,77,73
Shannon Thompson,Data Cleaning & Preprocessing,100.0,91,69,88
Shannon Thompson,Data Ethics,54.0,54,67,68
Shannon Thompson,Data Analysis with Pandas,51.0,82,85,76
Shannon Thompson,Data Analysis for Business Decisions,74.0,66,75,79
Shannon Thompson,Social Media Marketing,61.0,70,88,79
Shannon Thompson,Podcasting Fundamentals,60.0,51,92,78
Shannon Thompson,Analytics for Marketers,65.0,56,80,76
Shannon Thompson,Remote Support Techniques,64.0,71,78,77
Shannon Thompson,Network Security Fundamentals,87.0,53,93,88
Shannon Thompson,Stakeholder Management,76.0,69,64,76
Shannon Thompson,Mobile App Design,88.0,100,62,82
Scott Cox,Data Analysis for Business Decisions,70.0,56,69,74
Scott Cox,Data Visualization with Matplotlib,73.0,73,85,83
Scott Cox,Data Ethics,84.0,99,84,89
Scott Cox,Data Analysis with Pandas,54.0,76,94,79
Scott Cox,Data Cleaning & Preprocessing,90.0,89,91,92
Scott Cox,Introduction to Machine Learning,57.0,90,61,70
Scott Cox,Introduction to DevOps,89.0,68,53,76
Scott Cox,2D Game Development,79.0,87,97,90
Scott Cox,Introduction to Content Creation,85.0,77,59,78
Scott Cox,API Development,63.0,92,70,76
Scott Cox,Introduction to Human Resources,72.0,90,71,79
Scott Cox,Virtual Reality Development,90.0,61,72,83
Scott Cox,Ethereum Development,92.0,94,77,89
Scott Cox,Security Awareness for IT Support,72.0,64,84,81
Scott Cox,Interaction Design Principles,86.0,84,70,83
Elizabeth Dunn,Data Visualization with Matplotlib,91.0,56,81,86
Elizabeth Dunn,Data Analysis for Business Decisions,91.0,99,79,89
Elizabeth Dunn,Data Cleaning & Preprocessing,68.0,92,92,85
Elizabeth Dunn,Data Analysis with Pandas,65.0,76,98,85
Elizabeth Dunn,Statistical Analysis,63.0,97,50,69
Elizabeth Dunn,Google Cloud Platform Essentials,83.0,58,55,74
Elizabeth Dunn,Cross-Platform Development with Flutter,57.0,84,90,80
Elizabeth Dunn,User Research Techniques,96.0,66,93,93
Elizabeth Dunn,Unsupervised Learning,64.0,58,75,74
Elizabeth Dunn,Vulnerability Assessment,95.0,51,53,77
Elizabeth Dunn,Content Management Systems (CMS),66.0,99,85,83
Elizabeth Dunn,Multiplayer Game Development,62.0,51,60,68
Elizabeth Dunn,Quality Management,68.0,60,79,77
Elizabeth Dunn,Change Management,67.0,69,95,84
Elizabeth Dunn,Deep Learning with TensorFlow,96.0,67,88,91
Tina Diaz,Data Ethics,88.0,64,67,81
Tina Diaz,Data Visualization with Matplotlib,73.0,69,100,87
Tina Diaz,Data Analysis with Pandas,67.0,59,97,83
Tina Diaz,Data Cleaning & Preprocessing,51.0,98,68,71
Tina Diaz,Data Analysis for Business Decisions,63.0,85,51,68
Tina Diaz,ITIL Foundations,92.0,66,94,92
Tina Diaz,Incident Response,93.0,93,71,87
Tina Diaz,Automating Cloud Deployments,69.0,85,80,81
Tina Diaz,Monitoring and Logging,62.0,85,51,68
Tina Diaz,Virtual Reality Development,67.0,57,76,76
Tina Diaz,Risk Analysis and Management,51.0,57,74,69
Tina Diaz,Content Marketing Strategies,69.0,87,66,76
Tina Diaz,SEO Best Practices,81.0,56,96,88
Brianna Gonzalez,Data Analysis with Pandas,81.0,86,66,80
Brianna Gonzalez,Data Cleaning & Preprocessing,90.0,56,70,82
Brianna Gonzalez,Data Ethics,61.0,91,80,78
Brianna Gonzalez,Data Analysis for Business Decisions,84.0,99,75,86
Brianna Gonzalez,Data Visualization with Matplotlib,94.0,98,58,83
Brianna Gonzalez,Conversion Rate Optimization,94.0,84,76,88
Brianna Gonzalez,Usability Testing,81.0,53,53,72
Brianna Gonzalez,Affiliate Marketing,52.0,69,52,63
Brianna Gonzalez,Computer Vision Basics,69.0,75,92,84
Brianna Gonzalez,Blockchain Security,90.0,79,83,88
Brianna Gonzalez,Project Scheduling Techniques,72.0,53,65,73
Brianna Gonzalez,Cross-Platform Development with Flutter,99.0,93,83,93
Brianna Gonzalez,Game Design Principles,50.0,58,82,72
Andrew Frey,Data Cleaning & Preprocessing,65.0,77,53,69
Andrew Frey,Data Analysis for Business Decisions,62.0,62,85,78
Andrew Frey,Data Ethics,91.0,98,79,89
Andrew Frey,Data Analysis with Pandas,56.0,91,86,79
Andrew Frey,Data Visualization with Matplotlib,79.0,100,87,88
Andrew Frey,Progressive Web Apps (PWAs),85.0,55,93,88
Andrew Frey,Deep Learning with TensorFlow,66.0,58,84,78
Andrew Frey,RESTful Services,68.0,97,50,71
Andrew Frey,Influencer Marketing,56.0,76,86,77
Andrew Frey,Configuration Management with Ansible,80.0,59,73,79
Andrew Frey,Stakeholder Management,89.0,56,86,87
Andrew Frey,Git & GitHub,56.0,89,82,77
Andrew Frey,HR Analytics,72.0,64,52,70
Andrew Frey,E-commerce Development Basics,93.0,76,63,82
Andrew Frey,Hyperledger Basics,96.0,73,60,82
Raymond Davis,Data Ethics,60.0,83,98,84
Raymond Davis,Data Analysis for Business Decisions,74.0,82,90,86
Raymond Davis,Data Visualization with Matplotlib,86.0,100,84,90
Raymond Davis,Data Analysis with Pandas,52.0,87,84,76
Raymond Davis,Data Cleaning & Preprocessing,75.0,75,69,78
Raymond Davis,Security Awareness for IT Support,76.0,60,50,70
Raymond Davis,AWS Fundamentals,81.0,76,53,74
Raymond Davis,Presentation Skills for Sales,68.0,62,58,70
Raymond Davis,Introduction to Cloud Computing,95.0,71,79,88
Raymond Davis,Cloud Cost Management,84.0,84,91,90
Pamela Mclaughlin,Data Analysis with Pandas,97.0,56,61,81
Pamela Mclaughlin,Data Ethics,79.0,53,64,75
Pamela Mclaughlin,Data Cleaning & Preprocessing,76.0,71,98,88
Pamela Mclaughlin,Data Visualization with Matplotlib,53.0,62,98,79
Pamela Mclaughlin,Data Analysis for Business Decisions,62.0,64,93,81
Pamela Mclaughlin,Hyperledger Basics,75.0,100,64,79
Pamela Mclaughlin,API Development,65.0,96,79,80
Pamela Mclaughlin,Closing Sales Strategies,67.0,77,56,71
Pamela Mclaughlin,Continuous Integration and Delivery,61.0,80,90,81
Pamela Mclaughlin,Personal Finance Skills,64.0,62,84,78
Pamela Mclaughlin,HTML & CSS,61.0,51,87,77
Pamela Mclaughlin,Financial Analysis Techniques,98.0,64,65,83
Pamela Mclaughlin,Supervised Learning,55.0,83,55,67
Emma Collins,Data Analysis with Pandas,64.0,81,96,84
Emma Collins,Data Visualization with Matplotlib,70.0,99,80,82
Emma Collins,Data Analysis for Business Decisions,51.0,85,99,81
Emma Collins,Data Ethics,74.0,80,76,80
Emma Collins,Data Cleaning & Preprocessing,94.0,84,84,91
Emma Collins,Building Customer Relationships,78.0,80,61,77
Emma Collins,Cross-Platform Development with Flutter,79.0,61,98,88
Emma Collins,Introduction to Blockchain,54.0,96,67,72
Emma Collins,Diversity and Inclusion Initiatives,97.0,51,75,85
Emma Collins,AI in Robotics,77.0,80,72,80
Emma Collins,Penetration Testing,73.0,53,61,72
Emma Collins,Mobile Testing Strategies,100.0,96,99,99
Emma Collins,Performance Management Systems,76.0,97,70,81
Jason Day,Data Analysis with Pandas,62.0,90,100,86
Jason Day,Data Analysis for Business Decisions,51.0,55,75,70
Jason Day,Data Ethics,63.0,59,69,72
Jason Day,Data Cleaning & Preprocessing,52.0,50,67,67
Jason Day,Data Visualization with Matplotlib,70.0,87,77,80
Jason Day,Usability Testing,54.0,59,73,70
Jason Day,Social Media Content Creation,65.0,97,92,85
Jason Day,Performance Optimization for Mobile Apps,93.0,63,52,77
Jason Day,Security in Cloud Computing,59.0,57,77,73
Jason Day,Business Process Modeling,68.0,51,75,75
Jason Day,API Integration in Mobile Apps,85.0,90,62,80
Jason Day,Multiplayer Game Development,100.0,99,87,95
Jason Day,Introduction to Business Analysis,62.0,69,98,83
Jason Day,Change Management,66.0,93,59,73
Jason Day,Wireframing and Prototyping,84.0,70,94,89
James Dawson,Data Analysis for Business Decisions,97.0,85,97,96
James Dawson,Data Ethics,60.0,92,73,76
James Dawson,Data Visualization with Matplotlib,66.0,84,95,85
James Dawson,Data Cleaning & Preprocessing,50.0,90,94,79
James Dawson,Data Analysis with Pandas,100.0,70,58,82
James Dawson,Interaction Design Principles,91.0,93,71,86
James Dawson,ITIL Foundations,87.0,95,93,92
James Dawson,Unsupervised Learning,74.0,81,78,81
James Dawson,Machine Learning Basics,56.0,70,50,64
James Dawson,Influencer Marketing,89.0,59,86,87
James Dawson,AI in Robotics,94.0,58,97,93
Shane Johnson,Data Visualization with Matplotlib,98.0,97,90,96
Shane Johnson,Data Analysis with Pandas,84.0,71,70,81
Shane Johnson,Data Analysis for Business Decisions,68.0,97,85,83
Shane Johnson,Data Ethics,74.0,81,97,88
Shane Johnson,Data Cleaning & Preprocessing,74.0,53,97,85
Shane Johnson,Agile Methodologies,63.0,93,74,77
Shane Johnson,Introduction to Blockchain,100.0,99,50,82
Shane Johnson,Project Management Tools Overview,80.0,55,78,81
Shane Johnson,Introduction to Cloud Computing,100.0,78,65,86
Shane Johnson,Ethical Hacking Basics,56.0,72,70,71
Shane Johnson,Graphic Design Basics for Content,58.0,50,74,71
Shane Johnson,Introduction to Human Resources,60.0,82,57,69
Jonathan Cooper,Data Visualization with Matplotlib,54.0,70,90,77
Jonathan Cooper,Data Ethics,77.0,83,78,83
Jonathan Cooper,Data Analysis for Business Decisions,63.0,58,60,69
Jonathan Cooper,Data Analysis with Pandas,85.0,85,59,79
Jonathan Cooper,User Research Techniques,91.0,55,75,84
Jonathan Cooper,Budgeting Basics,83.0,99,97,93
Jonathan Cooper,Containerization with Docker,97.0,66,58,81
Jonathan Cooper,Azure Basics,59.0,70,50,65
Jonathan Cooper,Risk Management in Finance,57.0,73,64,70
Jonathan Cooper,Infrastructure as Code,72.0,88,66,77
Jonathan Cooper,Machine Learning Basics,86.0,50,55,74
Jonathan Cooper,Introduction to Blockchain,61.0,83,60,71
Jonathan Cooper,SEO for Content Creators,74.0,82,72,79
Joan Davenport,Data Analysis with Pandas,67.0,55,73,74
Joan Davenport,Data Cleaning & Preprocessing,92.0,92,76,88
Joan Davenport,Data Visualization with Matplotlib,99.0,91,82,92
Joan Davenport,Data Ethics,98.0,70,59,82
Joan Davenport,Data Analysis for Business Decisions,74.0,77,74,80
Joan Davenport,Content Management Systems (CMS),85.0,73,80,85
Joan Davenport,Incident Response,78.0,67,64,76
Joan Davenport,Understanding Financial Markets,57.0,72,95,80
Joan Davenport,Budgeting for Projects,96.0,72,72,86
Joan Davenport,Vulnerability Assessment,93.0,72,97,94
Joan Davenport,Introduction to Content Creation,62.0,85,59,71
Joan Davenport,Decentralized Applications (DApps),69.0,53,100,84
Joan Davenport,Cloud Security Best Practices,71.0,68,56,71
Joan Davenport,AI for Business,58.0,65,98,81
Laura Garcia,Data Cleaning & Preprocessing,89.0,50,56,76
Laura Garcia,Data Analysis for Business Decisions,79.0,67,66,77
Laura Garcia,Data Ethics,95.0,63,85,89
Laura Garcia,Data Visualization with Matplotlib,51.0,71,100,80
Laura Garcia,Data Analysis with Pandas,79.0,96,68,81
Laura Garcia,Financial Analysis Techniques,66.0,75,57,71
Laura Garcia,Cloud Cost Management,98.0,78,57,82
Laura Garcia,App Monetization Strategies,79.0,53,93,85
Laura Garcia,Sales Fundamentals,73.0,60,76,78
Laura Garcia,Blockchain Security,75.0,55,51,70
Laura Garcia,Networking Basics,51.0,58,54,63
Laura Garcia,Cryptography Basics,99.0,95,87,95
Laura Garcia,Introduction to Finance,58.0,69,58,68
Laura Garcia,API Integration in Mobile Apps,81.0,94,51,76
Richard Munoz,Data Ethics,91.0,81,59,81
Richard Munoz,Data Analysis with Pandas,77.0,63,82,82
Richard Munoz,Data Analysis for Business Decisions,81.0,71,69,80
Richard Munoz,Data Visualization with Matplotlib,85.0,79,82,86
Richard Munoz,Data Cleaning & Preprocessing,81.0,60,65,77
Richard Munoz,Decentralized Applications (DApps),87.0,84,91,91
Richard Munoz,AI in Healthcare,82.0,85,67,81
Richard Munoz,Video Production Basics,81.0,76,96,90
Richard Munoz,Change Management,63.0,63,100,83
Richard Munoz,Ethical Hacking Basics,61.0,66,91,80
Richard Munoz,JavaScript Basics,69.0,59,96,84
Richard Munoz,Azure Basics,78.0,58,65,76
Michael Cole,Data Analysis for Business Decisions,97.0,56,90,91
Michael Cole,Data Analysis with Pandas,64.0,94,76,78
Michael Cole,Data Visualization with Matplotlib,61.0,89,66,73
Michael Cole,Data Cleaning & Preprocessing,81.0,84,64,79
Michael Cole,Data Ethics,68.0,91,89,84
Michael Cole,Model Evaluation,63.0,64,94,81
Michael Cole,Cloud Support Fundamentals,86.0,55,93,88
Michael Cole,Personal Finance Skills,66.0,68,54,69
Michael Cole,Ethical Hacking Basics,55.0,50,90,76
Michael Cole,Podcasting Fundamentals,60.0,61,66,70
Michael Cole,Responsive Design Principles,53.0,59,97,78
Michael Cole,Container Orchestration with Kubernetes,53.0,62,58,65
Laura White,Data Ethics,63.0,66,62,70
Laura White,Data Visualization with Matplotlib,69.0,84,59,73
Laura White,Data Analysis for Business Decisions,69.0,68,64,73
Laura White,Data Analysis with Pandas,98.0,54,63,82
Laura White,Data Cleaning & Preprocessing,87.0,67,87,88
Laura White,Understanding Consumer Behavior,77.0,64,65,76
Laura White,Talent Acquisition Strategies,98.0,91,78,91
Laura White,Closing Sales Strategies,75.0,88,64,77
Laura White,Containerization with Docker,96.0,98,50,81
Laura White,AI in Healthcare,79.0,57,88,84
Laura White,Employee Engagement Techniques,97.0,97,62,85
Laura White,Introduction to Content Creation,82.0,94,88,89
Laura White,Ethical Hacking Basics,86.0,61,93,89
Laura White,Project Scheduling Techniques,94.0,87,56,81
Laura White,Vulnerability Assessment,56.0,72,92,79
Ashley Gordon,Data Cleaning & Preprocessing,68.0,71,100,86
Ashley Gordon,Data Visualization with Matplotlib,91.0,83,82,89
Ashley Gordon,Data Analysis with Pandas,51.0,67,91,76
Ashley Gordon,Data Ethics,70.0,65,70,76
Ashley Gordon,Data Analysis for Business Decisions,84.0,65,99,91
Ashley Gordon,Training and Development,98.0,70,61,83
Ashley Gordon,Content Strategy Development,51.0,78,81,74
Ashley Gordon,Cloud Support Fundamentals,52.0,82,100,81
Ashley Gordon,Investing Fundamentals,89.0,95,88,91
Ashley Gordon,Serverless Architecture,55.0,83,86,78
Ashley Gordon,Personal Finance Skills,96.0,94,79,91
Ashley Gordon,Incident Response,98.0,75,83,91
Ashley Gordon,Cryptography Basics,88.0,61,79,85
Ashley Gordon,Conversion Rate Optimization,67.0,91,81,81
Sheila Nguyen,Data Visualization with Matplotlib,83.0,88,80,86
Sheila Nguyen,Data Analysis for Business Decisions,90.0,55,94,90
Sheila Nguyen,Data Ethics,67.0,71,88,81
Sheila Nguyen,Data Cleaning & Preprocessing,88.0,87,72,85
Sheila Nguyen,Data Analysis with Pandas,71.0,96,54,73
Sheila Nguyen,Social Media Content Creation,90.0,52,52,75
Sheila Nguyen,Presentation Skills for Business Analysts,51.0,56,66,67
Sheila Nguyen,Employee Engagement Techniques,89.0,60,86,87
Sheila Nguyen,Network Security Fundamentals,95.0,87,56,82
Sheila Nguyen,Project Management Basics,60.0,93,75,77
Christine Garcia,Data Cleaning & Preprocessing,52.0,69,88,76
Christine Garcia,Data Analysis for Business Decisions,80.0,80,67,79
Christine Garcia,Data Visualization with Matplotlib,85.0,53,55,74
Christine Garcia,Data Ethics,59.0,65,70,72
Christine Garcia,Data Analysis with Pandas,67.0,91,64,75
Christine Garcia,Smart Contracts Development,78.0,77,64,77
Christine Garcia,Introduction to DevOps,99.0,56,83,89
Christine Garcia,React,87.0,52,85,85
Christine Garcia,Introduction to UI/UX Design,81.0,96,92,90
Christine Garcia,Performance Management Systems,52.0,67,72,70
Christine Garcia,Project Management Tools Overview,51.0,86,84,76
Jeremiah Williams,Data Analysis with Pandas,67.0,72,82,79
Jeremiah Williams,Data Ethics,81.0,53,71,78
Jeremiah Williams,Data Visualization with Matplotlib,94.0,67,65,82
Jeremiah Williams,Data Analysis for Business Decisions,71.0,57,55,70
Jeremiah Williams,Data Cleaning & Preprocessing,71.0,99,66,78
Jeremiah Williams,Podcasting Fundamentals,98.0,70,64,84
Jeremiah Williams,Stakeholder Management,68.0,57,82,78
Jeremiah Williams,Tokenomics,89.0,91,92,92
Jeremiah Williams,Design Tools Overview,71.0,78,98,87
Jeremiah Williams,3D Game Development,88.0,77,50,76
James Gonzalez,Data Visualization with Matplotlib,54.0,77,85,76
James Gonzalez,Data Analysis with Pandas,93.0,61,75,85
James Gonzalez,Data Ethics,59.0,74,72,73
James Gonzalez,Data Cleaning & Preprocessing,85.0,63,58,76
James Gonzalez,Data Analysis for Business Decisions,73.0,51,57,71
James Gonzalez,AI in Robotics,82.0,80,86,87
James Gonzalez,Unreal Engine Basics,77.0,59,76,79
James Gonzalez,Introduction to UI/UX Design,64.0,92,70,76
James Gonzalez,Performance Management Systems,65.0,88,66,75
James Gonzalez,Natural Language Processing,58.0,97,61,71
James Gonzalez,Tokenomics,88.0,100,75,87
James Gonzalez,Web Performance Optimization,57.0,51,86,75
Jennifer Garcia,Data Cleaning & Preprocessing,62.0,61,67,71
Jennifer Garcia,Data Analysis with Pandas,65.0,79,66,74
Jennifer Garcia,Data Visualization with Matplotlib,59.0,68,63,70
Jennifer Garcia,Data Ethics,61.0,76,93,81
Jennifer Garcia,Data Analysis for Business Decisions,70.0,76,88,83
Jennifer Garcia,Introduction to Business Analysis,52.0,56,89,75
Jennifer Garcia,Corporate Finance Essentials,55.0,83,52,66
Jennifer Garcia,Design Thinking Process,54.0,99,69,73
Jennifer Garcia,Business Process Modeling,63.0,87,100,86
Jennifer Garcia,E-commerce Development Basics,96.0,55,96,93
Jennifer Garcia,Network Security Fundamentals,53.0,62,82,73
Jennifer Martin,Data Ethics,55.0,89,54,67
Jennifer Martin,Data Cleaning & Preprocessing,80.0,51,88,84
Jennifer Martin,Data Analysis for Business Decisions,72.0,50,87,81
Jennifer Martin,Data Analysis with Pandas,82.0,71,50,73
Jennifer Martin,Data Visualization with Matplotlib,60.0,58,100,82
Jennifer Martin,Sales Fundamentals,61.0,89,96,84
Jennifer Martin,Security Awareness for IT Support,52.0,56,87,74
Jennifer Martin,Social Media Content Creation,97.0,87,70,87
Jennifer Martin,Closing Sales Strategies,87.0,85,94,92
Jennifer Martin,React,93.0,51,71,82
Jennifer Martin,Corporate Finance Essentials,53.0,53,57,64
Jennifer Martin,Ethical Hacking Basics,98.0,97,78,91
Jennifer Martin,MongoDB,78.0,69,60,75
Alexander Pope,Data Ethics,68.0,83,75,78
Alexander Pope,Data Analysis with Pandas,63.0,57,83,77
Alexander Pope,Data Cleaning & Preprocessing,59.0,92,93,82
Alexander Pope,Data Analysis for Business Decisions,98.0,86,66,86
Alexander Pope,Data Visualization with Matplotlib,85.0,96,79,87
Alexander Pope,Social Media Content Creation,74.0,78,93,86
Alexander Pope,React,73.0,51,86,81
Alexander Pope,Speech Recognition Technologies,78.0,55,84,82
Alexander Pope,Deployment & Hosting,66.0,55,54,68
Alexander Pope,Labor Laws and Compliance,86.0,91,76,86
Alexander Pope,Mobile App Design,72.0,64,86,82
Alexander Pope,Understanding Financial Markets,68.0,95,91,85
Maria Moore,Data Analysis for Business Decisions,62.0,64,82,77
Maria Moore,Data Cleaning & Preprocessing,60.0,52,60,67
Maria Moore,Data Ethics,58.0,96,54,69
Maria Moore,Data Visualization with Matplotlib,92.0,53,79,85
Maria Moore,Brand Management Online,52.0,94,100,83
Maria Moore,Tokenomics,54.0,62,99,80
Maria Moore,Statistical Analysis,53.0,87,73,73
Maria Moore,MongoDB,77.0,56,73,78
Maria Moore,Social Media Content Creation,74.0,98,70,80
Maria Moore,Cloud Security Best Practices,99.0,98,57,84
Maria Moore,Backend Development Fundamentals,64.0,66,78,76
Maria Moore,Azure Basics,93.0,74,61,81
Christina Ibarra,Data Visualization with Matplotlib,74.0,72,97,87
Christina Ibarra,Data Cleaning & Preprocessing,73.0,53,85,81
Christina Ibarra,Data Analysis with Pandas,86.0,94,69,84
Christina Ibarra,Data Ethics,53.0,95,96,82
Christina Ibarra,Data Analysis for Business Decisions,67.0,90,76,79
Christina Ibarra,Podcasting Fundamentals,91.0,73,52,77
Christina Ibarra,Tokenomics,52.0,54,74,70
Christina Ibarra,Containerization with Docker,53.0,84,100,82
Christina Ibarra,Game Monetization Strategies,96.0,97,92,95
Christina Ibarra,Customer Service Skills for IT,88.0,84,77,86
Christina Ibarra,Risk Management in Finance,77.0,69,95,87
Christina Ibarra,Introduction to Cloud Computing,54.0,75,87,77
Brandy Lopez,Data Analysis for Business Decisions,75.0,95,97,90
Brandy Lopez,Data Ethics,71.0,100,99,90
Brandy Lopez,Data Visualization with Matplotlib,86.0,67,89,88
Brandy Lopez,Data Analysis with Pandas,73.0,99,67,79
Brandy Lopez,Data Cleaning & Preprocessing,99.0,55,97,94
Brandy Lopez,Digital Sales Techniques,53.0,87,91,79
Brandy Lopez,Understanding Consumer Behavior,63.0,65,60,70
Brandy Lopez,Content Strategy Development,62.0,98,55,71
Brandy Lopez,Building Customer Relationships,83.0,75,93,89
Brandy Lopez,Risk Analysis and Management,70.0,59,81,79
Brandy Lopez,Mobile Testing Strategies,59.0,100,86,81
Brandy Lopez,Analytics for Marketers,79.0,88,93,89
Brandy Lopez,Time Series Analysis,81.0,89,75,84
Brandy Lopez,Editing and Proofreading Techniques,69.0,61,89,81
Brandy Lopez,Blockchain Use Cases,70.0,52,65,72
Stacey Sharp,Data Ethics,79.0,75,57,75
Stacey Sharp,Data Cleaning & Preprocessing,89.0,66,58,78
Stacey Sharp,Data Analysis for Business Decisions,51.0,53,96,77
Stacey Sharp,Data Visualization with Matplotlib,61.0,88,76,77
Stacey Sharp,Data Analysis with Pandas,52.0,57,73,69
Stacey Sharp,Understanding Financial Markets,76.0,57,99,87
Stacey Sharp,Node.js,95.0,51,80,86
Stacey Sharp,Time Management for Sales,93.0,53,54,77
Stacey Sharp,Machine Learning Basics,78.0,78,51,73
Stacey Sharp,Agile Methodologies,83.0,74,90,88
Stacey Sharp,Conflict Resolution in HR,63.0,65,97,82
Stacey Sharp,Content Marketing Strategies,64.0,66,100,84
Stacey Sharp,API Integration in Mobile Apps,73.0,87,70,79
Kelsey Rose,Data Cleaning & Preprocessing,96.0,83,77,89
Kelsey Rose,Data Ethics,57.0,56,67,69
Kelsey Rose,Data Visualization with Matplotlib,70.0,59,65,73
Kelsey Rose,Data Analysis for Business Decisions,83.0,68,100,91
Kelsey Rose,Data Analysis with Pandas,71.0,94,76,81
Kelsey Rose,Social Media Content Creation,73.0,81,72,79
Kelsey Rose,Customer Service Excellence,50.0,79,98,80
Kelsey Rose,Multiplayer Game Development,83.0,90,77,85
Kelsey Rose,Reinforcement Learning Techniques,72.0,79,96,87
Kelsey Rose,Unity Basics,57.0,52,99,80
Kelsey Rose,Project Management Basics,84.0,50,53,73
Kelsey Rose,Model Evaluation,56.0,81,51,66
Kelsey Rose,Cryptography Basics,63.0,93,56,71
Kelsey Rose,E-commerce Development Basics,91.0,66,74,84
Scott Foley,Data Analysis for Business Decisions,69.0,80,83,81
Scott Foley,Data Analysis with Pandas,55.0,89,77,75
Scott Foley,Data Ethics,81.0,61,53,73
Scott Foley,Data Cleaning & Preprocessing,76.0,81,84,84
Scott Foley,Data Visualization with Matplotlib,68.0,81,57,72
Scott Foley,Time Series Analysis,88.0,79,53,77
Scott Foley,Negotiation Techniques,74.0,98,74,82
Scott Foley,Game Testing Techniques,56.0,91,51,67
Scott Foley,Incident Response,96.0,65,83,89
Scott Foley,Content Promotion Strategies,81.0,51,97,87
Scott Foley,Statistical Analysis,58.0,78,65,71
Scott Foley,Malware Analysis,76.0,79,96,88
Kelly Rogers,Data Visualization with Matplotlib,61.0,54,67,70
Kelly Rogers,Data Analysis for Business Decisions,80.0,95,98,92
Kelly Rogers,Data Analysis with Pandas,51.0,98,63,70
Kelly Rogers,Data Cleaning & Preprocessing,100.0,83,81,92
Kelly Rogers,Data Ethics,74.0,58,79,79
Kelly Rogers,Version Control with Git,81.0,50,82,82
Kelly Rogers,Vulnerability Assessment,66.0,52,74,74
Kelly Rogers,Model Evaluation,54.0,97,81,77
Kelly Rogers,Risk Analysis and Management,79.0,93,94,90
Kelly Rogers,AI for Business,96.0,86,51,80
Michael Smith,Data Cleaning & Preprocessing,89.0,67,96,91
Michael Smith,Data Ethics,71.0,92,54,73
Michael Smith,Data Analysis with Pandas,78.0,50,93,85
Michael Smith,Data Visualization with Matplotlib,56.0,98,64,72
Michael Smith,Data Analysis for Business Decisions,99.0,58,80,88
Michael Smith,Social Media Content Creation,66.0,54,82,77
Michael Smith,Hyperledger Basics,59.0,85,74,75
Michael Smith,Editing and Proofreading Techniques,68.0,90,80,81
Michael Smith,Google Cloud Platform Essentials,83.0,63,53,74
Michael Smith,Risk Analysis and Management,98.0,82,83,92
Michael Smith,Web Performance Optimization,58.0,62,74,72
Michael Smith,Cloud Support Fundamentals,81.0,86,71,82
Michael Smith,Podcasting Fundamentals,99.0,100,85,94
Amanda Hayden,Data Analysis for Business Decisions,77.0,70,97,88
Amanda Hayden,Data Visualization with Matplotlib,93.0,70,71,84
Amanda Hayden,Data Cleaning & Preprocessing,74.0,70,95,86
Amanda Hayden,Data Ethics,53.0,68,77,72
Amanda Hayden,Data Analysis with Pandas,77.0,55,72,78
Amanda Hayden,Predictive Analytics,71.0,51,77,77
Amanda Hayden,Budgeting for Projects,81.0,75,87,86
Amanda Hayden,Customer Service Excellence,58.0,100,76,77
Amanda Hayden,Quality Management,82.0,52,82,83
Amanda Hayden,Web Application Security,55.0,70,95,80
Paul Ross,Data Analysis for Business Decisions,50.0,86,51,64
Paul Ross,Data Cleaning & Preprocessing,59.0,99,82,79
Paul Ross,Data Analysis with Pandas,78.0,98,65,80
Paul Ross,Data Ethics,85.0,74,83,86
Paul Ross,Data Visualization with Matplotlib,59.0,99,73,76
Paul Ross,Risk Analysis and Management,62.0,98,65,74
Paul Ross,SEO Best Practices,100.0,58,50,78
Paul Ross,Express.js,95.0,60,91,91
Paul Ross,Networking Basics,56.0,67,97,80
Paul Ross,Model Evaluation,66.0,62,80,77
Paul Ross,Understanding Consumer Behavior,84.0,99,55,79
Paul Ross,Mobile App Design,50.0,75,56,65
Paul Ross,Microservices in Cloud,95.0,88,85,92
Paul Ross,Azure Basics,79.0,55,73,79
Paul Ross,Wireframing and Prototyping,95.0,50,68,82
Alexis Brown,Data Analysis for Business Decisions,75.0,82,88,85
Alexis Brown,Data Cleaning & Preprocessing,89.0,67,96,91
Alexis Brown,Data Visualization with Matplotlib,73.0,76,89,84
Alexis Brown,Data Ethics,58.0,51,56,65
Alexis Brown,Data Analysis with Pandas,81.0,95,65,81
Alexis Brown,Understanding Financial Markets,73.0,75,87,84
Alexis Brown,Performance Management Systems,63.0,57,93,80
Alexis Brown,Natural Language Processing Techniques,100.0,71,72,87
Alexis Brown,Time Management for Sales,95.0,87,92,94
Alexis Brown,AI in Robotics,51.0,97,64,70
Alexis Brown,Introduction to Machine Learning,89.0,85,71,84
Alexis Brown,Corporate Finance Essentials,93.0,99,67,86
Alexis Brown,Risk Management in Projects,60.0,65,61,69
Alexis Brown,Customer Service Excellence,53.0,67,67,69
Alexis Brown,User Interface Design for Mobile Apps,55.0,89,53,67
Eric Santiago,Data Visualization with Matplotlib,58.0,77,51,66
Eric Santiago,Data Analysis for Business Decisions,57.0,51,78,72
Eric Santiago,Data Ethics,71.0,86,57,73
Eric Santiago,Data Cleaning & Preprocessing,90.0,89,73,86
Eric Santiago,Data Analysis with Pandas,88.0,59,77,84
Eric Santiago,Operating Systems Overview,71.0,97,70,79
Eric Santiago,AI in Robotics,82.0,59,97,89
Eric Santiago,Hardware Repair Skills,60.0,71,50,66
Eric Santiago,Blockchain Security,79.0,73,56,75
Eric Santiago,AI in IoT,70.0,96,53,73
Eric Santiago,Google Ads Fundamentals,85.0,94,73,85
Eric Santiago,Consensus Algorithms,95.0,73,80,89
Wendy Price,Data Analysis for Business Decisions,64.0,71,50,67
Wendy Price,Data Analysis with Pandas,100.0,84,61,85
Wendy Price,Data Visualization with Matplotlib,65.0,82,54,70
Wendy Price,Data Cleaning & Preprocessing,98.0,65,86,91
Wendy Price,Data Ethics,81.0,62,59,75
Wendy Price,Automating Cloud Deployments,62.0,55,74,73
Wendy Price,Financial Reporting Standards,59.0,51,90,77
Wendy Price,Supervised Learning,69.0,59,70,75
Wendy Price,Deployment & Hosting,94.0,65,64,82
Wendy Price,Security Awareness for IT Support,58.0,50,50,63
Wendy Price,Hardware Repair Skills,67.0,61,86,80
Wendy Price,Express.js,67.0,99,58,74
Wendy Price,AI in IoT,70.0,85,92,85
David Durham,Data Visualization with Matplotlib,71.0,59,60,72
David Durham,Data Analysis with Pandas,94.0,68,68,83
David Durham,Data Cleaning & Preprocessing,83.0,65,65,78
David Durham,Data Analysis for Business Decisions,66.0,85,57,72
David Durham,Data Ethics,67.0,82,53,70
David Durham,Training and Development,67.0,83,77,79
David Durham,Email Marketing Basics,72.0,95,92,87
David Durham,Remote Support Techniques,93.0,50,94,90
David Durham,Podcasting Fundamentals,64.0,92,68,75
David Durham,Introduction to Blockchain,63.0,96,73,77
David Durham,Blogging for Beginners,83.0,76,79,84
David Durham,Computer Vision Applications,87.0,64,74,83
David Durham,Agile Project Management,79.0,76,81,84
James French Jr.,Data Analysis for Business Decisions,87.0,64,77,84
James French Jr.,Data Ethics,60.0,53,88,77
James French Jr.,Data Cleaning & Preprocessing,70.0,96,98,88
James French Jr.,Data Analysis with Pandas,59.0,76,78,76
James French Jr.,Data Visualization with Matplotlib,70.0,56,83,79
James French Jr.,API Development,65.0,77,56,70
James French Jr.,Hyperledger Basics,53.0,61,78,72
James French Jr.,Introduction to Game Development,68.0,96,96,87
James French Jr.,Financial Planning and Forecasting,76.0,91,55,75
James French Jr.,Model Evaluation,62.0,69,64,71
James French Jr.,Security Awareness for IT Support,80.0,77,54,75
James French Jr.,Consensus Algorithms,65.0,97,60,73
James French Jr.,Project Management Basics,78.0,87,96,90
James French Jr.,Stakeholder Analysis,70.0,70,64,74
Amanda Steele,Data Cleaning & Preprocessing,54.0,87,94,80
Amanda Steele,Data Ethics,96.0,83,55,81
Amanda Steele,Data Visualization with Matplotlib,95.0,60,51,77
Amanda Steele,Data Analysis with Pandas,63.0,52,95,80
Amanda Steele,Data Analysis for Business Decisions,55.0,64,58,66
Amanda Steele,Cloud Security Best Practices,83.0,61,51,73
Amanda Steele,ITIL Foundations,75.0,94,52,74
Amanda Steele,Blockchain Use Cases,97.0,71,83,90
Amanda Steele,HTML & CSS,64.0,72,57,70
Amanda Steele,Training and Development,91.0,63,83,87
Amanda Steele,AI in Robotics,57.0,77,51,66
Amanda Steele,Backend Development Fundamentals,59.0,95,74,76
Amanda Steele,SWOT Analysis for Business,62.0,70,76,75
Amanda Steele,Investing Fundamentals,93.0,64,75,85
Amanda Steele,Python for Data Science,60.0,80,87,79
Deborah Turner,Data Ethics,92.0,58,64,80
Deborah Turner,Data Analysis with Pandas,75.0,72,50,71
Deborah Turner,Data Cleaning & Preprocessing,91.0,66,52,77
Deborah Turner,Data Visualization with Matplotlib,100.0,80,53,82
Deborah Turner,Data Analysis for Business Decisions,79.0,97,95,91
Deborah Turner,Containerization with Docker,61.0,98,82,80
Deborah Turner,3D Game Development,72.0,50,71,75
Deborah Turner,Mobile App Design,60.0,85,82,78
Deborah Turner,Business Case Development,80.0,92,55,76
Deborah Turner,Collaboration Tools in DevOps,94.0,55,100,93
Bryan Romero,Data Cleaning & Preprocessing,83.0,99,84,88
Bryan Romero,Data Analysis for Business Decisions,57.0,53,64,68
Bryan Romero,Data Visualization with Matplotlib,81.0,53,68,77
Bryan Romero,Data Ethics,100.0,50,91,92
Bryan Romero,Data Analysis with Pandas,54.0,63,73,71
Bryan Romero,2D Game Development,73.0,86,100,89
Bryan Romero,RESTful Services,93.0,73,84,89
Bryan Romero,Talent Acquisition Strategies,66.0,87,71,77
Bryan Romero,Cryptography Basics,50.0,63,52,62
Bryan Romero,Virtual Reality Development,93.0,76,99,95
Bryan Romero,Web Performance Optimization,63.0,53,60,68
Bryan Romero,Security in Cloud Computing,90.0,80,83,89
Bryan Romero,Progressive Web Apps (PWAs),97.0,72,80,89
Stephen Hale,Data Cleaning & Preprocessing,84.0,75,65,80
Stephen Hale,Data Visualization with Matplotlib,75.0,55,85,82
Stephen Hale,Data Ethics,84.0,92,63,81
Stephen Hale,Data Analysis with Pandas,78.0,75,84,84
Stephen Hale,Data Analysis for Business Decisions,56.0,88,72,74
Stephen Hale,Smart Contracts Development,95.0,59,63,81
Stephen Hale,Publishing Mobile Apps,85.0,71,93,89
Stephen Hale,Frontend Development Basics,70.0,97,56,74
Stephen Hale,Cloud Cost Management,58.0,95,79,77
Stephen Hale,Deep Learning with TensorFlow,91.0,77,54,78
Dana Brown,Data Analysis with Pandas,57.0,93,65,72
Dana Brown,Data Visualization with Matplotlib,58.0,65,83,76
Dana Brown,Data Ethics,67.0,57,69,73
Dana Brown,Data Analysis for Business Decisions,79.0,95,55,76
Dana Brown,Data Cleaning & Preprocessing,59.0,94,97,84
Dana Brown,Predictive Analytics,90.0,76,94,92
Dana Brown,Hardware Repair Skills,51.0,96,60,68
Dana Brown,Malware Analysis,80.0,81,71,81
Dana Brown,Customer Service Excellence,59.0,50,73,71
Dana Brown,Conversion Rate Optimization,99.0,72,76,88
Dana Brown,Understanding Consumer Behavior,91.0,76,91,91
Dana Brown,Computer Vision Basics,85.0,94,56,79
Dana Brown,Blockchain Security,51.0,96,81,76
Dana Brown,Natural Language Processing,86.0,97,80,88
Erin Mccoy,Data Cleaning & Preprocessing,97.0,96,53,82
Erin Mccoy,Data Analysis for Business Decisions,89.0,79,79,87
Erin Mccoy,Data Analysis with Pandas,65.0,95,93,85
Erin Mccoy,Data Visualization with Matplotlib,51.0,62,94,77
Erin Mccoy,Data Ethics,100.0,99,66,88
Erin Mccoy,Agile Project Management,82.0,65,82,84
Erin Mccoy,Publishing Mobile Apps,60.0,70,58,68
Erin Mccoy,Building Customer Relationships,71.0,98,71,79
Erin Mccoy,Podcasting Fundamentals,64.0,95,73,77
Erin Mccoy,Stakeholder Management,76.0,70,91,85
Brad Doyle,Data Visualization with Matplotlib,62.0,72,99,84
Brad Doyle,Data Ethics,85.0,80,59,78
Brad Doyle,Data Cleaning & Preprocessing,56.0,82,100,83
Brad Doyle,Data Analysis with Pandas,51.0,89,93,79
Brad Doyle,Data Analysis for Business Decisions,78.0,65,84,83
Brad Doyle,Mobile App Security,62.0,98,65,74
Brad Doyle,Quality Management,85.0,60,59,76
Brad Doyle,Investing Fundamentals,99.0,94,59,85
Brad Doyle,Understanding Consumer Behavior,64.0,66,53,68
Brad Doyle,Editing and Proofreading Techniques,89.0,59,52,75
Brad Doyle,Container Orchestration with Kubernetes,76.0,73,70,78
Brad Doyle,Sales Fundamentals,97.0,71,55,80
Brad Doyle,Google Cloud Platform Essentials,94.0,75,73,86
Brad Doyle,Affiliate Marketing,57.0,71,51,65
Latasha Mann,Data Ethics,53.0,98,71,73
Latasha Mann,Data Visualization with Matplotlib,51.0,84,85,76
Latasha Mann,Data Analysis for Business Decisions,93.0,91,78,89
Latasha Mann,Data Analysis with Pandas,53.0,90,67,71
Latasha Mann,Ethics in AI,67.0,51,89,80
Latasha Mann,SEO Best Practices,51.0,87,100,82
Latasha Mann,Introduction to Machine Learning,94.0,82,66,84
Latasha Mann,Configuration Management with Ansible,90.0,60,86,88
Latasha Mann,Content Management Systems (CMS),60.0,74,55,68
Latasha Mann,Deployment & Hosting,89.0,61,73,83
Latasha Mann,Version Control with Git,50.0,70,57,64
John Todd,Data Analysis for Business Decisions,80.0,94,61,79
John Todd,Data Analysis with Pandas,50.0,64,93,76
John Todd,Data Cleaning & Preprocessing,87.0,100,97,94
John Todd,Data Ethics,100.0,99,93,97
John Todd,Data Visualization with Matplotlib,88.0,89,87,90
John Todd,AI in Healthcare,65.0,61,57,69
John Todd,API Integration in Mobile Apps,87.0,98,52,78
John Todd,User Interface Design for Mobile Apps,72.0,72,57,72
John Todd,Progressive Web Apps (PWAs),66.0,54,54,67
John Todd,Web Performance Optimization,75.0,66,97,87
John Todd,Video Production Basics,88.0,82,81,87
John Todd,Customer Service Excellence,91.0,80,95,93
John Todd,HR Technology Tools,81.0,81,76,83
Alexander Lopez,Data Visualization with Matplotlib,92.0,65,52,77
Alexander Lopez,Data Cleaning & Preprocessing,56.0,74,100,82
Alexander Lopez,Data Ethics,69.0,88,60,74
Alexander Lopez,Data Analysis with Pandas,69.0,89,79,81
Alexander Lopez,Data Analysis for Business Decisions,72.0,57,93,83
Alexander Lopez,Risk Analysis and Management,89.0,74,87,89
Alexander Lopez,Serverless Architecture,57.0,64,91,78
Alexander Lopez,Diversity and Inclusion Initiatives,68.0,63,84,79
Alexander Lopez,AI in IoT,52.0,100,79,76
Alexander Lopez,Reinforcement Learning Techniques,76.0,88,87,86
Kimberly Ayala,Data Analysis with Pandas,79.0,75,79,83
Kimberly Ayala,Data Analysis for Business Decisions,57.0,79,88,79
Kimberly Ayala,Data Visualization with Matplotlib,63.0,59,62,70
Kimberly Ayala,Data Cleaning & Preprocessing,68.0,81,77,79
Kimberly Ayala,Data Ethics,59.0,60,61,68
Kimberly Ayala,Deep Learning Fundamentals,69.0,58,83,79
Kimberly Ayala,JavaScript Basics,64.0,88,65,74
Kimberly Ayala,Serverless Architecture,97.0,62,99,95
Kimberly Ayala,Remote Support Techniques,50.0,50,58,63
Kimberly Ayala,API Development,75.0,89,87,86
Kimberly Ayala,Design Tools Overview,75.0,88,50,73
Kimberly Ayala,Speech Recognition Technologies,75.0,54,69,76
Jessica Rodriguez,Data Ethics,71.0,58,95,84
Jessica Rodriguez,Data Visualization with Matplotlib,75.0,73,95,87
Jessica Rodriguez,Data Analysis for Business Decisions,76.0,55,83,81
Jessica Rodriguez,Data Cleaning & Preprocessing,66.0,74,54,69
Jessica Rodriguez,Data Analysis with Pandas,91.0,80,97,94
Jessica Rodriguez,Sales Analytics,50.0,84,53,64
Jessica Rodriguez,SEO Best Practices,77.0,85,82,84
Jessica Rodriguez,Web Accessibility Standards,58.0,89,57,69
Jessica Rodriguez,Personal Finance Skills,57.0,60,84,75
Jessica Rodriguez,Malware Analysis,74.0,54,97,85
Jessica Rodriguez,Tokenomics,72.0,85,74,80
Jessica Rodriguez,Publishing Mobile Apps,82.0,54,72,79
Jessica Rodriguez,SEO Fundamentals,58.0,93,75,76
Jessica Rodriguez,Financial Reporting Standards,60.0,63,55,67
Brooke Johnson,Data Cleaning & Preprocessing,60.0,63,82,76
Brooke Johnson,Data Ethics,64.0,53,100,83
Brooke Johnson,Data Visualization with Matplotlib,85.0,96,54,78
Brooke Johnson,Data Analysis with Pandas,90.0,71,100,94
Brooke Johnson,Data Analysis for Business Decisions,89.0,72,97,92
Brooke Johnson,Malware Analysis,66.0,50,68,72
Brooke Johnson,Project Management Basics,86.0,54,94,88
Brooke Johnson,Speech Recognition Technologies,77.0,88,54,75
Brooke Johnson,Decentralized Applications (DApps),81.0,92,52,76
Brooke Johnson,Reinforcement Learning,68.0,90,86,83
Brooke Johnson,Risk Analysis and Management,66.0,97,88,84
David Petersen,Data Ethics,64.0,52,88,78
David Petersen,Data Analysis for Business Decisions,88.0,52,91,88
David Petersen,Data Cleaning & Preprocessing,64.0,67,83,78
David Petersen,Data Visualization with Matplotlib,65.0,72,57,70
David Petersen,Data Analysis with Pandas,96.0,99,85,93
David Petersen,Conversion Rate Optimization,67.0,72,86,81
David Petersen,2D Game Development,62.0,72,54,68
David Petersen,Big Data with Spark,88.0,85,86,89
David Petersen,Natural Language Processing Techniques,59.0,67,70,72
David Petersen,API Development,57.0,51,73,71
David Petersen,Editing and Proofreading Techniques,64.0,52,92,80
David Petersen,Stakeholder Management,62.0,88,79,78
David Petersen,Web Application Security,87.0,71,67,81
David Petersen,Security Awareness for IT Support,55.0,99,71,74
Curtis Davis,Data Analysis with Pandas,71.0,99,84,84
Curtis Davis,Data Ethics,55.0,77,80,75
Curtis Davis,Data Cleaning & Preprocessing,74.0,74,95,87
Curtis Davis,Data Analysis for Business Decisions,98.0,61,95,94
Curtis Davis,Data Visualization with Matplotlib,88.0,89,65,82
Curtis Davis,RESTful Services,73.0,58,55,71
Curtis Davis,Google Cloud Platform Essentials,60.0,90,69,74
Curtis Davis,MongoDB,80.0,93,79,85
Curtis Davis,Understanding Consumer Behavior,55.0,63,79,73
Curtis Davis,Requirements Gathering Techniques,100.0,73,85,92
Curtis Davis,Budgeting Basics,72.0,78,73,79
Curtis Davis,Game Testing Techniques,73.0,99,69,80
Paul Robinson,Data Visualization with Matplotlib,68.0,78,92,84
Paul Robinson,Data Analysis with Pandas,63.0,88,68,75
Paul Robinson,Data Analysis for Business Decisions,51.0,53,92,75
Paul Robinson,Data Cleaning & Preprocessing,94.0,59,58,79
Paul Robinson,Data Ethics,60.0,93,89,81
Paul Robinson,Google Cloud Platform Essentials,69.0,66,83,80
Paul Robinson,Usability Testing,54.0,98,52,67
Paul Robinson,Microservices in Cloud,53.0,73,96,79
Paul Robinson,Monitoring and Logging,98.0,90,66,86
Paul Robinson,User Interface Design for Mobile Apps,72.0,58,58,71
Paul Robinson,API Integration in Mobile Apps,96.0,55,90,91
Paul Robinson,Responsive Design Principles,87.0,58,73,82
Paul Robinson,Statistical Analysis,76.0,85,94,88
Paul Robinson,Hyperledger Basics,73.0,90,93,87
Jeffery Harper,Data Ethics,92.0,66,83,88
Jeffery Harper,Data Visualization with Matplotlib,70.0,75,91,84
Jeffery Harper,Data Cleaning & Preprocessing,82.0,75,52,74
Jeffery Harper,Data Analysis with Pandas,77.0,75,86,85
Jeffery Harper,Data Analysis for Business Decisions,71.0,58,96,84
Jeffery Harper,SEO Fundamentals,60.0,56,65,69
Jeffery Harper,Business Case Development,66.0,97,67,76
Jeffery Harper,Google Cloud Platform Essentials,87.0,78,65,81
Jeffery Harper,Ethereum Development,98.0,96,59,85
Jeffery Harper,Virtual Reality Development,52.0,83,56,66
Jeffery Harper,Closing Sales Strategies,52.0,67,58,65
Jeffery Harper,Ethical Hacking Basics,80.0,82,68,80
Kelly Reynolds,Data Visualization with Matplotlib,67.0,57,92,81
Kelly Reynolds,Data Analysis for Business Decisions,96.0,74,83,90
Kelly Reynolds,Data Ethics,54.0,66,99,80
Kelly Reynolds,Data Cleaning & Preprocessing,93.0,89,60,82
Kelly Reynolds,Data Analysis with Pandas,93.0,61,69,83
Kelly Reynolds,Business Process Modeling,70.0,50,64,72
Kelly Reynolds,Wireframing and Prototyping,55.0,97,77,76
Kelly Reynolds,Consensus Algorithms,82.0,87,80,85
Kelly Reynolds,Frontend Development Basics,67.0,83,67,75
Kelly Reynolds,Big Data with Spark,59.0,98,90,82
Sarah Rogers,Data Analysis with Pandas,92.0,77,95,93
Sarah Rogers,Data Analysis for Business Decisions,61.0,82,68,73
Sarah Rogers,Data Ethics,58.0,94,81,78
Sarah Rogers,Data Cleaning & Preprocessing,59.0,84,82,78
Sarah Rogers,Data Visualization with Matplotlib,85.0,95,94,92
Sarah Rogers,2D Game Development,92.0,63,56,78
Sarah Rogers,Introduction to IT Support,61.0,69,98,83
Sarah Rogers,Influencer Marketing,98.0,78,79,90
Sarah Rogers,Serverless Architecture,52.0,82,81,75
Sarah Rogers,Understanding Consumer Behavior,51.0,54,90,75
Loretta Orr,Data Visualization with Matplotlib,86.0,86,53,77
Loretta Orr,Data Analysis with Pandas,79.0,88,97,90
Loretta Orr,Data Analysis for Business Decisions,79.0,83,76,83
Loretta Orr,Data Cleaning & Preprocessing,52.0,55,51,62
Loretta Orr,Stakeholder Management,73.0,88,54,73
Loretta Orr,2D Game Development,85.0,75,50,75
Loretta Orr,Google Ads Fundamentals,58.0,62,52,65
Loretta Orr,Introduction to Business Analysis,84.0,64,68,80
Loretta Orr,Wireframing and Prototyping,63.0,62,52,66
Loretta Orr,Introduction to Game Development,91.0,81,93,92
Loretta Orr,AWS Fundamentals,83.0,94,52,77
Nicholas Smith,Data Ethics,94.0,63,61,81
Nicholas Smith,Data Cleaning & Preprocessing,52.0,88,81,75
Nicholas Smith,Data Analysis with Pandas,55.0,53,97,78
Nicholas Smith,Data Analysis for Business Decisions,94.0,99,98,97
Nicholas Smith,Data Visualization with Matplotlib,56.0,90,85,78
Nicholas Smith,Understanding Financial Markets,78.0,51,96,86
Nicholas Smith,Performance Management Systems,90.0,87,86,90
Nicholas Smith,AI in Healthcare,61.0,98,78,78
Nicholas Smith,Time Series Analysis,99.0,100,59,85
Nicholas Smith,Influencer Marketing,50.0,70,100,80
Nicholas Smith,Agile Methodologies,72.0,80,65,76
Nicholas Smith,Diversity and Inclusion Initiatives,85.0,99,66,83
Nicholas Smith,AWS Fundamentals,67.0,98,77,80
Nicholas Smith,SEO Fundamentals,98.0,68,94,94
Ian Hernandez,Data Ethics,91.0,61,75,84
Ian Hernandez,Data Cleaning & Preprocessing,92.0,72,76,86
Ian Hernandez,Data Analysis for Business Decisions,54.0,95,91,80
Ian Hernandez,Data Visualization with Matplotlib,81.0,91,92,90
Ian Hernandez,Data Analysis with Pandas,100.0,82,89,94
Ian Hernandez,Negotiation Techniques,78.0,89,64,79
Ian Hernandez,Social Media Marketing,75.0,58,50,70
Ian Hernandez,Agile Project Management,63.0,74,55,69
Ian Hernandez,Agile Methodologies,88.0,52,57,76
Ian Hernandez,Progressive Web Apps (PWAs),85.0,58,57,76
Ian Hernandez,Risk Management in Projects,88.0,68,55,77
Ian Hernandez,Financial Planning and Forecasting,64.0,91,79,79
Ian Hernandez,Google Ads Fundamentals,95.0,66,90,91
Ian Hernandez,Cryptography Basics,81.0,76,69,80
Ian Hernandez,Editing and Proofreading Techniques,59.0,77,59,69
Lindsay Williams,Data Ethics,57.0,69,72,72
Lindsay Williams,Data Cleaning & Preprocessing,68.0,78,77,79
Lindsay Williams,Data Analysis with Pandas,54.0,76,81,75
Lindsay Williams,Data Analysis for Business Decisions,80.0,78,55,75
Lindsay Williams,Data Visualization with Matplotlib,97.0,52,74,85
Lindsay Williams,Introduction to Blockchain,81.0,72,91,87
Lindsay Williams,Understanding Consumer Behavior,99.0,57,50,78
Lindsay Williams,Understanding Financial Markets,89.0,73,51,76
Lindsay Williams,Performance Management Systems,92.0,75,100,95
Lindsay Williams,Cloud Support Fundamentals,53.0,70,69,70
Lindsay Williams,Labor Laws and Compliance,67.0,98,64,76
Brian Patel,Data Analysis with Pandas,96.0,100,63,86
Brian Patel,Data Cleaning & Preprocessing,92.0,70,75,85
Brian Patel,Data Visualization with Matplotlib,69.0,100,77,81
Brian Patel,Data Analysis for Business Decisions,54.0,53,89,75
Brian Patel,Data Ethics,58.0,98,60,71
Brian Patel,AI in Healthcare,87.0,63,71,82
Brian Patel,Deep Learning Fundamentals,96.0,90,59,83
Brian Patel,Unsupervised Learning,91.0,73,100,94
Brian Patel,RESTful Services,93.0,87,60,82
Brian Patel,Security in Cloud Computing,81.0,78,53,75
Brian Patel,Ethical Hacking Basics,85.0,68,64,79
Brian Patel,Mobile Testing Strategies,76.0,100,55,76
Brian Patel,Communication Skills for Project Managers,81.0,95,60,79
Brian Patel,Monitoring and Logging,51.0,98,63,70
Brian Patel,User Research Techniques,87.0,58,64,79
Robin Porter,Data Visualization with Matplotlib,55.0,62,52,64
Robin Porter,Data Cleaning & Preprocessing,92.0,82,90,92
Robin Porter,Data Analysis for Business Decisions,57.0,97,79,77
Robin Porter,Data Analysis with Pandas,60.0,57,53,65
Robin Porter,Data Ethics,73.0,62,57,72
Robin Porter,Introduction to Finance,81.0,68,80,83
Robin Porter,Computer Vision Applications,53.0,87,62,69
Robin Porter,Monitoring and Logging,83.0,93,71,83
Robin Porter,Introduction to Machine Learning,56.0,69,66,70
Robin Porter,2D Game Development,95.0,56,62,81
Robin Porter,Introduction to Human Resources,60.0,71,92,80
Robin Porter,Google Cloud Platform Essentials,63.0,83,84,80
Robin Eaton,Data Cleaning & Preprocessing,91.0,77,69,84
Robin Eaton,Data Analysis with Pandas,76.0,53,70,76
Robin Eaton,Data Ethics,57.0,66,94,79
Robin Eaton,Data Visualization with Matplotlib,53.0,74,52,64
Robin Eaton,Data Analysis for Business Decisions,100.0,83,79,91
Robin Eaton,Mobile Testing Strategies,61.0,83,85,79
Robin Eaton,Google Ads Fundamentals,93.0,84,65,84
Robin Eaton,Unreal Engine Basics,61.0,83,58,70
Robin Eaton,Hardware Repair Skills,90.0,72,94,92
Robin Eaton,HR Technology Tools,68.0,54,92,81
Robin Eaton,SWOT Analysis for Business,62.0,64,97,82
Robin Eaton,Introduction to Content Creation,92.0,58,78,85
James Holland,Data Visualization with Matplotlib,59.0,78,65,71
James Holland,Data Analysis for Business Decisions,85.0,87,89,90
James Holland,Data Cleaning & Preprocessing,86.0,74,81,86
James Holland,Data Analysis with Pandas,100.0,87,83,93
James Holland,Data Ethics,64.0,95,83,81
James Holland,Corporate Finance Essentials,53.0,99,68,72
James Holland,Microservices in Cloud,53.0,58,89,75
James Holland,Communication Skills for Project Managers,98.0,51,82,88
James Holland,API Development,53.0,75,86,76
James Holland,AI in IoT,61.0,58,96,81
George Holder,Data Analysis for Business Decisions,70.0,75,60,73
George Holder,Data Visualization with Matplotlib,51.0,86,95,80
George Holder,Data Ethics,60.0,80,81,77
George Holder,Data Analysis with Pandas,75.0,51,85,81
George Holder,Data Cleaning & Preprocessing,54.0,95,85,78
George Holder,Big Data with Spark,54.0,64,67,69
George Holder,Supervised Learning,55.0,56,93,77
George Holder,Brand Management Online,96.0,87,73,88
George Holder,JavaScript Basics,95.0,82,55,81
George Holder,Publishing Mobile Apps,82.0,79,58,77
George Holder,Machine Learning Basics,62.0,63,90,80
George Holder,User Interface Design for Mobile Apps,65.0,85,57,71
George Holder,SEO Fundamentals,56.0,59,97,79
George Holder,Continuous Integration and Delivery,82.0,76,88,87
Amy Phillips,Data Analysis for Business Decisions,62.0,93,54,70
Amy Phillips,Data Analysis with Pandas,76.0,70,86,84
Amy Phillips,Data Cleaning & Preprocessing,72.0,99,59,76
Amy Phillips,Data Ethics,59.0,87,98,84
Amy Phillips,Data Visualization with Matplotlib,66.0,59,95,82
Amy Phillips,Interaction Design Principles,97.0,81,79,90
Amy Phillips,Sales Fundamentals,96.0,62,51,78
Amy Phillips,Ethical Hacking Basics,52.0,100,73,74
Amy Phillips,React,85.0,95,67,83
Amy Phillips,Remote Support Techniques,72.0,55,96,84
Amy Phillips,Game Monetization Strategies,50.0,67,54,63
Amy Phillips,Serverless Architecture,61.0,86,99,85
Amy Phillips,Quality Management,76.0,96,72,81
Kristen Garrett,Data Analysis for Business Decisions,89.0,78,61,80
Kristen Garrett,Data Visualization with Matplotlib,72.0,64,83,81
Kristen Garrett,Data Analysis with Pandas,93.0,98,52,81
Kristen Garrett,Data Ethics,73.0,88,74,80
Kristen Garrett,Data Cleaning & Preprocessing,87.0,94,59,80
Kristen Garrett,Introduction to IT Support,61.0,91,84,80
Kristen Garrett,Content Promotion Strategies,54.0,93,56,68
Kristen Garrett,Mobile Testing Strategies,83.0,76,74,83
Kristen Garrett,Deployment & Hosting,51.0,50,51,61
Kristen Garrett,Infrastructure as Code,95.0,59,53,78
Kristen Garrett,AI in Healthcare,78.0,79,79,83
Kristen Garrett,Introduction to Business Analysis,74.0,78,94,87
Kristen Garrett,Ethical Hacking Basics,69.0,82,53,71
Kristen Garrett,SEO Best Practices,57.0,57,89,77
Natalie Hernandez,Data Cleaning & Preprocessing,64.0,73,68,73
Natalie Hernandez,Data Visualization with Matplotlib,82.0,98,75,85
Natalie Hernandez,Data Analysis with Pandas,95.0,94,98,97
Natalie Hernandez,Data Ethics,55.0,55,50,62
Natalie Hernandez,Data Analysis for Business Decisions,58.0,83,51,66
Natalie Hernandez,Affiliate Marketing,90.0,76,93,92
Natalie Hernandez,Consensus Algorithms,95.0,75,57,81
Natalie Hernandez,Digital Sales Techniques,84.0,89,50,76
Natalie Hernandez,Predictive Analytics,95.0,60,73,85
Natalie Hernandez,Cryptocurrency Fundamentals,69.0,62,95,84
Natalie Hernandez,Editing and Proofreading Techniques,97.0,90,53,82
Christine Long,Data Analysis with Pandas,73.0,79,76,80
Christine Long,Data Cleaning & Preprocessing,73.0,84,82,83
Christine Long,Data Visualization with Matplotlib,52.0,97,82,77
Christine Long,Data Analysis for Business Decisions,69.0,70,52,69
Christine Long,Data Ethics,77.0,92,51,74
Christine Long,Risk Management in Projects,60.0,77,75,75
Christine Long,Deployment of ML Models,93.0,64,85,89
Christine Long,Azure Basics,80.0,67,53,73
Christine Long,Quality Management,73.0,61,79,79
Christine Long,Version Control with Git,69.0,96,60,75
Christine Long,Security Awareness for IT Support,96.0,91,79,90
Christine Long,Sales Analytics,56.0,80,77,75
Jordan York,Data Analysis for Business Decisions,59.0,50,56,65
Jordan York,Data Cleaning & Preprocessing,94.0,73,56,80
Jordan York,Data Ethics,65.0,80,99,85
Jordan York,Data Analysis with Pandas,62.0,60,86,78
Jordan York,Data Visualization with Matplotlib,70.0,97,50,72
Jordan York,Analytics for Marketers,74.0,87,99,89
Jordan York,Blockchain Use Cases,86.0,84,55,78
Jordan York,Collaboration Tools in DevOps,70.0,99,74,80
Jordan York,SWOT Analysis for Business,63.0,92,94,84
Jordan York,RESTful Services,80.0,76,86,86
Jordan York,Game Testing Techniques,82.0,81,82,86
Jordan York,AI in Robotics,69.0,82,87,83
Jessica Villanueva,Data Visualization with Matplotlib,63.0,62,67,72
Jessica Villanueva,Data Analysis with Pandas,71.0,67,67,75
Jessica Villanueva,Data Analysis for Business Decisions,95.0,85,78,89
Jessica Villanueva,Data Cleaning & Preprocessing,53.0,96,63,70
Jessica Villanueva,Data Ethics,88.0,81,98,93
Jessica Villanueva,Git & GitHub,75.0,80,65,77
Jessica Villanueva,Mobile App Design,52.0,58,76,71
Jessica Villanueva,Blockchain Use Cases,66.0,72,79,78
Jessica Villanueva,Employee Engagement Techniques,52.0,59,50,62
Jessica Villanueva,Google Cloud Platform Essentials,81.0,64,88,86
Jessica Villanueva,Introduction to DevOps,96.0,95,70,88
Robert Mendez,Data Analysis with Pandas,89.0,96,59,81
Robert Mendez,Data Visualization with Matplotlib,52.0,66,82,74
Robert Mendez,Data Ethics,80.0,53,88,84
Robert Mendez,Data Analysis for Business Decisions,85.0,58,64,78
Robert Mendez,Data Cleaning & Preprocessing,94.0,82,80,89
Robert Mendez,Mobile App Security,80.0,75,95,89
Robert Mendez,Blockchain Use Cases,66.0,97,68,77
Robert Mendez,Remote Support Techniques,76.0,59,99,87
Robert Mendez,Security Awareness for IT Support,67.0,80,54,70
Robert Mendez,Design Tools Overview,85.0,78,73,83
Scott Martin,Data Visualization with Matplotlib,76.0,99,93,89
Scott Martin,Data Ethics,77.0,97,83,86
Scott Martin,Data Cleaning & Preprocessing,83.0,60,54,74
Scott Martin,Data Analysis with Pandas,74.0,87,64,77
Scott Martin,Performance Management Systems,81.0,61,83,83
Scott Martin,Ethics in AI,79.0,82,92,88
Scott Martin,Email Marketing Basics,79.0,60,99,88
Scott Martin,Responsive Web Design,77.0,92,99,91
Scott Martin,AI in Healthcare,58.0,56,75,72
Scott Martin,Podcasting Fundamentals,97.0,93,64,86
Scott Martin,Sales Analytics,89.0,62,52,76
Scott Martin,Machine Learning Basics,81.0,78,88,87
Jose Jackson,Data Analysis for Business Decisions,66.0,50,64,70
Jose Jackson,Data Visualization with Matplotlib,98.0,95,88,95
Jose Jackson,Data Cleaning & Preprocessing,68.0,70,87,81
Jose Jackson,Data Analysis with Pandas,80.0,51,71,78
Jose Jackson,Data Ethics,51.0,77,50,63
Jose Jackson,Conflict Resolution in HR,64.0,91,57,71
Jose Jackson,Tokenomics,87.0,96,58,80
Jose Jackson,Big Data with Spark,69.0,70,51,69
Jose Jackson,AI in IoT,55.0,57,73,70
Jose Jackson,RESTful Services,95.0,91,73,88
Jose Jackson,Digital Sales Techniques,97.0,61,99,95
Jose Jackson,Supervised Learning,92.0,84,55,80
Sherry Nelson,Data Analysis for Business Decisions,79.0,65,69,78
Sherry Nelson,Data Ethics,92.0,64,75,85
Sherry Nelson,Data Cleaning & Preprocessing,85.0,67,59,77
Sherry Nelson,Data Visualization with Matplotlib,76.0,92,72,81
Sherry Nelson,Data Analysis with Pandas,100.0,52,77,87
Sherry Nelson,Stakeholder Analysis,60.0,56,75,73
Sherry Nelson,iOS Development Basics,76.0,80,97,89
Sherry Nelson,Conflict Resolution in HR,74.0,64,63,74
Sherry Nelson,Malware Analysis,51.0,51,68,67
Sherry Nelson,HR Technology Tools,68.0,55,82,78
Sherry Nelson,Presentation Skills for Business Analysts,72.0,79,90,85
Sherry Nelson,Risk Management in Projects,94.0,79,82,90
Sherry Nelson,Budgeting Basics,58.0,66,56,66
Michael Miller,Data Visualization with Matplotlib,95.0,62,84,89
Michael Miller,Data Ethics,91.0,72,74,85
Michael Miller,Data Cleaning & Preprocessing,73.0,79,56,73
Michael Miller,Data Analysis for Business Decisions,84.0,81,86,88
Michael Miller,Data Analysis with Pandas,69.0,55,69,74
Michael Miller,Budgeting for Projects,83.0,64,65,78
Michael Miller,Interaction Design Principles,56.0,63,61,67
Michael Miller,Remote Support Techniques,75.0,69,78,80
Michael Miller,API Integration in Mobile Apps,99.0,79,65,85
Michael Miller,Risk Management in Projects,86.0,60,72,81
Michael Miller,RESTful Services,87.0,61,67,80
Michael Miller,Business Process Modeling,98.0,74,50,79
Michael Miller,AWS Fundamentals,77.0,85,97,89
Carol Gonzalez,Data Ethics,72.0,56,72,76
Carol Gonzalez,Data Analysis for Business Decisions,87.0,84,70,83
Carol Gonzalez,Data Cleaning & Preprocessing,78.0,69,81,83
Carol Gonzalez,Data Visualization with Matplotlib,96.0,95,55,82
Carol Gonzalez,Data Analysis with Pandas,99.0,67,97,95
Carol Gonzalez,Introduction to UI/UX Design,61.0,65,78,75
Carol Gonzalez,Introduction to Finance,72.0,73,56,72
Carol Gonzalez,Deep Learning Fundamentals,93.0,58,93,91
Carol Gonzalez,Customer Service Excellence,59.0,95,56,70
Carol Gonzalez,Consensus Algorithms,71.0,78,78,80
Carol Gonzalez,Conversion Rate Optimization,70.0,98,93,87
Carol Gonzalez,Reinforcement Learning Techniques,78.0,56,67,76
Carol Gonzalez,Project Management Basics,86.0,92,84,89
Carol Gonzalez,Backend Development Fundamentals,69.0,67,61,72
Carol Gonzalez,Training and Development,100.0,61,60,82
Miss Cindy Frey MD,Data Cleaning & Preprocessing,58.0,77,70,72
Miss Cindy Frey MD,Data Visualization with Matplotlib,100.0,92,56,84
Miss Cindy Frey MD,Data Ethics,57.0,91,98,83
Miss Cindy Frey MD,Data Analysis for Business Decisions,74.0,84,91,86
Miss Cindy Frey MD,Data Analysis with Pandas,93.0,88,59,82
Miss Cindy Frey MD,Blockchain Use Cases,97.0,62,86,90
Miss Cindy Frey MD,Game Testing Techniques,88.0,93,83,89
Miss Cindy Frey MD,Virtual Reality Development,55.0,64,67,69
Miss Cindy Frey MD,Design Tools Overview,74.0,88,68,78
Miss Cindy Frey MD,Backend Development Fundamentals,51.0,53,92,75
Miss Cindy Frey MD,Business Process Modeling,98.0,52,53,78
Miss Cindy Frey MD,JavaScript Frameworks Overview,71.0,98,96,88
Nicholas Taylor,Data Ethics,82.0,63,50,72
Nicholas Taylor,Data Cleaning & Preprocessing,87.0,55,86,86
Nicholas Taylor,Data Analysis for Business Decisions,97.0,97,98,98
Nicholas Taylor,Data Analysis with Pandas,63.0,100,76,79
Nicholas Taylor,Data Visualization with Matplotlib,61.0,62,50,65
Nicholas Taylor,JavaScript Basics,81.0,80,98,91
Nicholas Taylor,ITIL Foundations,54.0,90,76,74
Nicholas Taylor,Unsupervised Learning,53.0,69,57,65
Nicholas Taylor,App Monetization Strategies,88.0,95,70,85
Nicholas Taylor,Unity Basics,50.0,60,85,73
Sara Campos,Data Cleaning & Preprocessing,53.0,87,54,66
Sara Campos,Data Visualization with Matplotlib,66.0,94,60,74
Sara Campos,Data Analysis with Pandas,85.0,57,84,85
Sara Campos,Data Analysis for Business Decisions,99.0,67,50,79
Sara Campos,Data Ethics,79.0,55,99,88
Sara Campos,Visual Design Basics,57.0,54,53,64
Sara Campos,Introduction to Finance,51.0,72,77,72
Sara Campos,Sales Analytics,79.0,99,88,88
Sara Campos,iOS Development Basics,96.0,65,89,91
Sara Campos,AI in Robotics,66.0,80,53,70
Sara Campos,Risk Management in Finance,82.0,76,53,75
Sara Campos,HR Technology Tools,59.0,69,96,81
Sara Campos,Blockchain Security,58.0,74,96,81
Sara Campos,Presentation Skills for Sales,58.0,97,62,72
Sara Campos,Responsive Design Principles,61.0,94,82,79
Angel Bailey,Data Visualization with Matplotlib,83.0,81,80,85
Angel Bailey,Data Ethics,56.0,76,70,72
Angel Bailey,Data Cleaning & Preprocessing,93.0,83,77,88
Angel Bailey,Data Analysis for Business Decisions,67.0,82,93,84
Angel Bailey,Data Analysis with Pandas,63.0,84,69,75
Angel Bailey,Visual Design Basics,60.0,63,62,69
Angel Bailey,MongoDB,90.0,63,98,92
Angel Bailey,Introduction to Blockchain,59.0,65,78,74
Angel Bailey,Reinforcement Learning Techniques,67.0,90,72,78
Angel Bailey,Content Strategy Development,93.0,93,79,89
Angel Bailey,Quality Management,71.0,58,70,75
Angel Bailey,Agile Methodologies,62.0,96,87,82
Karen Smith,Data Cleaning & Preprocessing,61.0,94,91,83
Karen Smith,Data Visualization with Matplotlib,85.0,53,95,88
Karen Smith,Data Analysis with Pandas,85.0,62,97,90
Karen Smith,Data Ethics,72.0,94,95,88
Karen Smith,Data Analysis for Business Decisions,99.0,57,61,82
Karen Smith,Diversity and Inclusion Initiatives,90.0,99,95,95
Karen Smith,Understanding Financial Markets,52.0,71,93,78
Karen Smith,Risk Management in Finance,100.0,71,74,88
Karen Smith,Penetration Testing,62.0,85,70,75
Karen Smith,Content Marketing Strategies,54.0,75,53,65
Karen Smith,Ethical Hacking Basics,50.0,62,61,65
Karen Smith,Game Design Principles,62.0,58,51,65
Karen Smith,Collaboration Tools in DevOps,69.0,72,53,70
Karen Smith,Introduction to AI,99.0,53,97,94
Karen Smith,Editing and Proofreading Techniques,89.0,93,54,79
Maria Yoder,Data Ethics,73.0,74,88,84
Maria Yoder,Data Cleaning & Preprocessing,91.0,75,63,81
Maria Yoder,Data Analysis with Pandas,65.0,62,59,70
Maria Yoder,Data Visualization with Matplotlib,90.0,96,63,83
Maria Yoder,Data Analysis for Business Decisions,52.0,82,91,78
Maria Yoder,E-commerce Development Basics,78.0,86,82,85
Maria Yoder,Mobile App Design,53.0,50,59,64
Maria Yoder,Project Management Basics,61.0,55,88,78
Maria Yoder,Networking Basics,88.0,97,94,93
Maria Yoder,Android Development Basics,81.0,100,53,77
Maria Yoder,Risk Management in Cybersecurity,84.0,91,81,87
John Ross,Data Visualization with Matplotlib,84.0,59,75,82
John Ross,Data Analysis for Business Decisions,92.0,63,80,86
John Ross,Data Cleaning & Preprocessing,57.0,88,90,80
John Ross,Data Analysis with Pandas,70.0,86,97,87
John Ross,Data Ethics,64.0,71,92,82
John Ross,2D Game Development,54.0,92,92,80
John Ross,Reinforcement Learning,98.0,58,50,78
John Ross,Content Promotion Strategies,66.0,90,86,82
John Ross,Network Security Fundamentals,68.0,93,63,75
John Ross,Customer Service Skills for IT,77.0,80,74,81
John Ross,Web Application Security,83.0,67,63,78
Michelle Nelson,Data Cleaning & Preprocessing,76.0,88,94,88
Michelle Nelson,Data Analysis for Business Decisions,52.0,78,80,74
Michelle Nelson,Data Ethics,80.0,96,55,77
Michelle Nelson,Data Analysis with Pandas,57.0,51,63,67
Michelle Nelson,Consensus Algorithms,71.0,63,77,78
Michelle Nelson,Talent Acquisition Strategies,53.0,97,55,68
Michelle Nelson,Building Customer Relationships,56.0,62,88,77
Michelle Nelson,Stakeholder Management,61.0,69,64,71
Michelle Nelson,Smart Contracts Development,84.0,98,97,93
Michelle Nelson,React,70.0,92,54,73
Michelle Nelson,Ethereum Development,70.0,54,97,84
Michelle Nelson,Introduction to Finance,50.0,59,90,75
Michelle Nelson,Networking Basics,91.0,71,86,89
Mrs. Christina Colon,Data Cleaning & Preprocessing,61.0,55,77,74
Mrs. Christina Colon,Data Visualization with Matplotlib,67.0,68,88,81
Mrs. Christina Colon,Data Analysis with Pandas,52.0,56,93,76
Mrs. Christina Colon,Data Analysis for Business Decisions,61.0,66,76,75
Mrs. Christina Colon,Data Ethics,56.0,89,60,70
Mrs. Christina Colon,Computer Vision Basics,82.0,63,61,76
Mrs. Christina Colon,Usability Testing,94.0,69,96,93
Mrs. Christina Colon,Performance Management Systems,58.0,76,54,67
Mrs. Christina Colon,Introduction to DevOps,74.0,97,69,80
Mrs. Christina Colon,Web Application Security,78.0,98,88,88
Mrs. Christina Colon,Deployment of ML Models,79.0,50,75,79
Mrs. Christina Colon,Presentation Skills for Sales,51.0,52,60,64
Mrs. Christina Colon,API Integration in Mobile Apps,52.0,57,100,79
Mrs. Christina Colon,Content Strategy Development,67.0,61,54,68
Jesse Maldonado,Data Ethics,82.0,70,67,79
Jesse Maldonado,Data Analysis with Pandas,85.0,88,99,93
Jesse Maldonado,Data Analysis for Business Decisions,50.0,76,72,70
Jesse Maldonado,Data Cleaning & Preprocessing,95.0,76,90,92
Jesse Maldonado,Data Visualization with Matplotlib,100.0,75,59,83
Jesse Maldonado,Cross-Platform Development with Flutter,90.0,73,60,80
Jesse Maldonado,Supervised Learning,93.0,50,100,93
Jesse Maldonado,Virtual Reality Development,86.0,81,94,91
Jesse Maldonado,Closing Sales Strategies,84.0,70,84,86
Jesse Maldonado,Sales Fundamentals,83.0,61,71,80
Jesse Maldonado,Collaboration Tools in DevOps,94.0,75,91,92
Jesse Maldonado,Blockchain Use Cases,95.0,84,71,86
John Myers,Data Ethics,89.0,61,51,75
John Myers,Data Analysis with Pandas,99.0,88,100,98
John Myers,Data Analysis for Business Decisions,70.0,83,82,82
John Myers,Data Cleaning & Preprocessing,56.0,88,73,74
John Myers,Data Visualization with Matplotlib,100.0,76,90,94
John Myers,Web Performance Optimization,75.0,68,96,87
John Myers,Usability Testing,53.0,65,68,69
John Myers,E-commerce Development Basics,68.0,53,69,73
John Myers,Conflict Resolution in HR,67.0,89,82,81
John Myers,Networking Basics,88.0,73,86,88
John Myers,Presentation Skills for Business Analysts,62.0,51,92,79
John Myers,iOS Development Basics,66.0,65,84,79
John Myers,Podcasting Fundamentals,61.0,64,84,77
John Myers,Visual Design Basics,78.0,62,70,78
Adam Galvan,Data Visualization with Matplotlib,81.0,85,84,86
Adam Galvan,Data Analysis with Pandas,63.0,62,74,74
Adam Galvan,Data Ethics,94.0,86,86,92
Adam Galvan,Data Cleaning & Preprocessing,52.0,90,100,82
Adam Galvan,Data Analysis for Business Decisions,73.0,77,71,78
Adam Galvan,Infrastructure as Code,58.0,63,84,76
Adam Galvan,Penetration Testing,94.0,93,75,88
Adam Galvan,AI for Business,72.0,50,96,84
Adam Galvan,Natural Language Processing Techniques,52.0,51,73,69
Adam Galvan,Introduction to Game Development,73.0,77,93,86
Adam Galvan,Frontend Development Basics,89.0,91,75,86
Michael Brown,Data Analysis for Business Decisions,75.0,79,63,76
Michael Brown,Data Cleaning & Preprocessing,71.0,89,93,86
Michael Brown,Data Ethics,70.0,100,55,74
Michael Brown,Data Analysis with Pandas,51.0,84,81,75
Michael Brown,Data Visualization with Matplotlib,57.0,100,53,68
Michael Brown,Configuration Management with Ansible,83.0,90,69,82
Michael Brown,Understanding Financial Markets,96.0,88,78,90
Michael Brown,Content Promotion Strategies,62.0,65,65,71
Michael Brown,Content Marketing Strategies,85.0,69,59,77
Michael Brown,Sales Analytics,87.0,81,66,82
Michael Brown,Publishing Mobile Apps,95.0,92,89,94
Michael Brown,HR Technology Tools,76.0,98,98,91
Michael Brown,Cross-Platform Development with Flutter,74.0,63,54,71
Michael Brown,Containerization with Docker,86.0,96,95,93
George Lucas,Data Analysis for Business Decisions,78.0,95,92,89
George Lucas,Data Cleaning & Preprocessing,62.0,58,66,71
George Lucas,Data Analysis with Pandas,89.0,66,91,90
George Lucas,Data Ethics,60.0,83,77,76
George Lucas,Data Visualization with Matplotlib,53.0,69,91,77
George Lucas,HR Technology Tools,63.0,52,92,79
George Lucas,Publishing Mobile Apps,59.0,51,63,68
George Lucas,Collaboration Tools in DevOps,58.0,87,67,72
George Lucas,Microservices in Cloud,69.0,99,58,74
George Lucas,Business Case Development,66.0,77,57,71
Caleb Watson,Data Cleaning & Preprocessing,61.0,62,99,82
Caleb Watson,Data Analysis for Business Decisions,74.0,65,52,71
Caleb Watson,Data Analysis with Pandas,67.0,100,92,86
Caleb Watson,Data Visualization with Matplotlib,98.0,59,79,88
Caleb Watson,Communication Skills for Project Managers,93.0,85,82,90
Caleb Watson,Design Tools Overview,70.0,92,82,82
Caleb Watson,Model Evaluation,55.0,81,73,73
Caleb Watson,2D Game Development,71.0,92,89,85
Caleb Watson,Business Process Modeling,97.0,62,93,93
Caleb Watson,Conversion Rate Optimization,80.0,86,77,84
Caleb Watson,Digital Sales Techniques,100.0,62,63,83
Caleb Watson,Configuration Management with Ansible,86.0,100,72,85
Caleb Watson,Unreal Engine Basics,69.0,100,55,73
Caleb Watson,Diversity and Inclusion Initiatives,82.0,90,82,86
Caleb Watson,Change Management,87.0,56,68,80
Brenda Mcmahon,Data Analysis with Pandas,90.0,91,94,94
Brenda Mcmahon,Data Ethics,67.0,58,85,79
Brenda Mcmahon,Data Cleaning & Preprocessing,84.0,92,74,84
Brenda Mcmahon,Data Analysis for Business Decisions,50.0,95,77,74
Brenda Mcmahon,Operating Systems Overview,69.0,69,74,77
Brenda Mcmahon,Usability Testing,58.0,52,55,65
Brenda Mcmahon,Ethical Hacking Basics,84.0,70,85,86
Brenda Mcmahon,SWOT Analysis for Business,96.0,84,95,95
Brenda Mcmahon,Closing Sales Strategies,51.0,93,71,72
Brenda Mcmahon,SEO Fundamentals,89.0,56,66,80
Brenda Mcmahon,MongoDB,75.0,99,89,87
Brenda Mcmahon,Introduction to UI/UX Design,59.0,80,81,77
Brenda Mcmahon,Deep Learning Fundamentals,87.0,97,55,79
Brenda Mcmahon,Responsive Web Design,93.0,92,52,80
Brenda Mcmahon,Unity Basics,77.0,80,80,83
Shannon Barber,Data Visualization with Matplotlib,66.0,97,67,76
Shannon Barber,Data Cleaning & Preprocessing,69.0,57,71,75
Shannon Barber,Data Ethics,84.0,76,90,88
Shannon Barber,Data Analysis for Business Decisions,71.0,86,84,83
Shannon Barber,Data Analysis with Pandas,58.0,65,92,79
Shannon Barber,Stakeholder Analysis,64.0,68,66,72
Shannon Barber,Brand Management Online,59.0,58,63,68
Shannon Barber,Responsive Web Design,95.0,80,70,86
Shannon Barber,Sales Analytics,55.0,75,53,65
Shannon Barber,Negotiation Techniques,50.0,91,85,76
Shannon Barber,Content Management Systems (CMS),85.0,75,71,82
Shannon Barber,Change Management Strategies,65.0,81,66,74
Shannon Barber,Virtual Reality Development,64.0,55,65,71
Shannon Barber,Web Accessibility Standards,95.0,60,63,81
Kellie Klein,Data Visualization with Matplotlib,64.0,68,78,76
Kellie Klein,Data Ethics,92.0,89,68,85
Kellie Klein,Data Cleaning & Preprocessing,85.0,97,87,90
Kellie Klein,Data Analysis for Business Decisions,72.0,97,52,73
Kellie Klein,Data Analysis with Pandas,58.0,73,84,77
Kellie Klein,Google Cloud Platform Essentials,93.0,90,54,80
Kellie Klein,2D Game Development,53.0,57,69,68
Kellie Klein,Unity Basics,74.0,59,99,86
Kellie Klein,Deep Learning with TensorFlow,57.0,52,61,66
Kellie Klein,Reinforcement Learning,62.0,57,81,76
Kellie Klein,Digital Sales Techniques,59.0,69,93,80
Kellie Klein,Game Monetization Strategies,90.0,63,55,77
Kellie Klein,Business Case Development,84.0,90,53,77
Tiffany Orozco,Data Analysis with Pandas,82.0,81,88,88
Tiffany Orozco,Data Analysis for Business Decisions,80.0,55,50,71
Tiffany Orozco,Data Ethics,72.0,53,94,83
Tiffany Orozco,Data Cleaning & Preprocessing,62.0,65,77,75
Tiffany Orozco,Data Visualization with Matplotlib,82.0,88,84,87
Tiffany Orozco,Security Awareness for IT Support,78.0,60,54,72
Tiffany Orozco,Budgeting for Projects,78.0,77,74,81
Tiffany Orozco,Conflict Resolution in HR,65.0,86,91,83
Tiffany Orozco,Cloud Security Best Practices,65.0,78,56,70
Tiffany Orozco,3D Game Development,97.0,50,79,87
Tiffany Orozco,Cloud Cost Management,74.0,87,64,77
Tiffany Orozco,Presentation Skills for Business Analysts,76.0,64,99,88
Tiffany Orozco,Customer Service Skills for IT,99.0,64,71,86
Scott Mullen,Data Ethics,71.0,80,61,74
Scott Mullen,Data Analysis for Business Decisions,64.0,89,100,86
Scott Mullen,Data Cleaning & Preprocessing,91.0,59,80,86
Scott Mullen,Data Analysis with Pandas,85.0,87,99,93
Scott Mullen,Data Visualization with Matplotlib,61.0,76,91,81
Scott Mullen,Budgeting Basics,70.0,90,82,82
Scott Mullen,Game Monetization Strategies,93.0,64,74,85
Scott Mullen,Consensus Algorithms,57.0,57,67,69
Scott Mullen,SWOT Analysis for Business,84.0,72,66,80
Scott Mullen,Building Customer Relationships,89.0,77,74,85
Scott Mullen,Podcasting Fundamentals,80.0,66,68,78
Scott Mullen,3D Game Development,56.0,93,71,74
Scott Mullen,Microservices in Cloud,65.0,91,52,70
Scott Mullen,Smart Contracts Development,56.0,85,50,66
Scott Mullen,Operating Systems Overview,87.0,69,91,89
Samantha Bowers,Data Analysis for Business Decisions,77.0,65,98,88
Samantha Bowers,Data Analysis with Pandas,86.0,69,81,85
Samantha Bowers,Data Ethics,92.0,55,53,76
Samantha Bowers,Data Cleaning & Preprocessing,51.0,75,84,75
Samantha Bowers,Data Visualization with Matplotlib,80.0,75,60,76
Samantha Bowers,Editing and Proofreading Techniques,84.0,61,97,89
Samantha Bowers,Machine Learning Basics,75.0,77,93,86
Samantha Bowers,Investing Fundamentals,67.0,56,62,71
Samantha Bowers,Google Cloud Platform Essentials,64.0,74,87,80
Samantha Bowers,Model Evaluation,72.0,79,74,79
Samantha Bowers,Performance Management Systems,59.0,96,92,82
Samantha Bowers,Financial Reporting Standards,82.0,93,64,80
Samantha Bowers,AWS Fundamentals,74.0,58,77,79
Samantha Bowers,Collaboration Tools in DevOps,88.0,65,66,80
Samantha Bowers,iOS Development Basics,64.0,58,61,70
Timothy Neal,Data Analysis for Business Decisions,70.0,92,97,88
Timothy Neal,Data Ethics,97.0,74,71,86
Timothy Neal,Data Analysis with Pandas,88.0,68,99,92
Timothy Neal,Data Visualization with Matplotlib,82.0,97,59,79
Timothy Neal,Data Cleaning & Preprocessing,86.0,83,95,92
Timothy Neal,Personal Finance Skills,79.0,95,79,85
Timothy Neal,Requirements Gathering Techniques,95.0,76,90,92
Timothy Neal,Quality Management,50.0,80,89,77
Timothy Neal,Git & GitHub,81.0,60,89,86
Timothy Neal,Troubleshooting Techniques,61.0,88,66,73
Timothy Neal,Employee Engagement Techniques,75.0,90,95,88
Samantha Huerta,Data Cleaning & Preprocessing,97.0,61,93,93
Samantha Huerta,Data Analysis for Business Decisions,81.0,93,74,84
Samantha Huerta,Data Ethics,54.0,79,71,72
Samantha Huerta,Data Visualization with Matplotlib,66.0,88,90,83
Samantha Huerta,Data Analysis with Pandas,94.0,78,93,93
Samantha Huerta,Diversity and Inclusion Initiatives,67.0,68,86,80
Samantha Huerta,API Development,74.0,64,51,70
Samantha Huerta,Stakeholder Management,100.0,81,76,90
Samantha Huerta,Brand Management Online,53.0,79,86,77
Samantha Huerta,Vulnerability Assessment,65.0,85,62,73
Samantha Huerta,Risk Management in Finance,90.0,57,78,84
Samantha Huerta,Backend Development Fundamentals,56.0,78,99,82
Martha Moore,Data Ethics,94.0,51,100,93
Martha Moore,Data Visualization with Matplotlib,90.0,65,75,84
Martha Moore,Data Analysis with Pandas,56.0,52,67,68
Martha Moore,Data Cleaning & Preprocessing,72.0,76,59,73
Martha Moore,Data Analysis for Business Decisions,91.0,95,96,95
Martha Moore,Performance Management Systems,54.0,55,99,79
Martha Moore,Sales Fundamentals,92.0,83,91,92
Martha Moore,Computer Vision Applications,78.0,55,88,84
Martha Moore,HR Technology Tools,56.0,82,95,81
Martha Moore,Introduction to Blockchain,64.0,82,68,74
Martha Moore,Project Management Tools Overview,61.0,53,53,65
Martha Moore,Natural Language Processing Techniques,91.0,86,63,82
Martha Moore,Mobile App Security,51.0,90,59,68
Martha Moore,Game Testing Techniques,87.0,91,56,79
Martha Moore,Network Security Fundamentals,89.0,94,84,90
Carlos Lewis,Data Visualization with Matplotlib,50.0,84,94,79
Carlos Lewis,Data Analysis with Pandas,67.0,61,89,81
Carlos Lewis,Data Cleaning & Preprocessing,82.0,92,50,75
Carlos Lewis,Data Analysis for Business Decisions,55.0,99,97,83
Carlos Lewis,Data Ethics,51.0,97,68,71
Carlos Lewis,Reinforcement Learning Techniques,73.0,78,69,77
Carlos Lewis,Predictive Analytics,55.0,86,76,74
Carlos Lewis,Responsive Web Design,59.0,96,83,79
Carlos Lewis,Mobile App Security,71.0,50,57,70
Carlos Lewis,Understanding Consumer Behavior,71.0,73,88,83
Carlos Lewis,Editing and Proofreading Techniques,62.0,95,63,73
Carlos Lewis,Python for Data Science,83.0,79,87,87
Carlos Lewis,Automating Cloud Deployments,85.0,69,62,78
Brent Snyder,Data Analysis with Pandas,69.0,52,71,74
Brent Snyder,Data Cleaning & Preprocessing,77.0,92,99,91
Brent Snyder,Data Ethics,94.0,77,60,82
Brent Snyder,Data Visualization with Matplotlib,64.0,94,81,80
Brent Snyder,Malware Analysis,82.0,97,91,90
Brent Snyder,E-commerce Development Basics,61.0,61,95,81
Brent Snyder,API Integration in Mobile Apps,62.0,68,79,76
Brent Snyder,Financial Reporting Standards,89.0,58,71,82
Brent Snyder,Introduction to Cloud Computing,57.0,64,68,70
Brent Snyder,Performance Management Systems,67.0,92,77,80
Brent Snyder,Understanding Consumer Behavior,80.0,55,90,85
Brent Snyder,HR Technology Tools,61.0,75,82,78
Brent Snyder,Labor Laws and Compliance,89.0,58,62,79
Kaitlyn Melton,Data Ethics,94.0,53,70,83
Kaitlyn Melton,Data Analysis for Business Decisions,85.0,85,98,93
Kaitlyn Melton,Data Visualization with Matplotlib,84.0,94,64,81
Kaitlyn Melton,Data Analysis with Pandas,67.0,57,66,72
Kaitlyn Melton,Vulnerability Assessment,83.0,69,77,83
Kaitlyn Melton,Version Control with Git,81.0,69,62,77
Kaitlyn Melton,Risk Analysis and Management,88.0,84,68,83
Kaitlyn Melton,App Monetization Strategies,79.0,73,98,89
Kaitlyn Melton,DevOps in the Cloud,87.0,57,84,86
Kaitlyn Melton,Azure Basics,70.0,52,72,75
Kaitlyn Melton,Networking Basics,83.0,80,51,75
Kaitlyn Melton,Agile Project Management,74.0,95,66,78
Kaitlyn Melton,Reinforcement Learning,89.0,86,55,79
Melissa Flores,Data Visualization with Matplotlib,91.0,95,100,96
Melissa Flores,Data Analysis for Business Decisions,66.0,70,95,83
Melissa Flores,Data Ethics,85.0,75,78,85
Melissa Flores,Data Cleaning & Preprocessing,99.0,66,84,91
Melissa Flores,Data Analysis with Pandas,81.0,91,57,77
Melissa Flores,Project Management Basics,100.0,79,87,93
Melissa Flores,Azure Basics,82.0,88,86,88
Melissa Flores,Agile Methodologies,73.0,72,71,78
Melissa Flores,Node.js,72.0,69,84,82
Melissa Flores,Change Management Strategies,72.0,51,67,74
Melissa Flores,Computer Vision Basics,56.0,79,80,76
Melissa Flores,Remote Support Techniques,84.0,81,59,78
Dominique Young,Data Analysis with Pandas,65.0,81,58,71
Dominique Young,Data Visualization with Matplotlib,85.0,99,71,84
Dominique Young,Data Cleaning & Preprocessing,51.0,87,71,71
Dominique Young,Data Ethics,63.0,54,71,72
Dominique Young,Data Analysis for Business Decisions,58.0,76,52,66
Dominique Young,Performance Management Systems,60.0,62,87,78
Dominique Young,Influencer Marketing,55.0,93,54,67
Dominique Young,Change Management Strategies,57.0,75,85,77
Dominique Young,Microservices in Cloud,85.0,81,89,89
Dominique Young,Presentation Skills for Business Analysts,51.0,54,86,73
Dominique Young,Backend Development Fundamentals,83.0,52,59,75
Dominique Young,Blogging for Beginners,63.0,91,52,69
Dominique Young,Introduction to Human Resources,70.0,97,88,85
Dominique Young,Content Marketing Strategies,50.0,60,91,75
Ricardo Lang,Data Cleaning & Preprocessing,96.0,93,87,93
Ricardo Lang,Data Ethics,73.0,95,93,88
Ricardo Lang,Data Analysis for Business Decisions,59.0,62,86,77
Ricardo Lang,Data Analysis with Pandas,52.0,71,50,63
Ricardo Lang,Data Visualization with Matplotlib,52.0,60,94,77
Ricardo Lang,Operating Systems Overview,81.0,97,95,91
Ricardo Lang,Content Management Systems (CMS),85.0,91,69,83
Ricardo Lang,Social Media Content Creation,56.0,75,92,79
Ricardo Lang,Project Scheduling Techniques,100.0,87,100,99
Ricardo Lang,Stakeholder Analysis,87.0,66,84,86
Ricardo Lang,Training and Development,93.0,80,74,86
Ricardo Lang,Backend Development Fundamentals,62.0,61,97,82
Ricardo Lang,Version Control with Git,83.0,54,78,82
Sarah Duffy,Data Analysis with Pandas,50.0,85,87,76
Sarah Duffy,Data Visualization with Matplotlib,98.0,97,82,93
Sarah Duffy,Data Cleaning & Preprocessing,65.0,93,84,81
Sarah Duffy,Data Ethics,59.0,62,93,79
Sarah Duffy,Data Analysis for Business Decisions,95.0,99,63,85
Sarah Duffy,Reinforcement Learning Techniques,75.0,73,75,80
Sarah Duffy,2D Game Development,96.0,97,77,90
Sarah Duffy,Computer Vision Basics,57.0,55,52,64
Sarah Duffy,Diversity and Inclusion Initiatives,78.0,71,95,88
Sarah Duffy,Affiliate Marketing,51.0,81,74,72
Sarah Duffy,Understanding Consumer Behavior,98.0,73,60,83
Sarah Duffy,Content Strategy Development,71.0,72,85,82
Susan Tucker,Data Analysis for Business Decisions,79.0,81,70,80
Susan Tucker,Data Ethics,82.0,86,81,86
Susan Tucker,Data Cleaning & Preprocessing,58.0,69,93,80
Susan Tucker,Data Analysis with Pandas,85.0,76,91,89
Susan Tucker,Data Visualization with Matplotlib,87.0,57,94,89
Susan Tucker,Influencer Marketing,99.0,53,65,83
Susan Tucker,Presentation Skills for Business Analysts,68.0,70,88,82
Susan Tucker,Version Control with Git,52.0,64,66,68
Susan Tucker,Business Process Modeling,54.0,79,58,67
Susan Tucker,React,71.0,53,82,79
Brandon Lee,Data Ethics,73.0,90,54,73
Brandon Lee,Data Analysis for Business Decisions,89.0,96,69,85
Brandon Lee,Data Analysis with Pandas,77.0,67,80,82
Brandon Lee,Data Visualization with Matplotlib,65.0,65,79,77
Brandon Lee,Data Cleaning & Preprocessing,56.0,64,95,79
Brandon Lee,2D Game Development,60.0,52,57,66
Brandon Lee,Conversion Rate Optimization,81.0,94,97,92
Brandon Lee,Budgeting Basics,68.0,56,66,72
Brandon Lee,Google Ads Fundamentals,84.0,89,53,77
Brandon Lee,Game Monetization Strategies,52.0,80,73,72
Brandon Lee,Introduction to IT Support,51.0,52,69,67
Kyle Brown,Data Cleaning & Preprocessing,92.0,100,68,86
Kyle Brown,Data Analysis with Pandas,94.0,85,82,90
Kyle Brown,Data Visualization with Matplotlib,67.0,74,57,71
Kyle Brown,Data Analysis for Business Decisions,69.0,67,83,80
Kyle Brown,Data Ethics,81.0,68,82,84
Kyle Brown,API Integration in Mobile Apps,95.0,91,78,90
Kyle Brown,DevOps in the Cloud,79.0,60,88,84
Kyle Brown,JavaScript Basics,74.0,51,76,78
Kyle Brown,Mobile Testing Strategies,93.0,82,97,95
Kyle Brown,Ethical Hacking Basics,67.0,68,73,76
Kyle Brown,Computer Vision Applications,97.0,54,82,88
Kyle Brown,Risk Management in Finance,83.0,88,54,77
Kyle Brown,Configuration Management with Ansible,62.0,78,63,72
Daniel Robinson,Data Visualization with Matplotlib,61.0,57,96,81
Daniel Robinson,Data Analysis with Pandas,55.0,64,92,78
Daniel Robinson,Data Analysis for Business Decisions,60.0,55,84,76
Daniel Robinson,Data Cleaning & Preprocessing,100.0,89,99,99
Daniel Robinson,Data Ethics,52.0,50,80,71
Daniel Robinson,API Integration in Mobile Apps,74.0,78,95,87
Daniel Robinson,Infrastructure as Code,62.0,52,61,68
Daniel Robinson,Talent Acquisition Strategies,51.0,62,85,74
Daniel Robinson,Computer Vision Applications,82.0,55,62,76
Daniel Robinson,Social Media Content Creation,96.0,57,75,86
Daniel Robinson,Diversity and Inclusion Initiatives,69.0,63,61,72
Autumn Rodriguez,Data Ethics,51.0,58,92,76
Autumn Rodriguez,Data Cleaning & Preprocessing,79.0,57,69,78
Autumn Rodriguez,Data Analysis for Business Decisions,67.0,55,67,72
Autumn Rodriguez,Data Visualization with Matplotlib,51.0,55,66,66
Autumn Rodriguez,Data Analysis with Pandas,77.0,53,89,83
Autumn Rodriguez,Natural Language Processing,79.0,70,83,84
Autumn Rodriguez,React,70.0,52,99,84
Autumn Rodriguez,Microservices in Cloud,62.0,87,99,85
Autumn Rodriguez,App Monetization Strategies,92.0,56,95,91
Autumn Rodriguez,Model Evaluation,85.0,91,81,87
Ryan Jenkins,Data Analysis with Pandas,65.0,61,71,74
Ryan Jenkins,Data Analysis for Business Decisions,73.0,91,64,77
Ryan Jenkins,Data Ethics,92.0,52,93,90
Ryan Jenkins,Data Cleaning & Preprocessing,58.0,61,97,80
Ryan Jenkins,User Interface Design for Mobile Apps,56.0,87,50,66
Ryan Jenkins,Penetration Testing,58.0,61,59,67
Ryan Jenkins,Data Visualization with Matplotlib,54.0,51,55,63
Ryan Jenkins,API Development,77.0,84,56,75
Ryan Jenkins,Multiplayer Game Development,91.0,87,57,80
Ryan Jenkins,HR Analytics,82.0,87,86,88
James Salinas,Data Cleaning & Preprocessing,88.0,79,84,88
James Salinas,Data Analysis for Business Decisions,95.0,69,70,85
James Salinas,Data Ethics,84.0,87,50,76
James Salinas,Data Analysis with Pandas,90.0,83,68,84
James Salinas,Data Visualization with Matplotlib,65.0,93,100,87
James Salinas,Content Marketing Strategies,93.0,72,70,84
James Salinas,Statistical Analysis,71.0,82,96,87
James Salinas,Containerization with Docker,99.0,62,64,83
James Salinas,Cross-Platform Development with Flutter,56.0,87,85,78
James Salinas,Budgeting for Projects,65.0,99,88,83
James Salinas,Design Tools Overview,89.0,99,85,91
James Salinas,Collaboration Tools in DevOps,71.0,84,86,83
James Salinas,Understanding Financial Markets,86.0,59,58,76
James Salinas,User Research Techniques,76.0,76,76,81
James Salinas,Backend Development Fundamentals,53.0,79,87,77
Kristopher Gutierrez,Data Ethics,54.0,55,90,76
Kristopher Gutierrez,Data Analysis with Pandas,64.0,96,58,72
Kristopher Gutierrez,Data Cleaning & Preprocessing,73.0,53,68,75
Kristopher Gutierrez,Data Visualization with Matplotlib,81.0,54,67,77
Kristopher Gutierrez,Data Analysis for Business Decisions,84.0,68,75,82
Kristopher Gutierrez,Blockchain Use Cases,58.0,50,85,75
Kristopher Gutierrez,Customer Service Skills for IT,86.0,73,79,85
Kristopher Gutierrez,Building Customer Relationships,77.0,76,70,79
Kristopher Gutierrez,Agile Project Management,85.0,90,85,88
Kristopher Gutierrez,Microservices in Cloud,89.0,81,93,92
Kristopher Gutierrez,Express.js,64.0,86,98,85
Kristopher Gutierrez,Penetration Testing,63.0,95,52,70
Margaret Farmer,Data Ethics,71.0,77,64,75
Margaret Farmer,Data Analysis with Pandas,70.0,93,87,84
Margaret Farmer,Data Visualization with Matplotlib,75.0,98,89,87
Margaret Farmer,Data Cleaning & Preprocessing,100.0,86,79,91
Margaret Farmer,Data Analysis for Business Decisions,61.0,77,77,76
Margaret Farmer,Conflict Resolution in HR,50.0,61,94,76
Margaret Farmer,Vulnerability Assessment,83.0,55,67,78
Margaret Farmer,Employee Engagement Techniques,60.0,100,97,85
Margaret Farmer,Cross-Platform Development with Flutter,66.0,100,51,71
Margaret Farmer,Introduction to Cloud Computing,97.0,99,52,82
Margaret Farmer,Computer Vision Basics,90.0,66,92,90
Eugene Morton,Data Analysis for Business Decisions,68.0,53,72,74
Eugene Morton,Data Analysis with Pandas,97.0,92,54,82
Eugene Morton,Data Cleaning & Preprocessing,82.0,83,74,83
Eugene Morton,Data Ethics,73.0,60,79,79
Eugene Morton,Data Visualization with Matplotlib,94.0,80,51,79
Eugene Morton,Cloud Cost Management,80.0,64,76,81
Eugene Morton,Closing Sales Strategies,50.0,81,53,64
Eugene Morton,Configuration Management with Ansible,84.0,97,77,86
Eugene Morton,Analytics for Marketers,56.0,91,51,67
Eugene Morton,Microservices in Cloud,79.0,78,96,89
Eugene Morton,Unity Basics,95.0,99,59,84
Eugene Morton,Financial Reporting Standards,60.0,95,97,84
Eugene Morton,Mobile App Security,83.0,93,59,79
Joshua Camacho,Data Analysis for Business Decisions,62.0,60,51,66
Joshua Camacho,Data Visualization with Matplotlib,78.0,88,86,86
Joshua Camacho,Data Ethics,58.0,99,64,73
Joshua Camacho,Data Analysis with Pandas,60.0,59,69,71
Joshua Camacho,Data Cleaning & Preprocessing,98.0,82,78,90
Joshua Camacho,Social Media Content Creation,82.0,60,65,77
Joshua Camacho,ITIL Foundations,54.0,88,78,75
Joshua Camacho,MongoDB,86.0,56,71,81
Joshua Camacho,2D Game Development,67.0,70,87,81
Joshua Camacho,Ethical Hacking Basics,85.0,96,76,86
Joshua Camacho,AI for Business,100.0,94,74,90
Joshua Camacho,Progressive Web Apps (PWAs),74.0,63,58,72
Joshua Camacho,Blogging for Beginners,73.0,90,86,85
Adam Huffman,Data Visualization with Matplotlib,85.0,85,70,83
Adam Huffman,Data Ethics,78.0,52,63,75
Adam Huffman,Data Analysis with Pandas,92.0,97,53,80
Adam Huffman,Data Cleaning & Preprocessing,72.0,51,91,82
Adam Huffman,Data Analysis for Business Decisions,89.0,69,99,93
Adam Huffman,Usability Testing,87.0,98,68,84
Adam Huffman,Natural Language Processing,71.0,89,55,73
Adam Huffman,Budgeting Basics,71.0,80,92,85
Adam Huffman,AI in Robotics,55.0,90,78,76
Adam Huffman,ITIL Foundations,86.0,92,91,91
Adam Huffman,Version Control with Git,96.0,52,67,82
Adam Huffman,E-commerce Development Basics,86.0,60,55,75
Adam Huffman,Hardware Repair Skills,54.0,76,94,79
Amanda Ferguson,Data Cleaning & Preprocessing,85.0,68,53,75
Amanda Ferguson,Data Analysis for Business Decisions,51.0,53,61,64
Amanda Ferguson,Data Ethics,95.0,99,74,89
Amanda Ferguson,Data Visualization with Matplotlib,94.0,94,56,82
Amanda Ferguson,Data Analysis with Pandas,51.0,57,71,68
Amanda Ferguson,Serverless Architecture,60.0,83,94,82
Amanda Ferguson,Automating Cloud Deployments,73.0,54,59,72
Amanda Ferguson,Remote Support Techniques,98.0,54,81,88
Amanda Ferguson,Cloud Security Best Practices,92.0,55,72,83
Amanda Ferguson,Change Management Strategies,59.0,76,57,68
Amanda Ferguson,DevOps in the Cloud,88.0,68,86,88
Amanda Ferguson,Wireframing and Prototyping,50.0,95,88,78
Amanda Ferguson,SWOT Analysis for Business,81.0,91,59,78
Amanda Ferguson,Unsupervised Learning,70.0,94,90,85
Grant Marshall,Data Ethics,71.0,68,83,81
Grant Marshall,Data Cleaning & Preprocessing,75.0,93,97,89
Grant Marshall,Data Analysis for Business Decisions,79.0,50,72,78
Grant Marshall,Data Visualization with Matplotlib,54.0,64,99,80
Grant Marshall,Data Analysis with Pandas,53.0,65,68,69
Grant Marshall,Financial Analysis Techniques,90.0,68,60,79
Grant Marshall,Network Security Fundamentals,80.0,93,88,88
Grant Marshall,SEO for Content Creators,71.0,97,66,78
Grant Marshall,Communication Skills for Project Managers,92.0,75,91,92
Grant Marshall,Introduction to IT Support,61.0,100,77,78
Grant Marshall,Predictive Analytics,87.0,84,56,78
Grant Marshall,Analytics for Marketers,51.0,63,63,66
Grant Marshall,Risk Management in Cybersecurity,79.0,56,77,80
Grant Marshall,Agile Project Management,67.0,72,100,86
Stacy Robinson,Data Cleaning & Preprocessing,57.0,98,51,68
Stacy Robinson,Data Analysis for Business Decisions,84.0,69,79,84
Stacy Robinson,Data Visualization with Matplotlib,76.0,99,86,87
Stacy Robinson,Data Analysis with Pandas,74.0,52,66,74
Stacy Robinson,Data Ethics,57.0,87,51,66
Stacy Robinson,Predictive Analytics,97.0,93,59,84
Stacy Robinson,Networking Basics,63.0,85,76,77
Stacy Robinson,Game Monetization Strategies,97.0,63,92,92
Stacy Robinson,Remote Support Techniques,52.0,67,75,71
Stacy Robinson,Version Control with Git,78.0,87,80,84
Stacy Robinson,JavaScript Frameworks Overview,71.0,51,76,77
Stacy Robinson,Business Case Development,76.0,51,89,83
Stacy Robinson,Game Testing Techniques,78.0,51,76,79
Stacy Robinson,Publishing Mobile Apps,81.0,58,77,81
Stacy Robinson,SEO Best Practices,98.0,91,60,84
Jessica Nielsen,Data Analysis with Pandas,69.0,72,87,82
Jessica Nielsen,Data Visualization with Matplotlib,78.0,94,69,81
Jessica Nielsen,Data Cleaning & Preprocessing,78.0,59,92,85
Jessica Nielsen,Data Ethics,83.0,80,66,80
Jessica Nielsen,Data Analysis for Business Decisions,82.0,51,88,85
Jessica Nielsen,Agile Project Management,64.0,61,75,75
Jessica Nielsen,Podcasting Fundamentals,56.0,52,94,78
Jessica Nielsen,Mobile App Design,50.0,53,86,73
Jessica Nielsen,2D Game Development,79.0,58,91,85
Jessica Nielsen,Web Performance Optimization,79.0,63,67,77
Jessica Nielsen,Financial Planning and Forecasting,68.0,60,85,80
Matthew Fischer,Data Analysis with Pandas,89.0,63,68,81
Matthew Fischer,Data Visualization with Matplotlib,94.0,61,67,82
Matthew Fischer,Data Ethics,93.0,95,57,82
Matthew Fischer,Data Analysis for Business Decisions,67.0,54,65,72
Matthew Fischer,Project Management Tools Overview,51.0,59,81,72
Matthew Fischer,Remote Support Techniques,84.0,77,53,76
Matthew Fischer,Cloud Cost Management,93.0,64,92,91
Matthew Fischer,Statistical Analysis,86.0,73,54,76
Matthew Fischer,Security Awareness for IT Support,51.0,74,89,76
Matthew Fischer,Introduction to Blockchain,55.0,65,96,79
Matthew Fischer,Diversity and Inclusion Initiatives,84.0,78,69,81
Matthew Fischer,Ethereum Development,52.0,71,86,75
Matthew Fischer,Introduction to DevOps,64.0,84,52,69
Matthew Fischer,Budgeting Basics,99.0,71,54,81
Brian Perez,Data Analysis with Pandas,63.0,74,99,84
Brian Perez,Data Ethics,79.0,81,82,84
Brian Perez,Data Cleaning & Preprocessing,98.0,100,57,84
Brian Perez,Data Analysis for Business Decisions,78.0,93,96,90
Brian Perez,Data Visualization with Matplotlib,83.0,60,84,84
Brian Perez,Performance Management Systems,85.0,79,72,83
Brian Perez,Deployment & Hosting,88.0,59,100,92
Brian Perez,Design Thinking Process,79.0,75,96,89
Brian Perez,Operating Systems Overview,90.0,86,57,80
Brian Perez,API Integration in Mobile Apps,54.0,58,77,72
Brian Perez,Agile Project Management,95.0,59,61,80
Bradley Crosby,Data Cleaning & Preprocessing,53.0,97,69,72
Bradley Crosby,Data Analysis for Business Decisions,85.0,71,91,89
Bradley Crosby,Data Ethics,66.0,68,68,74
Bradley Crosby,Data Analysis with Pandas,57.0,59,84,75
Bradley Crosby,Data Visualization with Matplotlib,51.0,86,82,75
Bradley Crosby,Containerization with Docker,97.0,55,58,80
Bradley Crosby,Vulnerability Assessment,50.0,89,60,67
Bradley Crosby,Responsive Design Principles,80.0,82,67,80
Bradley Crosby,Frontend Development Basics,86.0,97,78,87
Bradley Crosby,Performance Optimization for Mobile Apps,84.0,82,98,92
Bradley Crosby,Customer Service Excellence,60.0,74,87,79
Bradley Crosby,Reinforcement Learning,52.0,62,83,73
Stephanie Romero,Data Ethics,77.0,60,94,86
Stephanie Romero,Data Cleaning & Preprocessing,56.0,77,59,68
Stephanie Romero,Data Analysis for Business Decisions,71.0,77,54,71
Stephanie Romero,Data Analysis with Pandas,90.0,60,91,89
Stephanie Romero,Data Visualization with Matplotlib,89.0,76,59,79
Stephanie Romero,Google Cloud Platform Essentials,72.0,66,78,79
Stephanie Romero,Android Development Basics,76.0,78,91,86
Stephanie Romero,Agile Project Management,68.0,55,76,76
Stephanie Romero,User Research Techniques,69.0,65,58,71
Stephanie Romero,Introduction to Business Analysis,82.0,66,83,84
Stephanie Romero,Introduction to Human Resources,72.0,59,97,85
Stephanie Romero,Progressive Web Apps (PWAs),73.0,94,79,83
Stephanie Romero,Content Management Systems (CMS),66.0,98,78,80
Stephanie Romero,Stakeholder Management,63.0,64,63,70
Karen Moore,Data Visualization with Matplotlib,93.0,100,94,95
Karen Moore,Data Analysis with Pandas,67.0,76,61,72
Karen Moore,Data Ethics,57.0,73,64,70
Karen Moore,Data Cleaning & Preprocessing,54.0,77,78,74
Karen Moore,Data Analysis for Business Decisions,56.0,91,93,81
Karen Moore,AWS Fundamentals,61.0,64,96,81
Karen Moore,Time Series Analysis,51.0,62,95,77
Karen Moore,Blockchain Security,98.0,53,95,93
Karen Moore,Configuration Management with Ansible,52.0,59,74,70
Karen Moore,API Development,76.0,62,72,78
Karen Moore,Introduction to Blockchain,77.0,57,95,86
Karen Moore,Budgeting for Projects,69.0,62,77,77
Connor Foster,Data Visualization with Matplotlib,100.0,92,66,87
Connor Foster,Data Ethics,64.0,86,96,85
Connor Foster,Data Cleaning & Preprocessing,59.0,58,59,67
Connor Foster,Data Analysis with Pandas,52.0,99,77,75
Connor Foster,Data Analysis for Business Decisions,92.0,61,90,90
Connor Foster,Smart Contracts Development,84.0,94,93,91
Connor Foster,Introduction to Finance,77.0,55,93,85
Connor Foster,Configuration Management with Ansible,64.0,50,91,79
Connor Foster,Analytics for Marketers,77.0,69,64,76
Connor Foster,Quality Management,90.0,82,100,95
Connor Foster,Introduction to UI/UX Design,81.0,67,77,82
Amber Gray,Data Visualization with Matplotlib,95.0,55,59,79
Amber Gray,Data Cleaning & Preprocessing,72.0,72,97,86
Amber Gray,Data Analysis with Pandas,57.0,68,72,72
Amber Gray,Data Ethics,80.0,50,100,88
Amber Gray,Data Analysis for Business Decisions,73.0,75,90,85
Amber Gray,Analytics for Marketers,93.0,89,58,82
Amber Gray,Investing Fundamentals,84.0,78,85,87
Amber Gray,Graphic Design Basics for Content,83.0,77,72,82
Amber Gray,MongoDB,53.0,75,86,76
Amber Gray,Game Monetization Strategies,75.0,98,71,81
Amber Gray,Unity Basics,56.0,74,52,65
Amber Gray,Financial Reporting Standards,65.0,69,76,76
Amber Gray,HR Analytics,91.0,86,84,90
Amber Gray,Web Application Security,62.0,99,73,77
Emily Dorsey,Data Visualization with Matplotlib,93.0,78,58,81
Emily Dorsey,Data Analysis with Pandas,60.0,54,74,72
Emily Dorsey,Data Cleaning & Preprocessing,51.0,54,98,78
Emily Dorsey,Data Ethics,50.0,64,73,69
Emily Dorsey,Data Analysis for Business Decisions,92.0,70,78,86
Emily Dorsey,Social Media Content Creation,72.0,60,89,82
Emily Dorsey,Presentation Skills for Business Analysts,100.0,79,73,88
Emily Dorsey,Introduction to Content Creation,50.0,97,60,68
Emily Dorsey,Performance Optimization for Mobile Apps,92.0,83,95,94
Emily Dorsey,Understanding Consumer Behavior,67.0,53,87,79
Emily Dorsey,Smart Contracts Development,76.0,88,50,73
Emily Dorsey,iOS Development Basics,57.0,67,60,68
Emily Dorsey,Malware Analysis,91.0,54,95,90
Emily Dorsey,Labor Laws and Compliance,50.0,69,55,64
Tina Kim,Data Analysis with Pandas,57.0,74,97,81
Tina Kim,Data Ethics,79.0,89,53,75
Tina Kim,Data Cleaning & Preprocessing,62.0,68,55,68
Tina Kim,Data Visualization with Matplotlib,87.0,68,82,86
Tina Kim,Data Analysis for Business Decisions,85.0,52,76,82
Tina Kim,Security Awareness for IT Support,89.0,72,86,88
Tina Kim,Predictive Analytics,95.0,96,77,90
Tina Kim,Video Production Basics,99.0,91,70,88
Tina Kim,Speech Recognition Technologies,74.0,59,81,80
Tina Kim,Project Scheduling Techniques,87.0,82,90,90
Tina Kim,Mobile App Security,54.0,52,64,66
Tina Kim,Social Media Content Creation,67.0,58,94,82
Tina Kim,HTML & CSS,74.0,93,86,85
Rachel Brown,Data Cleaning & Preprocessing,85.0,53,78,82
Rachel Brown,Data Analysis with Pandas,61.0,90,66,73
Rachel Brown,Data Ethics,68.0,78,59,72
Rachel Brown,Data Analysis for Business Decisions,51.0,63,85,74
Rachel Brown,Data Visualization with Matplotlib,73.0,52,93,83
Rachel Brown,Ethereum Development,52.0,60,97,78
Rachel Brown,Change Management,65.0,93,84,81
Rachel Brown,Budgeting for Projects,73.0,51,50,68
Rachel Brown,Smart Contracts Development,78.0,100,95,91
Rachel Brown,Google Ads Fundamentals,71.0,51,79,78
Rachel Brown,Design Tools Overview,60.0,76,84,78
Rachel Brown,Understanding Financial Markets,78.0,61,85,83
William Frederick,Data Analysis with Pandas,97.0,69,97,95
William Frederick,Data Cleaning & Preprocessing,87.0,63,97,91
William Frederick,Data Ethics,53.0,95,88,79
William Frederick,Data Analysis for Business Decisions,77.0,85,82,84
William Frederick,Data Visualization with Matplotlib,99.0,75,80,90
William Frederick,Infrastructure as Code,83.0,63,92,88
William Frederick,Game Design Principles,66.0,94,50,70
William Frederick,Responsive Design Principles,87.0,55,83,85
William Frederick,User Research Techniques,54.0,54,95,78
William Frederick,Azure Basics,100.0,99,50,82
William Frederick,Introduction to Human Resources,85.0,51,59,76
William Frederick,API Development,92.0,93,86,92
William Frederick,Communication Skills for Project Managers,57.0,63,51,64
William Frederick,Unreal Engine Basics,50.0,92,61,68
William Frederick,Speech Recognition Technologies,77.0,62,91,85
Jacqueline Brown,Data Analysis for Business Decisions,83.0,51,82,83
Jacqueline Brown,Data Analysis with Pandas,90.0,87,60,81
Jacqueline Brown,Data Ethics,91.0,67,52,77
Jacqueline Brown,Data Visualization with Matplotlib,99.0,50,67,83
Jacqueline Brown,Data Cleaning & Preprocessing,62.0,91,83,80
Jacqueline Brown,Affiliate Marketing,51.0,56,56,63
Jacqueline Brown,Troubleshooting Techniques,50.0,57,97,77
Jacqueline Brown,API Integration in Mobile Apps,70.0,55,82,79
Jacqueline Brown,Security in Cloud Computing,88.0,96,62,82
Jacqueline Brown,Understanding Financial Markets,62.0,73,96,83
Jacqueline Brown,Change Management,94.0,91,59,83
Jacqueline Brown,Project Management Basics,57.0,52,89,76
Jacqueline Brown,Agile Methodologies,73.0,72,63,75
Jacqueline Brown,Corporate Finance Essentials,69.0,94,79,81
Marc Sanchez,Data Visualization with Matplotlib,77.0,74,62,76
Marc Sanchez,Data Ethics,87.0,55,61,77
Marc Sanchez,Data Analysis with Pandas,98.0,84,50,80
Marc Sanchez,Data Analysis for Business Decisions,80.0,67,84,84
Marc Sanchez,Data Cleaning & Preprocessing,99.0,67,65,84
Marc Sanchez,Serverless Architecture,57.0,56,84,75
Marc Sanchez,Content Marketing Strategies,82.0,91,73,83
Marc Sanchez,Configuration Management with Ansible,95.0,56,75,85
Marc Sanchez,Employee Engagement Techniques,90.0,69,65,81
Marc Sanchez,Progressive Web Apps (PWAs),98.0,87,72,88
Ariel Friedman,Data Cleaning & Preprocessing,82.0,99,67,82
Ariel Friedman,Data Analysis with Pandas,74.0,98,86,86
Ariel Friedman,Data Visualization with Matplotlib,62.0,61,57,68
Ariel Friedman,Data Ethics,52.0,83,92,79
Ariel Friedman,Data Analysis for Business Decisions,84.0,50,90,86
Ariel Friedman,Consensus Algorithms,53.0,99,93,81
Ariel Friedman,Game Design Principles,81.0,98,66,81
Ariel Friedman,Change Management Strategies,62.0,63,78,75
Ariel Friedman,Risk Management in Projects,54.0,64,60,66
Ariel Friedman,Risk Management in Finance,86.0,57,60,77
Ariel Friedman,Reinforcement Learning Techniques,58.0,66,77,74
Jamie King,Data Analysis with Pandas,50.0,50,68,66
Jamie King,Data Visualization with Matplotlib,90.0,51,53,75
Jamie King,Data Cleaning & Preprocessing,62.0,99,71,76
Jamie King,Data Analysis for Business Decisions,91.0,77,67,83
Jamie King,Data Ethics,75.0,70,68,77
Jamie King,Networking Basics,62.0,59,68,71
Jamie King,Statistical Analysis,60.0,79,96,82
Jamie King,Deployment & Hosting,95.0,67,59,81
Jamie King,Introduction to IT Support,92.0,61,64,81
Jamie King,Financial Planning and Forecasting,77.0,59,79,80
Jamie King,Usability Testing,51.0,80,81,74
Jamie King,SEO for Content Creators,76.0,75,86,84
Brian Gardner,Data Cleaning & Preprocessing,61.0,84,98,84
Brian Gardner,Data Analysis for Business Decisions,54.0,68,89,77
Brian Gardner,Data Ethics,94.0,83,50,79
Brian Gardner,Data Visualization with Matplotlib,68.0,60,77,77
Brian Gardner,Data Analysis with Pandas,90.0,68,55,78
Brian Gardner,Statistical Analysis,76.0,80,58,75
Brian Gardner,Risk Analysis and Management,65.0,80,96,84
Brian Gardner,Graphic Design Basics for Content,84.0,58,99,90
Brian Gardner,Content Strategy Development,90.0,76,95,92
Brian Gardner,Conversion Rate Optimization,72.0,52,69,75
Brian Gardner,Consensus Algorithms,96.0,67,82,89
Brian Gardner,Cryptocurrency Fundamentals,83.0,76,81,85
Brian Gardner,Introduction to Finance,68.0,99,68,78
Brian Gardner,JavaScript Frameworks Overview,99.0,84,59,84
Melissa Bullock,Data Analysis with Pandas,88.0,100,84,90
Melissa Bullock,Data Cleaning & Preprocessing,91.0,83,60,81
Melissa Bullock,Data Visualization with Matplotlib,75.0,69,81,82
Melissa Bullock,Data Ethics,67.0,99,57,73
Melissa Bullock,Data Analysis for Business Decisions,60.0,96,73,76
Melissa Bullock,DevOps in the Cloud,57.0,59,88,77
Melissa Bullock,Configuration Management with Ansible,91.0,79,77,87
Melissa Bullock,App Monetization Strategies,92.0,73,87,90
Melissa Bullock,Budgeting for Projects,50.0,54,53,61
Melissa Bullock,Customer Service Skills for IT,79.0,63,53,72
Melissa Bullock,Web Performance Optimization,79.0,79,91,87
Melissa Bullock,Ethical Hacking Basics,69.0,56,52,68
Melissa Bullock,Cryptography Basics,100.0,93,90,96
Christopher Gutierrez,Data Analysis for Business Decisions,70.0,67,63,73
Christopher Gutierrez,Data Cleaning & Preprocessing,63.0,97,63,74
Christopher Gutierrez,Data Analysis with Pandas,94.0,99,74,89
Christopher Gutierrez,Data Visualization with Matplotlib,64.0,81,77,77
Christopher Gutierrez,Data Ethics,93.0,98,92,95
Christopher Gutierrez,Introduction to Business Analysis,66.0,87,90,83
Christopher Gutierrez,Multiplayer Game Development,58.0,98,61,71
Christopher Gutierrez,Labor Laws and Compliance,52.0,77,87,76
Christopher Gutierrez,Unreal Engine Basics,63.0,84,79,78
Christopher Gutierrez,HR Technology Tools,89.0,86,58,80
Christopher Gutierrez,React,92.0,77,63,82
Christopher Gutierrez,Hardware Repair Skills,99.0,51,88,91
Christopher Gutierrez,Requirements Gathering Techniques,87.0,85,83,88
Christopher Gutierrez,Git & GitHub,58.0,86,68,73
Christopher Gutierrez,Performance Management Systems,91.0,90,83,90
Daniel Oconnor,Data Analysis with Pandas,62.0,75,60,70
Daniel Oconnor,Data Analysis for Business Decisions,97.0,99,67,87
Daniel Oconnor,Data Visualization with Matplotlib,80.0,85,98,91
Daniel Oconnor,Data Cleaning & Preprocessing,56.0,86,100,83
Daniel Oconnor,Introduction to Cloud Computing,69.0,52,77,76
Daniel Oconnor,SWOT Analysis for Business,87.0,86,61,80
Daniel Oconnor,Unreal Engine Basics,80.0,66,75,81
Daniel Oconnor,3D Game Development,60.0,52,80,74
Daniel Oconnor,Visual Design Basics,64.0,54,79,75
Daniel Oconnor,SEO Best Practices,68.0,55,96,83
Daniel Oconnor,Network Security Fundamentals,98.0,91,96,97
Daniel Oconnor,Labor Laws and Compliance,98.0,69,51,79
Daniel Oconnor,Mobile Testing Strategies,66.0,75,73,76
Daniel Oconnor,Brand Management Online,68.0,87,54,71
Daniel Oconnor,Supervised Learning,65.0,73,89,81
Matthew Morton,Data Ethics,62.0,68,99,83
Matthew Morton,Data Analysis with Pandas,80.0,81,94,89
Matthew Morton,Data Visualization with Matplotlib,57.0,86,88,79
Matthew Morton,Data Cleaning & Preprocessing,92.0,88,91,93
Matthew Morton,Version Control with Git,73.0,66,99,87
Matthew Morton,JavaScript Basics,98.0,97,81,92
Matthew Morton,Continuous Integration and Delivery,99.0,60,79,88
Matthew Morton,App Monetization Strategies,70.0,64,95,84
Matthew Morton,Risk Management in Cybersecurity,66.0,54,59,69
Matthew Morton,Graphic Design Basics for Content,51.0,93,51,65
Matthew Morton,Affiliate Marketing,83.0,63,85,85
Matthew Morton,MongoDB,73.0,88,93,87
Matthew Morton,Automating Cloud Deployments,78.0,51,76,79
Ashley Avila,Data Analysis for Business Decisions,86.0,86,93,91
Ashley Avila,Data Ethics,50.0,94,78,74
Ashley Avila,Data Visualization with Matplotlib,65.0,76,75,77
Ashley Avila,Data Analysis with Pandas,73.0,59,68,75
Ashley Avila,Data Cleaning & Preprocessing,70.0,95,79,82
Ashley Avila,Ethereum Development,72.0,54,66,74
Ashley Avila,Presentation Skills for Business Analysts,90.0,60,92,90
Ashley Avila,Deep Learning Fundamentals,96.0,77,93,94
Ashley Avila,Natural Language Processing Techniques,79.0,56,98,88
Ashley Avila,SEO Fundamentals,86.0,86,77,86
Ashley Avila,Cryptocurrency Fundamentals,51.0,85,85,76
Ashley Avila,Customer Service Excellence,86.0,77,70,82
Heather King,Data Ethics,87.0,81,86,89
Heather King,Data Analysis with Pandas,100.0,51,53,79
Heather King,Data Analysis for Business Decisions,93.0,88,62,83
Heather King,Data Visualization with Matplotlib,57.0,95,59,70
Heather King,Web Performance Optimization,78.0,90,82,85
Heather King,Stakeholder Management,69.0,65,90,82
Heather King,Google Ads Fundamentals,91.0,58,78,85
Heather King,Responsive Web Design,61.0,54,78,74
Heather King,Natural Language Processing,54.0,82,65,70
Heather King,Web Application Security,87.0,86,83,88
Heather King,Content Promotion Strategies,72.0,50,54,69
Heather King,Introduction to Cloud Computing,88.0,71,81,86
Heather King,Infrastructure as Code,59.0,91,73,75
Heather King,Building Customer Relationships,50.0,74,64,67
Heather King,Reinforcement Learning Techniques,64.0,64,68,73
Anna Nelson,Data Analysis for Business Decisions,84.0,81,75,84
Anna Nelson,Data Cleaning & Preprocessing,60.0,88,93,82
Anna Nelson,Data Analysis with Pandas,79.0,71,85,84
Anna Nelson,Data Ethics,79.0,81,98,90
Anna Nelson,Data Visualization with Matplotlib,99.0,57,89,92
Anna Nelson,Risk Analysis and Management,60.0,64,67,71
Anna Nelson,Continuous Integration and Delivery,63.0,72,72,74
Anna Nelson,AI in Robotics,96.0,97,66,86
Anna Nelson,Design Tools Overview,100.0,96,62,86
Anna Nelson,Computer Vision Basics,64.0,97,98,86
Anna Nelson,SEO for Content Creators,60.0,94,96,84
Anna Nelson,Financial Reporting Standards,69.0,76,99,86
Anna Nelson,MongoDB,91.0,63,93,91
Anna Nelson,3D Game Development,63.0,96,100,87
Anna Nelson,Diversity and Inclusion Initiatives,76.0,61,59,73
