id,email,password,designation,name,role
1,birdlinda@example.org,$2b$12$niLvawCOBGny9YO54GSucu0tuTrpUvC5lmfTyLuR.XlSXhLgAeohW,Software Engineer,Erik Gamble,employee
2,hsmith@example.com,$2b$12$5Jw8ehsG2ATUIfx84lxlNepTTGlV8bHrox94XW/H14bOfUvGTFcUO,Software Engineer,Sarah Clark,employee
3,diana79@example.com,$2b$12$/0dfI8Ua1mDcGQfHzcwXledxGfeqlVfenHCmEeupaEM0e0ncDEm4C,Back-end Engineer,Kelly Baldwin,employee
4,rhondadoyle@example.org,$2b$12$YxlPIHIIWYR0PynvoQrXNe329FnSq.jT93oLzqrqpEgg8Ak/WIC6W,Mobile App Engineer,Mia Andrews,employee
5,zblack@example.org,$2b$12$iLk/Ie0atb5qqfapMEDiaOGym6e2x2lC.wRBF3hfWmTav00HiFwMi,Security Engineer,Andrea Smith,employee
6,jenniferlogan@example.org,$2b$12$1U7LU8WVFinyxwRm4bhqt.cVfKr8aiTgZKrhQquohlA9t3Ist2x56,Cloud Engineer,Mitchell Thomas,employee
7,kellybooth@example.net,$2b$12$gmjnHTZ3jwULriYs2DrmmOYSae2DfusRIpmhkv.BLfK.zeynzdbFW,Security Engineer,William Thompson,employee
8,weisswilliam@example.org,$2b$12$Fk/rZ068KUiSnRpVtLM6cumjcnH/nV8y0vRrQfG4vRGEm271nYxKO,Software Engineer,Frank Parker,employee
9,juan75@example.net,$2b$12$HhYQjd40bhLLPAqrQO4dS.MhoTfnukdJmwyo0GtsQjW.8il472tme,Software Engineer,Alicia Smith,employee
10,audreywalker@example.com,$2b$12$OERX5JygInwb7YggIu9gyODesqMdbrblAYwMKHQ4QXVZvpzRLlAE2,Front-end Engineer,Robert Tran,employee
11,yrodriguez@example.com,$2b$12$rGIAIvMJuoudPX70T.KeGuzX7U/Yh.ozOmdcZBettWyuiai6tjYce,Data Engineer,David Levy,employee
12,johnfuller@example.org,$2b$12$eE9ode5GeQavTdIerUgAfeAbf4CvHiu36NtsGRbUuw4WT/Tzu/Xbi,Full-stack Engineer,Philip Evans,employee
13,maxwelldean@example.net,$2b$12$Ay/PGS3nzZ2ApJ1tksG79uaEl586BApW/4I3lTp7pfLH9DEBZp9Py,Front-end Engineer,Heather Bender,employee
14,jacobgardner@example.net,$2b$12$9yt0D1dwKMd6Uc8X62JQvuiy9JxzR0b4xPnqxqZlfQ3NHt9KwNllG,Mobile App Engineer,Lisa Jones,employee
15,ugonzalez@example.com,$2b$12$PmQZdt0CBuPtA8y9S1ckoOQZw2QhgqXCPEZbQy64dEvQj8Augtrm6,Cloud Engineer,Patricia Graves,employee
16,miguel77@example.net,$2b$12$3jR.2Lr51fLRPcb3qefDKO39jnjVm.38hy.WOmbViFH3xx.qIO2EW,DevOps Engineer,Cheryl Bishop,employee
17,tjones@example.com,$2b$12$HPbKwRhArSydwd1ER9CtUelO28KJlRivcvFLoGh0qie4/u0lrzRmC,Network Engineer,Rachel Jones,employee
18,sabrinagarcia@example.net,$2b$12$bIhIlmH1qNnTytoNBF3NWO1c2G/zmfFuqkTJxyZHs.JG/YzRLSvpm,QA Engineer,Joseph Sexton,employee
19,lewisyvette@example.com,$2b$12$PHo9jOH5Opr2MEg3AMy1zuuc1IGo/VSYgNGOnfIeHIrAwRp1k7m5a,Cloud Engineer,Valerie Ayala,employee
20,xcole@example.com,$2b$12$kiJAkFwu2tKF64.5EHC9oOlBmWEVd.u17/VVrDWCVkxX6Ggia6czi,Front-end Engineer,Frank Green,employee
21,perezcarolyn@example.com,$2b$12$CDDHVNHkzTqjgNGWvfEPg.O4zg/JKuRNJ6I9FzUStYSnj0BcOxKES,Full-stack Engineer,Alexis Pugh,employee
22,andrea35@example.net,$2b$12$ItE2SglU.4aJNdYrObW3GuBPXilTGWNSVZgNGKexKwe0hXt2cwOTC,DevOps Engineer,Manuel Boyle,employee
23,lisa76@example.net,$2b$12$Q/dQFmss1FviWZvQdVMWLeBf25OANjvKibOAP3fM.qt0IUP50xl06,Cloud Engineer,Ashley Moore,employee
24,sara89@example.com,$2b$12$71RbFDNRutrjE4s9gXNwL.Wrdu3WgqWuRLlY0Qok3d5EQwILJV3Mm,Back-end Engineer,Steven Miller,employee
25,edwardparks@example.org,$2b$12$n9HPmiRndJAOkSCpG2wfZeYbBWTbsYvYoCsjVRU/mi/gclVC7Mbfa,Network Engineer,Teresa Gonzalez,employee
26,vreed@example.net,$2b$12$p/ytx8PHdjuEFONb/Gv4veoZb5ZVNeisaCI/oyZSxrFhVCB8f/T5C,Back-end Engineer,Justin Ross,employee
27,jennifer47@example.com,$2b$12$ROOLgKckM/1CzgRHcR1OL.f1myGfKupng4ZaEzwqBlsu8JXBwq/0q,Mobile App Engineer,Johnny Sullivan,employee
28,omitchell@example.com,$2b$12$Jlpb/tGxQTKhBfsUGEN3nu.uYSwNfX7KCzYg/7g5iJ4zOj5NZdwPS,QA Engineer,Alicia Short,employee
29,hannah78@example.com,$2b$12$zCidsPKJQAHJZgrxO7oIMuHFsdD2UiHVmGqqE0GhRSbrqaMr8X42u,Software Engineer,Alex Thompson,employee
30,michael01@example.net,$2b$12$CWKTfpTQkIhvc8XFGLgWQeB5ORflfxT430NvUsO3cErA2lI2xNR7e,Network Engineer,Steve Montoya,employee
31,morgan28@example.org,$2b$12$FyWCvF/e1VQDXZlFmkZG8u8eBQUXaENcRvyoWNqbXo4Jy5bkPX8ia,QA Engineer,Jesse Cruz,employee
32,ymoore@example.org,$2b$12$XmWRWZnS96EqCGrquaNbTewGGzxjei6B0IqNA7D972eZ9Fl9lTSf.,Full-stack Engineer,Wanda Welch,employee
33,morganamy@example.com,$2b$12$O/kCuKlhlPkLV8rAvL6qWuwvKKDaFypIoTNvVBSjP4GNCiLz5EJUq,Data Engineer,Stephanie Hanna,employee
34,imiller@example.org,$2b$12$0/2Hr/SOq.TeFYgnPUTA2esR.0Po5sfemt3FHnSO0UQZDF2Yv8Ee2,Security Engineer,Diamond Sims,employee
35,olivia10@example.com,$2b$12$XpPhfK06L3.lh.JAbwDOSOg1aY8z7GmFmY.r06uNCMQKETWwJdxpW,Cloud Engineer,Seth Joseph,employee
36,wilsonbrittany@example.com,$2b$12$gux1hzRIt8fhaXocrqgrwO0y7Yw97VZDcun0KLAAcJDZqamlHHsGO,Full-stack Engineer,Heather Evans,employee
37,wscott@example.net,$2b$12$7M7hKAsNjIIcrPdaQlcct.7/4AW12I0Jh.q8o22rRVWNlEZy/HJPm,Software Engineer,Amy Green DDS,employee
38,erica71@example.org,$2b$12$hn8C/et.0OQl0BDcp.kjn.Bb55MZbOCxtMHCK4JMgLg8dSI8NGy0O,Front-end Engineer,Sierra Murphy,employee
39,michaelwilliams@example.net,$2b$12$dl/zvP.XM5DfXs/TMENS8OgwW5ifIcyBnjzMmVVduqmFocixHZuK2,Data Engineer,James Mills,employee
40,david87@example.com,$2b$12$KP7IcFesrTI3hF5MsAXKBunegpAQy6QcJjtbHqv/b/pmZijfk6wbm,Software Engineer,Joseph Gordon,employee
41,amarquez@example.com,$2b$12$Q/s7Q51s/TXuHitGhX4Jt.0cIHMqM80RzRLnJ9GFqkXbGzSLRJxKa,Mobile App Engineer,Robert Mclaughlin,employee
42,patricia43@example.com,$2b$12$dHMMvd6oCPo3zB9GCnxKvegiTmh7hV7Zt5xMmgn3PGLKGqE4ZOfFm,Network Engineer,Justin Reynolds,employee
43,scooper@example.net,$2b$12$XPT20kRH.nOleUJOpDwl1.GRcDAklJow31j2qCTf8XhfftwfkjtaK,Software Engineer,Michael Turner,employee
44,kennedywhitney@example.org,$2b$12$1Ek9LTo8KcD6nq.L9PTxEetvba/aqx./G9M.Rg1LrBcEj0MTl0/iG,Front-end Engineer,Crystal Wilson,employee
45,gabrielray@example.org,$2b$12$FJRyWnjLwOkyR6zlxhKqle3Q2cVEHHspJdsaACTvZCCMCcqPRtDK6,Front-end Engineer,Seth Stokes,employee
46,jeffreydouglas@example.net,$2b$12$GJ9Mqg7KKEwjcSvAupDpQuDIAkKBVpCOxDdV7KeUshQ/g3Ha6gMaS,Software Engineer,John Wilcox,employee
47,eparker@example.org,$2b$12$XLlKzRh67BNTuN6BYAAQe.UNjfjp7EtG4oqvmhZmwM8/9Rn7onJFK,Back-end Engineer,Keith Williams,employee
48,bsanders@example.net,$2b$12$KOiv4n1NhymMu8IkppW.Y.mdYX9v8K2XjLcq5y46BB7H0PrIybxW2,Network Engineer,Ivan James,employee
49,wendybrooks@example.net,$2b$12$mKVg9AM/r1aCDWLoyeVXq.Gdjz6KUpssdiK83NEimCJKfvzYBGbz.,Data Engineer,Raven Fields,employee
50,alyssa64@example.org,$2b$12$YxhwRlCUH9kzFN1rES1/Ou.Mijh7YTxxKPVmaT5G2fHFYkTXoUwIq,Cloud Engineer,Jamie Massey,employee
51,melissa08@example.com,$2b$12$KgQPOU5vswqTUc2LCcxjB.hSFXKQaivlH9EshlRrhkb34DZC7LaDa,Front-end Engineer,Michael Webb,employee
52,kevin05@example.org,$2b$12$xEF/VW3kFIsWeXsPG5hqUer1yW10J48fAyWvhqdFPqyci0j6cJCbW,Full-stack Engineer,Theodore James,employee
53,lopezapril@example.net,$2b$12$TvDb8sjNYS3YUb.ykAOJcO5RstGrmXW1ir0lmEmkbLzgBSNh/OCW6,DevOps Engineer,Rhonda Myers,employee
54,amanda94@example.org,$2b$12$7y8Ji8iKiwW9Yv667bsr6OjLK8GLb8xrs3Sp4/Q7.awkyWyFy66Di,Security Engineer,Erika Russell,employee
55,adamstracy@example.net,$2b$12$oTWXYtPgsAJ2jrJSwT5lFu5Z8zwjUClMb/q7hEWtmuv/RJjjbLlvy,Back-end Engineer,Dustin Booker,employee
56,dustin41@example.org,$2b$12$TASSpwq6xYvzJXPFBbV/XeOk6aHlLZR4Of2E8wPxMK6FNtpkTtgoW,Full-stack Engineer,Erin Anderson,employee
57,daniel98@example.net,$2b$12$HFEfjwlkCoqjkHK6ZgHSPekXYn.OV/sDDw9po7P7tQEr/wRkpwSM.,Full-stack Engineer,Sandra Tran,employee
58,christopher25@example.com,$2b$12$Verwc.GdSjYKXqkwfmt9PutRg4O7Uz56rotrgUYTBh1hijfqgLQ5i,QA Engineer,Leslie Ruiz,employee
59,mathewsjames@example.net,$2b$12$It30.lyeJFMdEobzQybSkOnve/ZC040kjR8ImWNixhkTrl1Rqpuz6,Software Engineer,Rebecca Butler,employee
60,davenportcarrie@example.com,$2b$12$IqNd.SqrTC52ahKUeudqPOJe8VYmSRO0i6qYzDpa0N7BUniSy23.K,Front-end Engineer,Derek Smith,employee
61,zdiaz@example.com,$2b$12$YAgSWAUXZ/ImGzeveJVSReAKWuTwjeZjpv8TqIBYXnxReD.9kYkDa,Front-end Engineer,Kevin Joseph,employee
62,crose@example.org,$2b$12$18LsbkQhx03tvZp0u1qpauKnZy4N0m6LjjOIfp5YUE6pqsWrnB76G,Full-stack Engineer,Nicole Howard,employee
63,laurafigueroa@example.org,$2b$12$1gauwdTeNRPwEqpI/xPSPunxCC3aB/821mXQXG8JvpZWKNTkRHysu,Network Engineer,Cheryl Rojas,employee
64,ytucker@example.com,$2b$12$gPlJCLJMC66AfzAlqVmwpOZNjPC.N56nbGgq8kMy145iGTfeV169q,Cloud Engineer,Richard Blair,employee
65,fboyle@example.net,$2b$12$x9kZOBbDzqR3gliXbp0XFeob.tbzFwIriKLS/cdGhHuZVWbhX/m36,Software Engineer,Sean Tucker,employee
66,clarkmatthew@example.net,$2b$12$Fd9hKx8sMMXVJI5ajdGau.CkfDHW0Y6ZnM/g12vi.S0EOQvbzfl/O,Full-stack Engineer,Jeremy Martin,employee
67,adam14@example.com,$2b$12$m11k8INrnIMiGfh4FEYsl.8qTlO458QtEmYZ3.dxlX.w1ONlPe3Ma,Mobile App Engineer,Aaron Johnson,employee
68,kathyholder@example.com,$2b$12$CTecsZRKQztxP09oOwIk7eaNBhhSCHH.aRXBoF4Kh8uq2Wg55F3N2,Data Engineer,Alice Gibson,employee
69,campbellmark@example.net,$2b$12$/oqstrPtzfOubZGkm8bty.WpKB2quFtc8CvDMCNleAKyMC25yYCi.,Security Engineer,Jennifer Ward,employee
70,perryperry@example.com,$2b$12$a0vDumQO6cdx0mbXBBPHsuzokqNI1qoIo5XY3iZnmseeA7AS0dv82,Front-end Engineer,Brad Barrett,employee
71,felicia40@example.net,$2b$12$ZGrIcT2lJ/IXMFVg56THcu86KRn9qy4fqEy8hzM6VsTHhgAYVNPpO,Security Engineer,Whitney Howell,employee
72,sarahtorres@example.net,$2b$12$9/gfYqhuE4bcKOU.JLHb5OLjFT.jPoX6f9dKPlsC4R/LhupcR/aAK,Cloud Engineer,Cathy Gonzalez,employee
73,jonesernest@example.org,$2b$12$zWhTgduz4pP5ul/yxa5HXOF95y79/vTmYnGlnSNrlw4rL4nDWnHxy,Full-stack Engineer,Brian Kirby,employee
74,obarr@example.org,$2b$12$ena7c9N3vy9Ni1H/sklgGOL.udY2tjchM6BV3abNeCUZmO2PWCH8e,Network Engineer,Samuel Henry,employee
75,rosecorey@example.com,$2b$12$aQ55USFspreVVRlWBPlL9.cIsv0D0y.orib3RkQCViPboFxLWWi9m,DevOps Engineer,Jason Collins,employee
76,harmonpaula@example.org,$2b$12$/I2qu0TM9IpqEpcAZYyWw.LBu6138EmsIJ8Dnj8O4O3qxOgqfnpJK,QA Engineer,Julie Cox,employee
77,lisajacobs@example.net,$2b$12$LNISUNkm8.bV4AxB8hIAHOsri7nr8zRrCulKypWNBoMbnUW2th1z.,DevOps Engineer,Jamie Fleming,employee
78,christopher70@example.net,$2b$12$D/TCly.vVk31p5y.cB4AhOCp9FvrC.qB.v.cg6QKU.pWJbuCDm6J.,QA Engineer,Renee Williams,employee
79,conleymichelle@example.com,$2b$12$yobe05DXasaEgLTdhexaT.vwTPNmuCR47IPqGF0AAGbYvhhexcbHi,QA Engineer,Samantha Boyd,employee
80,phillipszachary@example.com,$2b$12$1pJRJzB4uC2S2F/GLkpC..I0sO.twYHDiXHZtwcfgvHfydht7mzoa,Full-stack Engineer,James Smith,employee
81,jessicajohnson@example.org,$2b$12$YJJRL.zG3hLJd/IPjYGXKOOX507MBJMkWNS.A.mVrESBENL2ITASi,Security Engineer,Daniel Moore,employee
82,tiffany56@example.org,$2b$12$Q102jaL5nCwK9cfCEvyxCeAV0IrMaekV4iGWxw2jZawnXyt3PD0Du,QA Engineer,Nicholas Henry,employee
83,ebaxter@example.com,$2b$12$SKw3c.gMmiR.wTU5AqbocOugeaXUhjpsvXJeCt.D5MJWicdQdALd6,Network Engineer,Alex Pineda,employee
84,shepardanthony@example.net,$2b$12$mLFvpvKRHlCpnVmQ9p39teDYKegcw/Ehd44LCXP78.bkSerooFgqO,Data Engineer,Matthew Holland,employee
85,molinanathan@example.com,$2b$12$hylcnLPG8u1NjoHz9HGCT.gaiIqQyAUa.D/atogoBSZisj98QpTe6,QA Engineer,Jennifer Boyd,employee
86,pattersondorothy@example.com,$2b$12$dSUzseedc.DYrRLenyALiOTPBu3.h6XRy8maOAQ3PLXboJ3HqFSRe,QA Engineer,Joe Williams,employee
87,esnow@example.com,$2b$12$kd82ytYG1yVSTOHIDwSiT.WE3nnTrckNX8j63E50vqxsEvmNW/KFu,QA Engineer,Howard Peters,employee
88,joshuaayala@example.com,$2b$12$ghgq6WCw6GhG/5FKCKxH1OudEWSkqx8D3TmoICkZ50XXVyFsTAMbi,Back-end Engineer,Crystal Walter,employee
89,jamesward@example.net,$2b$12$wg2aIHrdDoITegsYY2be/.exJY226CRTFeu07lik6hFUtSpm7WCZq,DevOps Engineer,Patricia Carlson,employee
90,brian55@example.com,$2b$12$TfKS0lpn8vHw.liLb4pp9eF/ZOx2hyqgQUBwq5105vJMHo6/LcHM6,Data Engineer,Timothy Bray,employee
91,tammylivingston@example.org,$2b$12$UedsxUQ0MklFluzVtrIeXe/TVDvJz2C2bY2nUd5j6VEfSnfICqY26,Full-stack Engineer,Lauren Phillips,employee
92,ehurley@example.com,$2b$12$D8LcwkwZEKmyaorlk3jJAeONJOVmwJXdpYqxOROPr3yb6t/0JgJri,Mobile App Engineer,Craig Fox,employee
93,peggy13@example.org,$2b$12$ymI9hbVruNNj4fcbDZtJaORVdpiDJ6DcclRkgrC/SGO071RnGz69C,Security Engineer,Daniel Hart,employee
94,jonathanramirez@example.net,$2b$12$pMtoGDgbzOwINIW5/VKJ4esiSnRq/WlVLCq4QGEZmExcGWKfneahG,Back-end Engineer,Randy Bradshaw,employee
95,rowebailey@example.net,$2b$12$Zm7e4MeYajgTOq7fRNge8.Ox1Lu./DjTbHQ/rbFU.KUKPd7/6hdz6,Cloud Engineer,Veronica Brandt,employee
96,diana82@example.org,$2b$12$jKIX51RNqoSL.SwuK9wFVOHjrCiF6P2tm00vsmVo2sRyfg9fUCH16,Mobile App Engineer,Mark Franklin,employee
97,adamclark@example.net,$2b$12$kMkbkkBftqthyk3SSQGdyOgnP0vTCEFjWqYbjF/szO9JMAirpGh9i,Back-end Engineer,Heather Brown,employee
98,christinesalas@example.com,$2b$12$PRTuAxnHjq2zvX13YoTMm.K5yC8bylBXOXT10rtQhmpFsp5dAJwFW,Full-stack Engineer,Megan Tapia,employee
99,daviselizabeth@example.com,$2b$12$XW15mEOrC0K2Tte2WpTKP.8AWdA99gj0JgOw/Qvwh8.z0.R1Pvyha,Software Engineer,Kimberly Dickson,employee
100,steven12@example.org,$2b$12$MHm9KnFUdKI9r5TKsroUZO3wNtoRFVZdDz0JiGBow0u6mT7TA6vEa,DevOps Engineer,Devon Ochoa,employee
101,jacksonstephen@example.org,$2b$12$zA1Lj6/MDRslO0Pj4cwBs.SZ947Mmusr.s/L33ffW/HrnoPFsvMbG,Cloud Engineer,Dylan Johnson,employee
102,bpowers@example.com,$2b$12$n3/ne5VfREiE8CitHb0UhePrzEjibJHXRVaY6oE/79VBkH8NWwSfu,Full-stack Engineer,Joshua Blair,employee
103,krista27@example.net,$2b$12$BTAs0X4KqhHWNdPmlxjERuIrK2NCC0S5by36PKK8TUUyDAwIbVmT.,Data Engineer,Mrs. Jennifer Trevino MD,employee
104,treynolds@example.org,$2b$12$9cO2gvtpBwI3plJ1yUp.L.y7VMD3EPDre1iiUf.wYNYv/uOdgj8dC,Security Engineer,John Fuentes,employee
105,ashleyflores@example.com,$2b$12$oRnxcQHz5aKrzDbpHa0iQOWleSuUEFp4PRPUPmKJtD8VZ24W9pFNK,Back-end Engineer,Vanessa Dean,employee
106,kaylaschmidt@example.com,$2b$12$.DNZecw50CQhtPKC2gOILeThXZstynZ2BhJJj.4CO7yIntnWGHBtu,Back-end Engineer,Sara Brown,employee
107,davidmccarthy@example.com,$2b$12$yrrW695eaCGobqpDytdBB./DddnJvqwF9x90jhDm/niBvtkc1bYi.,Front-end Engineer,Michael Nelson,employee
108,heather38@example.net,$2b$12$cq1yN3opwSYEaCbhMdHl3uNTxjMbXRkHBfJWSWyCubntKuL7BgMsK,Back-end Engineer,Rachel Guerra,employee
109,rfletcher@example.org,$2b$12$hDAW0NyI3e/G/Piw0h60u.HSkYwpxKuprgkPMZgmLObsXuBC8OM.W,Software Engineer,Louis Glover,employee
110,william47@example.org,$2b$12$2AdJnJAyLmzN.0R8.NjY2uB9V6O4B6D2PvznKrYqL5lAuPQnYb5IC,Full-stack Engineer,Blake Kaiser,employee
111,jmcneil@example.com,$2b$12$YBoj9hHPBnsPUkXqM4uvdOoX/.QAYKEozYV54A9QgcCWWCwN9HYVe,Cloud Engineer,Joshua Taylor,employee
112,coxandrea@example.org,$2b$12$TDgWAV50lkXb5ey02vhkMO84XJ2CCKDduq92qlMZ4d6.BhHV9XkDG,Front-end Engineer,Larry Horn,employee
113,lauren62@example.net,$2b$12$dF8DHCLtSTKWeTz79kXI3eR9TZD1/v2XV3l4G9XjgATBWWZiHjpEi,Mobile App Engineer,Heather Turner,employee
114,barbaravalencia@example.net,$2b$12$8W4RTkr9xU1bjXcDt13O7eCcK/PJCUFBaK0OkD9KLtM073k3Xu5zi,Back-end Engineer,Michael Rush,employee
115,jasminwilliams@example.net,$2b$12$tCK7YixV2K6p9pUtyhlR8.b0ee4DFi4ZtsgOQsfYEWEwFwqwLoSQW,Security Engineer,Rebecca Garza,employee
116,ycannon@example.org,$2b$12$czP94DQ7YfsXwh47CFqQXOYNLjpu8wfZW5CRkG.FIGH2mZBvu1Qua,DevOps Engineer,Sarah Palmer,employee
117,brianrussell@example.org,$2b$12$YTfd9r6O1AXBrm3moKMwUehMat5qZRVm1QuI7Rp7NYt80ColZNmza,Software Engineer,Richard Matthews,employee
118,wanderson@example.com,$2b$12$qLXz5DnBEEhUJKOhTWS.Pes3Hsp4CQ9b3SYauLDqIJ7Yspb7fQHaW,Data Engineer,Timothy Silva,employee
119,obranch@example.org,$2b$12$L4/7w7gr/28Xdewlic/jPukPdOy2zmSQDhKHnuWy7bCLvNFdX63sW,Data Engineer,Martha Peterson,employee
120,jeffrey31@example.net,$2b$12$0GwUXtDd8nUECj7UMqI4CupZA/As7O1aKbOnWLT30vgZXEJVA/SHe,DevOps Engineer,Terri Smith,employee
121,theresa55@example.com,$2b$12$sJbjidhOEjZPxkdMNaIDJeTlACVP4n98THkyRyaFfEC7Qh/xhnikO,QA Engineer,Miguel Klein,employee
122,ffernandez@example.com,$2b$12$H7O2xlw7FblZGBbVPSLv2.I2Esckn/O1ikXvVnt9eD43ETQ3FW8ia,Software Engineer,Dylan Holmes,employee
123,imacdonald@example.com,$2b$12$dCbIjR66e4x.We9HStEFc.0gydoW.krqJmZ1FTz76X7iUYx.WdpeK,Network Engineer,Reginald Robles,employee
124,iday@example.com,$2b$12$rv5wEa2Xp3r1VgtXtJHgm..Cxz41oQDvjOrfCf/POCtoe7WTZ7t4C,Back-end Engineer,Chelsea Austin,employee
125,nicholas65@example.org,$2b$12$KVAIG5hGWgdeM5DAptYwiO2iUGP/xlSb7DtkumpspAFpS88yZsPS6,Mobile App Engineer,Angela Grant,employee
126,hbass@example.com,$2b$12$u97ZC9lbdlvWGZmuDN.g2.7f.xlqXhMRAbeS6AcVF5ku1HD70HuPq,Cloud Engineer,Henry Garcia,employee
127,morrisgary@example.com,$2b$12$5V4GQk4Y/f.e/5.Ks6UV6ukyW7kTfemU9Y6SLPHtvSzLWTzjMieVG,Software Engineer,Alicia Johnson,employee
128,mchambers@example.com,$2b$12$P1NEJT8x9IXh1KIyjq46xeFVPxJUY4uwMwHHtTBBuZntHYcFbnOA6,Mobile App Engineer,John Howard,employee
129,kevin08@example.org,$2b$12$B4NfqG3nByL0MxPxvHxxL.JyLGjQBMDK7igsqFhU98oJaD1BFIn8e,Front-end Engineer,Melissa Powers,employee
130,martinezkim@example.net,$2b$12$MH62I9VJhnk0585i5I1dpOh4FHO0o4I5yaxgP2w2HQl04nKXaPHEe,Software Engineer,Miguel Bishop,employee
131,ymurphy@example.net,$2b$12$dE75wCi7QJNWfrdzEh7gae6.LG54BacFrsRQ4puYMCJW2X2wdqd7C,Data Engineer,Brent Jones,employee
132,suzannebyrd@example.org,$2b$12$yT0ElTpAx1O.h/DwDRHI4udaqm/C1yNLGmtVyt7lXV9P3X3TLQN1q,Software Engineer,Wendy Peters,employee
133,anna87@example.org,$2b$12$073a3uzWMBP3jMEc20uO2OC2pn6LVcIn814juxiJr/DBipitvL1dK,Front-end Engineer,Natasha Perez,employee
134,ebryan@example.org,$2b$12$blH50yeOZob3EYBwmrJVkO29jq2h1xroZZjoLSfZ99OEBztt.c27e,Security Engineer,Scott Mitchell,employee
135,erinvasquez@example.com,$2b$12$b1NLq0B3cLBErC4MNJ/XNedA6A6yZfod8GNGQIkwFam3laniN/XQa,Network Engineer,Deanna Lawson,employee
136,sandersjeffrey@example.net,$2b$12$j3hi7uLkGLLUyuTnDy/96uLcsCerXSDK6Psjk2XLO3nmcYGP58Kly,Mobile App Engineer,Todd Newman,employee
137,joshua80@example.com,$2b$12$SmdfwUqcEiVPj3LutLl2uuBQU0XtPlmOdzp2TDuN5dt.4OeZdCaGG,DevOps Engineer,Katherine Johnson,employee
138,olivia24@example.com,$2b$12$3OY1zBN1/SVx9ezaCdpNae4zO1hIM5Zas0gQtFt9uq.h1jIuIRIQS,Mobile App Engineer,Jeffrey Schultz III,employee
139,rgarza@example.com,$2b$12$b6zKWYeu06ardsn7cRm4MuKeKruCOddtUd3R3Q9fJXanlfrZUQP2O,Mobile App Engineer,Stephanie Pham,employee
140,jenniferbrown@example.org,$2b$12$P6qgD3.hJROHyNvNeFsYLeZQ2yK.aPj47rJC2j/nLpNXrC/XlBvfG,Cloud Engineer,Joseph Lawrence,employee
141,stacey40@example.org,$2b$12$7i5lSBvxckBEHhYDwj.lpOCxao6SB7bmKbrNSzpuDGrMbqXMQVObG,Full-stack Engineer,Nicole Wyatt,employee
142,schroederwilliam@example.net,$2b$12$fx1eVNXjZUp2aD4H0t.Wf.6tpDFCOHIFxCAhUXgpHATmZjsfMvSFi,Cloud Engineer,Melissa Andersen,employee
143,edwardharris@example.com,$2b$12$qurA0iW2bTmbe2Uj0RSo0uB2VSTlEnSe0OQZPYL2RUbgqY4zbddJu,Mobile App Engineer,Karen Garcia,employee
144,jacobsmatthew@example.com,$2b$12$mnSmZvlccsTw2B679W25KuxOiDolRiZwCWQcVvg0bAwPEosplJhya,Cloud Engineer,Jennifer Fields,employee
145,jennifertownsend@example.com,$2b$12$y94L3iKkiV5kvj7bwBIyau7dxaut1Dm.DDrfE9/nxH5lGxJI7JMu.,Security Engineer,Andrew Osborn,employee
146,scott47@example.net,$2b$12$Wbbdo/8Ei2zB2dbdKgb1d.9H8v9iAsHae3FsrNChb3gAvq8i31KPC,Network Engineer,Nicole Quinn,employee
147,ashley33@example.com,$2b$12$qZc4z3KomhY4bEGQpmcRaOqY4YUKlDlvLRaewlSnZle.7Z7iG9oBu,DevOps Engineer,Richard Harris,employee
148,jyoung@example.net,$2b$12$lpzIsccrc/jj9ikmaWeXOePZ714NUM.ZM2IHtwvgWhVw6z4dGwnoi,Cloud Engineer,Jose Sosa,employee
149,donaldmorgan@example.org,$2b$12$K3p1sYHmsp9yI/smzH.i6uguZmOSNOuoOIptN9vw3BpUPJrymGfw2,DevOps Engineer,Brandon Gomez,employee
150,cummingspaul@example.com,$2b$12$Z.InIydeQvjtDS8lx8pF9OgYuVJ2YV6lUjx8Hdt5BfIx6.6ePIMYi,QA Engineer,Meghan Gonzalez,employee
151,jfrench@example.org,$2b$12$ohAf/X0AHPgdr1XT2UqWguD28EqbZcujwe/hZuBFDTOMLqrTNCd6W,Software Engineer,Aaron Brown,employee
152,christinarivera@example.com,$2b$12$buMJr2Un.SYx/XrNzr43TeBbcmQ8rfKC6s6O9Lc.kWicQ1ltRQm8u,QA Engineer,Mr. Mark Griffin DDS,employee
153,christophercosta@example.org,$2b$12$zYIR9UmbE97Oo.0fGAGn.epLe6mEDES1hujpW6q4tWd2M87Hq9rFG,Data Engineer,Brian Burns,employee
154,westmelissa@example.org,$2b$12$O.364vC.Q8FNQrcPVgETeOmLP57ye1CcjUewe.ojlo./iEFKrfi1q,Software Engineer,Tami Johnson,employee
155,mariataylor@example.net,$2b$12$rXm/WwJV3U2MBf.Hyvpc9ulJlk318HGiI4SQI0.gQWeGjCI1pnAii,Back-end Engineer,Nicholas Hamilton,employee
156,jwilkins@example.com,$2b$12$smNoliG3bEdQftAX9L6nSu4Da1CU7qfHYUUeR/Gc12DfBXLOgctxW,Security Engineer,Beth Robles,employee
157,silvamelinda@example.net,$2b$12$XT2dOkP/j0itUwK7nipMxudoDAs2AVPoy1nPS/AVkuxatzjRk2MsO,Network Engineer,Jeffery Adkins,employee
158,conniefisher@example.net,$2b$12$ugcCwmpABHKQQ8yp1ffkqOgWiRbIWRBjSfbuBZ8Y64Z3/H5eMajIW,Software Engineer,Karla Mills,employee
159,tracilawson@example.org,$2b$12$WzRXJw1ivzDz/jEkpvxzK.9W705vMZJUhxzmz4jXhingQcR9svIhC,Cloud Engineer,Karen Cruz,employee
160,kaufmancheryl@example.com,$2b$12$qgLxm.bg5yD91vWho1oD/OzmOZaqoks3H.O5UT0ZrfnAahekkfoYu,Back-end Engineer,Deanna Sanchez,employee
161,madisonfisher@example.org,$2b$12$K0cBlToZlALfmuQG1PoWLe6EA/dv0ONwHeOjWN0QI1ri8SCpOHD4W,Security Engineer,Rita Marks,employee
162,tammy73@example.com,$2b$12$kHyPVfv3Y6mAv6B/d89DYulGCPwslq4qWMN46A8YDyuqyDzCyNpCu,DevOps Engineer,Catherine Dawson,employee
163,cmiller@example.com,$2b$12$PkX.DXTI6ovoE9tdZLEVXec3BNPdS4jr5alMjYLXI7v.aC1bePVx.,Cloud Engineer,Kevin Rice II,employee
164,carlosgarcia@example.com,$2b$12$0cfCpAx6AeGr3pzQK2HXB.qrxuQQeoXrcMful8IyYr8U.xSPouCMa,Security Engineer,Dennis Odonnell,employee
165,seanjohnson@example.com,$2b$12$NDyxP2bL5y7yYqx9LxyiION91CjXCHpXhTaYUxJ5L/HRRNs6c3Wke,Software Engineer,Natalie Lopez,employee
166,justinandrade@example.net,$2b$12$cAIxK7I8i83uPUNh9JvfuOWvCV.r.k.MepObefG77HR6mJg50gyvC,DevOps Engineer,David Delacruz,employee
167,raymondkennedy@example.net,$2b$12$nx756kjZ8lavgY3ofRzLle09WKHoSMVWfaJFHF0EY/YuzFKXbccfu,Software Engineer,Kelly Moore,employee
168,edward79@example.org,$2b$12$AfF/.CPHUNQe5FV/kygHdeu91Pst3GBtdSz7C0J.fOUm7yDrr.r3q,Mobile App Engineer,Kayla Cook,employee
169,laurabuchanan@example.org,$2b$12$/EoIeQr0GQDOITdSgbNRDeg/5St/srRi9LQ2p4s2fRtNxEL9RxLrO,QA Engineer,Christopher Young,employee
170,portertroy@example.net,$2b$12$xnwjUn5RAys3UdgqusvhQOow41xhEcHYqRIxWCOUANueCuN8GMm8W,Full-stack Engineer,Taylor Jones,employee
171,angel07@example.net,$2b$12$y44tp5Ukzsz5GGkWIFtWJO3Tg54rc8s0PDK3X55EuUZLDKh7Cae9a,Network Engineer,Jason Scott,employee
172,rachel21@example.com,$2b$12$6sx89g86uaot2jnsQJU.TugBxtMyTMF4AFTJpUlXZ/J/aC9V/.hH.,Full-stack Engineer,Warren Tucker,employee
173,amyjones@example.com,$2b$12$bTuYsiaIyMJPVJumdULBwO7QKU5pBnPZPW/XXmK2N6y6LHJYLC6om,QA Engineer,Stacey Cooper,employee
174,nicole22@example.net,$2b$12$OiBnpozBEqQ7JVTX67TjYOAmhYRPTIQ5nq7BPnXgpjgZ6wMwwZR76,Network Engineer,Mark Haynes,employee
175,marissa90@example.org,$2b$12$sAlL0KJcrO0iIw3dzP0uxuq5EiU47myDUCPRLbqiox80FXwHNR.nO,DevOps Engineer,Adrienne Roberts,employee
176,shelby33@example.org,$2b$12$uC29EcJ1FFa.vJzTEq0aGOSlz4a7lprEO8OhiUXDm1nwQMr5piOwW,DevOps Engineer,Courtney Phillips,employee
177,jennifer39@example.net,$2b$12$yFRzMAuOjDAociNXb6QMnOHuG4VVg80iNWif3.zXz.lcXC1iBPpja,Security Engineer,Jeffery Brown,employee
178,christina70@example.net,$2b$12$kuV0n1fK1bClhkvdaalO0OoUmCdg.beikZ2TCZjeOJbm27klH0pB2,Full-stack Engineer,Terry Pierce,employee
179,aaron81@example.org,$2b$12$lGso/yoAXuvjqKK6Z1gRpuHfKrv1V.g70e/a7b22qISQFI2UoqSga,Software Engineer,Brandon Ferguson,employee
180,glowe@example.org,$2b$12$36/43totW8jROmN0bo/cYeFBbVMZEaaj1ZNH8O5hrUzhDUV/yPSK6,Security Engineer,Maria Wilson,employee
181,michelle91@example.com,$2b$12$GVvbRVZJqzRlq9QhXB5HhO3OyK4jF7zsBYM81Rgo0czZu2gGFpkZu,Software Engineer,Martin Long,employee
182,cummingscathy@example.net,$2b$12$g3WwFz6ehuiBFQKAa9SdmOn02A9w7fVjA4eitJa7GLEIp8NarqQ5a,Full-stack Engineer,Joseph Lutz,employee
183,rgarrett@example.org,$2b$12$sYdire60S3Uz6D2nTL9L.ufyTM0W3Eo2fehRywQO/Cpu3rg4YRVpS,Data Engineer,Stephanie Chambers,employee
184,johnsonshawn@example.com,$2b$12$sNnIhQ9DL0RY.NZp5pH2bOMQSuXc9ZXOnZJf1FJ9ir/KnA8mOGR.a,Mobile App Engineer,Adam Bass,employee
185,davidturner@example.org,$2b$12$yJSX/t1DfwMVSNBMGxm0geW3QB7rM.yGEnX1pG3cxjXzoNvAtzNCG,Data Engineer,Devin Huffman,employee
186,vnorris@example.net,$2b$12$BSdqM0yKICXUReSCk.k6x.nnmUYsuk2OmYLUBh./i1mbNNYz/xo4.,Cloud Engineer,Gregory Torres,employee
187,nealkatie@example.com,$2b$12$4Aj993AeQTB3zEEPaPCYJ.EewFw/eisK.YxHRLMp.r99OFlc9gc1e,DevOps Engineer,William Perez,employee
188,tmorris@example.org,$2b$12$eHKtQtCxuZVpk54rIqZi/.aIxz9jxCwkgsgJ1BpuDOZLA5JaNFg56,Full-stack Engineer,James Garcia,employee
189,brandi53@example.com,$2b$12$AOjlOR.GQyX4.47U2ErVSOVsot3CHIf/SmaNsrXxZc5Qf9.y8sWhy,Data Engineer,Carol Smith,employee
190,randallsilva@example.org,$2b$12$NTEC6NNitAd3tO2MhroGV.qtmfaARai4MQvX54Aow6ga2usScFVYS,Software Engineer,Nicholas Walter,employee
191,vthompson@example.org,$2b$12$mQghWnh16Dwtd6hJH9qnweHSpWwn/WAjZkHVG.6piSVdr3SSBnO.q,Back-end Engineer,Dr. Tiffany White,employee
192,thompsonnathan@example.net,$2b$12$lsbr2g9Y/s6aoXuKr8zwRugyo37.H9YBFthPjLUVrGJOlK8snoy3O,Security Engineer,Jenna Woodward,employee
193,david19@example.com,$2b$12$rpH8f2f8RuNYu0PW0tCJ8OGdDLV4qQuNYjAM8LDxtjeIbiXjTV2ee,Network Engineer,Kevin Smith,employee
194,bestdaniel@example.org,$2b$12$PIYHjkK5oakUwGqtT97YReRuZqBxfjjxrj2A.WI4yRZs.c4r3kF3G,QA Engineer,Alexis Jones,employee
195,baguilar@example.com,$2b$12$hQL7zBjp0.HPYnwgqwQGv.d6CG886zibJ9HckDjD8sFJo6ctK5X5a,Network Engineer,Ernest Brown,employee
196,arnoldjake@example.net,$2b$12$WOXspLtWOygZSTStXIond.omLe1qAjq/gKLHjn9.iM2hEeVW45oGy,Full-stack Engineer,Matthew Ramirez,employee
197,jasmine32@example.com,$2b$12$Gh.dzqMfKXKy2t.Q4uxaHOOnaLjwIdkQ.m4RPk9GKQF7DuSx4XVOK,Back-end Engineer,Timothy Moore,employee
198,david00@example.org,$2b$12$JZWFKq2tk/YYVW7s13Gel.rXn1oED4Cn9/rHIvcALzM.8IA/.xce.,Security Engineer,Matthew Brown,employee
199,pvincent@example.org,$2b$12$QuIpLYzZG/hJ9jOYd9b1muRieQSPb4JZHY0dtKwQO/NC4ByLotJ5K,Network Engineer,Amanda Lopez,employee
200,christina64@example.net,$2b$12$NVJOulQpXlYoKMYPuZoJr.dUXJoDPauR6HdYrC1svLHFjZf18U.CO,Full-stack Engineer,Timothy Graham,employee
201,murphyamy@example.org,$2b$12$83ceDjavTfGe4ddZXHNPAO5KLVx9HrLHxAm6PIizHpBQtXVur3ojG,Data Engineer,Melissa Shepard,employee
202,lynchkristina@example.com,$2b$12$niloaf084eAGoUfXMMYXROoTZEUOOrE4zJ614f4sF/odwQG8.ruKa,DevOps Engineer,David Gomez,employee
203,michael44@example.org,$2b$12$Q.wmvSGEqJwaDtnTeked.OgynER9gaSU3gy3ENyrqvT6hOgw.8nHu,Front-end Engineer,Joseph Allison,employee
204,douglaswilliams@example.org,$2b$12$6ZMSYUpV32ixroecIYCnouPMeIoucqW7WC/NKLyr4uonVSNJK1Why,Front-end Engineer,Jennifer Hall,employee
205,wilsonjennifer@example.org,$2b$12$VE07tYZNg6CbvSRGdoBFfuMIAkj7WP5tEfidXGJqYgmytCpUJ64bW,Mobile App Engineer,Stacy Gibson,employee
206,kerri37@example.org,$2b$12$VgXWc4ZrJvxDRFDCGVy4OODCO3NMR2Rzgh9Wpy9cawdhfCR0ODDnO,Network Engineer,Elizabeth Williams,employee
207,pennyruiz@example.com,$2b$12$QEuMsNzczPCFxEshDf/IYuOdSPlg1wQj2nW9Hk1l4Km7X5HpIa3aG,Security Engineer,Dr. Shannon Wilson,employee
208,yford@example.net,$2b$12$dn2RXmF422vk37bmCPQmIeBcMSy5mDcRzR0jEBRnzcxdDn.D1vthm,Software Engineer,Adam Santana,employee
209,davidgarcia@example.org,$2b$12$4.XBq/689tgyE8RriKeOUe6f4Y5wxFaa2rHLmxVRyJJbHqDjwBx7G,QA Engineer,Tamara Brown,employee
210,vasquezkristin@example.com,$2b$12$uLOT1xSsUb7vcVQvutgZ3u7O6bLNOsI52xwC5f404omORMMGnU5ja,Network Engineer,David Barton,employee
211,xterry@example.com,$2b$12$UrRIlrTE5cNsio84tCS1BO/6KxphteiX57UN0FG6qyNkSS4OHdgIG,DevOps Engineer,Sheila Ford,employee
212,matthew14@example.org,$2b$12$rRhPkmFiT/V/icjqEUXsoOC/vYs8q29KSmDiLC72zi0/ajOgfX/rW,Mobile App Engineer,John Carr,employee
213,tsmith@example.net,$2b$12$MkkUb7vbquOdaYcsYu.F2OrAvC3a38Ldom4yNBOqYfBSa8QimdEbm,QA Engineer,Caitlyn Lopez,employee
214,carrie23@example.com,$2b$12$f3Vyb45todsi9Q8F62XFMOsBcMx11Rqej6TNb6BePbtb/cJVi9U8q,Front-end Engineer,Lauren Smith,employee
215,ortegatiffany@example.net,$2b$12$Au3tLkgHi24cq4f259lxi.FAvjadbUAUoPtgwKxK3Lm.7x1FCPdLm,Software Engineer,Holly Gibson,employee
216,qford@example.net,$2b$12$2fKPwVEfJUIqIFnDUGA3DeUr2RXKI0uQZVN9aV2XBwduTsBpWm.Q6,Cloud Engineer,Terry Barnes,employee
217,christopherfleming@example.org,$2b$12$WYpkahnIMiTEq0SysUG7O.NWwg73tRjzw9qhZ0IGBkX6wR5XdQ4C.,Mobile App Engineer,Jamie Taylor,employee
218,katelynsmith@example.net,$2b$12$2QkhHjg51V9JXA91BeiceuDdOWoFa85v2IbVzXAL3U78aiKEmpL3q,Mobile App Engineer,Denise Simon,employee
219,pearsoncassidy@example.org,$2b$12$n1WITWcBLyXyUoFtBvfPUe164ZL.ESz3xo88nknvYEABvuhuWNo2u,Mobile App Engineer,Nicholas Brown,employee
220,bethmoss@example.net,$2b$12$IEdLAbfp/KtcJe6d2oDhGObR1db0Ugy8Qg7yPxzB7iQQuHf1AQxNW,Security Engineer,Sarah Mitchell,employee
221,douglasnelson@example.net,$2b$12$NTa6egJcy5gzorKZBIcNYOKi8PRTKPPi47AIsVA8QlRi67obhJ8Tu,Cloud Engineer,Steven Ochoa MD,employee
222,myerspamela@example.org,$2b$12$YnJRPd5AQAMAlX2bL54/sOjhfZ7LtoLBt0fTNtY9ip4wbcieeRyUO,Cloud Engineer,Martin Robinson,employee
223,umclean@example.org,$2b$12$LkujphrqIdJf16B/6dKmd.16ku6zU5u0Jyg8wxqyAg2cq/ypomgMG,Data Engineer,Jacob Pena,employee
224,amandamitchell@example.net,$2b$12$hGVXiXzyjL.us5M.2UZic.YHFEzmIIcEAel6ERw/n8NQ311.gibc.,Front-end Engineer,James Johnson,employee
225,hgeorge@example.net,$2b$12$RtJjXOlNinpgMQ9ZKmuJ.uPLJdJaMA2aaoYInJBRPGyjumCPquNeu,Data Engineer,Frank Walsh,employee
226,oscarhill@example.net,$2b$12$2mY5ddNqO3TQ3/h9nvPBPunzOpLSTKTPyIid5P5hzMDXu1ykRGPFe,Mobile App Engineer,Tamara Ramirez,employee
227,joshuafoster@example.org,$2b$12$je/fvMHV/R/pl7rAXcxREeGFobDtfkBYecfwfO3J843mggyCqNEuO,Security Engineer,Larry Moran,employee
228,elizabethmitchell@example.org,$2b$12$zt.I6au5h5Tgdo/yEROwAuxsbcm1U63Qpo9kgGms2fNxFp87GzF5i,Cloud Engineer,Melinda Murray,employee
229,hharris@example.net,$2b$12$3Qs.9LliiGuOAoTcD32ui.xNyI724T3pOWN3dpgcWVtxecL7.s9de,Network Engineer,Kenneth Johnson,employee
230,newmanjanet@example.org,$2b$12$3OTPtXUBfFEISgdGUbYBFOMwljLA6JXj9Y8qO5or50dqOPrTCF2fy,Security Engineer,Crystal Howell,employee
231,hinesdeborah@example.com,$2b$12$FmG7DBC884G7SwYuMyCbKuKmqK8H0OQ8pjlQTum2mrodjYQ.heDZq,Front-end Engineer,Teresa Gutierrez,employee
232,amyunderwood@example.org,$2b$12$0znZgqmiP3nIC0xj3lz1I.aCEZMMTBzyPJHgTgIy75jmscrEPjx/i,Mobile App Engineer,Marilyn Le,employee
233,audreycampbell@example.org,$2b$12$OOFFV6V9dns0S85rZ84A6uVQvVs6eET5G0JyZ4G967vYRCHYaE2cG,Data Engineer,Laura Warren,employee
234,fnash@example.com,$2b$12$EiXCG1NxwnxizKLr3/bC7etEEB54Ts6JyU.q1yLx0bKRpF7G9X/6O,Data Engineer,Kyle Moran,employee
235,cooperchristopher@example.net,$2b$12$AeTiIBX.ykTgvYnIbHnQouSTURThpsESDdx/oJrQkn5.6yUXtgCpW,DevOps Engineer,Kimberly Acosta,employee
236,umurray@example.net,$2b$12$TAvCvxNIZjFNBxVsWXHRyOpRgJnHJQW7zrNlzLG1NuDe4NiM2cUvy,Software Engineer,Kenneth Walsh,employee
237,yhardy@example.org,$2b$12$NVDoUpIm4Uc7BL193JDJAuRx080ckiycG28LVSnvhXn9DaCZW3EIm,DevOps Engineer,Kevin Hawkins,employee
238,maryhart@example.com,$2b$12$BYZMxstLTUzT9T/1hfm/xebO5m8nILboe20mR7KewdDGY2ul4cYNG,DevOps Engineer,Kayla Lawson,employee
239,younglarry@example.com,$2b$12$PHCo7aDMQAu343wFj8X9H.GVmDNKI/4hbanfqGogH4RjdolOfHbPy,Back-end Engineer,Amanda King,employee
240,fosterjoseph@example.net,$2b$12$ESekhFiA/2.K53bWr3JGWOuhVhswmO4n5OoatbjXJ7z6h3iaTt8Fy,Cloud Engineer,Patrick Rangel,employee
241,odomrobert@example.org,$2b$12$F1OubL10md0XRuGheQTpaOKFK.DBmKOBobDKdKASl8mqItTIe77ju,Front-end Engineer,Adam Murphy,employee
242,sandrabuchanan@example.org,$2b$12$14HfnKQbLvroofwjsKWrVeoXfkMU8EIYpSRgGAVk..W.cFq65o7PK,Security Engineer,Jeffery Griffin,employee
243,xalvarado@example.net,$2b$12$5e.wcvurAAv7IAWdbt.CdOGp2TqWQ9LdRAvNJywS1CROx7EjdAXrq,QA Engineer,Andrew Buck,employee
244,davidsweeney@example.org,$2b$12$P6/JjDhUe5FOWSLF7O/nJ.gcXLVIW32.O.QY2x51t2UKPnlF7pgEm,Data Engineer,Gerald Garcia,employee
245,newmantammy@example.com,$2b$12$srfKQmkjwLdlbHt3ZLept.FbJO1YjpLE8M/hw3vUh2PV1VM.B2WaW,Security Engineer,Justin Baker,employee
246,amberjones@example.net,$2b$12$psl3.xgdpXKl4wBFW9UgmOa1W5DmqP0vK4xbTB/NkiatLbhhSUuYe,QA Engineer,Jake Bautista,employee
247,sonya94@example.com,$2b$12$EYghWsFAxVmkclnwXI23ou/f7oetRIkYr5tIgTzEFVhzywHGY8b6C,Front-end Engineer,Timothy Edwards,employee
248,douglasthomas@example.org,$2b$12$Y7NgGG7BTys6ldBNR06uMu8RviCKz2wi7Ij0iJBaYTMQGK9os.gP2,Cloud Engineer,Thomas Bowers,employee
249,mhenry@example.net,$2b$12$HZMX06wtS0KdqV0TExZJ9eAAa7DrJbSZ3Ri69jTIQIKcKSgV51mM2,Cloud Engineer,Alexis Ryan,employee
250,fosterchristopher@example.net,$2b$12$ekPgb/bOYOJ4fdhztNDtu.D37L9uEmCmeuMIitxDTQACVZEmoWEDq,Full-stack Engineer,Thomas Robertson DDS,employee
251,matthew13@example.org,$2b$12$.GOzyk9yam5oT6snzNgaje0blNId67BX16AnOSMACdcbS5VsE6yp6,Mobile App Engineer,Gina Brown,employee
252,chapmanjohn@example.com,$2b$12$48ZAtJtPoN1Wt6092DXzcOnlyiX0A6BwH/izJ7Z.5/Zpqq/.l/eli,DevOps Engineer,Joy Silva,employee
253,olsonlaura@example.net,$2b$12$m9LSeVve.4k66/ep/0kDWOGoSbQTJP9l2/8fsKmS9lea52Rqtwgne,Data Engineer,Victoria Garcia,employee
254,hernandezdennis@example.com,$2b$12$CRxl7HYi.MR.ahMutBnWAuRBZlb.McbTxXHsTspMnzljxzX/bkO.e,QA Engineer,Mrs. Aimee Hernandez,employee
255,khenderson@example.org,$2b$12$VC3D7YEMx/zht5wRw2/JN.bQfuxVrt9sV0yoHHNMlkNv7ibnDgWOS,Cloud Engineer,Sherri Oliver,employee
256,charles02@example.org,$2b$12$FT6QHDTF0N1NiS7puz9oI.OuOeBHJDje7UI9JL.x9Fy3SJs0aE55.,Full-stack Engineer,Randall Jones,employee
257,nicholas92@example.com,$2b$12$LbPapoTEFtIJy2Vyiy6g/.r08NGw1jt.qgsxuQ7G8ca.i3wWJWf6S,Security Engineer,Kevin Stephenson,employee
258,rebecca88@example.com,$2b$12$sLPU6JjqKvrR7vHLNe8y6OAwp8Ob1ONRaoETOV3zM5YehqwjlgUbK,Cloud Engineer,Sarah Wagner,employee
259,robert60@example.org,$2b$12$x1quhfNYbeActsB4D253O.EuVsLsHRbQfLRXcjET11zCpJKRNstMG,Cloud Engineer,Hunter Hall,employee
260,fbrown@example.com,$2b$12$2owlZuKwJ2r/4Tttpsj7ueyU0GwsPt/HIUnUh2qbtzgi7uX6l6spG,Full-stack Engineer,Megan Richardson,employee
261,bryan44@example.com,$2b$12$LlbWBK9PX3Q1gMmfZKy8MOVF1kHQxh7btX/lHZ98gScK4v8PrsV.2,Security Engineer,Judy Jefferson,employee
262,erik94@example.org,$2b$12$TQ3RdFubkYMUKcxedCpCOeDAOknVLEijYQtkJ1Ke22nwh1nFRDC.6,Security Engineer,Joseph Jones,employee
263,benjamin93@example.org,$2b$12$d2wUPigJj5J7NoTFmCdCL.liiju4Kr2taPBYvY5IN8YAY/b3CTbr2,Data Engineer,Donna Coleman,employee
264,ihunt@example.com,$2b$12$jAC7/SpPqlNbJk/.tjyUT./CYiF/2YwczR35SxFcR8As3vHzYY51W,Network Engineer,Betty Sanchez,employee
265,darrell35@example.org,$2b$12$zHn/D7scctvCIVihDxUdi.yb.QtwiyMfZZrCgeTduNB3te7FgyuPS,DevOps Engineer,Anna Burnett,employee
266,teresa79@example.net,$2b$12$ZA0scATK0aJOrabQUfN0oe52KvXu7faAKeNpESR9WdodYQdLAWqbG,Front-end Engineer,Craig Campbell,employee
267,murphychristine@example.net,$2b$12$GFzd88uwpfRtQMViGqpGVu9fh1WadGDCy/ivsQK3utIlA1Nsm1CLW,Security Engineer,Gabriel Jacobson,employee
268,kylehenderson@example.net,$2b$12$arnuw3CNF9jyEt9YHlpZQO/8Q2c/RpcJRY2paRoItRkMizqhZ3yv.,Data Engineer,Melissa Weeks,employee
269,lindamartinez@example.net,$2b$12$5I7qRMDsdNoF17iCBmCN9.CTKRjhZNye0cj6UjzT7Dw5y5UjpRMra,Data Engineer,Richard Armstrong,employee
270,lyonsgabriel@example.org,$2b$12$TTtD3bwWdWb6IbfjGAY/eeLVhAPIbmAsei7RI78Q6LvmB3KjD3.SK,Front-end Engineer,Michael Hernandez,employee
271,smithkaren@example.net,$2b$12$0tYn19YR6G0jevTSMixPaeFI1OuPYVVHSduGAId1BGhzy6gGrM6.C,Mobile App Engineer,Amy Stanton,employee
272,seth88@example.net,$2b$12$FnGrJLDoptD3VBHwKO1RQ.SQDZcU9I0dtph2OM8V8Wh2qF3lTuswm,DevOps Engineer,Michelle Moore,employee
273,jgrant@example.com,$2b$12$G/lxmyfIRdzC26aYVmPLOOUg36WW.BSMmSRjGBh65o1Ll49qvcgHK,Software Engineer,Pedro Martinez,employee
274,brucelarry@example.org,$2b$12$kKM/GQQsGP11WTGUg5B86edHnilhgwOvHd8mW/XTTRxXGeilMRij2,Back-end Engineer,Joshua Carter,employee
275,shannonbauer@example.net,$2b$12$A/sQcEJ..9K4NzwQ0eCbVOSxYRp97n/kVd/b5r/SAZ0FU7mV4j6Vy,Data Engineer,Jay Cunningham,employee
276,elizabeth13@example.com,$2b$12$/JZp9iZmwqoXKwR3zd1zGew0IXPuvT.lfxlahvjuIbGbIegefAn9W,Front-end Engineer,Joel Williams,employee
277,salazargrant@example.net,$2b$12$OAUpTzgKMyQzwrUYziuK1Oyqq5HixWCH4IzFNFyA.kA6lqJTLkjFu,Network Engineer,Robert Weber,employee
278,davisgregory@example.com,$2b$12$Pb3L7v3NdCt5tqOQhC63K.x8iBg9Rv0glhcCklqx3NfGTqTUatMye,Cloud Engineer,Timothy Rose,employee
279,martinezbrian@example.net,$2b$12$L7nMBhn2P7AuJFHSx5xUmeJcPifg40hA2EIRkbCKK9VmzMNJtwCei,Cloud Engineer,Charles Noble,employee
280,joseph68@example.net,$2b$12$2kUXMtYHJPt4I0cFtt6cPuvyCpn3Oj2BrhiUKrM0fZbY5KJkH.t/i,Network Engineer,Alicia Burch,employee
281,danielsantos@example.org,$2b$12$W4/GYdO04OijqRtNXWiGsebRrSFHuKsM3ZFbaSFi4/mf.zCbYFEf2,Mobile App Engineer,Brian Gilbert,employee
282,christophersmith@example.net,$2b$12$lVhOjbFZMMsxgISUcs7wcOmd8u/ZyrBdb6Ty0eotMIOrEWACP6vy6,Network Engineer,Kelly Johnson,employee
283,sobrien@example.net,$2b$12$0a0j/9YE9rXygrkdvI6SQ.SA3DMyEEBda.VgOB.gicdIIeIv9WRWm,Mobile App Engineer,Blake Glass,employee
284,dclark@example.net,$2b$12$UcNvFuZqA33ToQWzsFCS2umoFWLbyn/pyikb3Tt9Bpl7RJsWCQWxK,Network Engineer,John Anderson,employee
285,underwoodmadison@example.org,$2b$12$SK5bVkJsPw0b3vWivR2ldOwAr1Z8VtKI3kCH.bWucObKaaw28.g2.,Security Engineer,Katherine Davis,employee
286,theresa66@example.net,$2b$12$dm9uFUfgy44L7MynBhACmOMNlCsLy4FjY/Y0q13zTtEpOyD8uh1Ny,Data Engineer,Nathaniel Walker,employee
287,bgilbert@example.org,$2b$12$xv.aMslB6Fk156YxREdEkO6I62nRNlA9rMpGxNcYgyG/xpoZZJeL2,Security Engineer,Michael Ortiz,employee
288,ethan26@example.com,$2b$12$s7YVWaagnp0clNhtpFCxfu4/G.kQIEwshqXcGMPb9/p/5wP1Z717G,Data Engineer,Erin Webb,employee
289,richardsonroger@example.com,$2b$12$GeU2f6ROHw9Ll.oWH/wKnO1a6pBtT9V8F44iAM56.PHEkob45RWAq,Back-end Engineer,Nicolas Higgins,employee
290,snydertommy@example.com,$2b$12$sko0ZLgDZJk/LP8OYRke9ONCCa9mD8YsUr5Z7QVRiJgfbXJnNNc86,DevOps Engineer,Lori Barker,employee
291,vterry@example.com,$2b$12$bgYB/p77bninbOWLJS6gVOf451ZVt0k5tabeX9q7KsuXoE2ucWSm.,Data Engineer,Leslie Jackson,employee
292,samuel95@example.net,$2b$12$s1.9cCvWw9DkfQlYuBEvUOqmNy9CH6kmm590xEauA8XlLyHr10gpC,QA Engineer,Jasmine Ryan,employee
293,stevengill@example.net,$2b$12$gIjR1aoiMkdAtnPlybEeMebt9Pr3Sqru6xoPMEHLz3hn0rujMEFqC,Security Engineer,Noah Adams,employee
294,brittanygreen@example.com,$2b$12$n7Lweb02x7zB6jOzEZc0Sea0A1254fGx3YjDIoYWWNJgQWP.AKnxK,Front-end Engineer,Sylvia Zimmerman,employee
295,logan55@example.com,$2b$12$YAVIFjhYl5N7nbMj0G.ef.uuFumfNmJS.gqeyfoFP9j0G9kQc8thq,Full-stack Engineer,Sharon Gomez,employee
296,newtondebra@example.org,$2b$12$OJgvbzqTt4nKVby8kJD34OsSITZvukxnFKhgm4DVR3u7s2znGXEE2,Front-end Engineer,Donna Rocha,employee
297,pamela20@example.com,$2b$12$jrK2tNawP0O/45uLAo5hIeF3DncKkUxom2wDBQAd8nEVQEg/Kcr7W,Full-stack Engineer,Patrick Ferguson,employee
298,michael79@example.net,$2b$12$Ep2o9Z/xuGR72zfMHctmu.AIKTZOq2UB0A6mGNam.rcCaJg7utEqW,QA Engineer,Karen Rojas,employee
299,ramirezjulia@example.net,$2b$12$CgaUkOVYHbbyeazx7G1hv.CLvguCjAng23CcD1.ZmaAY4aVYXxOVO,Back-end Engineer,Jeremy Grimes,employee
300,michael32@example.net,$2b$12$ri.Oz4A/E/utHbEPVSOBeu93BqtSGWEmj7o3Pu2F0UDZgYcqDjv..,Full-stack Engineer,Jeffrey Whitaker,employee
301,juan82@example.org,$2b$12$Q80ZKev4GmbIomvjFA6W7eM5dNu1UnJoz4Wkl1a4dGneO2h3lXSfe,Mobile App Engineer,Monique Duarte,employee
302,sabrina27@example.net,$2b$12$pc22gDfenQRX5X3gmn1BSugGTs7flL98WoTnEI5//aboswRj/bpE2,Security Engineer,Drew Thompson,employee
303,lharris@example.net,$2b$12$x107zlDeF6BTmdSOBVfXzeP1fwsKe.Oc1S21u1nAiAjuUcyd5YXhy,Software Engineer,William Hicks,employee
304,kathymccoy@example.net,$2b$12$wQLmZnCct0793Q0OYaTyi.3ogmS/iSGOKUplgKpoYAdJz.AX5ixni,Full-stack Engineer,Jennifer Wallace,employee
305,meyersjustin@example.org,$2b$12$H.CdKET1w8OXmYXCWHm06eBCjDGbyk8HQ9lrVRxNgS3bErCyDCBka,Network Engineer,Jessica Ferguson,employee
306,kennedylorraine@example.net,$2b$12$6l7Y61IRIHjGXZODUwYaVeHKjL.vZrF3Ibicybpa3LueamB6EFo16,Back-end Engineer,Rachael Snow,employee
307,patrickrice@example.org,$2b$12$tHA2dz4gICJ2QxQBc1kfyev3sAwMU6HahuRV4UbAVbHWfp/15oKhe,DevOps Engineer,Dustin Alvarez,employee
308,angelaberry@example.org,$2b$12$FGW33zwesaSKpMGFw9Lsi.iTqM.W1fbydE.N77lsiADGcUtLu8D7a,Software Engineer,Jonathan Perry,employee
309,farrellbrian@example.net,$2b$12$ycJjGNBrGqrOCwRWxDti4u7KJ2Ui3Q4Fg8cwbHAdVwEL6wf.0xORu,Data Engineer,Thomas Lee,employee
310,zraymond@example.org,$2b$12$UgyXiIp2UTitdBuLPV7iTORnb1Pgribrinle7X8EePG5DHiv15e2m,DevOps Engineer,Emily Middleton,employee
311,christophergallegos@example.com,$2b$12$J09OScYdMflMClXRy21pB.CbT7kmigX95jwlB32XCwFg1u5/R8THa,Front-end Engineer,Elizabeth Diaz,employee
312,jsharp@example.com,$2b$12$Rv2AqvhNl34V.5BA8n83/OA2r0BzxhkH/L00oqgxfagugn3lId.n2,Full-stack Engineer,Diana Sharp,employee
313,marcusbishop@example.org,$2b$12$WlR9rozGk8zkhWJHoh11eeHeP67vqKpiIsTbNeinOGc.xwQ8SDYQS,Full-stack Engineer,Valerie Branch,employee
314,davidmoore@example.org,$2b$12$cyoc9r8potZysRtdddKqF.retswNvVjBKKIy9H9YkRKNY6WbPOhV6,Mobile App Engineer,Michael Mcguire,employee
315,crystal77@example.com,$2b$12$ij8MQykZ5581QSB776y5EuXXfqLOexH2a1kd1xzwbYUUIYAZGKB8K,Network Engineer,Tiffany Brock,employee
316,mcintoshbrian@example.org,$2b$12$UhlPxZv3NotYkbZQqgC18.FMB3xX/G51oOQE.7by2muCywZ2rCgiS,Data Engineer,Megan Miller,employee
317,franklinwhitney@example.com,$2b$12$T8NZhn0/VMXRcTVIIVoI1u1aqTdSSdGLgP9Zhx.cZRbdAV1y5dKbS,QA Engineer,Gary Wilson,employee
318,justinjackson@example.com,$2b$12$ih3v2BgOuCtPoJsT8JaYz.392KD8iGx0c.NQyUPXUG4yv9THuRJ4G,QA Engineer,Richard Spencer,employee
319,hwatts@example.net,$2b$12$vBiW8dRzsiqPhINP.jworuZalAxyZ78v403zIY2IOa67NhXVbyWBi,Cloud Engineer,Andrew Cook,employee
320,ybaker@example.com,$2b$12$SMlC3f3lFbKDulcDLhWfLeJCv346uM2fnIxg.uvz4gnRJX7/bNlyS,Back-end Engineer,Melissa Fox,employee
321,mholmes@example.com,$2b$12$vgKh11Z48xnXKxWJVI0md.PTL8qAqZ00NckA8x8SHZ7EKje91C5y6,Front-end Engineer,Thomas Johnston,employee
322,walkerrandy@example.org,$2b$12$YOk7KdNI3C60tkdm7Emt1eaPtOpwTpbFHRHLKckuzZ8tchn2uz9u2,Software Engineer,Kevin Villarreal,employee
323,monica55@example.com,$2b$12$6TnBC0/249qEgR3x3JZ.Y.eek3qOIks6lQ46Bkbn/wwLnNhIHXbcS,DevOps Engineer,Michael Payne,employee
324,sheppardanthony@example.com,$2b$12$.uv6LR9lLFacBbtNMjbfzOFRYKLbQ8EfdUd6tJqLMSnHAi0xOwxnS,DevOps Engineer,Sheila Valdez,employee
325,jenniferknox@example.net,$2b$12$OgyjatdN5.W4.XfWVWZJV.Aza2pqEq1du3UpPXbgn1qIa/MWY9TrS,Front-end Engineer,Russell Rivera,employee
326,fmartinez@example.com,$2b$12$ywIaqS5Uz5PbiVRjq4RlneZZTmry9Rk30PtBrudbD18pPEyzUXt56,Software Engineer,Johnny Gray,employee
327,smurphy@example.org,$2b$12$gciQ5ZHKM83We8Hxh9ibMOhy22UvxebIDl642DP09mVLn2.nlg.RG,Security Engineer,Jamie Sanford,employee
328,mccartyleonard@example.com,$2b$12$H6YM/aIsGTRxPbQKBbh1TOC4KAU5JYYkCfKnMibw45XW73xftbY4a,Mobile App Engineer,Deborah Collins,employee
329,uwalker@example.org,$2b$12$AvuhyLXK2ytL940mYe8AS.9KgsY4Yk2tVTgQp9H2MZZhFzF3c2Nri,QA Engineer,Amy Riley,employee
330,aliciarosales@example.com,$2b$12$KGn7kRXs0NLcCSIdiSN.Vu1xOekE0Q47W8wtxuelWR2EsgRuMw6he,Mobile App Engineer,James Cole,employee
331,kathryn21@example.org,$2b$12$TXC2zwk1gCLRwe8bSunnG.9T7u2h8ZOXtPqHa9DqDYV2OLtLd69FC,Data Engineer,John Johnson,employee
332,davidjoyce@example.org,$2b$12$GTfgVqjGE9dGgyrz6/UbuOitZH8zF4ZacdWVcNo8tTakhG76wuzDy,Front-end Engineer,Tina Cruz,employee
333,ryan97@example.net,$2b$12$GeSdyA5q9sengDvgdSDW6eHZFysjx3pGo8tCvPpK6yAhiP5W2.yjG,Full-stack Engineer,Mark Jackson,employee
334,codybrown@example.net,$2b$12$UjJX8tsg/RekkTvso1EGy.xITYaSc0a83zGe3sVtLZrQ8pCE9kpPi,Software Engineer,Stacey Salas,employee
335,howejames@example.org,$2b$12$JDxZb8BGnSAwDBOQW4/Zmettke/hL4jzGvnIKwxDLV7E0KUNaC2xK,Front-end Engineer,Jill Bauer,employee
336,ynelson@example.com,$2b$12$qPhI5aunFHKMY6ch4CR8vOEOcNuoY2OdivxpcCdpTXwxfTg9ovwoG,Network Engineer,David Gilbert,employee
337,jack52@example.net,$2b$12$lwt8zY8rKbHYuAfBpSf5eOzGbHQ63BwTCl50XbvZzepFTQhueEWQq,Cloud Engineer,Michael Garcia,employee
338,aaron05@example.org,$2b$12$zSOEfExxtCCKhxlKfB78i.mIx1ZPLuVKojxxyfQu14aF1Ax30rA9G,Software Engineer,Jack Hawkins,employee
339,nicolefinley@example.org,$2b$12$Pg9/XwVPXE6xzMttHtrnZuqcFSRwRKfXjRgGdywitgMWSEihd4hxe,Front-end Engineer,Charles Benjamin,employee
340,catherinesmith@example.net,$2b$12$bloq1aYjjy8ozNypmE8gUOQe5L.oVvslSBHi9nvYKJ9wZrQBh4U8m,Front-end Engineer,Sara Jacobs,employee
341,hudsonrachel@example.net,$2b$12$pO.sesec/hf5KvQIkC2KWOTsXZpXgsU.YqWNHxnSMCWUj1nxWuHp2,Software Engineer,Mitchell Harris,employee
342,phillip65@example.net,$2b$12$MDYUQQf1WS2Juf2a7MU3j.9Jj.lfLWwpZp3vKwo9TLer88xjw9dbC,DevOps Engineer,Sandra Watkins,employee
343,kimberlybowers@example.com,$2b$12$k0VrGOt.b36iiE37dJw0TekbA8LFL0vPv7ZUHchzR9s1qzgCLkLii,Mobile App Engineer,Jennifer Kerr,employee
344,edavis@example.org,$2b$12$1fCd5yUrBwDeWJv9vVFU0e07Y8DsjsNQAPPAj.TDuzcTnwQWU0PRW,Software Engineer,David Bates,employee
345,perezmiranda@example.org,$2b$12$Rhr5kZlNI8efB/bIeyVJguJqI9.oRtea22.A/UNquxdR1MTbl.koa,Mobile App Engineer,Roy Pugh,employee
346,rodriguezcolleen@example.com,$2b$12$gm02zBSgnoD2gWSIeSRNgu1XUSJ8mn/HrGQOQ3cmvWwiwNLYJNJ8e,QA Engineer,Kathleen Gonzalez,employee
347,allisonsellers@example.org,$2b$12$dhXFIyYpwtoD5LJPEEjNAOtvJD7.u10nO7JT2RSZdRCSVJmR/xY.2,Full-stack Engineer,Theresa Robinson,employee
348,zbryan@example.com,$2b$12$C1DycvkzNdNAXXo2fbOiyO6CKX00jGj8BhyW4J5VuskChgmikuGUK,Mobile App Engineer,Christopher Daniel,employee
349,audreycabrera@example.net,$2b$12$0s70Y5baN6B9OnXTrvECt.OZgCKZ9AdUub3TYmWCu/0MlXW68VSJa,DevOps Engineer,Jerome Jones,employee
350,williamslauren@example.net,$2b$12$P85nf2LI5R7BHN7bHrPWvuSkvc.hjNFzC5xS7sOdYJdP82IbHe.Ii,Mobile App Engineer,Troy Nelson,employee
351,holmesjudith@example.com,$2b$12$ljTqAEsltXvZtNJ8a5Kql.q8i51hMvPNZUtudPBPq8565URzFiyBe,QA Engineer,John Woods,employee
352,conwaytammy@example.com,$2b$12$ZWw.6mUVmu1gvCHLSCr.X.5MWXPf17y.eBlsCBknoqVPE95umr7Hq,Mobile App Engineer,Samantha Rosales,employee
353,craigmitchell@example.net,$2b$12$qzLl33slwo10R/0x/bX.QOoocKyn0z3WrEruX7qavEP7hO5YkOa/i,Security Engineer,Kathryn Morgan,employee
354,christianjames@example.org,$2b$12$uHVHVMZlqwRSrb.G3l.TU.r9gZMOp4kb1dJMn4bYaTaiLzMdnG0V2,QA Engineer,Andrew Jackson,employee
355,hamiltoncollin@example.org,$2b$12$P8gYPINPAzbsJw/hQwQST.SlP4L6gD/As3mokC8bdadgnXTcPVi5m,Back-end Engineer,Richard Robertson,employee
356,careymolly@example.net,$2b$12$0/O4RaALdSCv8wmDYTclWuwO/ZCXalidxpxpwk/wSrrOMe48K4N9u,QA Engineer,Robert Castro,employee
357,lisafreeman@example.com,$2b$12$FfP1SudLjs5qmrwGD2ls4eNUOdZtEYiq0xFACSPCSgtDv0m.UD2Ty,Full-stack Engineer,Marissa George,employee
358,tclark@example.net,$2b$12$ld98839/oF/Z6NMxhRIL/eO7B49xKUxJf9LWMf3zrQ20JBTRl36RO,Back-end Engineer,Bethany Pitts,employee
359,william06@example.org,$2b$12$75zB7E7dZ/v/dlDUYIMAfeVxFh/.mx/VzNf./HQWLnMrHQdcaGqqe,Front-end Engineer,Matthew Graham,employee
360,spenceralexandria@example.org,$2b$12$w3gyhOi1e7laH5ZQccuotOSFQE7fhchuPnInJnTG4TSxWnAgA.iRe,Cloud Engineer,Nancy Davis,employee
361,brandon04@example.net,$2b$12$//DYxekNwiOWvniqpKLzGubO.DJPW4LQ74Zy3Afvi8ktKuca3MzIK,Software Engineer,Jerry Dillon,employee
362,mandyalvarado@example.com,$2b$12$S66FiCNsXBnxYwFuyjuTUey53u0lrK0yzai6jcWEgbKNm9xuIkf3u,Front-end Engineer,Sean Martinez,employee
363,luke95@example.com,$2b$12$q.7sOQcGVdKy/pkoMRKwUeOWu78HIvbmUg3xdkMWApZYDxEhgvWn2,Network Engineer,Scott Hansen,employee
364,chadreed@example.com,$2b$12$88qpRSZxpgLydcnh0gwP0ecy0SA4q/hxXD59h9Uk0c01nqQnOz5vq,QA Engineer,Nathan Lynch,employee
365,lewisethan@example.org,$2b$12$MrbdWmIGmABFxmlxD5YRgeeK62BEGW5ySgahB4xk/SmTxQT8Nytyi,Data Engineer,Megan Mejia,employee
366,rpeters@example.org,$2b$12$muxdLsJQq/4ARHZE84Mg1OVD3D/U0P6gnej4Sx8j45Jo/9JHP2tQ2,Security Engineer,Kim Garcia,employee
367,faith44@example.net,$2b$12$SBi5onBcZVOWVg5dxdYv7uqqtk6HzyaKR2yIMoEV8rP3qpeBYeZfy,Security Engineer,Erin Beltran,employee
368,kevin53@example.com,$2b$12$S9zlZ7maKvDwLoV0EvweE.duFYMNkGZsCtvWhexo7NEk2xDRQ1Udi,DevOps Engineer,Jessica Moore,employee
369,victoriadouglas@example.org,$2b$12$ib4.c59fSVoSpAo7.f64mu96kKsNo4g3s49zYD11UebrV1J/YTYBO,Front-end Engineer,Robert Jarvis,employee
370,jennifer97@example.com,$2b$12$OeGSir.eb06uHu0MDfOkZuJwUYW7HqJKkqZZRIrguL05VOvDYeOru,Front-end Engineer,Taylor Green,employee
371,wjones@example.org,$2b$12$fyCn7jg/iBf4ZsBf7Me/NOhYMYQJmjFEtmiGqi9AbEWatBdWUWBhu,Software Engineer,George Duncan,employee
372,zbriggs@example.com,$2b$12$fEBNXYbBYTfETG/01i51c.n4EioDSC1BvYeVZW3UPAgpnPBtglk8.,Cloud Engineer,Melinda Davis,employee
373,mary56@example.net,$2b$12$hAYaR5y4JILP05TZXej6vOKQYAYf72ds2B1izbAb.n6HASJSZyqpy,DevOps Engineer,Andrew Strong,employee
374,brownbryan@example.com,$2b$12$y1pe.fN5T28MoAGZfG7/mecOZO.bUoSXUuTvVqxxMwGBvm2tQb69S,DevOps Engineer,Jane Stephens,employee
375,itaylor@example.net,$2b$12$fPjY1xZYQLwA39NIVgMdIOgzpzYovK2F5qEMHQdpjd0LdnjODZOmy,Data Engineer,Andrew Turner,employee
376,michaelpham@example.com,$2b$12$Px0AN0/sa/1KYq3F/ZUFuuzlphS2UF8tDpkq6GG7B5W8dDtW1y7G2,QA Engineer,Dr. Brenda Faulkner,employee
377,garrettbell@example.com,$2b$12$ndGbdMN1Q7QR8jFp0lnII.hIYFelTHHc0D0tMiaNK0vuwzfvaq4p.,Data Engineer,Jonathan Strickland,employee
378,cfrazier@example.net,$2b$12$W.zAWHUgkjIEurOtk0WpeOYVpy/AEKL8hWTl6tRrPQewuP70wl1EC,QA Engineer,Shannon Wilcox,employee
379,gravesbenjamin@example.org,$2b$12$4SMNiNyT3Y42mLViDhcYi.39t/THQF1qr0.jWHh8OUzf0dR2gr/2S,Back-end Engineer,Veronica Nelson,employee
380,galvanvirginia@example.org,$2b$12$BFBp3h4PK8hOtUNx9DqyFOA9ZIidrp7ccgY5kYZtya5P.ZldGv4Pe,Front-end Engineer,John Davis,employee
381,jennifernorris@example.net,$2b$12$ZZLrWWmIzMBfRtxkexDYjerjBVeTOXFgHgsH0O4FpVX1m/Zneq2WS,Software Engineer,Gregory Shea,employee
382,hwilliams@example.org,$2b$12$ZGiaK0XF/YLr1HiLSFew0uHc3vL/d.5jusPh80NhmB7jc6wQRaI6S,Front-end Engineer,Brenda Oconnell,employee
383,andrearoberts@example.org,$2b$12$UubZ/55FdMjkfH9kdbII2uGFqPWdIbNJIaSZuBWBaPPeaTJ61HN..,Data Engineer,Seth Cross,employee
384,christinarodriguez@example.net,$2b$12$gXP5d/t5aWqA2CL/JDBq9eoomy277Rj7BMzrMWhZDUhGRzEYE9Hvi,Security Engineer,Rachael Tyler,employee
385,bgarner@example.org,$2b$12$E0WdRrT6uODmuzDIVdP.9eQPFskvEepglo/qIJ0sD.kvDRKcRhEae,Back-end Engineer,James Brock,employee
386,brendalee@example.net,$2b$12$xcRDrDt/eYUl49V9qz2wlORQ0fG//6j6d1sBzhhYw77UnfUz9Jbam,DevOps Engineer,Kathleen Moreno,employee
387,tjohnson@example.org,$2b$12$1yNSKaZSiwnUxYspAFKZjeOZ6E6JHih5XH8SKoUPIpnTfr02YxZcu,DevOps Engineer,Stephen Thompson,employee
388,krivera@example.org,$2b$12$Uw3bIhHLt4pME3lXzGN6iuGX070GDrxcnrIkO/NlRn7jnYVS0K.5K,Software Engineer,Shannon Walker,employee
389,rodriguezrobert@example.net,$2b$12$t3RyOQVw1HMdDfX7VnManOJ4oKcPVbNeRbPWW7zhDTCpCOWs3ugp2,Software Engineer,Joseph Wright,employee
390,lisajames@example.com,$2b$12$SdPLOrgRKKUDi9hlmCsGc.ZEKtDqmArVS.t87aQGi1AMoU1SBwUbm,Front-end Engineer,Kimberly Solomon,employee
391,davidshort@example.com,$2b$12$HcOkR0UR7TsxgqyTvgpwduexAIeeSXvkRZzIZqLlDpi9HZusUwo82,QA Engineer,Leah Ellis MD,employee
392,gonzalezryan@example.net,$2b$12$LrEiJqcN5ddL8I3Zct1EIeRKCI5JsMrJMS5MpmVJ0tu9AlZ2f8ZMi,Cloud Engineer,Matthew Gentry,employee
393,markpotter@example.com,$2b$12$yQA4nuKnfCGYtBTTQiDIKOeZ9nroQmbtbPLRj/T96poNfaglBlV0e,Mobile App Engineer,Mr. Chase Green,employee
394,lyonssteven@example.net,$2b$12$l3nKt9607NeajbwzUhMroeJd9B/VJBeFnEaoL7qHXnhJ/29q/yQlC,Cloud Engineer,Katherine Abbott,employee
395,richardrobinson@example.net,$2b$12$zv3wyAMJSKI9rT/ARThy.OXruaI.d65oLcpmRgVDPLQ.oA3jzE8P.,Mobile App Engineer,Tracy Davidson,employee
396,spearsnorman@example.com,$2b$12$KmOh36nAFvJ6HzX1tDoJOuZ7NLsg6oc58IFUyPrTxG02XAkt52hAK,Software Engineer,Jeremy Alvarez,employee
397,mendezwilliam@example.com,$2b$12$dDR8pIp6JD6wkYlOdHgMrONmUvmxdZglk2FP0fOEDZ9QCMMxLtX.q,Cloud Engineer,Donald Cooper,employee
398,mmendoza@example.net,$2b$12$wi73s8lwDBE3zWajBSwO2uHDzmUoncjYlY9EbNCgxUjlyj1Sz2ZgC,Cloud Engineer,Sarah Barajas,employee
399,icastillo@example.com,$2b$12$D8tAstSVwlTvu2ginTiB2uuLkx28j/1VdjQPXyKmwX9rp/0qcrKz2,Cloud Engineer,Jordan Jones,employee
400,xowens@example.com,$2b$12$EurEuOg6gBXOy/PQPLpF6u7L/hAvRMihy4P6APWY/29osbMD090Y2,DevOps Engineer,Shannon Martinez,employee
401,matthewdennis@example.com,$2b$12$sBRqChN6rzn./Y66DC8jjeLB37DUJ9CtHrR7deGGziPNiTRoSv7z2,Front-end Engineer,Jose Ruiz,employee
402,matthew54@example.com,$2b$12$jxwbBTpNaVzH4auMiBlmE.RxJBpEaJYk3sZzAScBGRS4oYslTlXzG,DevOps Engineer,Rachel Campos,employee
403,zchan@example.com,$2b$12$rpxVTvpCryLCUDhmI79jzedYjPia3KyPKK2yZN9MwBEJwIMza4lHO,Front-end Engineer,Troy Nielsen,employee
404,burchadam@example.net,$2b$12$qIGnnU2KYAElH7RMacQ28efgko3Cm2n/x..rObbbgTeYfIxvAYaLG,Network Engineer,Deborah Wood,employee
405,hilldan@example.com,$2b$12$Qp.VlbiWQDYpcFVXxB5C4uXMSsvsIO08GzluFOIXktBO2ljoSYvMq,Security Engineer,Amanda Jacobs,employee
406,dennisanita@example.net,$2b$12$u5fBJDJYI4Hh3ke1DL93De2SKj7k5N2Ih/NuHrI8XuXTFtHbedmYq,Full-stack Engineer,Michelle Lopez,employee
407,nelsonkaren@example.net,$2b$12$TGRZ07Lc5H8vrdkHsC6j3.wcHfMHqy/i3Fk8E0s1WnTgIj7CPxzqq,Mobile App Engineer,Jennifer Rose,employee
408,brandonhawkins@example.net,$2b$12$MH.Kzuotvai0M/ynAof9UukM.bUhpdDoQjEvzE4MySLoQzioRWMSq,Software Engineer,Miranda Rivas,employee
409,shall@example.net,$2b$12$osBYjydsUDML2i6t9njsd.lipHOcqapXczBMmY.y.kk98GXo9djw2,Data Engineer,Michael Gibson,employee
410,lisajones@example.net,$2b$12$LtaOBwgSlETS6eDbQeLaNuytHgbu0DgpLiUUSzcoHld0MtYJd6elW,Full-stack Engineer,Miguel Wagner,employee
411,xprice@example.org,$2b$12$uSP0CSM246AYmQQ.X/utXuxFSA9HIoP/u4P7KT4vQfAtMQf50i0oO,Data Engineer,Dana Wilcox DDS,employee
412,cathyblake@example.org,$2b$12$ou77/4BqjRcSmvl7DhYx9.2iyTLPaOfE6gPmuUmH.qYLki88PIhnS,Cloud Engineer,Anne Garcia,employee
413,alexandra25@example.org,$2b$12$vKSwv/zb0sz/zvoczCSg5O62nxRdT4mPFf4HtDyaPnLlLhNdoNspu,Back-end Engineer,Emily Hardy,employee
414,zchavez@example.com,$2b$12$klPST.px8gLQQH0gHlitCutoeo8mhbnyBJP/0IsKdDkuK4On.Dyxi,DevOps Engineer,Andrew Guerrero,employee
415,patty63@example.net,$2b$12$zBiqtL.pA8NPK4NAexi8k.3yTL5oiIwacqfOnLaNXo7KkfL6IqsF6,Data Engineer,Andrea Landry,employee
416,vmiles@example.net,$2b$12$o0Q7p4afIToLgfuJgs.J0OInA5s1nl5Cm38UTc0525xmj.BlxaamC,Data Engineer,Ronald Lee,employee
417,jessicathompson@example.org,$2b$12$G1Zvv4AQNX3B/phy4uQhjOCqRLP7wpEAOT9i0uP7zmhUEzrR4swtS,Mobile App Engineer,Megan Fox,employee
418,sherriprince@example.com,$2b$12$VR.9LJm0MtTGA.YSg41fl.jZGKjSJzEAYC3zuAFyxainOBD3oPqB.,Mobile App Engineer,Ronald Holloway,employee
419,nsimon@example.org,$2b$12$LII9ovWAsGm/rHcALt7uKuCu3ySFs23KJH8.cO.cQZ4xs1jGsdnay,Front-end Engineer,Joseph Medina,employee
420,dboyd@example.org,$2b$12$fy1wVU5AplmcAJlq7UAM/e9u72fSdEH.w/KG11zyh.cQL2rsx5ova,Security Engineer,Adrian Haas,employee
421,bradley68@example.com,$2b$12$asi2ZdebxW6hpVNoygrRheWOsZgNM1UtdxQqqa6qvfS3qjOvRKc76,Mobile App Engineer,Paul Ortiz,employee
422,pierceroberta@example.org,$2b$12$FONSd4JoVjWbcQurQg2c9.p24/BOPIv/T2KlIMvijlbVN4AB55bZW,DevOps Engineer,Leslie Hall,employee
423,hmurray@example.net,$2b$12$K1Z3tjVQOBvwNUOG7pKQ/OfxEngW4bQtDN9QidQzx5unzk/HtbBkC,Full-stack Engineer,Kimberly Johnson,employee
424,taylorhernandez@example.net,$2b$12$6GDQvJoE2vTqA7zwTqzKLODTlAL.Dl8i2hVNC8JjcBZivIjrdR9ie,Network Engineer,Gregory Williams,employee
425,brittany67@example.org,$2b$12$27Tx8P9eWSaPhqdcfeC.YehcZkMnDvO2.qzHLboWx40aG4yc16VeO,QA Engineer,Benjamin Watts,employee
426,brangel@example.com,$2b$12$iSB1q5kwDp8r9NGotx3PQO5jz1JatV0b6M2MGIOEknLRsUJe89QD6,Full-stack Engineer,Hannah Mcguire,employee
427,mrusso@example.net,$2b$12$RM6MhJeLV6QWk547ojaJruUmI.AE3pf9LxjOsC2s737T0wtRNotCO,Data Engineer,Steven Wagner,employee
428,watsonjeremy@example.net,$2b$12$RJF24v9B4zkGCRFWNONMneohuf/9ZzkYtTrXFvniwJtqhc9XH813y,Network Engineer,Michelle Chapman,employee
429,petersonashley@example.net,$2b$12$Yl7bfEamDXj82E6Te8szleg/LEgDT9DZM05wO14d.qO96enL/LPCO,Software Engineer,Daniel Hunter,employee
430,qellis@example.net,$2b$12$YNm7HjIf6UGrs3dYvIb54OZ0zT6Xx1YxoB.NMEUZDsmQ1b5j73aJu,Back-end Engineer,John Ponce,employee
431,ballen@example.com,$2b$12$paKs.DEoqdX5VbcPHGvAJ./WjPxrbFYqXbHb8hATWaRXnozWmuIsq,Full-stack Engineer,Jennifer Hill,employee
432,jose93@example.org,$2b$12$yY5RpxqcBbx5E4/OFif0MOZLu8B4rMbcWr8Hpr99Y9mCaQb73G1yC,QA Engineer,Sarah Holland,employee
433,madams@example.net,$2b$12$QtbPUmGL6QYxrU4Jo/ak9u.xDn94/s.g.VgGnKVqmZ54oxqEbKK1C,Front-end Engineer,Jennifer Molina,employee
434,ashley04@example.net,$2b$12$MjdKIKszOAhmIFJXba9Qkuim4y8t2X/2wQ0Li9LnNLd.Hlnj9AOai,Software Engineer,Madison Graves,employee
435,clarkjoshua@example.com,$2b$12$Z6CLLYAhONWf5YSFTanMEuT1CE/sfCc/jyAfiLkNWkKfzdD807VCa,Mobile App Engineer,Reginald Burton,employee
436,frazierdaniel@example.org,$2b$12$jclQe8bWeXW5PoMh1krkSec45omyEwKAKovncnPds6aVu/HHVak0q,Security Engineer,Cristina Rogers,employee
437,fjackson@example.net,$2b$12$.lhmH83F6GzcUhNwjXGy9uEthIpWbtWQWGuCjsvAXULB4z7VhW5.2,Mobile App Engineer,Mary Carpenter,employee
438,kesparza@example.org,$2b$12$FJf8xHFO2UyL.JBGTcPuXurFzqA24otlHXEuC2pj4DJehed3In.Nu,DevOps Engineer,Zachary Allen,employee
439,rachellewis@example.org,$2b$12$Y34j.wuMU7gSx5rdU.kiAO5m0h97gOB0UwJr.rapeUtAb0HXJVFUe,Data Engineer,Edward Ortega,employee
440,swilliams@example.org,$2b$12$jdvCeXJ36woWz6sN4W5nheWjCJyv76BSETsA4wX8lBlyxzhdxF/nC,Full-stack Engineer,Rachel Brown,employee
441,ltate@example.org,$2b$12$xXqlrelevWHmn.bO81WKQ.hY6b92SKSzAD4GqDmeJFPbfYa4YD3XC,Back-end Engineer,Paul Johnson,employee
442,brianunderwood@example.org,$2b$12$pWUhJLHJWwzE/Rk7PzBqL.EdpPPRUR/DKXpXzMrtGeUAVMM6e.ihm,Full-stack Engineer,Alexander Armstrong,employee
443,jackiejackson@example.net,$2b$12$EyuEqHS6GY.Qcg185.HT0ONp6kC/rZAY842kEGTV53bysXpJKm0kK,Back-end Engineer,Erin Mcdaniel,employee
444,andrew31@example.com,$2b$12$s5AOJxt40a.U9biU0zZ4zufDs6NL.KSb0WVxHp.3GvW8y3mbod8K6,Network Engineer,Lisa Simpson,employee
445,tarasnyder@example.org,$2b$12$fzA77o.GWXLSgT.gbqX3Re/v5cx8H5n0zU3NFX5feO43ovIPRZcJ2,Front-end Engineer,Riley Smith,employee
446,matthew57@example.org,$2b$12$IMFaNmo4UUHT4jxgfgCfxOsSEhhq9oqCK1xZOZpmzS9LebbbEePT.,Software Engineer,Cynthia Scott,employee
447,dking@example.com,$2b$12$21skHrJXvzgOjFNtYPfn1Oc3HF2gGQ9X37f77FtXZHyHqnTHd5/FK,Data Engineer,Carol Huber,employee
448,uphelps@example.org,$2b$12$5WoJP1JblIV408Z.7bozquDFS66GLGprE4PN0SY581VlgRaWThP72,DevOps Engineer,Makayla Austin,employee
449,smithcarla@example.net,$2b$12$CAceHQPwztt3He3ZPGmv3ekCHQC2QY4Ok98raAtABdT9bupLOhtgy,Data Engineer,Daniel Anderson,employee
450,walter94@example.org,$2b$12$pIU0Epb66hc6oihowbNcce3.7un0DPHZZU0kHu8aemu5thxbZ7WB6,Software Engineer,Brandon Walter,employee
451,edwardmcneil@example.net,$2b$12$RRwe1cXpeqFHavWyQu8zreUgbrn6.zdY4UYzzaDfZoLn2ZOk57Aq2,Cloud Engineer,Tamara Young,employee
452,stokesnicole@example.net,$2b$12$w8fXaj.thQ/y0XcDLsHrmOgj2NJRedGtwwPby.vpY4XVbPLLazWD6,Data Engineer,Amanda Nicholson,employee
453,julierodriguez@example.com,$2b$12$UBqEBUJqP/85AWQnx2KjrOuERb5gZxt4kqnH9VgSl9cu5vFi7OuM6,Security Engineer,Jessica White,employee
454,drodriguez@example.com,$2b$12$4oqZJ1ACZryyy8oyg4MNluupmol0C3WI9d7gVg05uELayOKnWpara,Mobile App Engineer,Brittany Robinson,employee
455,robertsonsonya@example.org,$2b$12$0FrKzYlT7d.8iNRlyvPDMOgtmzwO24w8/4k170XwOIRoob3oF7oqO,Software Engineer,Brandon Morris,employee
456,jessica88@example.org,$2b$12$FVsHQC5tT1wOVA4I6oQUOuWi3wQ8fXAnIL9pHL79FoTJ.2biaXJ9e,DevOps Engineer,Max Atkins,employee
457,christopherbarnes@example.com,$2b$12$ub5Gc8.TgXOh2LmFh8vcKuEj1Ex6FESgYZqaBuQpSFCidku4arQFm,Software Engineer,Sarah Patterson,employee
458,hillscott@example.com,$2b$12$uElMlLTQl2nnhRVlzYGRl.v9y1GL.SJ7D5/uE6UFmhmdcxv7vVari,Front-end Engineer,Terry Hanna,employee
459,nguyenscott@example.com,$2b$12$zhq93FlkOBgg/Hkf5fLXxe5E8Rq6MMl/0JvT3mBjECJBLL9HZA4q2,Network Engineer,Elizabeth Schmidt,employee
460,mark09@example.com,$2b$12$p7awpcvnU493.3Q4cQhPj.RUQZgNK.7BYlVWhP6PavTdDBVjRpo5m,Data Engineer,Blake Reyes,employee
461,amy05@example.org,$2b$12$MA3kju75eeV5Whb0EHCPI.Ki/ndGl0pIXTCYZoAN5bvvFo9slU8/q,Cloud Engineer,Ryan Wolf,employee
462,ralph01@example.com,$2b$12$tzw0FQ3qfc6al9mKzEPC3upZJA9fVBynPl0XYYxC2g27P04XKUAR6,Data Engineer,Matthew Johnson,employee
463,nicholas56@example.com,$2b$12$mbrr62VQX0iRCTsYC3dxDuUzFs3jEy7XmGaAdeKCl4SEIv2wZviDW,Security Engineer,Jesus James,employee
464,sarahwilliams@example.com,$2b$12$0kIigzTnI2.Aoe7pFhhyrOKzoXtfAF7yCy3m2.MoB8wmnjGZ6mE8e,Back-end Engineer,Kathleen Mccarthy,employee
465,karenmorris@example.com,$2b$12$A3LXktIMLr1udKmCUVuh0eP2w9ZMtNd6xcsFzZEVZqH/CkvRhTSEi,Cloud Engineer,Valerie Lawrence,employee
466,ygillespie@example.net,$2b$12$ONBVugAwPEvZfZhXj.rgV.HYQ9iSxITtlzPQH5Rf.qew4sehI.HW2,Back-end Engineer,Jocelyn Peterson,employee
467,welchdavid@example.net,$2b$12$u3qZdzXql36ioEHQoJMSHeMexLZ8Q2uwpnNxyMJVDfPfMjfkCv9em,DevOps Engineer,Brenda Koch,employee
468,calebhaas@example.net,$2b$12$RtpMdXBroucUqLymj15N1ubAezyfb7jun8AHEHca.vGf365GLAD2y,Software Engineer,Paul Aguilar,employee
469,arthurburke@example.net,$2b$12$nvnhTUMoUtNqkXb6mdsxduIknU2mm0iJycwDnuQHfVEywQ60jVtIS,Full-stack Engineer,Joan Lewis,employee
470,gonzalezjohn@example.net,$2b$12$aFcswPi8y59dKAH14btd9OPQioDkkqoIeazQLt20uY1WDooKAOKyu,Back-end Engineer,Adam Perez,employee
471,dcrane@example.com,$2b$12$4TofOo9AvJe63k.XHXcONOmj29ElohVDF9.PWfuFvOVWqNgn369nG,Back-end Engineer,Michael Hartman,employee
472,ericafisher@example.net,$2b$12$nTvpUsZK8kiZmeualVXbDeBO2KJyNOFVarVlG3ns1fjJ6WoKIzp9O,Front-end Engineer,Mckenzie Terrell,employee
473,yward@example.net,$2b$12$wMP05FAaURKD7dgsQPKDROpE64GamuQDjOjYrF2qWjNz7sjx8Bb.O,Security Engineer,Jason Mack,employee
474,floresmelissa@example.com,$2b$12$TvIlAMhW7k5nwnSS7tgvIetCXi53xFYBEKoHcKMKHprcldry2ICqi,DevOps Engineer,Jackie Davis,employee
475,wendy67@example.com,$2b$12$ta1RG6Fw9/fyfhAf4wHvJ.8yhbRLsmkSOwR/K7ZgDeluPih.0X3CK,Security Engineer,Rachel Johnson,employee
476,smithkayla@example.net,$2b$12$8u0lYmfx3o40pErIKNaSRuR1Zg8RWR0mUvKwRdn8T1cA3oCiwTdaq,Cloud Engineer,Martha Vargas,employee
477,hansonamanda@example.net,$2b$12$nXIIj5RBJUbsN0uYT7EaeOORF36yE6gjdrtbxt2.B2ECxV2ZxVhHW,Cloud Engineer,Robert Wood,employee
478,trussell@example.net,$2b$12$mMB0tf0.nW2OuusVHwbyNuh0lfj0mTs57e5Ip7Gr9C1DIgL9cBG8q,Mobile App Engineer,Dawn Martinez,employee
479,melissasimmons@example.net,$2b$12$jPGqkBwPaYIkeNN7sGG93OKRdHvuxmsIRCI7TxGn2cgmgevv9PugC,Mobile App Engineer,Jackson Flores,employee
480,brent10@example.org,$2b$12$bpuzlvS2dEslwhXxNWi8ReSiudOCAzM8al3KCvvp57bARX889qLXK,Front-end Engineer,Robert Anderson,employee
481,alansparks@example.org,$2b$12$oQBPiNnvFxit/udrzMk0beMTnlszLiwOrD3bBEGTuFEeidfEYVNCK,QA Engineer,James Case,employee
482,amanda67@example.com,$2b$12$KRXGfEnNQVw4Qw9HAByQX.frMZ50Es1bHhT/ljHnDW.NVk2nafA6u,DevOps Engineer,John Mills,employee
483,sotoglen@example.org,$2b$12$vStjXd15c5Ywn.SMREz4qO7qbT2mSkScGHwVwcfcy4sStlW7Yarfu,Cloud Engineer,Melissa Chen,employee
484,patrickjohnson@example.com,$2b$12$JMGfaTil6Ywhjzx2/jwMtOu/P/IyJY5I87XIeRo/pnuCiGOdVjZnm,Back-end Engineer,Kyle Yoder,employee
485,molinarobin@example.com,$2b$12$nch5zRgBlkETZgkCUGOuG.ugsQP.zMlfBD9HEKS8R4ALpC1o55GTq,QA Engineer,Charles Lewis,employee
486,riggsmichelle@example.net,$2b$12$Pp1smVqGBn4PAGG/iHdhs.9GsCb.GjU0EkfOQfJuQ/1Ez1B0KVT0y,Front-end Engineer,Michele Keller,employee
487,melissaevans@example.com,$2b$12$qQHDrWOwurDvnFUrCzk68OiXmtmfRxn4okpzTmDlV0PunofELVTpS,Cloud Engineer,Rachel Cooley,employee
488,tandrade@example.net,$2b$12$JjqoZB4xarUaWspahkfoF.Ddsc9mOsCCqHfVfCx6Be/i0gZhvg.nG,Software Engineer,Luis Preston,employee
489,annetteowens@example.com,$2b$12$rZgeiIsJ/sjrQddkm/X56umSu0.dwoJ1Q2ClsGIIXrWYK1yD3CjK.,Full-stack Engineer,Matthew Davis,employee
490,crogers@example.com,$2b$12$7OkDCbIxa/EOY4kBsYnPouWK6fF4OwVyi4nARDjZH0ALXF.6MSOSS,Network Engineer,George Williams,employee
491,samanthaparks@example.com,$2b$12$QDRLo1IllTA9ysAosasHt.tGy79fBSJj91Ft7.b2AquSHSv1FTuzC,Data Engineer,Amber Bennett,employee
492,rreyes@example.net,$2b$12$zSEXJ7ZxwHbtYSKtzAQYnueDM6Ob98MdYBIgUp7zx3QIC64eRdqJK,Software Engineer,Stephanie Carpenter,employee
493,christopherwalker@example.net,$2b$12$0E2QRGrPxhK1xL/Xic7D7uRuTsHByDI/xAa4VFr5bUEjrmLwkAucy,Security Engineer,Angela Huff MD,employee
494,duncankathleen@example.net,$2b$12$s6DldPaWmooazx9iqxzW1OoAiGrhEi5fHP7rmJydatrVnORZf8vwm,Cloud Engineer,Mandy Wagner,employee
495,hensleydustin@example.org,$2b$12$3n3keFBxvwA.I9Yi3puiZ.GLuSQmL7.UJagm/PcXpahY1S2YtsaJy,Mobile App Engineer,Mark Mcconnell,employee
496,upreston@example.net,$2b$12$R2UG7sEpp5ccpCX4sN0/5.fgfU4JzgjYC..oOVmFwADN0Ck/Hf1v6,Data Engineer,Madison Oconnor,employee
497,dfry@example.com,$2b$12$k.KeOXzLoSzCmJwaSo8vBOh6S6NJs4RPrXp4pkue6ivtb8SaAdCDW,Network Engineer,Michael Weaver,employee
498,pjames@example.org,$2b$12$TEadKjP3BwEV5ykKVpt7PuIMRjoPdwJC0fuSRPIMStnw3GYTMMXUm,Network Engineer,Ashley Chavez,employee
499,umiller@example.com,$2b$12$9LJebe4vmAE9rGwQ5MvV5eI9LYnd.Kd1Cb7fby0ZBraSOn8LrfAYG,Mobile App Engineer,Amanda Booker MD,employee
500,iduke@example.net,$2b$12$uYyvcP8GP2UYwc2OaoTa.O7rULabeZerX4S8flPlR5pqNHnUhPOqS,Data Engineer,Lisa Edwards,employee
501,ygomez@example.org,$2b$12$3pLLC0dZbidDWHeCc/1Qf.seNSjllXM1yvGpU0peOsF9kDKYjQZ/.,Security Engineer,Samantha Luna,employee
502,gail53@example.org,$2b$12$DOMWWMiW5.vwSVMUURerbe8abJAC1Q9yPPYXRotQxIvPrEkrshyYG,DevOps Engineer,Charles Huff,employee
503,weekscaitlin@example.org,$2b$12$4HuhpwXLOytoDuHRCX2HpOIJdtKM8r8rnMzyEWuCDNS3HbGvNtIze,Network Engineer,Calvin Chavez,employee
504,kiara19@example.net,$2b$12$88LkUfK1OSPBq7HNITVG7eQAKhAlHBfQpbJa8nlZs1P6H0WLU7K8i,Cloud Engineer,Matthew Brown MD,employee
505,kathleenshaw@example.org,$2b$12$eUt7HLHB7R5/fOglyl6hfOAirhjtZeyNlvXgV4geVFvnWtqM0hXBO,Security Engineer,Jason Morrow,employee
506,kelly69@example.com,$2b$12$ZhHr4ECTk0w07n0DqM9S4.Zb6P68BhQ1c8Rt4c4Ag/sw4ULDfWoLe,Software Engineer,Lisa Mcfarland,employee
507,eanderson@example.org,$2b$12$x57NKlRLqS2IsGfAFv3VyeY6MeF9KohU3ym.g5DCfwz8EH8Dvzl4i,Front-end Engineer,John Hill,employee
508,jessica74@example.net,$2b$12$rVieIkZf.DweA5UyglGGxO18fd9ay9yNF9PXUoCHxjrLc5ewb4xK.,Data Engineer,Paul George,employee
509,jeremytaylor@example.net,$2b$12$0VJRPbcie4fxjnVJfbKp/eC0FKCh1QpdhbDXlZietFzokpLUaqpn2,QA Engineer,Connie Tran,employee
510,lindsaydavies@example.org,$2b$12$chuls62R4HM9aCIP8/l3gurjM/CZOsrGUowTNY7NFPg1HRaNPuNVm,Security Engineer,Steven Mercado,employee
511,kmartinez@example.net,$2b$12$4OggPGx.ItLK3D9ECYQ.rOKX/s3IA5nZkAcNEXOrbmDj3FkAOaYLe,Cloud Engineer,Elizabeth Curtis,employee
512,freemansarah@example.org,$2b$12$QNLhWgKVt3emK628YbARtO0F25YFsnHICGv0ibnoqgJnSS5OtuubS,Full-stack Engineer,Madison Morales,employee
513,ppatton@example.net,$2b$12$1TnXVWRZcDLMvi1.MGOTIOA0kYXpkuEbF/9rZR84MYFngfe74dP..,Software Engineer,Kristin Estrada,employee
514,cookbrittany@example.org,$2b$12$VYEJ38JS.sPbzlVKQERYQ.0jT1Yt5TLLv/N7R/zgeBpst7ixv6u.a,Software Engineer,Anna Morgan,employee
515,sherriwalker@example.com,$2b$12$LXunMGMa.6R/g7V4s8t5tOsl.UEDdGVyLumLUJsy/Oz8PAnKv9m/C,Front-end Engineer,Daniel Benton,employee
516,johnwalker@example.net,$2b$12$WGjTBdbdNkq5MfoUI3p/Vu5B/P8z8TO4GKKzOROiYSi1Vde1NYIsq,Data Engineer,Justin Robinson,employee
517,ibrown@example.net,$2b$12$vAiGzRf74WlYbB5CEEKJaui6a8v1tnZIuqg2wv0zWTaU88mu2FDiC,Software Engineer,Michael Diaz,employee
518,destiny04@example.net,$2b$12$IeWtlVhRt2V/ZdAh6QC6DeZuiupsciluyQAk7htPENZU5MBCvZbAa,Network Engineer,Susan Wood,employee
519,toddandre@example.org,$2b$12$nK7SQ/Oxe8W1jUy1xyTuXOM55SfPt3kROSeqvbljDNlXINjDnpLgi,Full-stack Engineer,John Fry,employee
520,williamjones@example.org,$2b$12$qJrls6o5jySr8g1x4ZbswOf4PlZmKex2sx47/Fu4F3tmxHGyaygUi,Cloud Engineer,Kristen Kim,employee
521,coxrobin@example.net,$2b$12$KsbW0VofW0HOHEo1hI1fzOSaJitnCFWI.sE//KPjSS1OgXmWOteca,Mobile App Engineer,Kristy Cooper,employee
522,mooreangela@example.com,$2b$12$SWBIq7.FBn4a1P9RotEXMubTN5HMj.s3E7yPNFE8szy8JaaY8WB52,Front-end Engineer,Lauren Valencia,employee
523,tjones@example.net,$2b$12$tw5Dt1ivnifo36GwL8Qin.fLo0aIJsCLJizll0q3jHFRzRUrXrvqG,QA Engineer,Julia Bush,employee
524,garciaandre@example.com,$2b$12$U1zr5ZGP8RxaW5LkTWDXGut7rzkylpdaigMoWvPDzvfyLFjNvNGM2,DevOps Engineer,Sandra Reyes,employee
525,alisoncamacho@example.com,$2b$12$PXsmXR8QbNVVrR7HNBlb9eiGy/kS3Aen9RRRP1fZNv2zi6F2wpU1m,QA Engineer,Pamela Dennis,employee
526,kstewart@example.com,$2b$12$NY.MAfNAtVbrhhHCGifx4.mlhObsSmaJmtOaB2fXBaIsokWvzmMgC,Mobile App Engineer,Jennifer Reyes,employee
527,shernandez@example.net,$2b$12$0/x4kfN6s.SLD0JTRpvOj.xdEy3bD49Ic/fvInKTV4mI7LAAEqn82,Mobile App Engineer,James Moore,employee
528,jameswilliams@example.net,$2b$12$TWN504/hWQ4/rGeJiYi.Fu6w7o91ieenIdvfJzBSO3I2NssoHfSxS,Full-stack Engineer,Melissa Brown,employee
529,patriciacannon@example.com,$2b$12$vLn8sQricnpmnYjd4yQ3cOJQBh8eXw6FOS5BnrO5l8rz8L4gkDS2e,Front-end Engineer,Jessica Simpson,employee
530,amcmillan@example.com,$2b$12$AQdOS0JJxr6L.R.OV5L7XuHl/ncX8OKX3x8RicZC/MciRwo5ymFBm,Back-end Engineer,Patricia Cobb,employee
531,jerome11@example.net,$2b$12$K/ha5bQ24tYaJVZz8nledOAz21hReJ4AXDBL4.J.hPi5G.8TlTtfi,Cloud Engineer,Mark Rice,employee
532,salazarmichael@example.org,$2b$12$UT.2Ud9g02I3hrs8zB5HCuN9aTPyAV99D3Wr21QP5xTMrbU44OtbW,Front-end Engineer,Joseph Clark,employee
533,rebecca89@example.com,$2b$12$RCtzhDXS7lBduGiTnkk3Ze42cDBRGblwdRxEA1T8fFXiGg/jXHFei,Software Engineer,Alicia Fletcher,employee
534,derrickbrown@example.com,$2b$12$MKZEsePMS8Diz2bHXoLZWugW0xs4fVlZu8oSNBtYX.a/v2LERsLZ2,Security Engineer,Matthew Phillips,employee
535,christinaramirez@example.org,$2b$12$NRM.OO8UOo6tuKHucoCE4uwZS4dwScZzYnD1sCO4G0jL5Kng.uYRq,DevOps Engineer,Victor Joseph,employee
536,tanyacruz@example.org,$2b$12$kVmo6mjmQLABmvDUpYq.1ez2Nc6fh5njz2G6SEuEYj.VRDbOnQvlS,QA Engineer,Leah Cohen,employee
537,spencerannette@example.org,$2b$12$St8vecDYaHCQUkQSpMgKgu3hvz2wvkhuqdjetHjB.PMOI0MSjvRYe,Software Engineer,Pamela Middleton,employee
538,hendersontara@example.net,$2b$12$Mg8ctACEtChseimMKO9/ZuW8qC/yX51UsrXYKY3xYv/uHcbuGYzuu,Network Engineer,Donald Everett,employee
539,linda70@example.net,$2b$12$Wd7oaJhpnRvD31m74oTyoOPxqjnFDJTdozO1doiAl5EMLz.aYtsOu,Network Engineer,Henry Kidd,employee
540,johnsonjoseph@example.org,$2b$12$E4AHkQRi0qPDOqJ5.BOkb.nEoVLdG3fYvCKYMyVbJVbbwsS3iGoSG,Front-end Engineer,Michael Taylor,employee
541,haleymorgan@example.org,$2b$12$mPKIgc2u34E/9Kr11IHEwe/bt5dhwBh0LGpN5.F7IZgy/C/e9aEbi,DevOps Engineer,Stephanie Burke,employee
542,garciatony@example.org,$2b$12$NDLDi5H1TvOog67QdAEtHOYgOL8Nbm/C.TRwk5KDCB6dnP3FgUYi2,Full-stack Engineer,Kayla Johnson,employee
543,qolson@example.net,$2b$12$LYS4iieBJYPxSCHjbMoXDu66WJNrrSm8inXpQN7ylKrJ11jRDLnSi,Full-stack Engineer,Frederick Murray,employee
544,georgelisa@example.net,$2b$12$jY.F3pozeHxfzkHv4yguoe0L7WRJzLs1yRx1FveJ3DJUMiSmX9Sry,QA Engineer,Kelsey Rogers,employee
545,dennis11@example.com,$2b$12$qmiq0.D4OVDhzm0kFdzmHOdquGA8Q9GQ/K2o9NINkDCD5Ym7Vqgm2,Cloud Engineer,Greg Butler,employee
546,amartin@example.org,$2b$12$P.YqiFQ6bg9y4VNauqDmwO01GnNcruWf0buzCPqFWc8Y2u6AJzO2i,Network Engineer,Danielle Avila,employee
547,vgaines@example.com,$2b$12$CYP5JAFwWBAqoX470ysXrODV0a3gUbGRsZlm54eEr92bVqlRQ1dQK,Full-stack Engineer,Jack Wong,employee
548,vgray@example.org,$2b$12$F6DvqE.uB0zNCP4X.hcIT.i5B/27Ulhysc/586zGBIkqSvXzgf5ue,Back-end Engineer,Mr. James Crosby,employee
549,mendezbenjamin@example.org,$2b$12$xyJ7hfqX7i.tvS1nMVhJa.S8iRLiZOIYet2QtCR8liClvhVpsZ/Vu,Mobile App Engineer,Barry Hester,employee
550,catherine43@example.com,$2b$12$H1JenT8aOd1QdI8OL8zQjuvkLJFBnV6GmEnn1h8IoVM6YhgUqtweG,Front-end Engineer,Jared Lowe,employee
551,sandovalpatricia@example.org,$2b$12$aC6mFuvZ5bfJE3E5TRKXiegg1S81fxef9tj5/xgOU.Hob41v9p3Qi,Front-end Engineer,Tina Robertson,employee
552,hamiltonyvonne@example.net,$2b$12$TYuK1/SOsxymlXGG79LygeFjhHEAdtPuXBePzj3Ikvx.KkwaTfxYC,Cloud Engineer,Melanie Gomez,employee
553,cooperjoshua@example.net,$2b$12$krKFycxA.G.VLwP24ZRyP.U7ZDDy9N3CWf1ebs9PC4oLZ/EdMgaLK,Back-end Engineer,Leslie Warren,employee
554,iwilliams@example.net,$2b$12$pNtuQiAPcnGVblnaBMj2Juqh8saz4ysNdL7kVpf75L4vZ5mnQ3B0C,QA Engineer,Ashley Ramirez,employee
555,kfernandez@example.net,$2b$12$eSUJBb7Kb.UpG8nYIW0v7OoFLX8NNmRGiAD3wO8AisUeYTjAr0wT6,Front-end Engineer,Megan West,employee
556,richard68@example.org,$2b$12$qSY00vNPfaELOM7UaoJ.6OI6BakUc9Jf00pfGjWusHKX88rQ3d5JK,Mobile App Engineer,Sandra Miller,employee
557,chelsea87@example.net,$2b$12$1cu5Nh8CK/alrazLG36eV.lftnbZF3g4l89NLcqWTXSZJUyskeRTK,DevOps Engineer,John Miller,employee
558,michael18@example.org,$2b$12$UHxzSqcswUOsWxSJjvCtC.iS9kx7echx6pg91WTQGMH2vg3PD/UiC,Front-end Engineer,Robert Lane,employee
559,qchoi@example.com,$2b$12$7yjnasCQiUDXJTg.yvbqK.WnjM6O5oQuStpkSc/lhXIqCWJ2wz2H6,Mobile App Engineer,Roger Brown,employee
560,thomas23@example.com,$2b$12$Z9HGp69orBrw2qZbk2Ux9u7t1.5qVe2ADvdcXkHk7eoffCreKTvjm,Network Engineer,Bailey Butler,employee
561,cassandra10@example.org,$2b$12$fOTASacGLzlOaYXRn7eFn.iupJQI1TNs3aECJDq9lq8lFDv3IA1.W,Cloud Engineer,Earl Griffith,employee
562,ikramer@example.org,$2b$12$lnly9Q2FtJgrIq/9zYQR6.imV1dAdp8v/0CMnhoJr5n4ZiBGtDX9.,Full-stack Engineer,Kevin Payne,employee
563,whoward@example.net,$2b$12$K6tyLQTxBCv9E654ISPVB.l494TrVqcpMl1bZB9vOuooQajgaLIiG,Security Engineer,Adam Oconnor MD,employee
564,valdezwendy@example.net,$2b$12$cA.szr2elr/G8SxTa/Werex0UcyRqohcbmw81sUxOqXEknjO8DvuS,Security Engineer,Jonathan Henry,employee
565,vanessa99@example.net,$2b$12$5XnkMvtTUmK6UYS1Sp7ifubp6ngw2UjXfEXnIMxGN/0KiCJBXJM1q,Cloud Engineer,Charles Singleton,employee
566,kara13@example.org,$2b$12$W3EOLi73FsUM6Om0dstmtep/WhssaUN1IyoyseGR5auHMFoj9lBDq,Full-stack Engineer,Philip Small,employee
567,brooke58@example.org,$2b$12$VbDKub7ocEhTXQ8QQBWQX.QGjXPvWkqrh/xgf7JvRLqHVptVcotcu,DevOps Engineer,Peter Parker,employee
568,ewilson@example.net,$2b$12$3xKIOCrewQKuWb1K.aqu7Opo27T2/8tPqDo1kMj2hglKM2GfQ83ZW,Cloud Engineer,Joanne Shelton,employee
569,christopher87@example.com,$2b$12$.nzptDyTeLbT..Fg98VjtO5s15XOGVDFaDopHs.Mi7Ar7LuTtFfRy,Full-stack Engineer,Shannon Freeman,employee
570,john02@example.net,$2b$12$Np1T10VKgSgd2oB3717rE.RLZ5OG34bMTsJ.ovIQZnqbG70vXJ/Tu,Data Engineer,Melody Mason,employee
571,christinereid@example.net,$2b$12$KOE4WLWfH7T11YQl8marx.u4mFnL8sNuvinwal2tTjxwEK0acNxLS,Network Engineer,Valerie Dunlap,employee
572,jessicaanderson@example.net,$2b$12$J/g9ne63j0p612nWiV6dJuOyI4yRqp4dbFhCFzG8fqF/hTVIcyR3m,Network Engineer,Jordan Smith,employee
573,sanchezjessica@example.org,$2b$12$EUkAQz4u4IAW13oSyl7PPeUP69L/7wQ5mBx3BSRLgBpr5rajoiZ7y,Back-end Engineer,Kenneth Brown DDS,employee
574,sjohnson@example.com,$2b$12$Xf10fY.rJY3i7Xly8TtB8ez4GlwPPkjmCvX4pLczyDnVi44dwpBj6,Network Engineer,Jacob Stark,employee
575,ryan59@example.net,$2b$12$NX2Lx0FruFsxi.OznHJ5guUauwl9knFZT84ttDdW7anAoPvovqsPq,QA Engineer,Edward Kaiser,employee
576,mark08@example.org,$2b$12$GMk30nh82b0WPCzuP96SCebkLC.k4TuZw8Uq4S77VzWUcn2UPwI0m,QA Engineer,Shannon Ramos,employee
577,alvaradoglenn@example.com,$2b$12$xUrLaFyWsc.tRk7nfRgNX.7uGdNqVjvgRDFhvxU6QiZzRFd7dLAq.,Front-end Engineer,Phillip Mahoney,employee
578,margaretwilson@example.org,$2b$12$6sdw.kN4Bp5sT2VGBvKgaeCg9/kzMOW5cCd96903RQRLrZWPXZccK,Back-end Engineer,Angela Richmond,employee
579,guycowan@example.com,$2b$12$MwFEMXZj/HGTLLSO0xyGO.KyAHRylOtOQRPYajFNQjae180knrHg2,Full-stack Engineer,Anthony Donaldson,employee
580,marcus76@example.org,$2b$12$nuIMw7G7gth5q0pm1oDRdu..3Htk74mFg3ttex59NohnaBbCdblBS,Network Engineer,Brian Choi PhD,employee
581,hortonkelly@example.com,$2b$12$22xvmvDtOOthT25pZPBqYe8C8WZ/6eHqtKOlcZRL0Gr3OrJVzwLBe,Security Engineer,Jose Burgess,employee
582,gsolomon@example.net,$2b$12$U0EWwvL4zE1pcF78bm3c9.N/jpU9j8LzNtpXdgboxuFSVYzr65Vpe,Security Engineer,Jonathan Mccarthy,employee
583,christopherholt@example.com,$2b$12$BiINDQd9oBRsPyyC1qZhx.Cb0YAjnymcTKryvihEgcuxSxH9ZPq8i,Network Engineer,Connor Owens,employee
584,owengilbert@example.org,$2b$12$25fAMOYg5.AEpgubrOqSg.8Z6IbuV0MBXaqHxfR/DAu7MaXQpcfiC,Front-end Engineer,Timothy Lee,employee
585,wolfross@example.org,$2b$12$SvFRi7mw41GHABmM6enC.exoJmHXKKQLKBdhHwZ3isCx7tfZBpa3C,QA Engineer,Holly Gonzalez,employee
586,travis19@example.org,$2b$12$k6MDVbcEkGMMQ7z9h58cneVQ63GZoDccPMTca0M2tA/1pCmokiHkq,Security Engineer,Tiffany Morris,employee
587,reginabrown@example.com,$2b$12$wgm5ZwHBkGhCPkz1F47zA.RoF07YfSpVnQrhotOsfuNeXIIdb9fXO,QA Engineer,Nancy Nelson,employee
588,cmcfarland@example.com,$2b$12$fY5iDSTIK0shnqo53veBceCT8fqtdnkpgxZh7F.HKsV8p5RcVEcGu,Data Engineer,Tiffany Hall,employee
589,hansenvictoria@example.com,$2b$12$d97dUmL8hdpnV1PlTmgc6Or65El.4FwyyiRfl/c1kM/pmxxCHAnTW,Front-end Engineer,Nicholas Campbell,employee
590,dana42@example.net,$2b$12$eHoRMGReTxd8V5p9OF7lT.sgFOLgKCjUlXVfxk.Wzb5/v7isxwsoi,Cloud Engineer,Angela Chapman,employee
591,bgallegos@example.net,$2b$12$519r6AxouDRQTsccjLr9w.eL5kxLhLuN.T2sdFjpSMXcozo3E1I6a,Front-end Engineer,Michael Martin,employee
592,michaeldurham@example.net,$2b$12$s5haL79al17reogWiXfNFuVrrmaCtlm5tzb9iPYM92jmmmyYQl4Im,Security Engineer,Jason Williams,employee
593,pricedominic@example.net,$2b$12$V9oJJA/aL9ZAesrRV3RccO79Cq/hxU.stBcnHeOWDHOMDB/rXD4Ue,Network Engineer,Dennis Mejia,employee
594,nathansandoval@example.net,$2b$12$EoINIIiP23.7BBlJ5rzaF.FD580fbI1yJUnr9uxafwbwUTKILfkYa,Front-end Engineer,Brian Briggs,employee
595,sparksamanda@example.org,$2b$12$rBINfIcDCP9fhbQXceeWV./7j3EVjkootg0cVJaizOFTQ22W4lI2q,Mobile App Engineer,Lauren Long,employee
596,ryan39@example.org,$2b$12$/PAd0NpWSGTPMV.AxaEzt.NvTVCi3yBstomdSqrYOl3YC3BzojHO6,QA Engineer,Mark Escobar,employee
597,dmcpherson@example.net,$2b$12$Xsh2qYjKCYzcEzlOobfXUenzrjgxBjfuB6mY/jc.zW9QauXq7Wnxq,Data Engineer,Jaime Sampson,employee
598,angelicatran@example.org,$2b$12$rzL8FRY1X6FjnWPEeIjmouUHcoaF9Qh.dqdXp8yoxTpRu2/i.m7ci,QA Engineer,Katherine Reyes,employee
599,wwhitney@example.com,$2b$12$XuiqyKUxQ20BFOSLtADmG.Dl1Bl4V4G93DbmNngAimDfM80drkT46,Software Engineer,Mrs. Katie Johnston MD,employee
600,rivasangela@example.com,$2b$12$sapmz9pBICcLYwVPjoZKieeh7KZ916gDjYgJ6QqO711VawY3yoPfC,Software Engineer,Patricia Davis DDS,employee
601,jesse36@example.org,$2b$12$PXtaHRLgdtwIFcGytUtINujBOijTeViM8GjJSSty/viOdqbOl0JS.,Cloud Engineer,William Hughes,employee
602,justingordon@example.com,$2b$12$4ip9/LICalrhxAVLLh9ys.3and92OC6qWf8D3A7Y5wOhkTvszkhOq,Software Engineer,Tiffany Turner,employee
603,garciaronnie@example.org,$2b$12$APuVwl.z28EDNrKZbnrcvOTwpN6GWnnqy5YNdKWH8I/vg4NgaHWcO,QA Engineer,Lindsay Barr,employee
604,patrickoneill@example.org,$2b$12$7b6sD0oP6pVPCsvyi8W2HOmx47YSiqde2d5zdInjA98orhEWnZL1S,Back-end Engineer,Dawn Rodriguez,employee
605,obradley@example.org,$2b$12$NcUf6.TiZ3QfjjsfOuvbMu38y0Yy/vZGOdBw4OFoR.JZcwmusk6Kq,DevOps Engineer,Maria Harris,employee
606,lcarey@example.org,$2b$12$2XzJsNOO4K5OqX4gdA6IJuneHcAwosF7EyZeWnXpX4rHeVC8oQv0G,Full-stack Engineer,Michael Bell,employee
607,kevin32@example.net,$2b$12$.Q2vW4yqjKM0Q5r6MbMC6OcLjmkNQec72c40wM3U7q/pIk5ffwGU6,Network Engineer,Evelyn Hopkins,employee
608,vanessa81@example.org,$2b$12$XAFkxr.JG4ApAFW.vw9AL.QMYbpAJ3Rn6t5dA1CCjBAiKV4Z/9AO6,Software Engineer,Mrs. Ashley Cox,employee
609,xhernandez@example.com,$2b$12$PlEx6svLlUJMhDb772k.P.h9m8BE66EczAg5/wY1ewFaljFuNk80W,Network Engineer,Regina Johnson,employee
610,ehumphrey@example.net,$2b$12$Zoc2N9..OTzeXHze7XDSQe3g9SXxMM7.6jMBJY5usSOrtFuyn5Kye,Network Engineer,Tara Woods,employee
611,pittsjonathan@example.com,$2b$12$/asYMAel21.xUM6EeFwo4O0q6k/YaNjH9pmlOqzwffIinOIuGeyUq,QA Engineer,Brian Hanna,employee
612,davilalisa@example.net,$2b$12$bf2wGJNmNXpwxIfLYcmnoeZg52njXGO0.CcHcXQhd.cLcusa4Wg82,Cloud Engineer,Luis Warner,employee
613,brownyvette@example.net,$2b$12$zdn/gQZddpEnYVPYxGcB9eT7Ty114ro9XXTS7sOxg48SsTdyA4K1m,Data Engineer,Michelle Carr,employee
614,butlerwilliam@example.org,$2b$12$sdnYYWMSiJehO2w9pufpiusISWKTj3QFb89NCujd1bFKo9lk./Ye.,Back-end Engineer,Sara Murphy,employee
615,nathanleon@example.com,$2b$12$IoJ6tvU.bidTPpqwzzch5eY7C45PilUuBtR2L1nOqbs0Si60.2i5S,Security Engineer,Gail Saunders,employee
616,rmoore@example.org,$2b$12$rPUeykayQZ4Dm8KfHtNHiOfZ0dWdMZBbml9PsQBKQyL78TEYkkP12,QA Engineer,Ashley Conner,employee
617,kristinamckenzie@example.org,$2b$12$XEtHTqphT9FLe/RYEfhYluAH4sNi3QH8WaJWU96ZQczsfaoi0UBdG,Mobile App Engineer,Denise Contreras,employee
618,craigwalls@example.org,$2b$12$vy7x6OFi6tzlUZwoIC6TJOoPaeNVq4Az8rUb5ScXlmAz9FzdcciWm,Back-end Engineer,Jason Chandler,employee
619,contrerascynthia@example.org,$2b$12$Zjvqd7dISGk8eCgDCmqtSeJ4P9PRYk1u/sYSlcivG42LU6c.WX5Ju,Back-end Engineer,Anthony Carter,employee
620,morenojoseph@example.com,$2b$12$3CPxFLG71WAPgcKyKqB93.KtKhd1j.gY2XwY7N1/l49lsrbV0oZFW,Full-stack Engineer,Robin Sanchez,employee
621,carolyn50@example.com,$2b$12$wBgavLoxZXsehdNLU22QweL0mU.EGTJm2lJurLPzFQTh8t/eU0L9u,Security Engineer,Natalie Lee,employee
622,cchaney@example.com,$2b$12$3/jDvxsdlGGLi5IzH7EYHe2bhV/7ZYRcRQ/hIGXnnOsR6PnSU4SzG,QA Engineer,Travis Boyd,employee
623,nsaunders@example.com,$2b$12$Bq33MOJjFVMBKmt30Az2vuQJNE5ATygpBSi/QvbTtyUGUHtlzNIOa,Network Engineer,Paula Allen,employee
624,gayjesse@example.org,$2b$12$QM02jkDnowVp5axN6qo8.esUD.Nl5CNqhfTWxkHaCHYFCB80xAvuy,Security Engineer,Carol Castro,employee
625,crystaldalton@example.org,$2b$12$/OXDsoVQ.jqZRzbCeSh8DevF7vX6UikH/SCq1LI62kKqd1RBm8/Z2,Network Engineer,Stephen Rowland,employee
626,morrisnicholas@example.com,$2b$12$tWKAFgFArvNvc4JzujSYX.Q61sMddmsAclZoaa0ZywAOD9gbnFbC.,Network Engineer,Amber Martin,employee
627,christopherwebb@example.com,$2b$12$x3ZkIU8Fe.O5IXMC3aB/rex6DVJNQcnwVlyuJ4DdjuGMykWyKpdJC,QA Engineer,Jeremy Barry,employee
628,dpatrick@example.org,$2b$12$a0VPUZC0rWbvXFhQ.DPHpOrDZGrqM2luR8wAi3x3BPJz2otzxjwPm,Mobile App Engineer,Michele White,employee
629,sarataylor@example.com,$2b$12$nFFRulqDL.eWYTRHs9/k9O01RXo7IoinBmulYIKbZtf6KOKlBr5G.,Full-stack Engineer,Gerald Nelson,employee
630,jshannon@example.net,$2b$12$mrktbind1ni1M9luDyR2RuIq/ywPVU67.c5MXgBnLGm8xBnuUQDvq,Back-end Engineer,Natalie Daniel,employee
631,leah78@example.org,$2b$12$TxNZMKPu.uNyR/W1j/EgYOT8Yrkojus3XKjChto/mDkwD2VV.n4BC,Network Engineer,Tamara Medina,employee
632,owalker@example.net,$2b$12$l6cby9QE0ucQrnLDC6590Oj4UydGO45gbZ8DV7som5DwbysegMERK,Full-stack Engineer,Michael Clark,employee
633,kennethwilliams@example.com,$2b$12$qdQD.cE9BDKLGHMz2ww.VuyGm8zP87.tFJrPS8A6dvcybIY5h6eSu,Data Engineer,Mark Johnson,employee
634,angela05@example.org,$2b$12$fVXLPD7M6/0VLtMQuJO/4eKe.Rb3zvUadEy/HvLFcvYQOufeFSkoK,Data Engineer,Dawn Yates,employee
635,michaeldiaz@example.net,$2b$12$iQqq.vfO6ByG9GuVNHOCyO6GfD21sbR4CgcpO7X0XkDymGngu/sqO,DevOps Engineer,Regina Kim,employee
636,whitelaura@example.com,$2b$12$4xqo6GaR7uzEVkGT44K3.O3D9q85HmXlqOC/V7dITeJs7.mk8xH.u,Data Engineer,Kara Gallegos,employee
637,michele43@example.com,$2b$12$i.2pQ/XmtB9/QEgYpg7uhetavSWfCh6ubRPqMRqlHnYSuBJyCWLeK,Software Engineer,Scott Ruiz,employee
638,laralaurie@example.org,$2b$12$py.IsmTAmsG722qr/rUd4OGnOsqd2ncRLTWFVWYiWhkwYBt7FyfE6,Security Engineer,Ronald Brandt,employee
639,irandall@example.org,$2b$12$gcicMoRGooTDZhDNk2giSeVBYcnPtkzlLzXiP6qoI2aqd98AHt2ty,Back-end Engineer,Tara Walker,employee
640,cartertracey@example.org,$2b$12$7EAzMPI/D6QNECI4KGzxbO8swwWe2e5t.VXFLIWuPggaup1Ifv8.G,Front-end Engineer,Peter Mcdonald,employee
641,pattonamanda@example.org,$2b$12$j8tGUhPIZsAIMIaxOzUfw.OT2jsK7cC95tZk6FXB/tJxBNTBnIhx2,Back-end Engineer,Steven Manning,employee
642,hboyd@example.com,$2b$12$K/ccl4/h/wa2013yUjSqTeg3JvfgLLCBAsb5aXwIXeMsph5C3Me5S,QA Engineer,Cheryl Blake,employee
643,jamessutton@example.net,$2b$12$bZ98VBVUtfhyCmiZF1ClH.GlD5aUOs4feVEvcl0HtD3kjtnmSqfye,Cloud Engineer,Valerie Rodriguez,employee
644,roberttucker@example.org,$2b$12$b99joBCA5KYKeKOYBboPvux6yW9Pdu4zmF4CutB1lo7GWzdmPWnrO,Back-end Engineer,Adam Campbell DVM,employee
645,delgadobrian@example.net,$2b$12$dJBTy4M.ZnvmAu1iR9EU4OSoZEy8pg1JdtQL4EORwK/vSeqiI2PO.,Software Engineer,Aaron Johns,employee
646,caitlin04@example.net,$2b$12$.FDZynrkdZa/pxnRPcH5Z.2sVZrL3n0JtCAPJ1dr.5mvYtYjkYr1q,Back-end Engineer,Sarah Smith,employee
647,micheal35@example.com,$2b$12$M1sMg/77EuRr/uO8Zl2c7OQ4/GLgOaw1jaKEPNMDbfdbhnBZft/.m,Data Engineer,Glenn Campbell,employee
648,ejones@example.com,$2b$12$d6s/myaSVvVinqhzNSSTXeXUxbelquoQZ/lfHbXd9H78tzOKsiA8q,DevOps Engineer,Kelly Douglas,employee
649,bentleyamanda@example.net,$2b$12$EOyps2/flykfIkc441VWhexC3u9svbF0yc8Y48QKcs3aNBH6P2IUK,QA Engineer,Timothy Zimmerman,employee
650,mcgeedonald@example.net,$2b$12$c7snFABDnneUNha2zsO1vevMXXzah9MueVlatdO1fpU5WfwjBCTvW,QA Engineer,Aaron Harris,employee
651,bhuffman@example.net,$2b$12$hjbCpPMDDmPTC91EyWd1Cej.4O96AuOaHqELDdGhRaWNh6P1VS0Wi,DevOps Engineer,Marie Green,employee
652,dmendoza@example.org,$2b$12$BI5R7yoNCqO/aaE2LBsaN.1Ez0l6abfEq0IcIdAVtkAqakPJD3nFG,Front-end Engineer,Jason Wells,employee
653,julie47@example.com,$2b$12$Ptbc35Wpucxk/JSITj5nou/4FBendvuHBrUW2gl3smOhl9ph9oCIG,Full-stack Engineer,Charles Smith,employee
654,oscott@example.com,$2b$12$5/gnKpW1G8BXss/Iwy9fWeq6TwisxPuxEjnoF3lIzD/oKnC.Iz5lW,Data Engineer,Brent Aguilar,employee
655,stephaniephillips@example.net,$2b$12$rQdBDp3jfb9ZPctpyq1Pi.EabDxKRmQKFix4OLLov/82i.Z4iWHMC,Data Engineer,Joel Perez,employee
656,ryanjackson@example.org,$2b$12$KBrEB5B46KSBifuEpsKmOOq.NdXax31tENU1UFGD9Dmb2M7KrQgam,Network Engineer,Nicholas Reid,employee
657,paul07@example.org,$2b$12$CKafk6JLsuraFgST04lwo.GbsBVyIGfVVncRPBf4Pxmg0S9Re26N2,Security Engineer,Barry Morrison,employee
658,margaretlopez@example.org,$2b$12$VqcRfqMEDLZLUmK3ZmiMp.PnkvuwAxx9K.epYCs4KeZxbCaoS1MCy,DevOps Engineer,Larry Mitchell,employee
659,tyler17@example.org,$2b$12$cqBAWL8/UBQP1P8v3v0VL.OMdwDndhUemgjh0svCkdtY17YFYNbbi,Full-stack Engineer,John Webster,employee
660,nathanrodriguez@example.net,$2b$12$A9MkJQQZkwUebko8pGAVxu9rrTulc2ilqH1oomshbZIrh3ZgrG1jC,Network Engineer,Randy Whitaker Jr.,employee
661,xhiggins@example.org,$2b$12$PQJZQzH.Hg.qVRtUOM5Rw.qo/qxjDHe/2fD1u2weY8t.l0jns.8da,Back-end Engineer,Lori Turner,employee
662,elizabeththomas@example.net,$2b$12$MR8i33qWlY9Yfw97mq0X5e7.ibTfzBm/bI4O7ANOQfuLZrK3GZZd6,Mobile App Engineer,Anita Williams,employee
663,munozcindy@example.org,$2b$12$R.rd4jYUSwJYitQhaHOf3uqN2ocotuyrZHbE5HNQEPzRKjIPWwPSO,Back-end Engineer,Anthony Larson,employee
664,matthew14@example.com,$2b$12$6xWB7hmVHqfvJjLtB6Wm0uYPTUuyprrocdn6NCZdAZQcJS/X6yrx2,Mobile App Engineer,Kelly Davis,employee
665,travis79@example.com,$2b$12$iMJo8Xvg/nsxZLbJj4cNKeLz3Yu4.vWXnjHPIVLsq6TQUJGG7z./u,QA Engineer,James Russell,employee
666,rebecca20@example.org,$2b$12$hsuGzJycplrlg6X20lsRheK3N5Aq5Ix3yPOUDXvJQlMwPoDwT8haK,Data Engineer,Natalie Mcguire,employee
667,tammywashington@example.org,$2b$12$s3cU8PBntuM.tyeORmRpuebb.gTg.dakmpQqfOsbLw2A9xM8mvybO,Software Engineer,Gabriel Owens,employee
668,griffithnicholas@example.org,$2b$12$gfgz0R39D8ylmHGgaZEFneZUPfnlMkSKuCzN0rWrbssYy5ZsKYzLq,Mobile App Engineer,Jennifer Chen,employee
669,harpermichelle@example.com,$2b$12$xI3IP90XfM3hO4dXIFgYZehNMNuOdlsYXaEO29riB1Vs.RHMTEKCe,DevOps Engineer,Jorge Stephens,employee
670,sanchezangela@example.com,$2b$12$eSPguuh8A6Xu3HSOi04xEu7XvysmYj89IKHCTOB5Tt5BdGVgnYMn2,Back-end Engineer,Gary Mendez,employee
671,yangabigail@example.org,$2b$12$tErzwSfwEz9aBRKUnSBjvuv3.P3jw.elO/vpTah0PewlyrK4cBslq,Software Engineer,Thomas Wallace,employee
672,ronaldmoon@example.com,$2b$12$o8ICcRRsak4O2W/rSgdg8e14j3yNdaw/Ja8FfyLL9h6MXJXniaFnC,DevOps Engineer,Tony Nelson,employee
673,timothyhester@example.org,$2b$12$GbO8QSWZR50mcPnAoOP05Om/HNqmy.Zd5B/N/vd67Z4rtrvSGwi4u,QA Engineer,Isabella Santos DDS,employee
674,colleenspencer@example.net,$2b$12$DOPJXBiAExJWNYzwh/lH8uW2vMAL9nOKPX27y5knSxABaqaE2GLWC,DevOps Engineer,Pam Thompson,employee
675,jacksoncatherine@example.org,$2b$12$R26SehVxgoXEKAPRuLUfe.68rgNeZG4rR6D8XDX.j1yhu1BM4oyqq,Back-end Engineer,Jonathan Hopkins,employee
676,emily29@example.com,$2b$12$Rpsh21lgMWyGD1IKXvvVoesCfLGvS1ZZzZ2Qqxb4TdcYxAZx24SDy,Back-end Engineer,Robert Carson,employee
677,brandon06@example.com,$2b$12$GKDht9PGCBycBSZP33pDeuCVZMEMEw3a4ZgR2hlLFjUkInWb8o0Ey,Back-end Engineer,Daniel Terrell,employee
678,meganortiz@example.org,$2b$12$SQOQPtw5dqzuuqIaOZpR..Jocayw2UeAcVMfD9hGpZKdq7xGyikWG,Data Engineer,Amanda Craig,employee
679,larryshaffer@example.org,$2b$12$mBNMoqMjuYFAZIiZgU541.rbNV9cJzFrxdHZr1.mjKNSJuGj5D.r6,Front-end Engineer,Edward Richmond,employee
680,juanduncan@example.org,$2b$12$2PAN7DFdEU/6Oey8RdmIeOfNQXvkSL6KmwvMzVKKepJHXmGnl3nsm,Front-end Engineer,Tyler Wright,employee
681,frazierdarren@example.com,$2b$12$Ab5mFHC4aB3FRIRYo3hf7e3PktpD20OzLOHCQnYgPO1kPSwjhr5Fm,Data Engineer,Christopher Chaney,employee
682,kelsey49@example.com,$2b$12$Pj5/61xMm6f21reuQ5gKxuaAJj1R4LO3EEkK2WDba0D8638DCo8jK,Data Engineer,Heather Hernandez,employee
683,hensondesiree@example.net,$2b$12$vOgG3j8pke9aa4j3luomjOi2ZtHUk1/TFxlAaJbGyP5QahMAo2F2S,Data Engineer,Rebekah Lozano,employee
684,hhuerta@example.com,$2b$12$IYv.MyLzNiKhMTgMIxuj1OGQ9/9jvNRU8gjqblw2UfYRRn3muOAki,Network Engineer,Dr. Gregory Mccarthy DVM,employee
685,timothy25@example.org,$2b$12$LQkuWHWrmeMpVUfhbuepgOe1xuKETOIBM1rb3ZomSG51wCMV2bTlC,Full-stack Engineer,Jesse Hubbard,employee
686,schmidtrobin@example.net,$2b$12$b5P7nL5F4HV3qQeNiGiAXexuuHFE3fX8NcyDaAwwPB6t2cf6FjXF6,Security Engineer,Gina Hendricks,employee
687,cfreeman@example.org,$2b$12$kcTbLUb4rFd/GHI1jBEqcObn6ZLEXyngW4mbqOuKofajXPx6Cj/r.,Network Engineer,Raymond Wagner,employee
688,rebekah07@example.com,$2b$12$KrJ9P5XUL2LNV4aQDAJzgeKfBnMpSyxZnDA3bUEcOM8aHbUr9vr7u,Cloud Engineer,Karen Miller,employee
689,sampsonpaul@example.net,$2b$12$M61ct4Nal9lqpfyVYyjEFu.6S6PO/42g6Bbhn80HU0t01BtK2wV.W,Security Engineer,Kendra Mcdonald,employee
690,michellechase@example.org,$2b$12$Ce3yCVzx0CKSV7nt0nW94.OK2BAAhAtKLkQtuU6QqO4MOmhyx5Qbq,Full-stack Engineer,Tasha Miller,employee
691,ecruz@example.org,$2b$12$j0YId2jIsS99VvpNr0TI1.XQ8yMJOe.Gh1m18HjL9caT98X46XleK,Mobile App Engineer,Carol Wilson,employee
692,andersoncaitlin@example.net,$2b$12$uVYlFJtYy55ftxYf8WOP1e5EouVG.EGmn4VTvFCttZNjjL8rL5iJm,Full-stack Engineer,Sherry Jacobs,employee
693,hopkinsdavid@example.com,$2b$12$UFXLUbInNfplhnhyq9wGwu3vTj/Nkl2nRokiSzgHtxtAUD.8TYPcy,Cloud Engineer,Jessica Friedman,employee
694,robertmorales@example.com,$2b$12$64Ew2EYDT6699K9VVQ4DpOvJpdquIkOdwKWSipCPcADhP0TbPcWFm,Front-end Engineer,Carrie Mcknight,employee
695,kaylawoods@example.com,$2b$12$DwnyhZdi0N6VJky8IAfhDe6q4Bj3Q1kucr5PK4hmlaWa4ir.onVZW,Front-end Engineer,Jennifer Jimenez,employee
696,jennifergriffin@example.net,$2b$12$cNmRvrINiIjb0vd774p6Y.Wo5BADJmGT8kHSMbCkzMIKegiKWMgla,QA Engineer,Laurie Hale,employee
697,natalieryan@example.net,$2b$12$6tgDSM3rLbe..EdbsaZsHuACQb1jGEBDgwB9pBEDrZRhwxVm0oxAe,Data Engineer,Eric Cook,employee
698,wbrowning@example.net,$2b$12$VdPONpu236Kvy1/MbCLyGeHaU60diH06HDyNoiUvdX6aYxbiZUiL6,Full-stack Engineer,Ethan Taylor,employee
699,danielle17@example.net,$2b$12$FS6w8GC71R3PFMgFuqRTb.MU19oQYQmE4RUi454cnmOoV1OcOnRIG,Security Engineer,Rhonda Mays,employee
700,bherman@example.net,$2b$12$NkE/TSiSbYvibtbi53n19eqUZ9Crtn.o2xyTCt2eIm.OhfLfqPwvm,Full-stack Engineer,Juan Jones,employee
701,jonestiffany@example.net,$2b$12$b86eBrCTTZADhk4.BQx9yOk87pHyXj2ZfriVEbveOR5S6cBvV.56e,Front-end Engineer,Jessica Long,employee
702,mitchellzamora@example.org,$2b$12$HxwWpVXy1vH9yiG0oTKdsOFW3uyydt92s7o2A4w28oUghqgv0u80W,QA Engineer,Kathleen Huffman,employee
703,uhenderson@example.com,$2b$12$1M4eJ.RYnZEuysPf09v/XuhrVwowFk6sslhn83CUcWyMqBkGLocgq,Network Engineer,Robert Price,employee
704,jocelyn83@example.net,$2b$12$76wxXZVsUgSTChMTXMbhuecLCXZvK2aYxfBHTgjhwqFvQFJ1mhiCK,Network Engineer,Michelle Williams,employee
705,hknox@example.com,$2b$12$hqMqKSqBZD3ghv6DRe40fOnmIFLXtleXgxmGvGLUkH8P8FQXug4qK,Front-end Engineer,Hector Sheppard,employee
706,dfowler@example.net,$2b$12$RwTg8DCO7udF7oupeVuolODMqreT/v5X/4fHYPhBYEp76LR4Z749G,DevOps Engineer,Jason Stephens,employee
707,ywilliams@example.org,$2b$12$r38YEGW308kLiqwqMRMzr.Ao.UmCGgWOfFvBPgCSJNTQ0gl.rLiJi,Back-end Engineer,Timothy Meyer,employee
708,rachelnguyen@example.net,$2b$12$xr9vyEX86fpfWke2l.tnyuWLc97F0Ubc5AWepb/yicZmQkW24gYDm,Security Engineer,Erika Hoffman,employee
709,brianwood@example.net,$2b$12$xzOOqWEaCScjH/nIk3fAheIAOjwBBez3YY9S6sd.7RuyYlzVmq1tm,Cloud Engineer,Tracy Miller,employee
710,pattersonclayton@example.com,$2b$12$G8dAZ21/Irde3L6qjXWGj.XOJc1iifrEflUO2.0uwE2v62vedK3le,DevOps Engineer,Kristin Rodriguez,employee
711,loganamy@example.org,$2b$12$fzuS6j/AlQ4FAubvmYUIpu5i3HmqXRyB1BxH9SgOh3eQzz8wj/GPC,Full-stack Engineer,Zoe Benson,employee
712,janice59@example.org,$2b$12$Zbeev1zTIirljE1TgPXuqu/z5mRbvoCZ554AOIldR8CKGPIouV/fW,Network Engineer,Christine Taylor,employee
713,melanierobinson@example.org,$2b$12$JCdX6Bgyd7hz57T6Q9MPjOmgpDU7MVGIE9.BorB1MSeJPIYqZQ7uy,DevOps Engineer,Matthew Cross,employee
714,qporter@example.com,$2b$12$QgxF/hQg3XXd.KQM0HOk3.O6q2tYZ5a3d/5hxYlVNxEVXAU5DzzHW,Front-end Engineer,Lisa Vargas,employee
715,reneesmith@example.org,$2b$12$jlPbOxLmrlCOYidBgPbfqeslVY9qoWrx.SB8enlgQAxCm6cY5Upii,Mobile App Engineer,Frank Castillo,employee
716,dhutchinson@example.com,$2b$12$m4rw.d/rycWah1JCxxpKVOcFkd3yyLyawJgqJMCzZekqosi1Z2xOm,Cloud Engineer,Amber Ball,employee
717,angelamosley@example.com,$2b$12$nWG.MWpv2Rg3FbEVje1rH.AczMMU1BtSaPpsRYuXXDsFWCqzgcp9G,Security Engineer,Dana Harris PhD,employee
718,tiffany95@example.net,$2b$12$Fbcme86LsG4EfItgec8oOeDEEqAC3qw1OTiVGiLenC2KknV2xx9ue,Network Engineer,Joanna Holland,employee
719,bhill@example.org,$2b$12$bZIYUsdBMfksbKcfOx03cu8FN4hU0PF6Ik7VbAHeT4NvE1hQ8j77K,Security Engineer,Emily Gardner,employee
720,jmitchell@example.net,$2b$12$n91/pum7poN8ifq/qxtf9uGhIWniSkyverXN9w9Tje3jltyTVTSri,Data Engineer,John Myers,employee
721,mcgrathdevin@example.com,$2b$12$QNfB2Jv6aeStXIq.lrhUXO2cDn.sBUWYNCYocAOvj2KAMTF6D/yn.,Data Engineer,Elizabeth Powell,employee
722,vickihicks@example.org,$2b$12$P2pV3GSLzcc9pIPrtYr15eUixiStlmIWkv3n5mRZ/84cV6SHM2OrW,Back-end Engineer,Kara Riggs,employee
723,eguerrero@example.org,$2b$12$LVrqtDE0Rq3r.CKhXZdKpOieOl5Cyv2ztY.T1SoEJSkm7I3Smh0pu,Front-end Engineer,Matthew Gardner,employee
724,ystewart@example.net,$2b$12$qeQ2ZHi3JJntsixrNQfQsuDO6JimvHqa7Hd/7okxPkzT0BfZYfn4S,DevOps Engineer,Patricia Davis,employee
725,jamesyoung@example.com,$2b$12$i0/B4svdiujkLNRQtfUkZeqhITS2m64Yyoc5KewdATEu7Z.5ard12,Mobile App Engineer,Caitlyn Mccormick,employee
726,jacob55@example.net,$2b$12$6J6mhPQHEoJLFo0Bm47oEuB2JLULUOLqMIW4Fm3QCQnh8Jk2T.wNS,Full-stack Engineer,Holly Huynh,employee
727,michael62@example.org,$2b$12$Efr7/juor9eCatEw6c7Va.BGDGfG77RCUZaum3cyd.2eT6lVXeGVW,Software Engineer,Jesse Casey Jr.,employee
728,alirichard@example.com,$2b$12$ejhjnYLUHhQNy7doCJvPde8vHA0/ObF7fh2erjULwa2KDJSIpGYT6,Mobile App Engineer,Karen Johnson,employee
729,linstacey@example.org,$2b$12$NjvV.qOIjcJNz5/WMubOke1TuPNaV6zEesW6tot2pEfRGokNwwFBK,Security Engineer,Steven Flores,employee
730,jjames@example.org,$2b$12$NtJ1RsVUkUI1MhpVQM1MGe2idU1xjg2b9Nf5.s5oTaCp/e3HWoyxa,Data Engineer,Jessica Chapman,employee
731,stephensonbrian@example.net,$2b$12$ZcoUOZnSD0eRu9s8nCwu2ehkQNsZ6WZxYZ0VYc3vw43NuG6B.yyiO,Cloud Engineer,Bruce Johnston,employee
732,weaverkathryn@example.com,$2b$12$/vYUz3txfrI2kYKW35QinOU1UrLWK9V/RHWkxF/8FNjBpKHIwhW/K,Data Engineer,Barbara Hunt,employee
733,gouldmichael@example.net,$2b$12$ZUMZI5rZuf0lzHGquIw6veTxZ6IAVFt1Q6HmOi9dhxDzPa45gbC7K,Back-end Engineer,Theresa Snyder,employee
734,mitchellsean@example.net,$2b$12$t25JZkRDrJU8jafLYvMIdOYa5ZYVREGpqy3DudxWBWobcUuWZqvsS,Full-stack Engineer,Anna Morgan,employee
735,nfox@example.net,$2b$12$FoUqXEF7.Wb3IW6pfkbXJ.IibbjwQP4v903OLlLtu7TB94wYjNUX6,Full-stack Engineer,Jacob Edwards,employee
736,robert67@example.com,$2b$12$52HOovZAKy7ilGqArdXMq.KrH141hPbqCchWymQAoEZg9gd2mrCa6,Front-end Engineer,Rebecca Phelps,employee
737,upaul@example.net,$2b$12$CeAeadANhwzmsgtRNyym.OEEfYIuodR4JGXhKXG3LPv9fFTw9M1vS,DevOps Engineer,Tiffany Thompson,employee
738,david67@example.com,$2b$12$wiuAyFAiNQEXLeBsiEw7O.faCpBpb7byYtEh30pyVUHhkB7kYusza,Full-stack Engineer,Tina Williams,employee
739,hbeasley@example.org,$2b$12$PdgdILJGrRBBqfMO/O/NIuteq7zG3/u85dcSiFhq9pvToljXSXtUO,Full-stack Engineer,Stacey Knight,employee
740,crawfordkathleen@example.com,$2b$12$IyRALyQ/ydY12lztTOFkL.xip/z4h0vREMQCUxGsWblZEoUomC5.a,DevOps Engineer,Maria Tate,employee
741,mariamorton@example.net,$2b$12$os3tRM2ooJ16P3ydJxXuG.ciV7kbbqLLemevI6PBcHHzDc0V4HnSy,DevOps Engineer,Natalie Smith,employee
742,michellestewart@example.com,$2b$12$9DHk55mkT.Ux6QAMgkws5e3frb/61AlpeJ8fWsRhpJyfhPEGTVply,Data Engineer,Jeffrey Woods,employee
743,kglover@example.org,$2b$12$hFI25TGhZ7z91OmAiDrLfuLD6qOHq2EWOzuxdu2FFcYESQUCf/LGW,Front-end Engineer,David Martinez,employee
744,garciacaroline@example.net,$2b$12$/bWPIW16CqiHMSXIf4z0e.cnRwtai2YNpTXydXK.hTSaN0UFvVo.e,Mobile App Engineer,Robin Moody,employee
745,justin21@example.org,$2b$12$Nj5hhLVyTLoB.qQXwcHnmevoX7J9BGcPhnVIzjX/VyDrfaLroTJ36,Full-stack Engineer,Amber Roberts,employee
746,josestewart@example.com,$2b$12$iAG6sgyCiH0hq.mUfU8Iyua5YlYfY9DVs4WHtKJgoIlGlJIA6du0S,DevOps Engineer,Rhonda Boyle,employee
747,martinezjennifer@example.com,$2b$12$yTbPKVX9Qrh.xRyLgUCRNeTHlErPrIao80BK.b4Zt0H52Cow.O/dy,Front-end Engineer,Rebecca Cain,employee
748,nicole07@example.org,$2b$12$7A/cz1mKflZ3da5OxXtTieYlfxTOhddQIiJkSBwBlrulZ4S2st4j6,Cloud Engineer,Joshua Fitzpatrick,employee
749,emason@example.org,$2b$12$YdOxo5SUR5DT/S7B3qtaFuEtrlVpx8pvthNRItN54tBu1LDvMFm/.,Cloud Engineer,Ashley Rodriguez,employee
750,sarah54@example.com,$2b$12$qKwX6jo0tr6ZPaqjA360kuOs4pgZPdxzkcyynGzSP73KkVs1kb09S,Mobile App Engineer,John Wolfe,employee
751,yrodriguez@example.net,$2b$12$wXUH.osaYxFZFVeCYfW3N.2e.aPTXYl0r5K5.Jk848/Z0M0T76KFm,Data Engineer,Jennifer Moon,employee
752,jenniferjoseph@example.net,$2b$12$7RigpUx8JYf/mqpWAI42xuF7I.ZxReCCxgKaQZofClPCgWNpDGQny,Mobile App Engineer,Jennifer Cox,employee
753,averydebbie@example.net,$2b$12$ZiX/fFC56LHcXUt6EilU6.y77bUQqhMh6pDYtmtuxZQ1shrWdYkB6,Full-stack Engineer,Jordan Evans,employee
754,marthagarrison@example.org,$2b$12$40VaQBTg2FbHc0vOR/7B7.BBTNPXc7n1OSLOKegtv1cATKSF8/SVS,Security Engineer,Kristi Cervantes,employee
755,casey00@example.net,$2b$12$ztyUl1DhZQJ1.Yd0kne6GuiCwUxHmBp14qfShSbc876J2XkSbfzwG,Mobile App Engineer,Andrea Hill,employee
756,heather66@example.com,$2b$12$87Jtg.eFgtRAQnmY1JLKlOQLp2QGyFajiYfzqoUViA7eA3vKs2pnO,Security Engineer,Kenneth Lee,employee
757,madison63@example.net,$2b$12$080lxf8XjgXpRZh9.aRwv.5VptSH3sj3ZIaIlL89mkRuO.1h6aqdu,DevOps Engineer,Dawn Vaughn,employee
758,jeannezhang@example.net,$2b$12$8vrzugOclr3nX3fKPgMCJ.i5Df2uN5okHnrkQLxxsFMEiAgtR2xa6,Network Engineer,George Cervantes,employee
759,bryantlisa@example.net,$2b$12$XQRl8EWCLzgaz/yAUQY4veki0vr74BHkgfCwH3NtbS3rsS7v4NPd2,Software Engineer,Jennifer Herring,employee
760,mbailey@example.org,$2b$12$eHwWS3YPaKk7kWh/ePb9X.OMQ7MxbW5W/N/BD0nlLWxhCpF8HuRaa,Software Engineer,Timothy Campbell,employee
761,alexanderallison@example.net,$2b$12$xyoqa7zr0hqCpgSffsGbReCh8DMYjQF/3zlqSnU66kwTLkstZ2P1m,Cloud Engineer,Gary Sherman,employee
762,jessica58@example.net,$2b$12$QfdlLZ4adTvSL5OlUN9gDOUcr9.eeZPPjkFF3TPXBYqG5AnsNOWQG,Security Engineer,Rick Frye,employee
763,welchjoshua@example.org,$2b$12$9.RmX80ubXBUhMJFtEgNTuEw/gGHgCNsdHDbC4JDBZ.g2EAXBPBW6,Front-end Engineer,Bethany Baker,employee
764,jacksonjohn@example.org,$2b$12$8/2Sd/BJANlkmo8OBKS.E.Q6/Gm0X7jq/J0SUPIoNwP0TCni9OdGO,Software Engineer,Anna Lowe,employee
765,xlynch@example.net,$2b$12$LBHZdFp8/WUt3hXbfPBKBeuNEn0UnBJO.JRHQ7/.FvL1J..Vfg8rO,Software Engineer,Candice Williams,employee
766,patrick58@example.org,$2b$12$lJ8LnSYOkjDyQ4krVAX0LuVvtXA/DnkJen/i0dgwyzw9Nt6PrWijC,Back-end Engineer,Michelle Diaz,employee
767,bhale@example.com,$2b$12$JiFFzgK79AKc2W4lXQeAtO98XN5Na1oQm/cg37gbJWkWWqd4W3TKG,Network Engineer,Kyle Wright,employee
768,mannscott@example.net,$2b$12$wh3HcwQ5zDgu2/J0QP2ZxO.FCx/tcuqP27L0Nhd9Rv9Wg7qGuZine,Front-end Engineer,Deanna Barker,employee
769,nmorris@example.org,$2b$12$I/5vZtc1.biZF.SHw4sJ4OcS8Cs9kePldZO/uvL/IxmKM6aK.3S4.,Data Engineer,Andrew Pearson,employee
770,tina73@example.com,$2b$12$4XAep0UlcHl60dEfc8ru1e6kg0v3wArrsKrIOAcTduwymekUzlAbG,Back-end Engineer,Brian Henry,employee
771,angelawatts@example.net,$2b$12$DSI.Rnh3RaeWvKKysgWPyuriW878IGURNEIWKOmKIzfdAZ1Flenye,Network Engineer,Lisa Reed,employee
772,joshuamoon@example.com,$2b$12$6L56hXL1U5YJQhnDdVd0XOcJhKWDVfRUcTqol7WIN71fz6OZGHaYm,Back-end Engineer,Robyn Green,employee
773,ofowler@example.org,$2b$12$Pmxs/L1pBMMVIsS2rOc6eeoXRX9t5oB8OtYnpeI93A2NNrgQ7c6ia,Network Engineer,Rebecca Andrews,employee
774,meredithhuff@example.net,$2b$12$PwZISQ8avf.TxwFclPA4Z.sgH2dD1JqIp6gy.Dnz.S7xdg6lY2zre,DevOps Engineer,Tony Lawson,employee
775,lauraharris@example.net,$2b$12$oQtZXkrLYmiYQbiycTuh9usrBzHatvDsbP4zIb/y.niOXeM/lUFmO,Network Engineer,Joseph Rangel,employee
776,andradeamber@example.net,$2b$12$E5sQazv4zvhbS2O5Obtt7ujztjbgF5kgvw3Ox8SBxW.03wdJNUjqm,Back-end Engineer,Ashley Anthony,employee
777,xphillips@example.org,$2b$12$/CM82nzsItxl2sMy.S5fhOjdFHOck7NvPf1lZxESGV1Ij9SP0zsd.,Full-stack Engineer,Angela Jones,employee
778,wjackson@example.net,$2b$12$lgHXSLa3Uu77sy1LBSlYJuHUDG8HzH.VphJM2Dnj5YIZRBLyeH3Za,QA Engineer,Elizabeth Castaneda,employee
779,ramosjoseph@example.com,$2b$12$dzMB1jqoFj8.HmK.tCvV6eXyS9KC3EihUbGwxv2mE46cHn14RemGG,Security Engineer,Diana Poole,employee
780,kathyjames@example.net,$2b$12$U.C.NP.LcQLEu/ymOQocMOuaMPJOCfAC9AX/PD1RaKMDcNurqW9/y,Front-end Engineer,Danielle Juarez,employee
781,jordanjohn@example.org,$2b$12$y64MBOIiAVpbXROH0EtVgeKBdUFmkdl1UuzkX5YpkpyDZ5PM6MkLy,DevOps Engineer,Brenda Watkins,employee
782,julie94@example.com,$2b$12$vKVUKmkUDBFcYJDOkeyVdOas4kA9bG7/YjfIUtNA5eX38./IVQkwK,Data Engineer,Scott Davidson,employee
783,ehernandez@example.org,$2b$12$wytlB1zsmRK.3P04R2j.Ju15cT91drx8BoaXUVa6kw/mshyZnoPVK,Mobile App Engineer,Steven Wilson,employee
784,randy61@example.com,$2b$12$NujtGfToKHgR7eRKAIlwvOnR1EVXb3KsPIo/WpbrLQs7hZSz29XxW,Full-stack Engineer,Jennifer Tran,employee
785,lewismargaret@example.org,$2b$12$HnNm.VnpljVD8e2F3T77QuBXNTIj7/lhAPNGgzCiHmuDnEWXg52e6,QA Engineer,Joseph Martin,employee
786,jadekeith@example.com,$2b$12$wzDbAfK8qEec3fqvypUE5..tSeuLfsSm5VvLYVvpO1JlHb9M/Xyp2,Security Engineer,Cole Hansen,employee
787,sperez@example.com,$2b$12$lW7AZ3Umb5ptmuRKrNcv3OR9OVSC/wSAJBoT4pzYVTmYy2U2cZW1.,QA Engineer,Daniel Webster,employee
788,robertfernandez@example.org,$2b$12$tHO.gso1WPHS9gJ6XlWs3eXaPYVsUkI9K/iV6ph/gXpfSCHPuPzHu,Back-end Engineer,Jocelyn Grant,employee
789,erin78@example.net,$2b$12$6vs2WwFgXhzega/hTxjFC.tZvfWAQrH0BtITjvWJWpZVEeUu6FQHe,QA Engineer,Mrs. Jessica Bailey,employee
790,mcarpenter@example.org,$2b$12$gcIBzEvx16sSso4oC7nBlunDGTZy1KHSDEP1.4l6eWEz/DI36.enC,Back-end Engineer,Richard Price,employee
791,josephmartinez@example.org,$2b$12$HmywUy/UNeB6tAPEepHPyOzvgvQ8ECouwEBqmXuudxgtatmJGx19S,Back-end Engineer,James King,employee
792,camerontyler@example.net,$2b$12$5Gn/Pyilf1K1pdGhVe1Kiezqk08xnLkndsJtGhNHJ8ZjsW.QVx5wK,Software Engineer,Amanda Gray,employee
793,prose@example.org,$2b$12$onP.P6kV3UYb1lxMm2qd7.cx.ZJhCOFQbmj9lu8AQtcrzj3Ny8Wb6,Security Engineer,Jennifer Gray,employee
794,pspencer@example.org,$2b$12$37iROji6FXyb5AYppt2CtOf2gTfAOiKD5MK/hCMjcOP4rDigVAyeC,Data Engineer,Anthony Sheppard,employee
795,xgentry@example.net,$2b$12$5PHSMIwSUNAuVBvbfDOnx.CALplKJQ7JQvyTAjQIUbpjhzxM0LDju,QA Engineer,Justin Rogers,employee
796,tpowell@example.com,$2b$12$FGcpvkAOa1HnkKuMmbona.Ks0/oXIhGk41vKD4ZzC56BNSa7JGZ6m,Back-end Engineer,Sarah Webster,employee
797,williammartin@example.org,$2b$12$0AlItwi62027RQ7veWnQ6eRBTURgMuKegG/wFTRr3LWWc08WJu3AS,Cloud Engineer,Lori Holland,employee
798,joymatthews@example.com,$2b$12$yj5vtVbjzkrPnub9/80o6ep3Oa00M86hJPhT6KX0YhkrwuOHnXi8C,Back-end Engineer,Elizabeth Coleman,employee
799,bking@example.net,$2b$12$1/3kUSkvSDDnoapiil6kLeujmMaPWv2G1TNy7RajSOGFdg6m20IHa,Full-stack Engineer,Kim Alvarez,employee
800,paul74@example.net,$2b$12$/KH/mc1VnAR/duNJUIk9JOyOZVr9oDvdHl5nspCg1bmJO7iRdniF2,Mobile App Engineer,John Bradshaw,employee
801,coffeychristina@example.net,$2b$12$uT2saa9kg5Co69b8SEKryur/hlA4KvjaTE5dnu2l92Pdd/Y4BkD6W,Full-stack Engineer,Richard Frost,employee
802,qgibson@example.org,$2b$12$vq2vHc3gbdHKEKi6CO2Rvuram63dpe.jUfTWnAjWWjMNI0ruSOjuW,DevOps Engineer,Sarah Henry,employee
803,jillayers@example.com,$2b$12$ZOygsRQyW21f.eiTKD2OHeYBRKmLRsboNVcmQxJkMiGkcma83AHiq,Mobile App Engineer,Rachel Martinez,employee
804,christopher56@example.net,$2b$12$uZpX2ZHbt43F4QGyxW1.wO0hLghZeC4qLKqYvprdrG6ulfQ66jrEW,Data Engineer,Paul Cooper,employee
805,teresa73@example.com,$2b$12$Bwx9TpBy4JuJN/3knoDpGe.DrzLD090m9NKiGBlt8Gq5v16jh5YXS,Network Engineer,Amy Jones,employee
806,martinmoore@example.net,$2b$12$sAARXGdcjMko9qpBkHmIquclUHOrp1hF3QXFVGi68Iw3ZrIQxhGlC,Software Engineer,Jordan Mays,employee
807,vanderson@example.com,$2b$12$ncI6xaaH.ll6QHJVFG/sROHRtsbV//sMVdU7ZTbB4r68n0LV7Z1Ni,Security Engineer,Michael Wright,employee
808,annmiller@example.org,$2b$12$p5546sU1jRhbebEqy.Alo.2BMwHDkCb.eyBbioL7Wx/ie8R.Wvrv2,Data Engineer,Daniel Cook,employee
809,edward26@example.org,$2b$12$pmkbngUKI4dEyrqzJUICv.3fB0J.3W2Q9CXvn8claJzlA99a.TL26,QA Engineer,Sarah Garcia,employee
810,sjohnson@example.net,$2b$12$D80IhA/X77EYH7k5RqrkCuVjgdDymkGtnUJqWu.lz9wDcYRhBIduS,Network Engineer,Gerald Pierce,employee
811,pamelacabrera@example.com,$2b$12$STMspRiwm3vqH29j9RhCUOGOl0i.UaTp1H1YVdTeznjNEbrlNrPAC,Front-end Engineer,Shawn Gordon,employee
812,kmarshall@example.org,$2b$12$jnNuCeRYJPvzHLCKpXaLdOCTAFs6JiiygTV3JyIrQGlNGPNLjzv/u,Cloud Engineer,Alexis Mullins,employee
813,nicolemcgee@example.org,$2b$12$Y6.sj8JFerAWLy1p0wYym..6Ze4ikxbo7YR5yO2GXX5CRz7f1WkE2,Network Engineer,James Romero,employee
814,jessica05@example.net,$2b$12$rfmkTEH.lIX4z6vMVbmGleCMyr30WIja3NLJnjqj3f9ziiiNRW93y,Cloud Engineer,Jimmy Watson,employee
815,russellsusan@example.net,$2b$12$QueE6W1N.QgsJ5TkWP2PH.p3Ye3xHBf7USvhsJAdPK0y.M52oop0q,Software Engineer,Karen Estes,employee
816,michaelreed@example.com,$2b$12$p0TQvZt/39zph6SPic.hw.MhD.6eRkRH334uqB5G12AsWh6/6wA0S,Software Engineer,Robert Garner,employee
817,christophermartin@example.com,$2b$12$6/ZfGpEmHf.jTQJPiGu2a.mkC8Buy3cKmganKqdOr6AEBywLhV6Am,Security Engineer,Kimberly Hernandez,employee
818,wesleythompson@example.org,$2b$12$Mr.R99/ILOeiXmnTp7mKteSIyKbdZ.KHu3YVZbCAbaI2Qoa.opmwK,QA Engineer,Ellen Douglas,employee
819,cbrewer@example.org,$2b$12$Up5rpZU0w6TqDg5XOfd4HOw3i0MbQbkQTCu.7nhfH7jAXLKYZ0ubi,Network Engineer,Wendy Terry,employee
820,stephanieosborne@example.com,$2b$12$qodGqShUax2LWgs8jfVdKOLgwFF7MV/55r4/bpKj6Otio9dYmaKES,DevOps Engineer,Amanda Velasquez,employee
821,bthomas@example.com,$2b$12$qSYUvFWd20gcIj.ZTjXjC.2o2Wi7ITD8GlybXJOl1JivZiN/KQmTq,Back-end Engineer,Jessica Sawyer,employee
822,jphillips@example.net,$2b$12$D31o9xk7EXV53ElI/2/SG.ZksFxM64sdJoaJTIGgLL3uePY0gB0b.,Mobile App Engineer,Stephanie Snyder,employee
823,zellis@example.org,$2b$12$aP2W0IZY3Pe7qqaSCf8JdejIaeEwtP/ClPCvuX0uUuXJh4vDTtqrS,Full-stack Engineer,Victoria Strong,employee
824,townsendjoshua@example.com,$2b$12$KWOkG2b4ibzK1s214yi4wuLueMXLdNspva7I08A86uOiG0u0yWU3a,Full-stack Engineer,Michelle Farmer,employee
825,kellytheresa@example.org,$2b$12$cl1u7JFhwDl.cjZaazk4i.W2m0ySOz9xVnYUTrRBteSO6/U2YtEx2,Back-end Engineer,John Holland,employee
826,gsummers@example.net,$2b$12$jO8ue3im5Fp0ceFibf8K7uUFW7mQsJhX4g/RrL3XrTsf6kGYfaiGW,QA Engineer,Brandon Smith,employee
827,jason81@example.com,$2b$12$/pq1R6PeZ0W1X6TgyDb/W..bGP0q62LFtoNqAphbnN0dXnUXKUf/y,Mobile App Engineer,David Brown,employee
828,willistraci@example.org,$2b$12$WdD.bZrOe1JBNK0xCCkWBOaBoueRHbk8k6MFTkX6dn35p/Q8Xy1le,Mobile App Engineer,Mark Boyd,employee
829,jeffreyevans@example.com,$2b$12$KGmBaB02jOS8x9hjFf6f0ekgSjQJhZMOQskFSTMD2LHOcrj6LNv0K,Software Engineer,James Campbell,employee
830,nicholemarsh@example.net,$2b$12$qICK/et74JLP9IXM4u/y5OvRJ8xVT774bPYRkjycAtD8HQfLslEhe,Mobile App Engineer,Sonya Mccormick,employee
831,caleb10@example.org,$2b$12$SmBrfl8VKQFqDBZo6AldX.soP.1i066ps/V6BmPJ0uAmyO15wtS0C,Security Engineer,Steven Garcia,employee
832,andradetyler@example.org,$2b$12$RTprVAx9Y/n8fH6y0MWfW.D2v44pErbeRFeOPA1WSycsTHHr/dMyG,Data Engineer,Shelby West,employee
833,ronniebrown@example.net,$2b$12$VYqw4vwPyFV0hS0Q2BS5uuVm5Bf.ZY1KvZb.M3P0kekEqs/i/mXw.,DevOps Engineer,Rebecca Pace,employee
834,benjamin69@example.com,$2b$12$bDAhiK4R/u/DLquFSRXfNOIU/Jf6673r8tyDk.uo4RZr1IroA1TzG,Network Engineer,Lisa Anderson,employee
835,michelle44@example.org,$2b$12$xt23bt1vAhslG1OEIDgmsu1JPD1m3qjsm0TKGCK/Y5kx671lic8ba,DevOps Engineer,Brandon Ramirez,employee
836,jesseandrews@example.com,$2b$12$mnIvqCxHWCbxHxwKxEyU.ufOQakTjpJU3Dqdv9iLcPZHOfi2tyWUS,Mobile App Engineer,Tonya Warner,employee
837,william40@example.net,$2b$12$f9fPqnHkYCMk/qsHKQYDK.bC74m8rlOsN65ehuztzcorXvi4haA1q,Software Engineer,Timothy Burton,employee
838,hopkinslauren@example.org,$2b$12$1pmIXSjABqJfpvqpHHZzsOWF.hYpMeF2Re2B22vqZKdeIF8yYFeZ6,Cloud Engineer,Anthony Vance,employee
839,susan45@example.com,$2b$12$lOR00rCPW9yZ57IPZXQBNujdQEFwY6dfvpjxOhGF88hc2V3J0rb8a,Security Engineer,Danny Jimenez,employee
840,harrisapril@example.com,$2b$12$OvAgP79TkPpBGzOMfuwrQ.PgJNBmrZVG0dj54/sxvU4zQhyfFz04W,Mobile App Engineer,Christina Smith,employee
841,melanie50@example.com,$2b$12$DMYH7zk4sIXaY7p61x5V3.atnoupaMLa/.f1uZbPFRx3OhjaDKFhK,Front-end Engineer,Louis Hinton,employee
842,michaelmaynard@example.org,$2b$12$3VWNu6ot3DJdei.gtk.daO5GWP3PzDCSipplsiydO5u5mVMaKlcxC,Data Engineer,Denise Dyer,employee
843,mary15@example.org,$2b$12$BzR0c/mhdQTtFU1VeNp8XO3cy4xp049AuZjIOlVCY5GGVc0DoRzAq,Data Engineer,Marie King,employee
844,richardsonblake@example.com,$2b$12$16mAXD4NEnS3q1yVAvLYjOEOXUPaBlaM96Wq4TlQkNgqfQ86fOkWG,Data Engineer,Dawn Snyder,employee
845,wigginsthomas@example.net,$2b$12$uPYL7jVc9mnizuNiLiI/Wuw.r4jYuqWG7bacsAPhYCwL2v1K8Rqj2,Software Engineer,Aaron Boone,employee
846,diane09@example.com,$2b$12$fH37lwnAzQXya1qxYOiRpe7.mbumUT8IUCtTypFUHawrHlqPQ.TZC,Network Engineer,Alexander Duran,employee
847,john91@example.net,$2b$12$wFbITHN33PWoHrNaghKzuu5yA5S0AmPK9ruaKJXtfDQoqgaqm8r9.,Data Engineer,Terri Howard,employee
848,terri74@example.org,$2b$12$KYOr.S6z8yE1dfE5SpDdyOYGUj7MbNR2TSxHkw7Uh3PU6Fdare6ha,Full-stack Engineer,Desiree Garcia,employee
849,lshah@example.org,$2b$12$0zEzPoP1MNuG8MACAPTm.eyw0uOiMDdOzwCVwKh4w04I5IB5guYra,Mobile App Engineer,Roy Campbell,employee
850,jeremy14@example.com,$2b$12$asZWRRlR1tz4g7z4A7EhOO5KfhWywoTIudgY.3e9rUsp0Y0BJriUW,Software Engineer,Shannon Thompson,employee
851,thompsonrachel@example.org,$2b$12$uMbiNW5EVgJ2ppleXOjpRuY1C0urRzQC3WEjOk5Fs1STXCD.v5GQe,DevOps Engineer,Scott Cox,employee
852,moorejesse@example.com,$2b$12$O5NOEdnuKn10kpXucqwDreRrxTrY4YbJAtzTV4e18DmdCOGY7RiSC,Cloud Engineer,Elizabeth Dunn,employee
853,marissa00@example.com,$2b$12$xlvCfRLjlyGJMJ3alFn02e3xXIQiGO/WmLzAJfPa0tvqgP1VhxgzW,Front-end Engineer,Tina Diaz,employee
854,thompsonlaura@example.org,$2b$12$rd5stq0kmI2hlHrKVgNSKOTifu6tdyx2Ai1YXybGK0WWLikJ5PUc6,QA Engineer,Brianna Gonzalez,employee
855,milesrobert@example.org,$2b$12$QUwamhmfXc9qN1bhI7RGJu8dioM/Vp0a404.8K/nsthhhPEn3w5ee,Front-end Engineer,Andrew Frey,employee
856,walleredward@example.com,$2b$12$0Ilm1U9.BwR1crmrcKnrW.UQ5mZcm1N.8r8QDNhT.UzGPQIlYjEmW,Data Engineer,Raymond Davis,employee
857,alan57@example.org,$2b$12$EcuyYLDMo..OjLDAWxIpieZ/QZjLqb0hJgV3yc2.665REQ/G/Gkpy,Data Engineer,Pamela Mclaughlin,employee
858,christopher47@example.org,$2b$12$u333lS.aXNe6V/iCRRuRzOfK83gCHzqqyVb7WphZHjO.VdhXnHO42,QA Engineer,Emma Collins,employee
859,danieldominguez@example.net,$2b$12$XRpi1uPcgZgo1kkg8FPsQuBhdskSoYcYIbgUmPIY6PSsU7B.osdX.,Data Engineer,Jason Day,employee
860,clarklaurie@example.net,$2b$12$cOlVDQOBhvKHLg/hD.GKnu2dE8MYBngKP/1FrCLZ.6JFu7ibxw4lO,Back-end Engineer,James Dawson,employee
861,theresahebert@example.org,$2b$12$dnLFfVDesrbDuDYMb8Joqu7TrWoJi8.CjMyqHh49.eRQJLNyU8wbW,Back-end Engineer,Shane Johnson,employee
862,andrew71@example.net,$2b$12$.CNXFp0CQHDWGCJDImy5ReW1sfgaTTFSzxSHJnTc.jZ7D760KJGim,Data Engineer,Jonathan Cooper,employee
863,beckertony@example.org,$2b$12$NDw2hCHaLK50E58Mo/D9Be/mqzPNMOp67R6aRB6qJr5liNKxOZAEy,Front-end Engineer,Joan Davenport,employee
864,jjimenez@example.com,$2b$12$gib6Pxo.B.B2Udis1cxMn.70xucTI4db2Cp6jcjbZQOZa4530q7pC,Front-end Engineer,Laura Garcia,employee
865,wumakayla@example.com,$2b$12$5f1RRUrXestODpjJm4Onj.3gCOmtOGl9VCrzx5E911XrjwdKFSAua,QA Engineer,Richard Munoz,employee
866,christinasingh@example.org,$2b$12$UklvkI3DMZ9sXElNFs1QJOIZMT56U5Z3MEvh4dLH.Ffnk2MweukOq,Network Engineer,Michael Cole,employee
867,ortizkristen@example.com,$2b$12$Jw79Gm4qqdS9hz299JNiueWOR56ToDeWwR4jLFeYsh7uV9AJBH0aK,Cloud Engineer,Laura White,employee
868,triciajackson@example.org,$2b$12$DuITZSgGT6JRNh1GMsSkxOWXQjQKzQKbmrtoKAoL.Ul3jEa86jkNG,Back-end Engineer,Ashley Gordon,employee
869,alyssasalas@example.net,$2b$12$X3/Gh5ACMRqZMLqQbsbIQ.f3otx6KQ91374WL23SD1FEaTpctw1dW,Network Engineer,Sheila Nguyen,employee
870,erobinson@example.org,$2b$12$G7ZmONSJCW1cNg6h22D4AOJK7i9HqIMVb6qWnyDG56VIVBUMZklDa,Data Engineer,Christine Garcia,employee
871,ramirezjohn@example.com,$2b$12$dHEn7vYarXYhrmOQjKeBreYBl5fVS4Ev2D2Pesn0TC3w.6E9b3jgG,Mobile App Engineer,Jeremiah Williams,employee
872,amy00@example.org,$2b$12$lTXMhMlDEjEJnabIW3ooM.mIwV4Rm2oFYHh1DYP8rsDvNDHR3SoQS,Data Engineer,James Gonzalez,employee
873,lori78@example.com,$2b$12$P3fUX88pFK26l6jo1G6pJes4KoSPcTC3cXjkXF6ThgaZ.PBFl4qEy,Software Engineer,Jennifer Garcia,employee
874,sanfordjoseph@example.net,$2b$12$Hiu.BZfvKYoENlwDIiSFDuV0yKwOdCRYDX19sxKE9UdyW9y19HHh2,Cloud Engineer,Jennifer Martin,employee
875,tholloway@example.org,$2b$12$hKoneqIp8of.9Y5bv3aGoex81T.pXyT8RgM0v32ir3qCW/4FSl.22,Front-end Engineer,Alexander Pope,employee
876,ewhite@example.org,$2b$12$qotYqaRLqz6WPBCW6HJe/OlqNzRJTEygjbP6aWhTGOx7lLmZ1k3uW,Cloud Engineer,Maria Moore,employee
877,cuevasmaxwell@example.com,$2b$12$FbLDa8nDuURJCdql5lJY2ef8ZlQZKqSRAR/cyUIoLMJYmamg62jpa,Cloud Engineer,Christina Ibarra,employee
878,sbarker@example.net,$2b$12$IiChrGecRFL0UKdBHCORvO7mbn.LCAc5kxIizk78XUyTxtSfzme0m,Full-stack Engineer,Brandy Lopez,employee
879,romantraci@example.org,$2b$12$VvTgbu9t9P7PnXuSqu5R6.3D83kwGReekkd.kXmK0k7wYdCUjsVMO,Cloud Engineer,Stacey Sharp,employee
880,kingrobert@example.net,$2b$12$HtICjhSHCaU98EijGTX.4OdBqbHQIPqPu6YLbOxLRgW.2WjvOVQyi,DevOps Engineer,Kelsey Rose,employee
881,sanfordstephanie@example.com,$2b$12$zR37.0eUOBFpbnCTB7g9hOUDdSU5IKxZsbyIzUCPBE2xGGKD5f3dm,Front-end Engineer,Scott Foley,employee
882,richardhodges@example.net,$2b$12$hZdxa2c1LSqG.7Sqa6A.a.x5Uu444zIUjPLw.7LZ7vtORT3/3JSLe,Mobile App Engineer,Kelly Rogers,employee
883,jwalsh@example.net,$2b$12$C7Deoe38Fv2.w/zrs7n3G.IJI19my6WtEQSTjr/XDZeky6jDyYrtS,Full-stack Engineer,Michael Smith,employee
884,fishercharles@example.org,$2b$12$loMcjy2ujEZ/MceOC2row.3yet/ZFp2M4pzqO6snZ2x7UOKkWRpdG,Back-end Engineer,Amanda Hayden,employee
885,martinezchristopher@example.org,$2b$12$rlSBR/ewJPnNWglpWQMpouOrJpc3DZggH3gDrvDXCknoXPFX8ZbOq,QA Engineer,Paul Ross,employee
886,williamalexander@example.com,$2b$12$Ih6TgHLio48WOgWUfd84v.LUGN1o5T0SMy8lgIN/3pf.3SE4ul4ey,QA Engineer,Alexis Brown,employee
887,deckerjoseph@example.org,$2b$12$Ae5myP/eRdQeoPCQvsC7Re1NJwyNRcgOyiBojaks/C.2tv0yvgTCa,Front-end Engineer,Eric Santiago,employee
888,zacharysmith@example.org,$2b$12$cTRacIXWS0GIo2puICFbGOcGEIPwSurPhWGu.rOXTqnXveFbwC5MK,Security Engineer,Wendy Price,employee
889,oscarpham@example.net,$2b$12$U73UZsxtJgVks/cMQZFHFOVuXsYWfbLx8wIHUa3xZGehatnP0wVii,Network Engineer,David Durham,employee
890,caitlynhays@example.org,$2b$12$yeYqMeEXlJ2DcyUoBINxQu6999dPhp9oEEzG6jK9CE9kLg8M5snba,Data Engineer,James French Jr.,employee
891,smithjackie@example.net,$2b$12$LtyZWY1I//WixXHER7goxOryNu36inY09bZapJQHsLqsdw3LYodr2,Full-stack Engineer,Amanda Steele,employee
892,crystal56@example.org,$2b$12$Wow6HObuWseSQZg1lFU6SO5lAOcRtkrfm9Em6bZlCWdzNG8zJ68Gm,Full-stack Engineer,Deborah Turner,employee
893,wmarsh@example.net,$2b$12$5s.nnl.nY0orhQuK8gTlNOHy83x3LiBCqAn8seRxdXF1EVlMarOo2,QA Engineer,Bryan Romero,employee
894,torreswhitney@example.com,$2b$12$yCADkr8QdqBEgP4DEsjz3.NBhpD98h9oCLlswgjMo9Fi8TTpU.DOC,QA Engineer,Stephen Hale,employee
895,david30@example.org,$2b$12$sWtQ9x8jUZeG/tsV9w6are7eMhTiOBN/kIo.nCT0UsdAOISkwFSKy,Front-end Engineer,Dana Brown,employee
896,scott70@example.org,$2b$12$Yikf7wz6F2/Del2og3k9WOQSkJr45HWQPJL.y.FpFRlIa6QQUcjtu,Front-end Engineer,Erin Mccoy,employee
897,beltranjennifer@example.net,$2b$12$l/aBY2hDAyFyaWviIJvzgeBnL4xQYumTgU8Hq9IvuesuDOkZ6qjPu,Network Engineer,Brad Doyle,employee
898,deborah02@example.com,$2b$12$6wTr7tf.NhwEQvLqYm1xDe0e31l2CQijxabU6XY5iKwLbdq.v2ww.,Front-end Engineer,Latasha Mann,employee
899,woodardmartha@example.com,$2b$12$7oBpXntOI5eVzzpqv/RhVe9PMyDOsSazmjk42tn6v6nGnzji9qSOC,Mobile App Engineer,John Todd,employee
900,fthomas@example.com,$2b$12$AUYObNMMgvU8F0OzbJJJFejgUobFS0u68XIkuauGuhNVz1cT3e14S,Data Engineer,Alexander Lopez,employee
901,bushjennifer@example.com,$2b$12$eGWJzUW6MIFYXBFs0smH6.IOfDO464ghpKK0rvWl6jTTBpz7DGA.e,Front-end Engineer,Kimberly Ayala,employee
902,rogerskatrina@example.org,$2b$12$VVmBy29SAMEwDGp7iYh2luO0kCjZ.P/x7C3Yux1ART1Nblm86BuNa,Data Engineer,Jessica Rodriguez,employee
903,otaylor@example.org,$2b$12$8KJkkx8UKQOKFdccBbsk8OX.sDTPLbqq3DfWA9nvByAkjBAdoia4W,Network Engineer,Brooke Johnson,employee
904,kcastillo@example.net,$2b$12$M2hjwosX4s0kTgqvfyPo1u6ADFtDDPV..iMo0g.qOTdfrevqWpj6.,Network Engineer,David Petersen,employee
905,hamiltonscott@example.org,$2b$12$/eYw.x1EBEk9VM9ZMFC7bO28OEvw1qxFxEbA01YDRdA4Wc1kUkNzS,Cloud Engineer,Curtis Davis,employee
906,warrenmatthew@example.com,$2b$12$wZLdilrE2gO8blAlh4H94.g3s5bDFFft0jdsUrfcrOlrHrDOR2Wlu,Mobile App Engineer,Paul Robinson,employee
907,robertdavis@example.com,$2b$12$0dsmPv5PNTMtPqr/p0GISOPks/mIa1vY5mnXrr5bv7BUdFbPGpJBu,Back-end Engineer,Jeffery Harper,employee
908,andersonalison@example.net,$2b$12$iErqyTUyt0MQ/XbVjZz.g.mkfX0GAi/n2m5W..w6qUjGlyGLBU.Fq,QA Engineer,Kelly Reynolds,employee
909,shannon76@example.com,$2b$12$DHup40O67ZL37KyGUsQpde3mf4ub81YFE1EXooqhHvqtpy8V3s7mi,QA Engineer,Sarah Rogers,employee
910,pattersonjason@example.net,$2b$12$iufwx7Rv36DtZLpEHFAlTOXcV/5AG4w.6zaSb6P73bvjlm0yey.NG,Software Engineer,Loretta Orr,employee
911,scottsmith@example.com,$2b$12$.CUc2W6DUid/ifcHOpAGI.q5/wIooucNvz02dRC37/Ajn394VR86W,Back-end Engineer,Nicholas Smith,employee
912,mrodriguez@example.net,$2b$12$.KAZLcTePggkhnq9QzkdeOt2kUsHCfyVgdxm9K9Yng8uq6LckTDH.,Software Engineer,Ian Hernandez,employee
913,wilsontyler@example.com,$2b$12$M9/2EJHvntanhyQUrj4Rd.j8YOK740UTo.69mw01CToQAyo5wKUB2,Mobile App Engineer,Lindsay Williams,employee
914,michael12@example.org,$2b$12$1gzuLyejEU4feu27vgGNZuVQZoO6NopMjkBC4hL40RLsOJxR2QdS2,QA Engineer,Brian Patel,employee
915,fhenderson@example.com,$2b$12$DPir3my6SvcgDRG6IDaVHOXGcKbBr1etOaViDD/tqpnvEKsY9pU2G,Data Engineer,Robin Porter,employee
916,jesus05@example.net,$2b$12$xRP4ZLv/lLnDdpNmLieVGuBneFEA5DaBKCIn.SOVZjv2LuI0/66Ya,Front-end Engineer,Robin Eaton,employee
917,jessicaharris@example.org,$2b$12$bprdUO/1y/Ba32IZiY85JuNKNGp9lWIoUY6hfRaki4jqSGQFJiFGC,DevOps Engineer,James Holland,employee
918,martinezedward@example.net,$2b$12$zUZnUiFbf01kxpnFfeCGrebvUOyw6z5rRVmONUFPLDQNDCWma61FG,Network Engineer,George Holder,employee
919,jwalker@example.org,$2b$12$tlOsLgf8i1/.VDlbRAQFh.eE7kUw8RnltYObhy1FHPgLTQDko49DO,Data Engineer,Amy Phillips,employee
920,jessica52@example.net,$2b$12$185FpafcYrKnfuKkz4Skb.tKfCzyCD73RBHDCtwW/ERdV97Qly62y,QA Engineer,Kristen Garrett,employee
921,smithtammy@example.org,$2b$12$3Ead8jcHJ6BFJMJ8cm1U0uNs.2ol1L6wr7qwEaZMI7eRbPtzZg4O.,Software Engineer,Natalie Hernandez,employee
922,heatherhoover@example.net,$2b$12$8L/L.G2ht1HFbqUqLABDfe1o707ZzcGvHSGu2B3WzW1sBZzYFaTV6,Cloud Engineer,Christine Long,employee
923,cbailey@example.com,$2b$12$n.om7apowr7s2e4hOwJYUeK51jL6RxbLFifUSov7LUAP4KUVIlL6q,Software Engineer,Jordan York,employee
924,rachelfaulkner@example.org,$2b$12$pz48khzv63hXjRkinW9iY.knc2Y6fLl9sgxpo6cuS0.t1znoK5ShK,Front-end Engineer,Jessica Villanueva,employee
925,samanthapatterson@example.net,$2b$12$TSfsyAXTimxdR4qH6z4RpOsGXuZawM097WxCy1p2Gp0JP3m6HxFA6,QA Engineer,Robert Mendez,employee
926,andrew62@example.com,$2b$12$37MHVPIlsEaHyc1Oiny9A.UlAjuIFEbSVMGhD5ZpFkBVAn5d55WKK,DevOps Engineer,Scott Martin,employee
927,holtjonathan@example.org,$2b$12$2UqJ0sl9Vu6Jhgz3qbEdV.pkJaaK5X1sfJVOCH92CjkPy2M5A6YeW,Back-end Engineer,Jose Jackson,employee
928,jessica37@example.com,$2b$12$BVXH810HKgldPn2evgL9G.DQ98PeCr.Xw4Qj3bipIw7iKkor.nAKG,Data Engineer,Sherry Nelson,employee
929,brittanyleach@example.net,$2b$12$VH7/l/YuArXQecDe8FjWQOFEoUaxHe2ZOww6Vbbo2khJ3KtuWw4AW,Software Engineer,Michael Miller,employee
930,kathrynhoward@example.net,$2b$12$Zj.xxabetW/i1wnyP4qHjuWTf99sEO3ye6R1SxV42dbbr3W6fZDi.,Software Engineer,Carol Gonzalez,employee
931,brownlori@example.net,$2b$12$.4fBLHBkU/9xDr.SSeNGoeLHx59EDXDXfyG3JO1kJ/ik5HrLY8Bly,Mobile App Engineer,Miss Cindy Frey MD,employee
932,deanjohn@example.org,$2b$12$QMjAT5q.zpuqlI4AMeXmvOj8/fKvvveRsK3Ky/JUKMtYkJLayAHIe,Full-stack Engineer,Nicholas Taylor,employee
933,dennissmith@example.com,$2b$12$Qw8WrvRBwLwYJ7I0kiBsTO.SFmu6xcP7vqeMotKQZHryF4eoCvGqW,Security Engineer,Sara Campos,employee
934,anthony04@example.com,$2b$12$RChgzqvp5blhgAYvfCUQwOFyc7FSe5T.wxr6TUgfEHab5leYJOH7i,Software Engineer,Angel Bailey,employee
935,kpowers@example.com,$2b$12$7qBcBW8lLFLEB/Rj4MztcuXElABH6vHwcNxFpH2UNveEwyh4DolZ6,Data Engineer,Karen Smith,employee
936,christophermeyer@example.com,$2b$12$uqt4neyYvUJQsImgkXgs1u0V6D3haPNLsJVD14jlmiOVTym9smaQ.,QA Engineer,Maria Yoder,employee
937,karahammond@example.org,$2b$12$RLAnTMI5KWiEuUglspDZFeYcFrZd.Jh7in10cz2cVbkast/JjgRzS,Front-end Engineer,John Ross,employee
938,chad63@example.org,$2b$12$wAeuSB/ufy0wLW7tFkQ9DuqqOpysHc5kGCMeRsT2q9gAOP6wvlQv6,Software Engineer,Michelle Nelson,employee
939,joneschristopher@example.net,$2b$12$2VRoo430z/QyT5tbouo79OQVFTfY3RQRYYCZJChn5t.Mj7F7QEDn6,Mobile App Engineer,Mrs. Christina Colon,employee
940,hopkinsdylan@example.org,$2b$12$GWArD4Pd5VkiH5his02Zn.1ZtjJriLTmHALcibju5K0/X7ur6M6j2,Front-end Engineer,Jesse Maldonado,employee
941,ihughes@example.com,$2b$12$GMTAUDBtZbKXkcCar9BCQOCm3ZFeAg0n7CK9/ZdGgShYTTtVZtWYW,Software Engineer,John Myers,employee
942,brianjones@example.com,$2b$12$x2ert7CWy9.LX1bgiZ/UN.iccBXNv0mnFloaxpcZ7J1bfjw.hFWyS,Security Engineer,Adam Galvan,employee
943,comptonkristina@example.net,$2b$12$lBllIWPWM0NqrMu9qBBBI.N4668sakKDyhKFjRUNxTik12nk1Ztve,Front-end Engineer,Michael Brown,employee
944,utaylor@example.net,$2b$12$DeEXmwQ3arRlG9WMPykN3.bUbqauIxyI3xxSH1s86Dt2zH/0c4L4a,Data Engineer,George Lucas,employee
945,robert67@example.net,$2b$12$gXQjyGg5O1Istg4uNhVq3eZB7qzWuvh6cUVQ5r3hiwzIJMUTpDykO,Cloud Engineer,Caleb Watson,employee
946,patriciacervantes@example.org,$2b$12$jwl3iy/UmZttsqd989Y1FOh3pZ7eg3iZlCLvSAg8cQqsDkUn391Em,Mobile App Engineer,Brenda Mcmahon,employee
947,jonesjulie@example.net,$2b$12$zIWzqWy6TYEPiPkvtS7nXeiFfV0ze7OkF2TtdeTe3UP8PvngQMzdW,Network Engineer,Shannon Barber,employee
948,scott65@example.net,$2b$12$TaI18ts87vGSRf8mN5l4fud6Iuirxr5TNycS7kCtf74UTJdvyZzby,DevOps Engineer,Kellie Klein,employee
949,paulmorris@example.net,$2b$12$kVLYp/i6L0Vf0JFuV6I9q.y4ob2HIM67.Vj5tqvSNke4y2wAgNYZ.,Back-end Engineer,Tiffany Orozco,employee
950,nelsonjanet@example.com,$2b$12$cZYNFJf6AcKp1E4/ShZXKOuyMuzNciKaRejv8TCjwQTRnOF0K/uU2,Front-end Engineer,Scott Mullen,employee
951,lwilson@example.com,$2b$12$u7YiQIjn/xK2qTerjuRsrenMHZ5KUO3jSIubqfVQ19g99MlWnjufS,Full-stack Engineer,Samantha Bowers,employee
952,michaelwarner@example.net,$2b$12$krzfKFnGIskk8rzOmXbdVOqlOCnz689eMlOlpbYe6wu/V5e1cXc3.,Mobile App Engineer,Timothy Neal,employee
953,scottdean@example.org,$2b$12$jPME8uOXVID6YI12HTte6uT48gThTVogiCk9CTQUdl0PkTNBj0tLO,Software Engineer,Samantha Huerta,employee
954,scottfrench@example.org,$2b$12$k53FVRhxrTPULxuLFkHvKOuhGeCpns3RXcp71.i5t4dbqfem8.Qp.,QA Engineer,Martha Moore,employee
955,ramirezjohn@example.net,$2b$12$.GpmXDnSd/atL8IEtRazSeaIP986YGdu5/aT4v8dwYqWykF.ZNnvC,Full-stack Engineer,Carlos Lewis,employee
956,sarah25@example.com,$2b$12$OINOE2rPfvIZ40yCM15oAuHG8T.Um4mm/gjY0gdfVg9Ccmu0mzUGa,Back-end Engineer,Brent Snyder,employee
957,lisa51@example.com,$2b$12$swF3ls9lpAq.ZwuSIWJZz./ex9HDJdHKkwgGal75.1ssyf1Ucbwui,DevOps Engineer,Kaitlyn Melton,employee
958,kayleemyers@example.com,$2b$12$N9u7mpBWvoccBW.ipNjiQOAeIl7j4wOMBzgoySeHnJVKazfVEHI.q,DevOps Engineer,Melissa Flores,employee
959,lawrence36@example.com,$2b$12$62WMXXmzU0O5z50jzEbEI.Qf48uUWvFoz9dtlA3i6Fp9JCiYVRexe,Software Engineer,Dominique Young,employee
960,ryankramer@example.com,$2b$12$thhUOsHxwYDKOm9fv8NxHOL4ZIq2dR8GoSTXjE.//nlda18GC/mOK,Network Engineer,Ricardo Lang,employee
961,david11@example.net,$2b$12$7ISrDt96Y.Bu051G93eqaOyYGc1q/3YC.TZTyp2TWxVaToFXsL2yG,Cloud Engineer,Sarah Duffy,employee
962,camachoholly@example.org,$2b$12$nlggQ8Y/EHoemt0OmfKjau7QqS/0U866kUUm9D/VYbHSwD/3b6boq,QA Engineer,Susan Tucker,employee
963,stevenmurray@example.org,$2b$12$dGY85nSGZUM3TKNHvM/XTuI.4DDMHTW2BVy/cutMarCWpdmscSVp.,Front-end Engineer,Brandon Lee,employee
964,mnguyen@example.net,$2b$12$SbZH5CnNSWz.2o7YS28dW.tlX29dahFpwwYncdJwdjbec26NxdBs2,Data Engineer,Kyle Brown,employee
965,kbauer@example.org,$2b$12$AM.4DjRkSZof.qmeTsNCy.TnUmbCRA7vBNCLn4DlKMMQ61.bKc9sW,Security Engineer,Daniel Robinson,employee
966,luis23@example.org,$2b$12$rni74OZdBYEppu.Tf8rwfO2R9QIqR1VZCcFEI1dmZhCQ.dwpa2KaG,Mobile App Engineer,Autumn Rodriguez,employee
967,normajohnson@example.org,$2b$12$PWICHOgaFMjqZauYKQRDtOIfFbPkPGd30PHFAl2OOXYZZnuyOxMzm,Front-end Engineer,Ryan Jenkins,employee
968,rodneymcclure@example.com,$2b$12$/90R.SltFcYJfZk7Colh5esEai1URW/r2PLhEz4LRue0jLdhpglwa,Full-stack Engineer,James Salinas,employee
969,austin88@example.org,$2b$12$ZqPJXEVOnLqFyeLHFf2XeeYVT1lRXdrIgimruppb1u9nVTPYGNxPe,Mobile App Engineer,Kristopher Gutierrez,employee
970,leepenny@example.org,$2b$12$A9d9SmdHXsonkZ0qXSxVv.tShgS3/HoNMqDqTAocn9frkyef9.pKK,Back-end Engineer,Margaret Farmer,employee
971,wolfechris@example.net,$2b$12$NkPCWptDL2xjVqiAq0NicOlHtCEZCsn5lpJt.i10DlMHcjCpMx0Ie,Full-stack Engineer,Eugene Morton,employee
972,reginaking@example.net,$2b$12$35BKqOqvtqvMoDVuBs5KUO3quns0fvLjrZmMXp1lNBHxiQZYb2wvq,Back-end Engineer,Joshua Camacho,employee
973,ellisadam@example.com,$2b$12$jFWFH7L1WKPxmvZvLQODaepP6LuS94SmuuvV6ARg9esJOP47y4aq2,Mobile App Engineer,Adam Huffman,employee
974,melissabarry@example.org,$2b$12$aG0OtksXxOg1hu6Jel0QNuqGpLIe6XfaGkGtEcX/wS3qBlkfIzHGO,Front-end Engineer,Amanda Ferguson,employee
975,willisjoshua@example.com,$2b$12$hp048/3jfJ/EeXUFZPjFoe3RpNCNk5DFMWZeWzgG/MQvMJVktdKhW,Software Engineer,Grant Marshall,employee
976,james41@example.org,$2b$12$QjuXzA3r/PT2wc/bYtuipekUqP6.dH5ORah3XDcRisrFVzJ/x/ir2,Mobile App Engineer,Stacy Robinson,employee
977,richardschristopher@example.net,$2b$12$uPYuedDGstND0ZPHr9ob9OLtJdcmmJQCYc9j2HXPpTmq7lE4QZ0li,DevOps Engineer,Jessica Nielsen,employee
978,raymondkelley@example.org,$2b$12$ohHzIR9CIDMR2u5JnZZZ4elE3ZAlcDiOVpR8IXbGeCRTzL7piPHSG,Back-end Engineer,Matthew Fischer,employee
979,sandovalronald@example.net,$2b$12$yHPE3ZJIb6MqReR9w5QARuV1vIVWaAOVuKsWtTqnQKaf39SiFIxOG,Data Engineer,Brian Perez,employee
980,wendy18@example.org,$2b$12$a3c6rLUZYaPwp4eL1EwjWOrFqfJK2ZowRWEZ8LOZLhzsh/7KYi0lC,Security Engineer,Bradley Crosby,employee
981,crossbrian@example.com,$2b$12$.kUF5uxBwsiLCtrisOZ0OuryL1Apcww2QVBxbQEJs4mwaKX1wDfI6,DevOps Engineer,Stephanie Romero,employee
982,nicolebrown@example.org,$2b$12$20IogdKWWqWEjiYUkdda0u8Af9fiYr/PEAS/MWwHujeAEWF3KOSkK,Software Engineer,Karen Moore,employee
983,denniscody@example.com,$2b$12$/JChWENQ9ZZulLDq06poBuMflv6llCFaJEGGwsQ/G0pQGf/j8EElK,Network Engineer,Connor Foster,employee
984,kelly93@example.org,$2b$12$dzseJ32RbGcOeht8IUMm3OP9pIWktglCVB8hNePHKvyUH3m7jk61S,QA Engineer,Amber Gray,employee
985,ryan60@example.com,$2b$12$GvFzq3Hc/xZSyf.fveGRIOb.4RWAlNX4sC6c7arfi00hStK1zzfde,Full-stack Engineer,Emily Dorsey,employee
986,xgardner@example.net,$2b$12$buUjNL6VIyK4C7WEDo10DubHuYxOJ/l6I/r91VI259gz.1oBARGby,Mobile App Engineer,Tina Kim,employee
987,kbrown@example.com,$2b$12$26w7XEZHPfK0/i5ZWMffgeVsx9lob8f2paSpWmLSWQaeGastAYoWC,Network Engineer,Rachel Brown,employee
988,wagnerstacy@example.net,$2b$12$oL0OYPT6L2BB0A6lSxgEVuRfA765W5pG87V0Qos.V13h94gx/NAnG,Cloud Engineer,William Frederick,employee
989,byrdrebecca@example.com,$2b$12$fxALuM3/U2FZdYe0ysgFvOfXdp88SHBzL0wb8as64/Nhq5YSnKvgW,Back-end Engineer,Jacqueline Brown,employee
990,elizabeth08@example.com,$2b$12$LFevGq5S7hxOGzxyYVigo.tuEMHNbEMGzAj5yJnfABLfbCU8bcxli,Security Engineer,Marc Sanchez,employee
991,marcpowell@example.net,$2b$12$pBPMtm8KVjGhpRqn8bbIh.WKgTiX4VzyN5Ot4Cf2MYLJ5OFB7h8ry,Mobile App Engineer,Ariel Friedman,employee
992,butlergregory@example.org,$2b$12$3ZeSdRNIr5K3Bid7iBjeHODYJUqwwr97uC8B69wws465JOyLPGc52,Cloud Engineer,Jamie King,employee
993,lauramullins@example.com,$2b$12$rl3gat5nWnHKMK/xR1oHN.Xeqw6eE430iNuEhWNOYXUHX0URdgH3W,Back-end Engineer,Brian Gardner,employee
994,xbrown@example.org,$2b$12$6vcs3G8DgpEjKhsF8Hgfc.zeEHZ2g2SONJgcrvOkSh1sJB/coMjTC,Security Engineer,Melissa Bullock,employee
995,jenniferwatkins@example.com,$2b$12$ftJCvr9L1U8JVIfDeU.HIeHhVmtlD1xx9UIEXcyG.YwcxqigpKPG.,QA Engineer,Christopher Gutierrez,employee
996,greed@example.org,$2b$12$lkxThQNJDl1/tTsoP5TqPO9UtOgc3hCnsKmkk1UkP5j1ssI7S8ssC,Data Engineer,Daniel Oconnor,employee
997,stevenruiz@example.org,$2b$12$FLP/5z58g7TiE6tXnMVTo.IGCuMogwXuu1kh2cw4qBe03em21Jeea,QA Engineer,Matthew Morton,employee
998,michael87@example.com,$2b$12$BEYDfh6q4H3aDn1IEliYrOKmqcRg2aUsNnatD9HQgSaW8dn56KwWC,Cloud Engineer,Ashley Avila,employee
999,nanderson@example.net,$2b$12$66t/pO8uKlh78JvP18aLneQMlat2FnFruxvp7UDa.RMqukmXfGRCW,Cloud Engineer,Heather King,employee
1000,vmyers@example.net,$2b$12$C9SusHDC95vE9n/GHO98quupktL2qa2cx18lLOVFLJAw5mUz5xzPy,Software Engineer,Anna Nelson,employee
